2025-04-15 09:38:47,940 - proctoring - INFO - [database.py:13] - Using database: localhost:3306/Proctoring_AI
2025-04-15 09:38:52,007 - proctoring - INFO - [mediapipe_config.py:14] - MediaPipe configured for CPU-only mode
2025-04-15 09:38:52,008 - proctoring - INFO - [main.py:68] - MediaPipe configured successfully
2025-04-15 09:38:52,041 - proctoring - INFO - [main.py:74] - Database connection test successful
2025-04-15 09:38:52,044 - proctoring - INFO - [main.py:81] - Database initialized successfully
2025-04-15 09:38:52,059 - proctoring - INFO - [main.py:86] - YOLO model loaded successfully
2025-04-15 09:41:16,461 - proctoring - INFO - [auth.py:189] - Comparing face against 2 users
2025-04-15 09:41:17,725 - proctoring - INFO - [face_auth.py:48] - Face comparison: distance=0.370, threshold=0.6, verified=True
2025-04-15 09:41:17,726 - proctoring - INFO - [auth.py:200] - Face comparison with sharath@gmail.com: confidence=62.97
2025-04-15 09:41:18,084 - proctoring - INFO - [face_auth.py:48] - Face comparison: distance=0.039, threshold=0.6, verified=True
2025-04-15 09:41:18,085 - proctoring - INFO - [auth.py:200] - Face comparison with poojas410@gmail.com: confidence=96.08
2025-04-15 09:41:18,085 - proctoring - INFO - [auth.py:208] - Face login successful for poojas410@gmail.com with confidence 96.08
2025-04-15 09:41:19,751 - proctoring - INFO - [main.py:133] - WebSocket connection attempt for user 2
2025-04-15 09:41:19,759 - proctoring - INFO - [connection.py:31] - WebSocket connection accepted for user 2
2025-04-15 09:41:19,759 - proctoring - INFO - [main.py:162] - WebSocket connection established for user 2
2025-04-15 09:41:19,773 - proctoring - DEBUG - [image_utils.py:43] - Decoded base64 data length: 19449
2025-04-15 09:41:19,774 - proctoring - INFO - [detection_service.py:16] - Processing new frame
2025-04-15 09:41:19,793 - proctoring - INFO - [detection_service.py:34] - Face detection found 1 events
2025-04-15 09:41:19,815 - proctoring - INFO - [detection_service.py:34] - Face Mesh detection found 1 events
2025-04-15 09:41:19,819 - proctoring - DEBUG - [detection_service.py:37] - No Hand detections
2025-04-15 09:41:20,341 - proctoring - DEBUG - [detection_service.py:37] - No YOLO detections
2025-04-15 09:41:20,341 - proctoring - INFO - [detection_service.py:42] - Total events detected: 2
2025-04-15 09:41:20,341 - proctoring - INFO - [log_service.py:12] - Attempting to store 2 logs for user 2
2025-04-15 09:41:20,341 - proctoring - DEBUG - [log_service.py:26] - Created log entry: {'time': '2025-04-15 09:41:19.774455', 'event': 'Face detected', 'event_type': 'face_detected'}
2025-04-15 09:41:20,342 - proctoring - DEBUG - [log_service.py:26] - Created log entry: {'time': '2025-04-15 09:41:19.782702', 'event': 'Mouth movement detected'}
2025-04-15 09:41:20,345 - proctoring - INFO - [log_service.py:40] - Successfully stored 2 logs
2025-04-15 09:41:20,347 - proctoring - DEBUG - [image_utils.py:43] - Decoded base64 data length: 19528
2025-04-15 09:41:20,348 - proctoring - INFO - [detection_service.py:16] - Processing new frame
2025-04-15 09:41:20,361 - proctoring - INFO - [detection_service.py:34] - Face detection found 1 events
2025-04-15 09:41:20,373 - proctoring - INFO - [detection_service.py:34] - Face Mesh detection found 1 events
2025-04-15 09:41:20,377 - proctoring - DEBUG - [detection_service.py:37] - No Hand detections
2025-04-15 09:41:20,450 - proctoring - DEBUG - [detection_service.py:37] - No YOLO detections
2025-04-15 09:41:20,450 - proctoring - INFO - [detection_service.py:42] - Total events detected: 2
2025-04-15 09:41:20,450 - proctoring - INFO - [log_service.py:12] - Attempting to store 2 logs for user 2
2025-04-15 09:41:20,450 - proctoring - DEBUG - [log_service.py:26] - Created log entry: {'time': '2025-04-15 09:41:20.348728', 'event': 'Face detected', 'event_type': 'face_detected'}
2025-04-15 09:41:20,450 - proctoring - DEBUG - [log_service.py:26] - Created log entry: {'time': '2025-04-15 09:41:20.353832', 'event': 'Mouth movement detected'}
2025-04-15 09:41:20,452 - proctoring - INFO - [log_service.py:40] - Successfully stored 2 logs
2025-04-15 09:41:20,454 - proctoring - DEBUG - [image_utils.py:43] - Decoded base64 data length: 19533
2025-04-15 09:41:20,455 - proctoring - INFO - [detection_service.py:16] - Processing new frame
2025-04-15 09:41:20,465 - proctoring - INFO - [detection_service.py:34] - Face detection found 1 events
2025-04-15 09:41:20,477 - proctoring - INFO - [detection_service.py:34] - Face Mesh detection found 1 events
2025-04-15 09:41:20,479 - proctoring - DEBUG - [detection_service.py:37] - No Hand detections
2025-04-15 09:41:20,562 - proctoring - DEBUG - [detection_service.py:37] - No YOLO detections
2025-04-15 09:41:20,562 - proctoring - INFO - [detection_service.py:42] - Total events detected: 2
2025-04-15 09:41:20,562 - proctoring - INFO - [log_service.py:12] - Attempting to store 2 logs for user 2
2025-04-15 09:41:20,562 - proctoring - DEBUG - [log_service.py:26] - Created log entry: {'time': '2025-04-15 09:41:20.455857', 'event': 'Face detected', 'event_type': 'face_detected'}
2025-04-15 09:41:20,562 - proctoring - DEBUG - [log_service.py:26] - Created log entry: {'time': '2025-04-15 09:41:20.459463', 'event': 'Mouth movement detected'}
2025-04-15 09:41:20,564 - proctoring - INFO - [log_service.py:40] - Successfully stored 2 logs
2025-04-15 09:41:20,565 - proctoring - DEBUG - [image_utils.py:43] - Decoded base64 data length: 19614
2025-04-15 09:41:20,566 - proctoring - INFO - [detection_service.py:16] - Processing new frame
2025-04-15 09:41:20,576 - proctoring - INFO - [detection_service.py:34] - Face detection found 1 events
2025-04-15 09:41:20,588 - proctoring - INFO - [detection_service.py:34] - Face Mesh detection found 1 events
2025-04-15 09:41:20,591 - proctoring - DEBUG - [detection_service.py:37] - No Hand detections
2025-04-15 09:41:20,664 - proctoring - DEBUG - [detection_service.py:37] - No YOLO detections
2025-04-15 09:41:20,664 - proctoring - INFO - [detection_service.py:42] - Total events detected: 2
2025-04-15 09:41:20,664 - proctoring - INFO - [log_service.py:12] - Attempting to store 2 logs for user 2
2025-04-15 09:41:20,664 - proctoring - DEBUG - [log_service.py:26] - Created log entry: {'time': '2025-04-15 09:41:20.566215', 'event': 'Face detected', 'event_type': 'face_detected'}
2025-04-15 09:41:20,664 - proctoring - DEBUG - [log_service.py:26] - Created log entry: {'time': '2025-04-15 09:41:20.570056', 'event': 'Mouth movement detected'}
2025-04-15 09:41:20,666 - proctoring - INFO - [log_service.py:40] - Successfully stored 2 logs
2025-04-15 09:41:20,668 - proctoring - DEBUG - [image_utils.py:43] - Decoded base64 data length: 19582
2025-04-15 09:41:20,668 - proctoring - INFO - [detection_service.py:16] - Processing new frame
2025-04-15 09:41:20,684 - proctoring - INFO - [detection_service.py:34] - Face detection found 1 events
2025-04-15 09:41:20,694 - proctoring - INFO - [detection_service.py:34] - Face Mesh detection found 1 events
2025-04-15 09:41:20,698 - proctoring - DEBUG - [detection_service.py:37] - No Hand detections
2025-04-15 09:41:20,790 - proctoring - DEBUG - [detection_service.py:37] - No YOLO detections
2025-04-15 09:41:20,791 - proctoring - INFO - [detection_service.py:42] - Total events detected: 2
2025-04-15 09:41:20,791 - proctoring - INFO - [log_service.py:12] - Attempting to store 2 logs for user 2
2025-04-15 09:41:20,791 - proctoring - DEBUG - [log_service.py:26] - Created log entry: {'time': '2025-04-15 09:41:20.668828', 'event': 'Face detected', 'event_type': 'face_detected'}
2025-04-15 09:41:20,791 - proctoring - DEBUG - [log_service.py:26] - Created log entry: {'time': '2025-04-15 09:41:20.672702', 'event': 'Mouth movement detected'}
2025-04-15 09:41:20,793 - proctoring - INFO - [log_service.py:40] - Successfully stored 2 logs
2025-04-15 09:41:20,795 - proctoring - DEBUG - [image_utils.py:43] - Decoded base64 data length: 19559
2025-04-15 09:41:20,795 - proctoring - INFO - [detection_service.py:16] - Processing new frame
2025-04-15 09:41:20,809 - proctoring - INFO - [detection_service.py:34] - Face detection found 1 events
2025-04-15 09:41:20,822 - proctoring - INFO - [detection_service.py:34] - Face Mesh detection found 1 events
2025-04-15 09:41:20,826 - proctoring - DEBUG - [detection_service.py:37] - No Hand detections
2025-04-15 09:41:20,904 - proctoring - DEBUG - [detection_service.py:37] - No YOLO detections
2025-04-15 09:41:20,904 - proctoring - INFO - [detection_service.py:42] - Total events detected: 2
2025-04-15 09:41:20,904 - proctoring - INFO - [log_service.py:12] - Attempting to store 2 logs for user 2
2025-04-15 09:41:20,904 - proctoring - DEBUG - [log_service.py:26] - Created log entry: {'time': '2025-04-15 09:41:20.796075', 'event': 'Face detected', 'event_type': 'face_detected'}
2025-04-15 09:41:20,904 - proctoring - DEBUG - [log_service.py:26] - Created log entry: {'time': '2025-04-15 09:41:20.799745', 'event': 'Mouth movement detected'}
2025-04-15 09:41:20,906 - proctoring - INFO - [log_service.py:40] - Successfully stored 2 logs
2025-04-15 09:41:20,908 - proctoring - DEBUG - [image_utils.py:43] - Decoded base64 data length: 19515
2025-04-15 09:41:20,909 - proctoring - INFO - [detection_service.py:16] - Processing new frame
2025-04-15 09:41:20,920 - proctoring - INFO - [detection_service.py:34] - Face detection found 1 events
2025-04-15 09:41:20,937 - proctoring - DEBUG - [detection_service.py:37] - No Hand detections
2025-04-15 09:41:20,939 - proctoring - INFO - [detection_service.py:34] - Face Mesh detection found 1 events
2025-04-15 09:41:21,017 - proctoring - DEBUG - [detection_service.py:37] - No YOLO detections
2025-04-15 09:41:21,017 - proctoring - INFO - [detection_service.py:42] - Total events detected: 2
2025-04-15 09:41:21,017 - proctoring - INFO - [log_service.py:12] - Attempting to store 2 logs for user 2
2025-04-15 09:41:21,018 - proctoring - DEBUG - [log_service.py:26] - Created log entry: {'time': '2025-04-15 09:41:20.909471', 'event': 'Face detected', 'event_type': 'face_detected'}
2025-04-15 09:41:21,018 - proctoring - DEBUG - [log_service.py:26] - Created log entry: {'time': '2025-04-15 09:41:20.913283', 'event': 'Mouth movement detected'}
2025-04-15 09:41:21,019 - proctoring - INFO - [log_service.py:40] - Successfully stored 2 logs
2025-04-15 09:41:21,021 - proctoring - DEBUG - [image_utils.py:43] - Decoded base64 data length: 19441
2025-04-15 09:41:21,021 - proctoring - INFO - [detection_service.py:16] - Processing new frame
2025-04-15 09:41:21,032 - proctoring - INFO - [detection_service.py:34] - Face detection found 1 events
2025-04-15 09:41:21,043 - proctoring - INFO - [detection_service.py:34] - Face Mesh detection found 1 events
2025-04-15 09:41:21,047 - proctoring - DEBUG - [detection_service.py:37] - No Hand detections
2025-04-15 09:41:21,136 - proctoring - DEBUG - [detection_service.py:37] - No YOLO detections
2025-04-15 09:41:21,136 - proctoring - INFO - [detection_service.py:42] - Total events detected: 2
2025-04-15 09:41:21,136 - proctoring - INFO - [log_service.py:12] - Attempting to store 2 logs for user 2
2025-04-15 09:41:21,136 - proctoring - DEBUG - [log_service.py:26] - Created log entry: {'time': '2025-04-15 09:41:21.021819', 'event': 'Face detected', 'event_type': 'face_detected'}
2025-04-15 09:41:21,136 - proctoring - DEBUG - [log_service.py:26] - Created log entry: {'time': '2025-04-15 09:41:21.025511', 'event': 'Mouth movement detected'}
2025-04-15 09:41:21,138 - proctoring - INFO - [log_service.py:40] - Successfully stored 2 logs
2025-04-15 09:41:21,139 - proctoring - DEBUG - [image_utils.py:43] - Decoded base64 data length: 19406
2025-04-15 09:41:21,140 - proctoring - INFO - [detection_service.py:16] - Processing new frame
2025-04-15 09:41:21,151 - proctoring - INFO - [detection_service.py:34] - Face detection found 1 events
2025-04-15 09:41:21,165 - proctoring - INFO - [detection_service.py:34] - Face Mesh detection found 1 events
2025-04-15 09:41:21,168 - proctoring - DEBUG - [detection_service.py:37] - No Hand detections
2025-04-15 09:41:21,246 - proctoring - DEBUG - [detection_service.py:37] - No YOLO detections
2025-04-15 09:41:21,246 - proctoring - INFO - [detection_service.py:42] - Total events detected: 2
2025-04-15 09:41:21,246 - proctoring - INFO - [log_service.py:12] - Attempting to store 2 logs for user 2
2025-04-15 09:41:21,246 - proctoring - DEBUG - [log_service.py:26] - Created log entry: {'time': '2025-04-15 09:41:21.141065', 'event': 'Face detected', 'event_type': 'face_detected'}
2025-04-15 09:41:21,246 - proctoring - DEBUG - [log_service.py:26] - Created log entry: {'time': '2025-04-15 09:41:21.145304', 'event': 'Mouth movement detected'}
2025-04-15 09:41:21,248 - proctoring - INFO - [log_service.py:40] - Successfully stored 2 logs
2025-04-15 09:41:21,249 - proctoring - DEBUG - [image_utils.py:43] - Decoded base64 data length: 19305
2025-04-15 09:41:21,250 - proctoring - INFO - [detection_service.py:16] - Processing new frame
2025-04-15 09:41:21,260 - proctoring - INFO - [detection_service.py:34] - Face detection found 1 events
2025-04-15 09:41:21,274 - proctoring - INFO - [detection_service.py:34] - Face Mesh detection found 1 events
2025-04-15 09:41:21,277 - proctoring - DEBUG - [detection_service.py:37] - No Hand detections
2025-04-15 09:41:21,351 - proctoring - DEBUG - [detection_service.py:37] - No YOLO detections
2025-04-15 09:41:21,351 - proctoring - INFO - [detection_service.py:42] - Total events detected: 2
2025-04-15 09:41:21,351 - proctoring - INFO - [log_service.py:12] - Attempting to store 2 logs for user 2
2025-04-15 09:41:21,351 - proctoring - DEBUG - [log_service.py:26] - Created log entry: {'time': '2025-04-15 09:41:21.250333', 'event': 'Face detected', 'event_type': 'face_detected'}
2025-04-15 09:41:21,351 - proctoring - DEBUG - [log_service.py:26] - Created log entry: {'time': '2025-04-15 09:41:21.253958', 'event': 'Mouth movement detected'}
2025-04-15 09:41:21,353 - proctoring - INFO - [log_service.py:40] - Successfully stored 2 logs
2025-04-15 09:41:21,354 - proctoring - DEBUG - [image_utils.py:43] - Decoded base64 data length: 19339
2025-04-15 09:41:21,355 - proctoring - INFO - [detection_service.py:16] - Processing new frame
2025-04-15 09:41:21,364 - proctoring - INFO - [detection_service.py:34] - Face detection found 1 events
2025-04-15 09:41:21,375 - proctoring - INFO - [detection_service.py:34] - Face Mesh detection found 1 events
2025-04-15 09:41:21,379 - proctoring - DEBUG - [detection_service.py:37] - No Hand detections
2025-04-15 09:41:21,461 - proctoring - DEBUG - [detection_service.py:37] - No YOLO detections
2025-04-15 09:41:21,461 - proctoring - INFO - [detection_service.py:42] - Total events detected: 2
2025-04-15 09:41:21,461 - proctoring - INFO - [log_service.py:12] - Attempting to store 2 logs for user 2
2025-04-15 09:41:21,461 - proctoring - DEBUG - [log_service.py:26] - Created log entry: {'time': '2025-04-15 09:41:21.355317', 'event': 'Face detected', 'event_type': 'face_detected'}
2025-04-15 09:41:21,461 - proctoring - DEBUG - [log_service.py:26] - Created log entry: {'time': '2025-04-15 09:41:21.359329', 'event': 'Mouth movement detected'}
2025-04-15 09:41:21,462 - proctoring - INFO - [log_service.py:40] - Successfully stored 2 logs
2025-04-15 09:41:21,464 - proctoring - DEBUG - [image_utils.py:43] - Decoded base64 data length: 19443
2025-04-15 09:41:21,465 - proctoring - INFO - [detection_service.py:16] - Processing new frame
2025-04-15 09:41:21,476 - proctoring - INFO - [detection_service.py:34] - Face detection found 1 events
2025-04-15 09:41:21,488 - proctoring - INFO - [detection_service.py:34] - Face Mesh detection found 1 events
2025-04-15 09:41:21,495 - proctoring - DEBUG - [detection_service.py:37] - No Hand detections
2025-04-15 09:41:21,562 - proctoring - DEBUG - [detection_service.py:37] - No YOLO detections
2025-04-15 09:41:21,562 - proctoring - INFO - [detection_service.py:42] - Total events detected: 2
2025-04-15 09:41:21,562 - proctoring - INFO - [log_service.py:12] - Attempting to store 2 logs for user 2
2025-04-15 09:41:21,562 - proctoring - DEBUG - [log_service.py:26] - Created log entry: {'time': '2025-04-15 09:41:21.465441', 'event': 'Face detected', 'event_type': 'face_detected'}
2025-04-15 09:41:21,562 - proctoring - DEBUG - [log_service.py:26] - Created log entry: {'time': '2025-04-15 09:41:21.469929', 'event': 'Mouth movement detected'}
2025-04-15 09:41:21,563 - proctoring - INFO - [log_service.py:40] - Successfully stored 2 logs
2025-04-15 09:41:21,565 - proctoring - DEBUG - [image_utils.py:43] - Decoded base64 data length: 19421
2025-04-15 09:41:21,566 - proctoring - INFO - [detection_service.py:16] - Processing new frame
2025-04-15 09:41:21,576 - proctoring - INFO - [detection_service.py:34] - Face detection found 1 events
2025-04-15 09:41:21,588 - proctoring - INFO - [detection_service.py:34] - Face Mesh detection found 1 events
2025-04-15 09:41:21,595 - proctoring - DEBUG - [detection_service.py:37] - No Hand detections
2025-04-15 09:41:21,654 - proctoring - DEBUG - [detection_service.py:37] - No YOLO detections
2025-04-15 09:41:21,654 - proctoring - INFO - [detection_service.py:42] - Total events detected: 2
2025-04-15 09:41:21,654 - proctoring - INFO - [log_service.py:12] - Attempting to store 2 logs for user 2
2025-04-15 09:41:21,654 - proctoring - DEBUG - [log_service.py:26] - Created log entry: {'time': '2025-04-15 09:41:21.566326', 'event': 'Face detected', 'event_type': 'face_detected'}
2025-04-15 09:41:21,654 - proctoring - DEBUG - [log_service.py:26] - Created log entry: {'time': '2025-04-15 09:41:21.570100', 'event': 'Mouth movement detected'}
2025-04-15 09:41:21,656 - proctoring - INFO - [log_service.py:40] - Successfully stored 2 logs
2025-04-15 09:41:21,657 - proctoring - DEBUG - [image_utils.py:43] - Decoded base64 data length: 19502
2025-04-15 09:41:21,658 - proctoring - INFO - [detection_service.py:16] - Processing new frame
2025-04-15 09:41:21,668 - proctoring - INFO - [detection_service.py:34] - Face detection found 1 events
2025-04-15 09:41:21,681 - proctoring - INFO - [detection_service.py:34] - Face Mesh detection found 1 events
2025-04-15 09:41:21,686 - proctoring - DEBUG - [detection_service.py:37] - No Hand detections
2025-04-15 09:41:21,764 - proctoring - DEBUG - [detection_service.py:37] - No YOLO detections
2025-04-15 09:41:21,764 - proctoring - INFO - [detection_service.py:42] - Total events detected: 2
2025-04-15 09:41:21,764 - proctoring - INFO - [log_service.py:12] - Attempting to store 2 logs for user 2
2025-04-15 09:41:21,764 - proctoring - DEBUG - [log_service.py:26] - Created log entry: {'time': '2025-04-15 09:41:21.658239', 'event': 'Face detected', 'event_type': 'face_detected'}
2025-04-15 09:41:21,764 - proctoring - DEBUG - [log_service.py:26] - Created log entry: {'time': '2025-04-15 09:41:21.661955', 'event': 'Mouth movement detected'}
2025-04-15 09:41:21,766 - proctoring - INFO - [log_service.py:40] - Successfully stored 2 logs
2025-04-15 09:41:21,767 - proctoring - DEBUG - [image_utils.py:43] - Decoded base64 data length: 19458
2025-04-15 09:41:21,768 - proctoring - INFO - [detection_service.py:16] - Processing new frame
2025-04-15 09:41:21,780 - proctoring - INFO - [detection_service.py:34] - Face detection found 1 events
2025-04-15 09:41:21,794 - proctoring - INFO - [detection_service.py:34] - Face Mesh detection found 1 events
2025-04-15 09:41:21,796 - proctoring - DEBUG - [detection_service.py:37] - No Hand detections
2025-04-15 09:41:21,884 - proctoring - DEBUG - [detection_service.py:37] - No YOLO detections
2025-04-15 09:41:21,884 - proctoring - INFO - [detection_service.py:42] - Total events detected: 2
2025-04-15 09:41:21,884 - proctoring - INFO - [log_service.py:12] - Attempting to store 2 logs for user 2
2025-04-15 09:41:21,884 - proctoring - DEBUG - [log_service.py:26] - Created log entry: {'time': '2025-04-15 09:41:21.768862', 'event': 'Face detected', 'event_type': 'face_detected'}
2025-04-15 09:41:21,884 - proctoring - DEBUG - [log_service.py:26] - Created log entry: {'time': '2025-04-15 09:41:21.773786', 'event': 'Mouth movement detected'}
2025-04-15 09:41:21,886 - proctoring - INFO - [log_service.py:40] - Successfully stored 2 logs
2025-04-15 09:41:21,888 - proctoring - DEBUG - [image_utils.py:43] - Decoded base64 data length: 19500
2025-04-15 09:41:21,888 - proctoring - INFO - [detection_service.py:16] - Processing new frame
2025-04-15 09:41:21,897 - proctoring - INFO - [detection_service.py:34] - Face detection found 1 events
2025-04-15 09:41:21,914 - proctoring - INFO - [detection_service.py:34] - Face Mesh detection found 1 events
2025-04-15 09:41:21,914 - proctoring - DEBUG - [detection_service.py:37] - No Hand detections
2025-04-15 09:41:22,003 - proctoring - DEBUG - [detection_service.py:37] - No YOLO detections
2025-04-15 09:41:22,003 - proctoring - INFO - [detection_service.py:42] - Total events detected: 2
2025-04-15 09:41:22,003 - proctoring - INFO - [log_service.py:12] - Attempting to store 2 logs for user 2
2025-04-15 09:41:22,003 - proctoring - DEBUG - [log_service.py:26] - Created log entry: {'time': '2025-04-15 09:41:21.888739', 'event': 'Face detected', 'event_type': 'face_detected'}
2025-04-15 09:41:22,003 - proctoring - DEBUG - [log_service.py:26] - Created log entry: {'time': '2025-04-15 09:41:21.892315', 'event': 'Mouth movement detected'}
2025-04-15 09:41:22,005 - proctoring - INFO - [log_service.py:40] - Successfully stored 2 logs
2025-04-15 09:41:22,008 - proctoring - DEBUG - [image_utils.py:43] - Decoded base64 data length: 19435
2025-04-15 09:41:22,008 - proctoring - INFO - [detection_service.py:16] - Processing new frame
2025-04-15 09:41:22,020 - proctoring - INFO - [detection_service.py:34] - Face detection found 1 events
2025-04-15 09:41:22,034 - proctoring - DEBUG - [detection_service.py:37] - No Hand detections
2025-04-15 09:41:22,036 - proctoring - INFO - [detection_service.py:34] - Face Mesh detection found 1 events
2025-04-15 09:41:22,122 - proctoring - DEBUG - [detection_service.py:37] - No YOLO detections
2025-04-15 09:41:22,122 - proctoring - INFO - [detection_service.py:42] - Total events detected: 2
2025-04-15 09:41:22,122 - proctoring - INFO - [log_service.py:12] - Attempting to store 2 logs for user 2
2025-04-15 09:41:22,122 - proctoring - DEBUG - [log_service.py:26] - Created log entry: {'time': '2025-04-15 09:41:22.008586', 'event': 'Face detected', 'event_type': 'face_detected'}
2025-04-15 09:41:22,122 - proctoring - DEBUG - [log_service.py:26] - Created log entry: {'time': '2025-04-15 09:41:22.012628', 'event': 'Mouth movement detected'}
2025-04-15 09:41:22,124 - proctoring - INFO - [log_service.py:40] - Successfully stored 2 logs
2025-04-15 09:41:22,125 - proctoring - DEBUG - [image_utils.py:43] - Decoded base64 data length: 19439
2025-04-15 09:41:22,126 - proctoring - INFO - [detection_service.py:16] - Processing new frame
2025-04-15 09:41:22,138 - proctoring - INFO - [detection_service.py:34] - Face detection found 1 events
2025-04-15 09:41:22,149 - proctoring - INFO - [detection_service.py:34] - Face Mesh detection found 1 events
2025-04-15 09:41:22,156 - proctoring - DEBUG - [detection_service.py:37] - No Hand detections
2025-04-15 09:41:22,231 - proctoring - DEBUG - [detection_service.py:37] - No YOLO detections
2025-04-15 09:41:22,231 - proctoring - INFO - [detection_service.py:42] - Total events detected: 2
2025-04-15 09:41:22,231 - proctoring - INFO - [log_service.py:12] - Attempting to store 2 logs for user 2
2025-04-15 09:41:22,231 - proctoring - DEBUG - [log_service.py:26] - Created log entry: {'time': '2025-04-15 09:41:22.126226', 'event': 'Face detected', 'event_type': 'face_detected'}
2025-04-15 09:41:22,231 - proctoring - DEBUG - [log_service.py:26] - Created log entry: {'time': '2025-04-15 09:41:22.129937', 'event': 'Mouth movement detected'}
2025-04-15 09:41:22,234 - proctoring - INFO - [log_service.py:40] - Successfully stored 2 logs
2025-04-15 09:41:22,236 - proctoring - DEBUG - [image_utils.py:43] - Decoded base64 data length: 19467
2025-04-15 09:41:22,237 - proctoring - INFO - [detection_service.py:16] - Processing new frame
2025-04-15 09:41:22,246 - proctoring - INFO - [detection_service.py:34] - Face detection found 1 events
2025-04-15 09:41:22,380 - proctoring - DEBUG - [detection_service.py:37] - No Hand detections
2025-04-15 09:41:22,388 - proctoring - INFO - [detection_service.py:34] - Face Mesh detection found 1 events
2025-04-15 09:41:22,457 - proctoring - DEBUG - [detection_service.py:37] - No YOLO detections
2025-04-15 09:41:22,457 - proctoring - INFO - [detection_service.py:42] - Total events detected: 2
2025-04-15 09:41:22,457 - proctoring - INFO - [log_service.py:12] - Attempting to store 2 logs for user 2
2025-04-15 09:41:22,457 - proctoring - DEBUG - [log_service.py:26] - Created log entry: {'time': '2025-04-15 09:41:22.237099', 'event': 'Face detected', 'event_type': 'face_detected'}
2025-04-15 09:41:22,457 - proctoring - DEBUG - [log_service.py:26] - Created log entry: {'time': '2025-04-15 09:41:22.240544', 'event': 'Mouth movement detected'}
2025-04-15 09:41:22,459 - proctoring - INFO - [log_service.py:40] - Successfully stored 2 logs
2025-04-15 09:41:22,460 - proctoring - DEBUG - [image_utils.py:43] - Decoded base64 data length: 19382
2025-04-15 09:41:22,461 - proctoring - INFO - [detection_service.py:16] - Processing new frame
2025-04-15 09:41:22,473 - proctoring - INFO - [detection_service.py:34] - Face detection found 1 events
2025-04-15 09:41:22,487 - proctoring - INFO - [detection_service.py:34] - Face Mesh detection found 1 events
2025-04-15 09:41:22,491 - proctoring - DEBUG - [detection_service.py:37] - No Hand detections
2025-04-15 09:41:22,563 - proctoring - DEBUG - [detection_service.py:37] - No YOLO detections
2025-04-15 09:41:22,563 - proctoring - INFO - [detection_service.py:42] - Total events detected: 2
2025-04-15 09:41:22,563 - proctoring - INFO - [log_service.py:12] - Attempting to store 2 logs for user 2
2025-04-15 09:41:22,563 - proctoring - DEBUG - [log_service.py:26] - Created log entry: {'time': '2025-04-15 09:41:22.461175', 'event': 'Face detected', 'event_type': 'face_detected'}
2025-04-15 09:41:22,563 - proctoring - DEBUG - [log_service.py:26] - Created log entry: {'time': '2025-04-15 09:41:22.464987', 'event': 'Mouth movement detected'}
2025-04-15 09:41:22,565 - proctoring - INFO - [log_service.py:40] - Successfully stored 2 logs
2025-04-15 09:41:22,566 - proctoring - DEBUG - [image_utils.py:43] - Decoded base64 data length: 19277
2025-04-15 09:41:22,566 - proctoring - INFO - [detection_service.py:16] - Processing new frame
2025-04-15 09:41:22,576 - proctoring - INFO - [detection_service.py:34] - Face detection found 1 events
2025-04-15 09:41:22,589 - proctoring - INFO - [detection_service.py:34] - Face Mesh detection found 1 events
2025-04-15 09:41:22,591 - proctoring - DEBUG - [detection_service.py:37] - No Hand detections
2025-04-15 09:41:22,665 - proctoring - DEBUG - [detection_service.py:37] - No YOLO detections
2025-04-15 09:41:22,665 - proctoring - INFO - [detection_service.py:42] - Total events detected: 2
2025-04-15 09:41:22,665 - proctoring - INFO - [log_service.py:12] - Attempting to store 2 logs for user 2
2025-04-15 09:41:22,665 - proctoring - DEBUG - [log_service.py:26] - Created log entry: {'time': '2025-04-15 09:41:22.566927', 'event': 'Face detected', 'event_type': 'face_detected'}
2025-04-15 09:41:22,665 - proctoring - DEBUG - [log_service.py:26] - Created log entry: {'time': '2025-04-15 09:41:22.570661', 'event': 'Mouth movement detected'}
2025-04-15 09:41:22,667 - proctoring - INFO - [log_service.py:40] - Successfully stored 2 logs
2025-04-15 09:41:22,669 - proctoring - DEBUG - [image_utils.py:43] - Decoded base64 data length: 19195
2025-04-15 09:41:22,670 - proctoring - INFO - [detection_service.py:16] - Processing new frame
2025-04-15 09:41:22,681 - proctoring - INFO - [detection_service.py:34] - Face detection found 1 events
2025-04-15 09:41:22,694 - proctoring - INFO - [detection_service.py:34] - Face Mesh detection found 1 events
2025-04-15 09:41:22,696 - proctoring - DEBUG - [detection_service.py:37] - No Hand detections
2025-04-15 09:41:22,772 - proctoring - DEBUG - [detection_service.py:37] - No YOLO detections
2025-04-15 09:41:22,772 - proctoring - INFO - [detection_service.py:42] - Total events detected: 2
2025-04-15 09:41:22,772 - proctoring - INFO - [log_service.py:12] - Attempting to store 2 logs for user 2
2025-04-15 09:41:22,772 - proctoring - DEBUG - [log_service.py:26] - Created log entry: {'time': '2025-04-15 09:41:22.670358', 'event': 'Face detected', 'event_type': 'face_detected'}
2025-04-15 09:41:22,772 - proctoring - DEBUG - [log_service.py:26] - Created log entry: {'time': '2025-04-15 09:41:22.674260', 'event': 'Mouth movement detected'}
2025-04-15 09:41:22,774 - proctoring - INFO - [log_service.py:40] - Successfully stored 2 logs
2025-04-15 09:41:22,776 - proctoring - DEBUG - [image_utils.py:43] - Decoded base64 data length: 19218
2025-04-15 09:41:22,777 - proctoring - INFO - [detection_service.py:16] - Processing new frame
2025-04-15 09:41:22,790 - proctoring - INFO - [detection_service.py:34] - Face detection found 1 events
2025-04-15 09:41:22,803 - proctoring - INFO - [detection_service.py:34] - Face Mesh detection found 1 events
2025-04-15 09:41:22,808 - proctoring - DEBUG - [detection_service.py:37] - No Hand detections
2025-04-15 09:41:22,885 - proctoring - DEBUG - [detection_service.py:37] - No YOLO detections
2025-04-15 09:41:22,885 - proctoring - INFO - [detection_service.py:42] - Total events detected: 2
2025-04-15 09:41:22,885 - proctoring - INFO - [log_service.py:12] - Attempting to store 2 logs for user 2
2025-04-15 09:41:22,885 - proctoring - DEBUG - [log_service.py:26] - Created log entry: {'time': '2025-04-15 09:41:22.777199', 'event': 'Face detected', 'event_type': 'face_detected'}
2025-04-15 09:41:22,885 - proctoring - DEBUG - [log_service.py:26] - Created log entry: {'time': '2025-04-15 09:41:22.781080', 'event': 'Mouth movement detected'}
2025-04-15 09:41:22,887 - proctoring - INFO - [log_service.py:40] - Successfully stored 2 logs
2025-04-15 09:41:22,889 - proctoring - DEBUG - [image_utils.py:43] - Decoded base64 data length: 19184
2025-04-15 09:41:22,889 - proctoring - INFO - [detection_service.py:16] - Processing new frame
2025-04-15 09:41:22,899 - proctoring - INFO - [detection_service.py:34] - Face detection found 1 events
2025-04-15 09:41:22,915 - proctoring - DEBUG - [detection_service.py:37] - No Hand detections
2025-04-15 09:41:22,916 - proctoring - INFO - [detection_service.py:34] - Face Mesh detection found 1 events
2025-04-15 09:41:22,990 - proctoring - DEBUG - [detection_service.py:37] - No YOLO detections
2025-04-15 09:41:22,990 - proctoring - INFO - [detection_service.py:42] - Total events detected: 2
2025-04-15 09:41:22,990 - proctoring - INFO - [log_service.py:12] - Attempting to store 2 logs for user 2
2025-04-15 09:41:22,990 - proctoring - DEBUG - [log_service.py:26] - Created log entry: {'time': '2025-04-15 09:41:22.889603', 'event': 'Face detected', 'event_type': 'face_detected'}
2025-04-15 09:41:22,990 - proctoring - DEBUG - [log_service.py:26] - Created log entry: {'time': '2025-04-15 09:41:22.893281', 'event': 'Mouth movement detected'}
2025-04-15 09:41:22,992 - proctoring - INFO - [log_service.py:40] - Successfully stored 2 logs
2025-04-15 09:41:22,994 - proctoring - DEBUG - [image_utils.py:43] - Decoded base64 data length: 19130
2025-04-15 09:41:22,994 - proctoring - INFO - [detection_service.py:16] - Processing new frame
2025-04-15 09:41:23,005 - proctoring - INFO - [detection_service.py:34] - Face detection found 1 events
2025-04-15 09:41:23,017 - proctoring - INFO - [detection_service.py:34] - Face Mesh detection found 1 events
2025-04-15 09:41:23,022 - proctoring - DEBUG - [detection_service.py:37] - No Hand detections
2025-04-15 09:41:23,092 - proctoring - DEBUG - [detection_service.py:37] - No YOLO detections
2025-04-15 09:41:23,092 - proctoring - INFO - [detection_service.py:42] - Total events detected: 2
2025-04-15 09:41:23,092 - proctoring - INFO - [log_service.py:12] - Attempting to store 2 logs for user 2
2025-04-15 09:41:23,092 - proctoring - DEBUG - [log_service.py:26] - Created log entry: {'time': '2025-04-15 09:41:22.994797', 'event': 'Face detected', 'event_type': 'face_detected'}
2025-04-15 09:41:23,092 - proctoring - DEBUG - [log_service.py:26] - Created log entry: {'time': '2025-04-15 09:41:22.998291', 'event': 'Mouth movement detected'}
2025-04-15 09:41:23,094 - proctoring - INFO - [log_service.py:40] - Successfully stored 2 logs
2025-04-15 09:41:23,096 - proctoring - DEBUG - [image_utils.py:43] - Decoded base64 data length: 19172
2025-04-15 09:41:23,096 - proctoring - INFO - [detection_service.py:16] - Processing new frame
2025-04-15 09:41:23,107 - proctoring - INFO - [detection_service.py:34] - Face detection found 1 events
2025-04-15 09:41:23,123 - proctoring - INFO - [detection_service.py:34] - Face Mesh detection found 1 events
2025-04-15 09:41:23,126 - proctoring - DEBUG - [detection_service.py:37] - No Hand detections
2025-04-15 09:41:23,209 - proctoring - DEBUG - [detection_service.py:37] - No YOLO detections
2025-04-15 09:41:23,209 - proctoring - INFO - [detection_service.py:42] - Total events detected: 2
2025-04-15 09:41:23,209 - proctoring - INFO - [log_service.py:12] - Attempting to store 2 logs for user 2
2025-04-15 09:41:23,209 - proctoring - DEBUG - [log_service.py:26] - Created log entry: {'time': '2025-04-15 09:41:23.096723', 'event': 'Face detected', 'event_type': 'face_detected'}
2025-04-15 09:41:23,209 - proctoring - DEBUG - [log_service.py:26] - Created log entry: {'time': '2025-04-15 09:41:23.100538', 'event': 'Mouth movement detected'}
2025-04-15 09:41:23,211 - proctoring - INFO - [log_service.py:40] - Successfully stored 2 logs
2025-04-15 09:41:23,212 - proctoring - DEBUG - [image_utils.py:43] - Decoded base64 data length: 19254
2025-04-15 09:41:23,213 - proctoring - INFO - [detection_service.py:16] - Processing new frame
2025-04-15 09:41:23,223 - proctoring - INFO - [detection_service.py:34] - Face detection found 1 events
2025-04-15 09:41:23,238 - proctoring - INFO - [detection_service.py:34] - Face Mesh detection found 1 events
2025-04-15 09:41:23,239 - proctoring - DEBUG - [detection_service.py:37] - No Hand detections
2025-04-15 09:41:23,306 - proctoring - DEBUG - [detection_service.py:37] - No YOLO detections
2025-04-15 09:41:23,306 - proctoring - INFO - [detection_service.py:42] - Total events detected: 2
2025-04-15 09:41:23,306 - proctoring - INFO - [log_service.py:12] - Attempting to store 2 logs for user 2
2025-04-15 09:41:23,306 - proctoring - DEBUG - [log_service.py:26] - Created log entry: {'time': '2025-04-15 09:41:23.213282', 'event': 'Face detected', 'event_type': 'face_detected'}
2025-04-15 09:41:23,306 - proctoring - DEBUG - [log_service.py:26] - Created log entry: {'time': '2025-04-15 09:41:23.217162', 'event': 'Mouth movement detected'}
2025-04-15 09:41:23,308 - proctoring - INFO - [log_service.py:40] - Successfully stored 2 logs
2025-04-15 09:41:23,310 - proctoring - DEBUG - [image_utils.py:43] - Decoded base64 data length: 19282
2025-04-15 09:41:23,310 - proctoring - INFO - [detection_service.py:16] - Processing new frame
2025-04-15 09:41:23,321 - proctoring - INFO - [detection_service.py:34] - Face detection found 1 events
2025-04-15 09:41:23,331 - proctoring - INFO - [detection_service.py:34] - Face Mesh detection found 1 events
2025-04-15 09:41:23,335 - proctoring - DEBUG - [detection_service.py:37] - No Hand detections
2025-04-15 09:41:23,400 - proctoring - DEBUG - [detection_service.py:37] - No YOLO detections
2025-04-15 09:41:23,400 - proctoring - INFO - [detection_service.py:42] - Total events detected: 2
2025-04-15 09:41:23,400 - proctoring - INFO - [log_service.py:12] - Attempting to store 2 logs for user 2
2025-04-15 09:41:23,400 - proctoring - DEBUG - [log_service.py:26] - Created log entry: {'time': '2025-04-15 09:41:23.311017', 'event': 'Face detected', 'event_type': 'face_detected'}
2025-04-15 09:41:23,400 - proctoring - DEBUG - [log_service.py:26] - Created log entry: {'time': '2025-04-15 09:41:23.314417', 'event': 'Mouth movement detected'}
2025-04-15 09:41:23,402 - proctoring - INFO - [log_service.py:40] - Successfully stored 2 logs
2025-04-15 09:41:23,404 - proctoring - DEBUG - [image_utils.py:43] - Decoded base64 data length: 19388
2025-04-15 09:41:23,404 - proctoring - INFO - [detection_service.py:16] - Processing new frame
2025-04-15 09:41:23,415 - proctoring - INFO - [detection_service.py:34] - Face detection found 1 events
2025-04-15 09:41:23,425 - proctoring - INFO - [detection_service.py:34] - Face Mesh detection found 1 events
2025-04-15 09:41:23,429 - proctoring - DEBUG - [detection_service.py:37] - No Hand detections
2025-04-15 09:41:23,496 - proctoring - DEBUG - [detection_service.py:37] - No YOLO detections
2025-04-15 09:41:23,496 - proctoring - INFO - [detection_service.py:42] - Total events detected: 2
2025-04-15 09:41:23,496 - proctoring - INFO - [log_service.py:12] - Attempting to store 2 logs for user 2
2025-04-15 09:41:23,497 - proctoring - DEBUG - [log_service.py:26] - Created log entry: {'time': '2025-04-15 09:41:23.404630', 'event': 'Face detected', 'event_type': 'face_detected'}
2025-04-15 09:41:23,497 - proctoring - DEBUG - [log_service.py:26] - Created log entry: {'time': '2025-04-15 09:41:23.408551', 'event': 'Mouth movement detected'}
2025-04-15 09:41:23,498 - proctoring - INFO - [log_service.py:40] - Successfully stored 2 logs
2025-04-15 09:41:23,499 - proctoring - DEBUG - [image_utils.py:43] - Decoded base64 data length: 19406
2025-04-15 09:41:23,500 - proctoring - INFO - [detection_service.py:16] - Processing new frame
2025-04-15 09:41:23,510 - proctoring - INFO - [detection_service.py:34] - Face detection found 1 events
2025-04-15 09:41:23,522 - proctoring - INFO - [detection_service.py:34] - Face Mesh detection found 1 events
2025-04-15 09:41:23,528 - proctoring - DEBUG - [detection_service.py:37] - No Hand detections
2025-04-15 09:41:23,600 - proctoring - DEBUG - [detection_service.py:37] - No YOLO detections
2025-04-15 09:41:23,600 - proctoring - INFO - [detection_service.py:42] - Total events detected: 2
2025-04-15 09:41:23,600 - proctoring - INFO - [log_service.py:12] - Attempting to store 2 logs for user 2
2025-04-15 09:41:23,601 - proctoring - DEBUG - [log_service.py:26] - Created log entry: {'time': '2025-04-15 09:41:23.500439', 'event': 'Face detected', 'event_type': 'face_detected'}
2025-04-15 09:41:23,601 - proctoring - DEBUG - [log_service.py:26] - Created log entry: {'time': '2025-04-15 09:41:23.503839', 'event': 'Mouth movement detected'}
2025-04-15 09:41:23,602 - proctoring - INFO - [log_service.py:40] - Successfully stored 2 logs
2025-04-15 09:41:23,604 - proctoring - DEBUG - [image_utils.py:43] - Decoded base64 data length: 19727
2025-04-15 09:41:23,604 - proctoring - INFO - [detection_service.py:16] - Processing new frame
2025-04-15 09:41:23,615 - proctoring - INFO - [detection_service.py:34] - Face detection found 1 events
2025-04-15 09:41:23,627 - proctoring - INFO - [detection_service.py:34] - Face Mesh detection found 1 events
2025-04-15 09:41:23,631 - proctoring - DEBUG - [detection_service.py:37] - No Hand detections
2025-04-15 09:41:23,702 - proctoring - DEBUG - [detection_service.py:37] - No YOLO detections
2025-04-15 09:41:23,702 - proctoring - INFO - [detection_service.py:42] - Total events detected: 2
2025-04-15 09:41:23,702 - proctoring - INFO - [log_service.py:12] - Attempting to store 2 logs for user 2
2025-04-15 09:41:23,703 - proctoring - DEBUG - [log_service.py:26] - Created log entry: {'time': '2025-04-15 09:41:23.604860', 'event': 'Face detected', 'event_type': 'face_detected'}
2025-04-15 09:41:23,703 - proctoring - DEBUG - [log_service.py:26] - Created log entry: {'time': '2025-04-15 09:41:23.608877', 'event': 'Mouth movement detected'}
2025-04-15 09:41:23,705 - proctoring - INFO - [log_service.py:40] - Successfully stored 2 logs
2025-04-15 09:41:23,706 - proctoring - DEBUG - [image_utils.py:43] - Decoded base64 data length: 19686
2025-04-15 09:41:23,707 - proctoring - INFO - [detection_service.py:16] - Processing new frame
2025-04-15 09:41:23,717 - proctoring - INFO - [detection_service.py:34] - Face detection found 1 events
2025-04-15 09:41:23,730 - proctoring - INFO - [detection_service.py:34] - Face Mesh detection found 1 events
2025-04-15 09:41:23,734 - proctoring - DEBUG - [detection_service.py:37] - No Hand detections
2025-04-15 09:41:23,803 - proctoring - DEBUG - [detection_service.py:37] - No YOLO detections
2025-04-15 09:41:23,803 - proctoring - INFO - [detection_service.py:42] - Total events detected: 2
2025-04-15 09:41:23,803 - proctoring - INFO - [log_service.py:12] - Attempting to store 2 logs for user 2
2025-04-15 09:41:23,803 - proctoring - DEBUG - [log_service.py:26] - Created log entry: {'time': '2025-04-15 09:41:23.707228', 'event': 'Face detected', 'event_type': 'face_detected'}
2025-04-15 09:41:23,803 - proctoring - DEBUG - [log_service.py:26] - Created log entry: {'time': '2025-04-15 09:41:23.711060', 'event': 'Mouth movement detected'}
2025-04-15 09:41:23,805 - proctoring - INFO - [log_service.py:40] - Successfully stored 2 logs
2025-04-15 09:41:23,806 - proctoring - DEBUG - [image_utils.py:43] - Decoded base64 data length: 19612
2025-04-15 09:41:23,807 - proctoring - INFO - [detection_service.py:16] - Processing new frame
2025-04-15 09:41:23,816 - proctoring - INFO - [detection_service.py:34] - Face detection found 1 events
2025-04-15 09:41:23,833 - proctoring - INFO - [detection_service.py:34] - Face Mesh detection found 1 events
2025-04-15 09:41:23,836 - proctoring - DEBUG - [detection_service.py:37] - No Hand detections
2025-04-15 09:41:23,912 - proctoring - DEBUG - [detection_service.py:37] - No YOLO detections
2025-04-15 09:41:23,912 - proctoring - INFO - [detection_service.py:42] - Total events detected: 2
2025-04-15 09:41:23,912 - proctoring - INFO - [log_service.py:12] - Attempting to store 2 logs for user 2
2025-04-15 09:41:23,912 - proctoring - DEBUG - [log_service.py:26] - Created log entry: {'time': '2025-04-15 09:41:23.807406', 'event': 'Face detected', 'event_type': 'face_detected'}
2025-04-15 09:41:23,912 - proctoring - DEBUG - [log_service.py:26] - Created log entry: {'time': '2025-04-15 09:41:23.811330', 'event': 'Mouth movement detected'}
2025-04-15 09:41:23,914 - proctoring - INFO - [log_service.py:40] - Successfully stored 2 logs
2025-04-15 09:41:23,916 - proctoring - DEBUG - [image_utils.py:43] - Decoded base64 data length: 19496
2025-04-15 09:41:23,916 - proctoring - INFO - [detection_service.py:16] - Processing new frame
2025-04-15 09:41:23,926 - proctoring - INFO - [detection_service.py:34] - Face detection found 1 events
2025-04-15 09:41:23,949 - proctoring - DEBUG - [detection_service.py:37] - No Hand detections
2025-04-15 09:41:23,953 - proctoring - INFO - [detection_service.py:34] - Face Mesh detection found 1 events
2025-04-15 09:41:24,017 - proctoring - DEBUG - [detection_service.py:37] - No YOLO detections
2025-04-15 09:41:24,017 - proctoring - INFO - [detection_service.py:42] - Total events detected: 2
2025-04-15 09:41:24,017 - proctoring - INFO - [log_service.py:12] - Attempting to store 2 logs for user 2
2025-04-15 09:41:24,017 - proctoring - DEBUG - [log_service.py:26] - Created log entry: {'time': '2025-04-15 09:41:23.916879', 'event': 'Face detected', 'event_type': 'face_detected'}
2025-04-15 09:41:24,017 - proctoring - DEBUG - [log_service.py:26] - Created log entry: {'time': '2025-04-15 09:41:23.920777', 'event': 'Mouth movement detected'}
2025-04-15 09:41:24,019 - proctoring - INFO - [log_service.py:40] - Successfully stored 2 logs
2025-04-15 09:41:24,020 - proctoring - DEBUG - [image_utils.py:43] - Decoded base64 data length: 19494
2025-04-15 09:41:24,021 - proctoring - INFO - [detection_service.py:16] - Processing new frame
2025-04-15 09:41:24,030 - proctoring - INFO - [detection_service.py:34] - Face detection found 1 events
2025-04-15 09:41:24,041 - proctoring - INFO - [detection_service.py:34] - Face Mesh detection found 1 events
2025-04-15 09:41:24,048 - proctoring - DEBUG - [detection_service.py:37] - No Hand detections
2025-04-15 09:41:24,119 - proctoring - DEBUG - [detection_service.py:37] - No YOLO detections
2025-04-15 09:41:24,120 - proctoring - INFO - [detection_service.py:42] - Total events detected: 2
2025-04-15 09:41:24,120 - proctoring - INFO - [log_service.py:12] - Attempting to store 2 logs for user 2
2025-04-15 09:41:24,120 - proctoring - DEBUG - [log_service.py:26] - Created log entry: {'time': '2025-04-15 09:41:24.021267', 'event': 'Face detected', 'event_type': 'face_detected'}
2025-04-15 09:41:24,120 - proctoring - DEBUG - [log_service.py:26] - Created log entry: {'time': '2025-04-15 09:41:24.024811', 'event': 'Mouth movement detected'}
2025-04-15 09:41:24,121 - proctoring - INFO - [log_service.py:40] - Successfully stored 2 logs
2025-04-15 09:41:24,123 - proctoring - DEBUG - [image_utils.py:43] - Decoded base64 data length: 19471
2025-04-15 09:41:24,123 - proctoring - INFO - [detection_service.py:16] - Processing new frame
2025-04-15 09:41:24,133 - proctoring - INFO - [detection_service.py:34] - Face detection found 1 events
2025-04-15 09:41:24,146 - proctoring - INFO - [detection_service.py:34] - Face Mesh detection found 1 events
2025-04-15 09:41:24,150 - proctoring - DEBUG - [detection_service.py:37] - No Hand detections
2025-04-15 09:41:24,218 - proctoring - DEBUG - [detection_service.py:37] - No YOLO detections
2025-04-15 09:41:24,218 - proctoring - INFO - [detection_service.py:42] - Total events detected: 2
2025-04-15 09:41:24,219 - proctoring - INFO - [log_service.py:12] - Attempting to store 2 logs for user 2
2025-04-15 09:41:24,219 - proctoring - DEBUG - [log_service.py:26] - Created log entry: {'time': '2025-04-15 09:41:24.123798', 'event': 'Face detected', 'event_type': 'face_detected'}
2025-04-15 09:41:24,219 - proctoring - DEBUG - [log_service.py:26] - Created log entry: {'time': '2025-04-15 09:41:24.127471', 'event': 'Mouth movement detected'}
2025-04-15 09:41:24,220 - proctoring - INFO - [log_service.py:40] - Successfully stored 2 logs
2025-04-15 09:41:24,222 - proctoring - DEBUG - [image_utils.py:43] - Decoded base64 data length: 19504
2025-04-15 09:41:24,222 - proctoring - INFO - [detection_service.py:16] - Processing new frame
2025-04-15 09:41:24,231 - proctoring - INFO - [detection_service.py:34] - Face detection found 1 events
2025-04-15 09:41:24,243 - proctoring - INFO - [detection_service.py:34] - Face Mesh detection found 1 events
2025-04-15 09:41:24,245 - proctoring - DEBUG - [detection_service.py:37] - No Hand detections
2025-04-15 09:41:24,307 - proctoring - DEBUG - [detection_service.py:37] - No YOLO detections
2025-04-15 09:41:24,307 - proctoring - INFO - [detection_service.py:42] - Total events detected: 2
2025-04-15 09:41:24,307 - proctoring - INFO - [log_service.py:12] - Attempting to store 2 logs for user 2
2025-04-15 09:41:24,307 - proctoring - DEBUG - [log_service.py:26] - Created log entry: {'time': '2025-04-15 09:41:24.223017', 'event': 'Face detected', 'event_type': 'face_detected'}
2025-04-15 09:41:24,308 - proctoring - DEBUG - [log_service.py:26] - Created log entry: {'time': '2025-04-15 09:41:24.226679', 'event': 'Mouth movement detected'}
2025-04-15 09:41:24,310 - proctoring - INFO - [log_service.py:40] - Successfully stored 2 logs
2025-04-15 09:41:24,311 - proctoring - DEBUG - [image_utils.py:43] - Decoded base64 data length: 19622
2025-04-15 09:41:24,311 - proctoring - INFO - [detection_service.py:16] - Processing new frame
2025-04-15 09:41:24,321 - proctoring - INFO - [detection_service.py:34] - Face detection found 1 events
2025-04-15 09:41:24,334 - proctoring - INFO - [detection_service.py:34] - Face Mesh detection found 1 events
2025-04-15 09:41:24,336 - proctoring - DEBUG - [detection_service.py:37] - No Hand detections
2025-04-15 09:41:24,410 - proctoring - DEBUG - [detection_service.py:37] - No YOLO detections
2025-04-15 09:41:24,411 - proctoring - INFO - [detection_service.py:42] - Total events detected: 2
2025-04-15 09:41:24,411 - proctoring - INFO - [log_service.py:12] - Attempting to store 2 logs for user 2
2025-04-15 09:41:24,411 - proctoring - DEBUG - [log_service.py:26] - Created log entry: {'time': '2025-04-15 09:41:24.312070', 'event': 'Face detected', 'event_type': 'face_detected'}
2025-04-15 09:41:24,411 - proctoring - DEBUG - [log_service.py:26] - Created log entry: {'time': '2025-04-15 09:41:24.315474', 'event': 'Mouth movement detected'}
2025-04-15 09:41:24,413 - proctoring - INFO - [log_service.py:40] - Successfully stored 2 logs
2025-04-15 09:41:24,415 - proctoring - DEBUG - [image_utils.py:43] - Decoded base64 data length: 19735
2025-04-15 09:41:24,415 - proctoring - INFO - [detection_service.py:16] - Processing new frame
2025-04-15 09:41:24,426 - proctoring - INFO - [detection_service.py:34] - Face detection found 1 events
2025-04-15 09:41:24,440 - proctoring - INFO - [detection_service.py:34] - Face Mesh detection found 1 events
2025-04-15 09:41:24,443 - proctoring - DEBUG - [detection_service.py:37] - No Hand detections
2025-04-15 09:41:24,519 - proctoring - DEBUG - [detection_service.py:37] - No YOLO detections
2025-04-15 09:41:24,519 - proctoring - INFO - [detection_service.py:42] - Total events detected: 2
2025-04-15 09:41:24,519 - proctoring - INFO - [log_service.py:12] - Attempting to store 2 logs for user 2
2025-04-15 09:41:24,519 - proctoring - DEBUG - [log_service.py:26] - Created log entry: {'time': '2025-04-15 09:41:24.415547', 'event': 'Face detected', 'event_type': 'face_detected'}
2025-04-15 09:41:24,519 - proctoring - DEBUG - [log_service.py:26] - Created log entry: {'time': '2025-04-15 09:41:24.420196', 'event': 'Mouth movement detected'}
2025-04-15 09:41:24,521 - proctoring - INFO - [log_service.py:40] - Successfully stored 2 logs
2025-04-15 09:41:24,522 - proctoring - DEBUG - [image_utils.py:43] - Decoded base64 data length: 19751
2025-04-15 09:41:24,523 - proctoring - INFO - [detection_service.py:16] - Processing new frame
2025-04-15 09:41:24,533 - proctoring - INFO - [detection_service.py:34] - Face detection found 1 events
2025-04-15 09:41:24,545 - proctoring - INFO - [detection_service.py:34] - Face Mesh detection found 1 events
2025-04-15 09:41:24,546 - proctoring - DEBUG - [detection_service.py:37] - No Hand detections
2025-04-15 09:41:24,629 - proctoring - DEBUG - [detection_service.py:37] - No YOLO detections
2025-04-15 09:41:24,629 - proctoring - INFO - [detection_service.py:42] - Total events detected: 2
2025-04-15 09:41:24,629 - proctoring - INFO - [log_service.py:12] - Attempting to store 2 logs for user 2
2025-04-15 09:41:24,629 - proctoring - DEBUG - [log_service.py:26] - Created log entry: {'time': '2025-04-15 09:41:24.523317', 'event': 'Face detected', 'event_type': 'face_detected'}
2025-04-15 09:41:24,629 - proctoring - DEBUG - [log_service.py:26] - Created log entry: {'time': '2025-04-15 09:41:24.527262', 'event': 'Mouth movement detected'}
2025-04-15 09:41:24,631 - proctoring - INFO - [log_service.py:40] - Successfully stored 2 logs
2025-04-15 09:41:24,633 - proctoring - DEBUG - [image_utils.py:43] - Decoded base64 data length: 19824
2025-04-15 09:41:24,633 - proctoring - INFO - [detection_service.py:16] - Processing new frame
2025-04-15 09:41:24,644 - proctoring - INFO - [detection_service.py:34] - Face detection found 1 events
2025-04-15 09:41:24,655 - proctoring - INFO - [detection_service.py:34] - Face Mesh detection found 1 events
2025-04-15 09:41:24,659 - proctoring - DEBUG - [detection_service.py:37] - No Hand detections
2025-04-15 09:41:24,745 - proctoring - DEBUG - [detection_service.py:37] - No YOLO detections
2025-04-15 09:41:24,745 - proctoring - INFO - [detection_service.py:42] - Total events detected: 2
2025-04-15 09:41:24,745 - proctoring - INFO - [log_service.py:12] - Attempting to store 2 logs for user 2
2025-04-15 09:41:24,745 - proctoring - DEBUG - [log_service.py:26] - Created log entry: {'time': '2025-04-15 09:41:24.633653', 'event': 'Face detected', 'event_type': 'face_detected'}
2025-04-15 09:41:24,745 - proctoring - DEBUG - [log_service.py:26] - Created log entry: {'time': '2025-04-15 09:41:24.637545', 'event': 'Mouth movement detected'}
2025-04-15 09:41:24,747 - proctoring - INFO - [log_service.py:40] - Successfully stored 2 logs
2025-04-15 09:41:24,748 - proctoring - DEBUG - [image_utils.py:43] - Decoded base64 data length: 19719
2025-04-15 09:41:24,749 - proctoring - INFO - [detection_service.py:16] - Processing new frame
2025-04-15 09:41:24,758 - proctoring - INFO - [detection_service.py:34] - Face detection found 1 events
2025-04-15 09:41:24,776 - proctoring - DEBUG - [detection_service.py:37] - No Hand detections
2025-04-15 09:41:24,777 - proctoring - INFO - [detection_service.py:34] - Face Mesh detection found 1 events
2025-04-15 09:41:24,855 - proctoring - DEBUG - [detection_service.py:37] - No YOLO detections
2025-04-15 09:41:24,855 - proctoring - INFO - [detection_service.py:42] - Total events detected: 2
2025-04-15 09:41:24,855 - proctoring - INFO - [log_service.py:12] - Attempting to store 2 logs for user 2
2025-04-15 09:41:24,855 - proctoring - DEBUG - [log_service.py:26] - Created log entry: {'time': '2025-04-15 09:41:24.749338', 'event': 'Face detected', 'event_type': 'face_detected'}
2025-04-15 09:41:24,855 - proctoring - DEBUG - [log_service.py:26] - Created log entry: {'time': '2025-04-15 09:41:24.753071', 'event': 'Mouth movement detected'}
2025-04-15 09:41:24,857 - proctoring - INFO - [log_service.py:40] - Successfully stored 2 logs
2025-04-15 09:41:24,858 - proctoring - DEBUG - [image_utils.py:43] - Decoded base64 data length: 19462
2025-04-15 09:41:24,859 - proctoring - INFO - [detection_service.py:16] - Processing new frame
2025-04-15 09:41:24,871 - proctoring - INFO - [detection_service.py:34] - Face detection found 1 events
2025-04-15 09:41:24,883 - proctoring - INFO - [detection_service.py:34] - Face Mesh detection found 1 events
2025-04-15 09:41:24,888 - proctoring - DEBUG - [detection_service.py:37] - No Hand detections
2025-04-15 09:41:24,964 - proctoring - DEBUG - [detection_service.py:37] - No YOLO detections
2025-04-15 09:41:24,964 - proctoring - INFO - [detection_service.py:42] - Total events detected: 2
2025-04-15 09:41:24,964 - proctoring - INFO - [log_service.py:12] - Attempting to store 2 logs for user 2
2025-04-15 09:41:24,964 - proctoring - DEBUG - [log_service.py:26] - Created log entry: {'time': '2025-04-15 09:41:24.859449', 'event': 'Face detected', 'event_type': 'face_detected'}
2025-04-15 09:41:24,964 - proctoring - DEBUG - [log_service.py:26] - Created log entry: {'time': '2025-04-15 09:41:24.862971', 'event': 'Mouth movement detected'}
2025-04-15 09:41:24,966 - proctoring - INFO - [log_service.py:40] - Successfully stored 2 logs
2025-04-15 09:41:24,968 - proctoring - DEBUG - [image_utils.py:43] - Decoded base64 data length: 19357
2025-04-15 09:41:24,969 - proctoring - INFO - [detection_service.py:16] - Processing new frame
2025-04-15 09:41:24,979 - proctoring - INFO - [detection_service.py:34] - Face detection found 1 events
2025-04-15 09:41:24,996 - proctoring - INFO - [detection_service.py:34] - Face Mesh detection found 1 events
2025-04-15 09:41:24,998 - proctoring - DEBUG - [detection_service.py:37] - No Hand detections
2025-04-15 09:41:25,072 - proctoring - DEBUG - [detection_service.py:37] - No YOLO detections
2025-04-15 09:41:25,072 - proctoring - INFO - [detection_service.py:42] - Total events detected: 2
2025-04-15 09:41:25,072 - proctoring - INFO - [log_service.py:12] - Attempting to store 2 logs for user 2
2025-04-15 09:41:25,072 - proctoring - DEBUG - [log_service.py:26] - Created log entry: {'time': '2025-04-15 09:41:24.969176', 'event': 'Face detected', 'event_type': 'face_detected'}
2025-04-15 09:41:25,072 - proctoring - DEBUG - [log_service.py:26] - Created log entry: {'time': '2025-04-15 09:41:24.972826', 'event': 'Mouth movement detected'}
2025-04-15 09:41:25,074 - proctoring - INFO - [log_service.py:40] - Successfully stored 2 logs
2025-04-15 09:41:25,076 - proctoring - DEBUG - [image_utils.py:43] - Decoded base64 data length: 19446
2025-04-15 09:41:25,076 - proctoring - INFO - [detection_service.py:16] - Processing new frame
2025-04-15 09:41:25,087 - proctoring - INFO - [detection_service.py:34] - Face detection found 1 events
2025-04-15 09:41:25,099 - proctoring - INFO - [detection_service.py:34] - Face Mesh detection found 1 events
2025-04-15 09:41:25,103 - proctoring - DEBUG - [detection_service.py:37] - No Hand detections
2025-04-15 09:41:25,178 - proctoring - DEBUG - [detection_service.py:37] - No YOLO detections
2025-04-15 09:41:25,178 - proctoring - INFO - [detection_service.py:42] - Total events detected: 2
2025-04-15 09:41:25,178 - proctoring - INFO - [log_service.py:12] - Attempting to store 2 logs for user 2
2025-04-15 09:41:25,179 - proctoring - DEBUG - [log_service.py:26] - Created log entry: {'time': '2025-04-15 09:41:25.076980', 'event': 'Face detected', 'event_type': 'face_detected'}
2025-04-15 09:41:25,179 - proctoring - DEBUG - [log_service.py:26] - Created log entry: {'time': '2025-04-15 09:41:25.080678', 'event': 'Mouth movement detected'}
2025-04-15 09:41:25,180 - proctoring - INFO - [log_service.py:40] - Successfully stored 2 logs
2025-04-15 09:41:25,182 - proctoring - DEBUG - [image_utils.py:43] - Decoded base64 data length: 19528
2025-04-15 09:41:25,182 - proctoring - INFO - [detection_service.py:16] - Processing new frame
2025-04-15 09:41:25,192 - proctoring - INFO - [detection_service.py:34] - Face detection found 1 events
2025-04-15 09:41:25,208 - proctoring - DEBUG - [detection_service.py:37] - No Hand detections
2025-04-15 09:41:25,208 - proctoring - INFO - [detection_service.py:34] - Face Mesh detection found 1 events
2025-04-15 09:41:25,279 - proctoring - DEBUG - [detection_service.py:37] - No YOLO detections
2025-04-15 09:41:25,279 - proctoring - INFO - [detection_service.py:42] - Total events detected: 2
2025-04-15 09:41:25,279 - proctoring - INFO - [log_service.py:12] - Attempting to store 2 logs for user 2
2025-04-15 09:41:25,279 - proctoring - DEBUG - [log_service.py:26] - Created log entry: {'time': '2025-04-15 09:41:25.182649', 'event': 'Face detected', 'event_type': 'face_detected'}
2025-04-15 09:41:25,279 - proctoring - DEBUG - [log_service.py:26] - Created log entry: {'time': '2025-04-15 09:41:25.186554', 'event': 'Mouth movement detected'}
2025-04-15 09:41:25,281 - proctoring - INFO - [log_service.py:40] - Successfully stored 2 logs
2025-04-15 09:41:25,283 - proctoring - DEBUG - [image_utils.py:43] - Decoded base64 data length: 19567
2025-04-15 09:41:25,283 - proctoring - INFO - [detection_service.py:16] - Processing new frame
2025-04-15 09:41:25,294 - proctoring - INFO - [detection_service.py:34] - Face detection found 1 events
2025-04-15 09:41:25,306 - proctoring - INFO - [detection_service.py:34] - Face Mesh detection found 1 events
2025-04-15 09:41:25,311 - proctoring - DEBUG - [detection_service.py:37] - No Hand detections
2025-04-15 09:41:25,385 - proctoring - DEBUG - [detection_service.py:37] - No YOLO detections
2025-04-15 09:41:25,385 - proctoring - INFO - [detection_service.py:42] - Total events detected: 2
2025-04-15 09:41:25,385 - proctoring - INFO - [log_service.py:12] - Attempting to store 2 logs for user 2
2025-04-15 09:41:25,385 - proctoring - DEBUG - [log_service.py:26] - Created log entry: {'time': '2025-04-15 09:41:25.283955', 'event': 'Face detected', 'event_type': 'face_detected'}
2025-04-15 09:41:25,385 - proctoring - DEBUG - [log_service.py:26] - Created log entry: {'time': '2025-04-15 09:41:25.287710', 'event': 'Mouth movement detected'}
2025-04-15 09:41:25,387 - proctoring - INFO - [log_service.py:40] - Successfully stored 2 logs
2025-04-15 09:41:25,388 - proctoring - DEBUG - [image_utils.py:43] - Decoded base64 data length: 19614
2025-04-15 09:41:25,389 - proctoring - INFO - [detection_service.py:16] - Processing new frame
2025-04-15 09:41:25,405 - proctoring - INFO - [detection_service.py:34] - Face detection found 1 events
2025-04-15 09:41:25,422 - proctoring - INFO - [detection_service.py:34] - Face Mesh detection found 1 events
2025-04-15 09:41:25,427 - proctoring - DEBUG - [detection_service.py:37] - No Hand detections
2025-04-15 09:41:25,520 - proctoring - DEBUG - [detection_service.py:37] - No YOLO detections
2025-04-15 09:41:25,520 - proctoring - INFO - [detection_service.py:42] - Total events detected: 2
2025-04-15 09:41:25,520 - proctoring - INFO - [log_service.py:12] - Attempting to store 2 logs for user 2
2025-04-15 09:41:25,520 - proctoring - DEBUG - [log_service.py:26] - Created log entry: {'time': '2025-04-15 09:41:25.389429', 'event': 'Face detected', 'event_type': 'face_detected'}
2025-04-15 09:41:25,520 - proctoring - DEBUG - [log_service.py:26] - Created log entry: {'time': '2025-04-15 09:41:25.393253', 'event': 'Mouth movement detected'}
2025-04-15 09:41:25,522 - proctoring - INFO - [log_service.py:40] - Successfully stored 2 logs
2025-04-15 09:41:25,525 - proctoring - DEBUG - [image_utils.py:43] - Decoded base64 data length: 19689
2025-04-15 09:41:25,526 - proctoring - INFO - [detection_service.py:16] - Processing new frame
2025-04-15 09:41:25,540 - proctoring - INFO - [detection_service.py:34] - Face detection found 1 events
2025-04-15 09:41:25,553 - proctoring - DEBUG - [detection_service.py:37] - No Hand detections
2025-04-15 09:41:25,554 - proctoring - INFO - [detection_service.py:34] - Face Mesh detection found 1 events
2025-04-15 09:41:25,629 - proctoring - DEBUG - [detection_service.py:37] - No YOLO detections
2025-04-15 09:41:25,629 - proctoring - INFO - [detection_service.py:42] - Total events detected: 2
2025-04-15 09:41:25,629 - proctoring - INFO - [log_service.py:12] - Attempting to store 2 logs for user 2
2025-04-15 09:41:25,629 - proctoring - DEBUG - [log_service.py:26] - Created log entry: {'time': '2025-04-15 09:41:25.526492', 'event': 'Face detected', 'event_type': 'face_detected'}
2025-04-15 09:41:25,629 - proctoring - DEBUG - [log_service.py:26] - Created log entry: {'time': '2025-04-15 09:41:25.530328', 'event': 'Mouth movement detected'}
2025-04-15 09:41:25,631 - proctoring - INFO - [log_service.py:40] - Successfully stored 2 logs
2025-04-15 09:41:25,633 - proctoring - DEBUG - [image_utils.py:43] - Decoded base64 data length: 19675
2025-04-15 09:41:25,633 - proctoring - INFO - [detection_service.py:16] - Processing new frame
2025-04-15 09:41:25,644 - proctoring - INFO - [detection_service.py:34] - Face detection found 1 events
2025-04-15 09:41:25,656 - proctoring - INFO - [detection_service.py:34] - Face Mesh detection found 1 events
2025-04-15 09:41:25,659 - proctoring - DEBUG - [detection_service.py:37] - No Hand detections
2025-04-15 09:41:25,734 - proctoring - DEBUG - [detection_service.py:37] - No YOLO detections
2025-04-15 09:41:25,734 - proctoring - INFO - [detection_service.py:42] - Total events detected: 2
2025-04-15 09:41:25,734 - proctoring - INFO - [log_service.py:12] - Attempting to store 2 logs for user 2
2025-04-15 09:41:25,735 - proctoring - DEBUG - [log_service.py:26] - Created log entry: {'time': '2025-04-15 09:41:25.633590', 'event': 'Face detected', 'event_type': 'face_detected'}
2025-04-15 09:41:25,735 - proctoring - DEBUG - [log_service.py:26] - Created log entry: {'time': '2025-04-15 09:41:25.637748', 'event': 'Mouth movement detected'}
2025-04-15 09:41:25,736 - proctoring - INFO - [log_service.py:40] - Successfully stored 2 logs
2025-04-15 09:41:25,738 - proctoring - DEBUG - [image_utils.py:43] - Decoded base64 data length: 19555
2025-04-15 09:41:25,738 - proctoring - INFO - [detection_service.py:16] - Processing new frame
2025-04-15 09:41:25,749 - proctoring - INFO - [detection_service.py:34] - Face detection found 1 events
2025-04-15 09:41:25,761 - proctoring - INFO - [detection_service.py:34] - Face Mesh detection found 1 events
2025-04-15 09:41:25,765 - proctoring - DEBUG - [detection_service.py:37] - No Hand detections
2025-04-15 09:41:25,838 - proctoring - DEBUG - [detection_service.py:37] - No YOLO detections
2025-04-15 09:41:25,838 - proctoring - INFO - [detection_service.py:42] - Total events detected: 2
2025-04-15 09:41:25,838 - proctoring - INFO - [log_service.py:12] - Attempting to store 2 logs for user 2
2025-04-15 09:41:25,838 - proctoring - DEBUG - [log_service.py:26] - Created log entry: {'time': '2025-04-15 09:41:25.739047', 'event': 'Face detected', 'event_type': 'face_detected'}
2025-04-15 09:41:25,838 - proctoring - DEBUG - [log_service.py:26] - Created log entry: {'time': '2025-04-15 09:41:25.743083', 'event': 'Mouth movement detected'}
2025-04-15 09:41:25,840 - proctoring - INFO - [log_service.py:40] - Successfully stored 2 logs
2025-04-15 09:41:25,841 - proctoring - DEBUG - [image_utils.py:43] - Decoded base64 data length: 19621
2025-04-15 09:41:25,842 - proctoring - INFO - [detection_service.py:16] - Processing new frame
2025-04-15 09:41:25,854 - proctoring - INFO - [detection_service.py:34] - Face detection found 1 events
2025-04-15 09:41:25,866 - proctoring - INFO - [detection_service.py:34] - Face Mesh detection found 1 events
2025-04-15 09:41:25,871 - proctoring - DEBUG - [detection_service.py:37] - No Hand detections
2025-04-15 09:41:25,943 - proctoring - DEBUG - [detection_service.py:37] - No YOLO detections
2025-04-15 09:41:25,943 - proctoring - INFO - [detection_service.py:42] - Total events detected: 2
2025-04-15 09:41:25,943 - proctoring - INFO - [log_service.py:12] - Attempting to store 2 logs for user 2
2025-04-15 09:41:25,943 - proctoring - DEBUG - [log_service.py:26] - Created log entry: {'time': '2025-04-15 09:41:25.842331', 'event': 'Face detected', 'event_type': 'face_detected'}
2025-04-15 09:41:25,943 - proctoring - DEBUG - [log_service.py:26] - Created log entry: {'time': '2025-04-15 09:41:25.846646', 'event': 'Mouth movement detected'}
2025-04-15 09:41:25,945 - proctoring - INFO - [log_service.py:40] - Successfully stored 2 logs
2025-04-15 09:41:25,947 - proctoring - DEBUG - [image_utils.py:43] - Decoded base64 data length: 19591
2025-04-15 09:41:25,947 - proctoring - INFO - [detection_service.py:16] - Processing new frame
2025-04-15 09:41:25,959 - proctoring - INFO - [detection_service.py:34] - Face detection found 1 events
2025-04-15 09:41:25,973 - proctoring - INFO - [detection_service.py:34] - Face Mesh detection found 1 events
2025-04-15 09:41:25,984 - proctoring - DEBUG - [detection_service.py:37] - No Hand detections
2025-04-15 09:41:26,044 - proctoring - DEBUG - [detection_service.py:37] - No YOLO detections
2025-04-15 09:41:26,044 - proctoring - INFO - [detection_service.py:42] - Total events detected: 2
2025-04-15 09:41:26,044 - proctoring - INFO - [log_service.py:12] - Attempting to store 2 logs for user 2
2025-04-15 09:41:26,044 - proctoring - DEBUG - [log_service.py:26] - Created log entry: {'time': '2025-04-15 09:41:25.947766', 'event': 'Face detected', 'event_type': 'face_detected'}
2025-04-15 09:41:26,044 - proctoring - DEBUG - [log_service.py:26] - Created log entry: {'time': '2025-04-15 09:41:25.953037', 'event': 'Mouth movement detected'}
2025-04-15 09:41:26,045 - proctoring - INFO - [log_service.py:40] - Successfully stored 2 logs
2025-04-15 09:41:26,047 - proctoring - DEBUG - [image_utils.py:43] - Decoded base64 data length: 19712
2025-04-15 09:41:26,048 - proctoring - INFO - [detection_service.py:16] - Processing new frame
2025-04-15 09:41:26,059 - proctoring - INFO - [detection_service.py:34] - Face detection found 1 events
2025-04-15 09:41:26,070 - proctoring - INFO - [detection_service.py:34] - Face Mesh detection found 1 events
2025-04-15 09:41:26,077 - proctoring - DEBUG - [detection_service.py:37] - No Hand detections
2025-04-15 09:41:26,158 - proctoring - DEBUG - [detection_service.py:37] - No YOLO detections
2025-04-15 09:41:26,158 - proctoring - INFO - [detection_service.py:42] - Total events detected: 2
2025-04-15 09:41:26,158 - proctoring - INFO - [log_service.py:12] - Attempting to store 2 logs for user 2
2025-04-15 09:41:26,158 - proctoring - DEBUG - [log_service.py:26] - Created log entry: {'time': '2025-04-15 09:41:26.048322', 'event': 'Face detected', 'event_type': 'face_detected'}
2025-04-15 09:41:26,159 - proctoring - DEBUG - [log_service.py:26] - Created log entry: {'time': '2025-04-15 09:41:26.053129', 'event': 'Mouth movement detected'}
2025-04-15 09:41:26,160 - proctoring - INFO - [log_service.py:40] - Successfully stored 2 logs
2025-04-15 09:41:26,162 - proctoring - DEBUG - [image_utils.py:43] - Decoded base64 data length: 19757
2025-04-15 09:41:26,162 - proctoring - INFO - [detection_service.py:16] - Processing new frame
2025-04-15 09:41:26,172 - proctoring - INFO - [detection_service.py:34] - Face detection found 1 events
2025-04-15 09:41:26,189 - proctoring - DEBUG - [detection_service.py:37] - No Hand detections
2025-04-15 09:41:26,190 - proctoring - INFO - [detection_service.py:34] - Face Mesh detection found 1 events
2025-04-15 09:41:26,278 - proctoring - DEBUG - [detection_service.py:37] - No YOLO detections
2025-04-15 09:41:26,278 - proctoring - INFO - [detection_service.py:42] - Total events detected: 2
2025-04-15 09:41:26,278 - proctoring - INFO - [log_service.py:12] - Attempting to store 2 logs for user 2
2025-04-15 09:41:26,279 - proctoring - DEBUG - [log_service.py:26] - Created log entry: {'time': '2025-04-15 09:41:26.162813', 'event': 'Face detected', 'event_type': 'face_detected'}
2025-04-15 09:41:26,279 - proctoring - DEBUG - [log_service.py:26] - Created log entry: {'time': '2025-04-15 09:41:26.166395', 'event': 'Mouth movement detected'}
2025-04-15 09:41:26,280 - proctoring - INFO - [log_service.py:40] - Successfully stored 2 logs
2025-04-15 09:41:26,282 - proctoring - DEBUG - [image_utils.py:43] - Decoded base64 data length: 19673
2025-04-15 09:41:26,282 - proctoring - INFO - [detection_service.py:16] - Processing new frame
2025-04-15 09:41:26,295 - proctoring - INFO - [detection_service.py:34] - Face detection found 1 events
2025-04-15 09:41:26,311 - proctoring - DEBUG - [detection_service.py:37] - No Hand detections
2025-04-15 09:41:26,311 - proctoring - INFO - [detection_service.py:34] - Face Mesh detection found 1 events
2025-04-15 09:41:26,394 - proctoring - DEBUG - [detection_service.py:37] - No YOLO detections
2025-04-15 09:41:26,394 - proctoring - INFO - [detection_service.py:42] - Total events detected: 2
2025-04-15 09:41:26,394 - proctoring - INFO - [log_service.py:12] - Attempting to store 2 logs for user 2
2025-04-15 09:41:26,395 - proctoring - DEBUG - [log_service.py:26] - Created log entry: {'time': '2025-04-15 09:41:26.283047', 'event': 'Face detected', 'event_type': 'face_detected'}
2025-04-15 09:41:26,395 - proctoring - DEBUG - [log_service.py:26] - Created log entry: {'time': '2025-04-15 09:41:26.288657', 'event': 'Mouth movement detected'}
2025-04-15 09:41:26,396 - proctoring - INFO - [log_service.py:40] - Successfully stored 2 logs
2025-04-15 09:41:26,398 - proctoring - DEBUG - [image_utils.py:43] - Decoded base64 data length: 19643
2025-04-15 09:41:26,398 - proctoring - INFO - [detection_service.py:16] - Processing new frame
2025-04-15 09:41:26,410 - proctoring - INFO - [detection_service.py:34] - Face detection found 1 events
2025-04-15 09:41:26,423 - proctoring - INFO - [detection_service.py:34] - Face Mesh detection found 1 events
2025-04-15 09:41:26,426 - proctoring - DEBUG - [detection_service.py:37] - No Hand detections
2025-04-15 09:41:26,500 - proctoring - DEBUG - [detection_service.py:37] - No YOLO detections
2025-04-15 09:41:26,500 - proctoring - INFO - [detection_service.py:42] - Total events detected: 2
2025-04-15 09:41:26,500 - proctoring - INFO - [log_service.py:12] - Attempting to store 2 logs for user 2
2025-04-15 09:41:26,500 - proctoring - DEBUG - [log_service.py:26] - Created log entry: {'time': '2025-04-15 09:41:26.398636', 'event': 'Face detected', 'event_type': 'face_detected'}
2025-04-15 09:41:26,500 - proctoring - DEBUG - [log_service.py:26] - Created log entry: {'time': '2025-04-15 09:41:26.403956', 'event': 'Mouth movement detected'}
2025-04-15 09:41:26,502 - proctoring - INFO - [log_service.py:40] - Successfully stored 2 logs
2025-04-15 09:41:26,503 - proctoring - DEBUG - [image_utils.py:43] - Decoded base64 data length: 19646
2025-04-15 09:41:26,504 - proctoring - INFO - [detection_service.py:16] - Processing new frame
2025-04-15 09:41:26,513 - proctoring - INFO - [detection_service.py:34] - Face detection found 1 events
2025-04-15 09:41:26,531 - proctoring - DEBUG - [detection_service.py:37] - No Hand detections
2025-04-15 09:41:26,532 - proctoring - INFO - [detection_service.py:34] - Face Mesh detection found 1 events
2025-04-15 09:41:26,614 - proctoring - DEBUG - [detection_service.py:37] - No YOLO detections
2025-04-15 09:41:26,614 - proctoring - INFO - [detection_service.py:42] - Total events detected: 2
2025-04-15 09:41:26,614 - proctoring - INFO - [log_service.py:12] - Attempting to store 2 logs for user 2
2025-04-15 09:41:26,614 - proctoring - DEBUG - [log_service.py:26] - Created log entry: {'time': '2025-04-15 09:41:26.504407', 'event': 'Face detected', 'event_type': 'face_detected'}
2025-04-15 09:41:26,614 - proctoring - DEBUG - [log_service.py:26] - Created log entry: {'time': '2025-04-15 09:41:26.507991', 'event': 'Mouth movement detected'}
2025-04-15 09:41:26,616 - proctoring - INFO - [log_service.py:40] - Successfully stored 2 logs
2025-04-15 09:41:26,618 - proctoring - DEBUG - [image_utils.py:43] - Decoded base64 data length: 19773
2025-04-15 09:41:26,619 - proctoring - INFO - [detection_service.py:16] - Processing new frame
2025-04-15 09:41:26,630 - proctoring - INFO - [detection_service.py:34] - Face detection found 1 events
2025-04-15 09:41:26,645 - proctoring - INFO - [detection_service.py:34] - Face Mesh detection found 1 events
2025-04-15 09:41:26,647 - proctoring - DEBUG - [detection_service.py:37] - No Hand detections
2025-04-15 09:41:26,728 - proctoring - DEBUG - [detection_service.py:37] - No YOLO detections
2025-04-15 09:41:26,728 - proctoring - INFO - [detection_service.py:42] - Total events detected: 2
2025-04-15 09:41:26,728 - proctoring - INFO - [log_service.py:12] - Attempting to store 2 logs for user 2
2025-04-15 09:41:26,728 - proctoring - DEBUG - [log_service.py:26] - Created log entry: {'time': '2025-04-15 09:41:26.619441', 'event': 'Face detected', 'event_type': 'face_detected'}
2025-04-15 09:41:26,728 - proctoring - DEBUG - [log_service.py:26] - Created log entry: {'time': '2025-04-15 09:41:26.623001', 'event': 'Mouth movement detected'}
2025-04-15 09:41:26,729 - proctoring - INFO - [log_service.py:40] - Successfully stored 2 logs
2025-04-15 09:41:26,731 - proctoring - DEBUG - [image_utils.py:43] - Decoded base64 data length: 19736
2025-04-15 09:41:26,731 - proctoring - INFO - [detection_service.py:16] - Processing new frame
2025-04-15 09:41:26,744 - proctoring - INFO - [detection_service.py:34] - Face detection found 1 events
2025-04-15 09:41:26,755 - proctoring - INFO - [detection_service.py:34] - Face Mesh detection found 1 events
2025-04-15 09:41:26,758 - proctoring - DEBUG - [detection_service.py:37] - No Hand detections
2025-04-15 09:41:26,831 - proctoring - DEBUG - [detection_service.py:37] - No YOLO detections
2025-04-15 09:41:26,831 - proctoring - INFO - [detection_service.py:42] - Total events detected: 2
2025-04-15 09:41:26,831 - proctoring - INFO - [log_service.py:12] - Attempting to store 2 logs for user 2
2025-04-15 09:41:26,831 - proctoring - DEBUG - [log_service.py:26] - Created log entry: {'time': '2025-04-15 09:41:26.731851', 'event': 'Face detected', 'event_type': 'face_detected'}
2025-04-15 09:41:26,831 - proctoring - DEBUG - [log_service.py:26] - Created log entry: {'time': '2025-04-15 09:41:26.736809', 'event': 'Mouth movement detected'}
2025-04-15 09:41:26,833 - proctoring - INFO - [log_service.py:40] - Successfully stored 2 logs
2025-04-15 09:41:26,835 - proctoring - DEBUG - [image_utils.py:43] - Decoded base64 data length: 19644
2025-04-15 09:41:26,835 - proctoring - INFO - [detection_service.py:16] - Processing new frame
2025-04-15 09:41:26,845 - proctoring - INFO - [detection_service.py:34] - Face detection found 1 events
2025-04-15 09:41:26,858 - proctoring - INFO - [detection_service.py:34] - Face Mesh detection found 1 events
2025-04-15 09:41:26,861 - proctoring - DEBUG - [detection_service.py:37] - No Hand detections
2025-04-15 09:41:26,936 - proctoring - DEBUG - [detection_service.py:37] - No YOLO detections
2025-04-15 09:41:26,936 - proctoring - INFO - [detection_service.py:42] - Total events detected: 2
2025-04-15 09:41:26,936 - proctoring - INFO - [log_service.py:12] - Attempting to store 2 logs for user 2
2025-04-15 09:41:26,936 - proctoring - DEBUG - [log_service.py:26] - Created log entry: {'time': '2025-04-15 09:41:26.835546', 'event': 'Face detected', 'event_type': 'face_detected'}
2025-04-15 09:41:26,936 - proctoring - DEBUG - [log_service.py:26] - Created log entry: {'time': '2025-04-15 09:41:26.839358', 'event': 'Mouth movement detected'}
2025-04-15 09:41:26,938 - proctoring - INFO - [log_service.py:40] - Successfully stored 2 logs
2025-04-15 09:41:26,939 - proctoring - DEBUG - [image_utils.py:43] - Decoded base64 data length: 19545
2025-04-15 09:41:26,940 - proctoring - INFO - [detection_service.py:16] - Processing new frame
2025-04-15 09:41:26,950 - proctoring - INFO - [detection_service.py:34] - Face detection found 1 events
2025-04-15 09:41:26,959 - proctoring - INFO - [detection_service.py:34] - Face Mesh detection found 1 events
2025-04-15 09:41:26,965 - proctoring - DEBUG - [detection_service.py:37] - No Hand detections
2025-04-15 09:41:27,024 - proctoring - DEBUG - [detection_service.py:37] - No YOLO detections
2025-04-15 09:41:27,024 - proctoring - INFO - [detection_service.py:42] - Total events detected: 2
2025-04-15 09:41:27,024 - proctoring - INFO - [log_service.py:12] - Attempting to store 2 logs for user 2
2025-04-15 09:41:27,024 - proctoring - DEBUG - [log_service.py:26] - Created log entry: {'time': '2025-04-15 09:41:26.940239', 'event': 'Face detected', 'event_type': 'face_detected'}
2025-04-15 09:41:27,024 - proctoring - DEBUG - [log_service.py:26] - Created log entry: {'time': '2025-04-15 09:41:26.944165', 'event': 'Mouth movement detected'}
2025-04-15 09:41:27,026 - proctoring - INFO - [log_service.py:40] - Successfully stored 2 logs
2025-04-15 09:41:27,028 - proctoring - DEBUG - [image_utils.py:43] - Decoded base64 data length: 19586
2025-04-15 09:41:27,029 - proctoring - INFO - [detection_service.py:16] - Processing new frame
2025-04-15 09:41:27,040 - proctoring - INFO - [detection_service.py:34] - Face detection found 1 events
2025-04-15 09:41:27,175 - proctoring - INFO - [detection_service.py:34] - Face Mesh detection found 1 events
2025-04-15 09:41:27,177 - proctoring - DEBUG - [detection_service.py:37] - No Hand detections
2025-04-15 09:41:27,258 - proctoring - DEBUG - [detection_service.py:37] - No YOLO detections
2025-04-15 09:41:27,258 - proctoring - INFO - [detection_service.py:42] - Total events detected: 2
2025-04-15 09:41:27,258 - proctoring - INFO - [log_service.py:12] - Attempting to store 2 logs for user 2
2025-04-15 09:41:27,258 - proctoring - DEBUG - [log_service.py:26] - Created log entry: {'time': '2025-04-15 09:41:27.029362', 'event': 'Face detected', 'event_type': 'face_detected'}
2025-04-15 09:41:27,258 - proctoring - DEBUG - [log_service.py:26] - Created log entry: {'time': '2025-04-15 09:41:27.032972', 'event': 'Mouth movement detected'}
2025-04-15 09:41:27,260 - proctoring - INFO - [log_service.py:40] - Successfully stored 2 logs
2025-04-15 09:41:27,262 - proctoring - DEBUG - [image_utils.py:43] - Decoded base64 data length: 19685
2025-04-15 09:41:27,262 - proctoring - INFO - [detection_service.py:16] - Processing new frame
2025-04-15 09:41:27,274 - proctoring - INFO - [detection_service.py:34] - Face detection found 1 events
2025-04-15 09:41:27,284 - proctoring - INFO - [detection_service.py:34] - Face Mesh detection found 1 events
2025-04-15 09:41:27,290 - proctoring - DEBUG - [detection_service.py:37] - No Hand detections
2025-04-15 09:41:27,363 - proctoring - DEBUG - [detection_service.py:37] - No YOLO detections
2025-04-15 09:41:27,363 - proctoring - INFO - [detection_service.py:42] - Total events detected: 2
2025-04-15 09:41:27,363 - proctoring - INFO - [log_service.py:12] - Attempting to store 2 logs for user 2
2025-04-15 09:41:27,363 - proctoring - DEBUG - [log_service.py:26] - Created log entry: {'time': '2025-04-15 09:41:27.262945', 'event': 'Face detected', 'event_type': 'face_detected'}
2025-04-15 09:41:27,363 - proctoring - DEBUG - [log_service.py:26] - Created log entry: {'time': '2025-04-15 09:41:27.267127', 'event': 'Mouth movement detected'}
2025-04-15 09:41:27,365 - proctoring - INFO - [log_service.py:40] - Successfully stored 2 logs
2025-04-15 09:41:27,366 - proctoring - DEBUG - [image_utils.py:43] - Decoded base64 data length: 19736
2025-04-15 09:41:27,367 - proctoring - INFO - [detection_service.py:16] - Processing new frame
2025-04-15 09:41:27,380 - proctoring - INFO - [detection_service.py:34] - Face detection found 1 events
2025-04-15 09:41:27,390 - proctoring - INFO - [detection_service.py:34] - Face Mesh detection found 1 events
2025-04-15 09:41:27,392 - proctoring - DEBUG - [detection_service.py:37] - No Hand detections
2025-04-15 09:41:27,465 - proctoring - DEBUG - [detection_service.py:37] - No YOLO detections
2025-04-15 09:41:27,465 - proctoring - INFO - [detection_service.py:42] - Total events detected: 2
2025-04-15 09:41:27,465 - proctoring - INFO - [log_service.py:12] - Attempting to store 2 logs for user 2
2025-04-15 09:41:27,465 - proctoring - DEBUG - [log_service.py:26] - Created log entry: {'time': '2025-04-15 09:41:27.367446', 'event': 'Face detected', 'event_type': 'face_detected'}
2025-04-15 09:41:27,465 - proctoring - DEBUG - [log_service.py:26] - Created log entry: {'time': '2025-04-15 09:41:27.371586', 'event': 'Mouth movement detected'}
2025-04-15 09:41:27,467 - proctoring - INFO - [log_service.py:40] - Successfully stored 2 logs
2025-04-15 09:41:27,469 - proctoring - DEBUG - [image_utils.py:43] - Decoded base64 data length: 19756
2025-04-15 09:41:27,470 - proctoring - INFO - [detection_service.py:16] - Processing new frame
2025-04-15 09:41:27,481 - proctoring - INFO - [detection_service.py:34] - Face detection found 1 events
2025-04-15 09:41:27,493 - proctoring - INFO - [detection_service.py:34] - Face Mesh detection found 1 events
2025-04-15 09:41:27,505 - proctoring - DEBUG - [detection_service.py:37] - No Hand detections
2025-04-15 09:41:27,575 - proctoring - DEBUG - [detection_service.py:37] - No YOLO detections
2025-04-15 09:41:27,575 - proctoring - INFO - [detection_service.py:42] - Total events detected: 2
2025-04-15 09:41:27,576 - proctoring - INFO - [log_service.py:12] - Attempting to store 2 logs for user 2
2025-04-15 09:41:27,576 - proctoring - DEBUG - [log_service.py:26] - Created log entry: {'time': '2025-04-15 09:41:27.470149', 'event': 'Face detected', 'event_type': 'face_detected'}
2025-04-15 09:41:27,576 - proctoring - DEBUG - [log_service.py:26] - Created log entry: {'time': '2025-04-15 09:41:27.474562', 'event': 'Mouth movement detected'}
2025-04-15 09:41:27,578 - proctoring - INFO - [log_service.py:40] - Successfully stored 2 logs
2025-04-15 09:41:27,579 - proctoring - DEBUG - [image_utils.py:43] - Decoded base64 data length: 19796
2025-04-15 09:41:27,579 - proctoring - INFO - [detection_service.py:16] - Processing new frame
2025-04-15 09:41:27,591 - proctoring - INFO - [detection_service.py:34] - Face detection found 1 events
2025-04-15 09:41:27,603 - proctoring - INFO - [detection_service.py:34] - Face Mesh detection found 1 events
2025-04-15 09:41:27,604 - proctoring - DEBUG - [detection_service.py:37] - No Hand detections
2025-04-15 09:41:27,679 - proctoring - DEBUG - [detection_service.py:37] - No YOLO detections
2025-04-15 09:41:27,679 - proctoring - INFO - [detection_service.py:42] - Total events detected: 2
2025-04-15 09:41:27,679 - proctoring - INFO - [log_service.py:12] - Attempting to store 2 logs for user 2
2025-04-15 09:41:27,679 - proctoring - DEBUG - [log_service.py:26] - Created log entry: {'time': '2025-04-15 09:41:27.580070', 'event': 'Face detected', 'event_type': 'face_detected'}
2025-04-15 09:41:27,679 - proctoring - DEBUG - [log_service.py:26] - Created log entry: {'time': '2025-04-15 09:41:27.584214', 'event': 'Mouth movement detected'}
2025-04-15 09:41:27,681 - proctoring - INFO - [log_service.py:40] - Successfully stored 2 logs
2025-04-15 09:41:27,682 - proctoring - DEBUG - [image_utils.py:43] - Decoded base64 data length: 19802
2025-04-15 09:41:27,683 - proctoring - INFO - [detection_service.py:16] - Processing new frame
2025-04-15 09:41:27,693 - proctoring - INFO - [detection_service.py:34] - Face detection found 1 events
2025-04-15 09:41:27,706 - proctoring - INFO - [detection_service.py:34] - Face Mesh detection found 1 events
2025-04-15 09:41:27,711 - proctoring - DEBUG - [detection_service.py:37] - No Hand detections
2025-04-15 09:41:27,783 - proctoring - DEBUG - [detection_service.py:37] - No YOLO detections
2025-04-15 09:41:27,783 - proctoring - INFO - [detection_service.py:42] - Total events detected: 2
2025-04-15 09:41:27,783 - proctoring - INFO - [log_service.py:12] - Attempting to store 2 logs for user 2
2025-04-15 09:41:27,783 - proctoring - DEBUG - [log_service.py:26] - Created log entry: {'time': '2025-04-15 09:41:27.683470', 'event': 'Face detected', 'event_type': 'face_detected'}
2025-04-15 09:41:27,783 - proctoring - DEBUG - [log_service.py:26] - Created log entry: {'time': '2025-04-15 09:41:27.687442', 'event': 'Mouth movement detected'}
2025-04-15 09:41:27,785 - proctoring - INFO - [log_service.py:40] - Successfully stored 2 logs
2025-04-15 09:41:27,787 - proctoring - DEBUG - [image_utils.py:43] - Decoded base64 data length: 19868
2025-04-15 09:41:27,788 - proctoring - INFO - [detection_service.py:16] - Processing new frame
2025-04-15 09:41:27,798 - proctoring - INFO - [detection_service.py:34] - Face detection found 1 events
2025-04-15 09:41:27,811 - proctoring - INFO - [detection_service.py:34] - Face Mesh detection found 1 events
2025-04-15 09:41:27,814 - proctoring - DEBUG - [detection_service.py:37] - No Hand detections
2025-04-15 09:41:27,882 - proctoring - DEBUG - [detection_service.py:37] - No YOLO detections
2025-04-15 09:41:27,882 - proctoring - INFO - [detection_service.py:42] - Total events detected: 2
2025-04-15 09:41:27,882 - proctoring - INFO - [log_service.py:12] - Attempting to store 2 logs for user 2
2025-04-15 09:41:27,882 - proctoring - DEBUG - [log_service.py:26] - Created log entry: {'time': '2025-04-15 09:41:27.788093', 'event': 'Face detected', 'event_type': 'face_detected'}
2025-04-15 09:41:27,882 - proctoring - DEBUG - [log_service.py:26] - Created log entry: {'time': '2025-04-15 09:41:27.791942', 'event': 'Mouth movement detected'}
2025-04-15 09:41:27,884 - proctoring - INFO - [log_service.py:40] - Successfully stored 2 logs
2025-04-15 09:41:27,886 - proctoring - DEBUG - [image_utils.py:43] - Decoded base64 data length: 19937
2025-04-15 09:41:27,887 - proctoring - INFO - [detection_service.py:16] - Processing new frame
2025-04-15 09:41:27,896 - proctoring - INFO - [detection_service.py:34] - Face detection found 1 events
2025-04-15 09:41:27,910 - proctoring - INFO - [detection_service.py:34] - Face Mesh detection found 1 events
2025-04-15 09:41:27,911 - proctoring - DEBUG - [detection_service.py:37] - No Hand detections
2025-04-15 09:41:27,977 - proctoring - DEBUG - [detection_service.py:37] - No YOLO detections
2025-04-15 09:41:27,977 - proctoring - INFO - [detection_service.py:42] - Total events detected: 2
2025-04-15 09:41:27,977 - proctoring - INFO - [log_service.py:12] - Attempting to store 2 logs for user 2
2025-04-15 09:41:27,977 - proctoring - DEBUG - [log_service.py:26] - Created log entry: {'time': '2025-04-15 09:41:27.887427', 'event': 'Face detected', 'event_type': 'face_detected'}
2025-04-15 09:41:27,977 - proctoring - DEBUG - [log_service.py:26] - Created log entry: {'time': '2025-04-15 09:41:27.891381', 'event': 'Mouth movement detected'}
2025-04-15 09:41:27,979 - proctoring - INFO - [log_service.py:40] - Successfully stored 2 logs
2025-04-15 09:41:27,980 - proctoring - DEBUG - [image_utils.py:43] - Decoded base64 data length: 19972
2025-04-15 09:41:27,981 - proctoring - INFO - [detection_service.py:16] - Processing new frame
2025-04-15 09:41:27,993 - proctoring - INFO - [detection_service.py:34] - Face detection found 1 events
2025-04-15 09:41:28,002 - proctoring - INFO - [detection_service.py:34] - Face Mesh detection found 1 events
2025-04-15 09:41:28,006 - proctoring - DEBUG - [detection_service.py:37] - No Hand detections
2025-04-15 09:41:28,073 - proctoring - DEBUG - [detection_service.py:37] - No YOLO detections
2025-04-15 09:41:28,073 - proctoring - INFO - [detection_service.py:42] - Total events detected: 2
2025-04-15 09:41:28,073 - proctoring - INFO - [log_service.py:12] - Attempting to store 2 logs for user 2
2025-04-15 09:41:28,073 - proctoring - DEBUG - [log_service.py:26] - Created log entry: {'time': '2025-04-15 09:41:27.981377', 'event': 'Face detected', 'event_type': 'face_detected'}
2025-04-15 09:41:28,073 - proctoring - DEBUG - [log_service.py:26] - Created log entry: {'time': '2025-04-15 09:41:27.986126', 'event': 'Mouth movement detected'}
2025-04-15 09:41:28,075 - proctoring - INFO - [log_service.py:40] - Successfully stored 2 logs
2025-04-15 09:41:28,076 - proctoring - DEBUG - [image_utils.py:43] - Decoded base64 data length: 19876
2025-04-15 09:41:28,077 - proctoring - INFO - [detection_service.py:16] - Processing new frame
2025-04-15 09:41:28,087 - proctoring - INFO - [detection_service.py:34] - Face detection found 1 events
2025-04-15 09:41:28,097 - proctoring - INFO - [detection_service.py:34] - Face Mesh detection found 1 events
2025-04-15 09:41:28,102 - proctoring - DEBUG - [detection_service.py:37] - No Hand detections
2025-04-15 09:41:28,168 - proctoring - DEBUG - [detection_service.py:37] - No YOLO detections
2025-04-15 09:41:28,168 - proctoring - INFO - [detection_service.py:42] - Total events detected: 2
2025-04-15 09:41:28,168 - proctoring - INFO - [log_service.py:12] - Attempting to store 2 logs for user 2
2025-04-15 09:41:28,168 - proctoring - DEBUG - [log_service.py:26] - Created log entry: {'time': '2025-04-15 09:41:28.077346', 'event': 'Face detected', 'event_type': 'face_detected'}
2025-04-15 09:41:28,168 - proctoring - DEBUG - [log_service.py:26] - Created log entry: {'time': '2025-04-15 09:41:28.081326', 'event': 'Mouth movement detected'}
2025-04-15 09:41:28,170 - proctoring - INFO - [log_service.py:40] - Successfully stored 2 logs
2025-04-15 09:41:28,171 - proctoring - DEBUG - [image_utils.py:43] - Decoded base64 data length: 19855
2025-04-15 09:41:28,172 - proctoring - INFO - [detection_service.py:16] - Processing new frame
2025-04-15 09:41:28,183 - proctoring - INFO - [detection_service.py:34] - Face detection found 1 events
2025-04-15 09:41:28,193 - proctoring - INFO - [detection_service.py:34] - Face Mesh detection found 1 events
2025-04-15 09:41:28,200 - proctoring - DEBUG - [detection_service.py:37] - No Hand detections
2025-04-15 09:41:28,269 - proctoring - DEBUG - [detection_service.py:37] - No YOLO detections
2025-04-15 09:41:28,269 - proctoring - INFO - [detection_service.py:42] - Total events detected: 2
2025-04-15 09:41:28,269 - proctoring - INFO - [log_service.py:12] - Attempting to store 2 logs for user 2
2025-04-15 09:41:28,269 - proctoring - DEBUG - [log_service.py:26] - Created log entry: {'time': '2025-04-15 09:41:28.172137', 'event': 'Face detected', 'event_type': 'face_detected'}
2025-04-15 09:41:28,269 - proctoring - DEBUG - [log_service.py:26] - Created log entry: {'time': '2025-04-15 09:41:28.176277', 'event': 'Mouth movement detected'}
2025-04-15 09:41:28,271 - proctoring - INFO - [log_service.py:40] - Successfully stored 2 logs
2025-04-15 09:41:28,273 - proctoring - DEBUG - [image_utils.py:43] - Decoded base64 data length: 19817
2025-04-15 09:41:28,273 - proctoring - INFO - [detection_service.py:16] - Processing new frame
2025-04-15 09:41:28,284 - proctoring - INFO - [detection_service.py:34] - Face detection found 1 events
2025-04-15 09:41:28,301 - proctoring - DEBUG - [detection_service.py:37] - No Hand detections
2025-04-15 09:41:28,302 - proctoring - INFO - [detection_service.py:34] - Face Mesh detection found 1 events
2025-04-15 09:41:28,375 - proctoring - DEBUG - [detection_service.py:37] - No YOLO detections
2025-04-15 09:41:28,375 - proctoring - INFO - [detection_service.py:42] - Total events detected: 2
2025-04-15 09:41:28,375 - proctoring - INFO - [log_service.py:12] - Attempting to store 2 logs for user 2
2025-04-15 09:41:28,375 - proctoring - DEBUG - [log_service.py:26] - Created log entry: {'time': '2025-04-15 09:41:28.273709', 'event': 'Face detected', 'event_type': 'face_detected'}
2025-04-15 09:41:28,375 - proctoring - DEBUG - [log_service.py:26] - Created log entry: {'time': '2025-04-15 09:41:28.277783', 'event': 'Mouth movement detected'}
2025-04-15 09:41:28,377 - proctoring - INFO - [log_service.py:40] - Successfully stored 2 logs
2025-04-15 09:41:28,379 - proctoring - DEBUG - [image_utils.py:43] - Decoded base64 data length: 19701
2025-04-15 09:41:28,379 - proctoring - INFO - [detection_service.py:16] - Processing new frame
2025-04-15 09:41:28,389 - proctoring - INFO - [detection_service.py:34] - Face detection found 1 events
2025-04-15 09:41:28,400 - proctoring - INFO - [detection_service.py:34] - Face Mesh detection found 1 events
2025-04-15 09:41:28,405 - proctoring - DEBUG - [detection_service.py:37] - No Hand detections
2025-04-15 09:41:28,482 - proctoring - DEBUG - [detection_service.py:37] - No YOLO detections
2025-04-15 09:41:28,482 - proctoring - INFO - [detection_service.py:42] - Total events detected: 2
2025-04-15 09:41:28,483 - proctoring - INFO - [log_service.py:12] - Attempting to store 2 logs for user 2
2025-04-15 09:41:28,483 - proctoring - DEBUG - [log_service.py:26] - Created log entry: {'time': '2025-04-15 09:41:28.379682', 'event': 'Face detected', 'event_type': 'face_detected'}
2025-04-15 09:41:28,483 - proctoring - DEBUG - [log_service.py:26] - Created log entry: {'time': '2025-04-15 09:41:28.383597', 'event': 'Mouth movement detected'}
2025-04-15 09:41:28,484 - proctoring - INFO - [log_service.py:40] - Successfully stored 2 logs
2025-04-15 09:41:28,487 - proctoring - DEBUG - [image_utils.py:43] - Decoded base64 data length: 19744
2025-04-15 09:41:28,487 - proctoring - INFO - [detection_service.py:16] - Processing new frame
2025-04-15 09:41:28,497 - proctoring - INFO - [detection_service.py:34] - Face detection found 1 events
2025-04-15 09:41:28,509 - proctoring - INFO - [detection_service.py:34] - Face Mesh detection found 1 events
2025-04-15 09:41:28,512 - proctoring - DEBUG - [detection_service.py:37] - No Hand detections
2025-04-15 09:41:28,586 - proctoring - DEBUG - [detection_service.py:37] - No YOLO detections
2025-04-15 09:41:28,586 - proctoring - INFO - [detection_service.py:42] - Total events detected: 2
2025-04-15 09:41:28,586 - proctoring - INFO - [log_service.py:12] - Attempting to store 2 logs for user 2
2025-04-15 09:41:28,586 - proctoring - DEBUG - [log_service.py:26] - Created log entry: {'time': '2025-04-15 09:41:28.487557', 'event': 'Face detected', 'event_type': 'face_detected'}
2025-04-15 09:41:28,586 - proctoring - DEBUG - [log_service.py:26] - Created log entry: {'time': '2025-04-15 09:41:28.491684', 'event': 'Mouth movement detected'}
2025-04-15 09:41:28,588 - proctoring - INFO - [log_service.py:40] - Successfully stored 2 logs
2025-04-15 09:41:28,590 - proctoring - DEBUG - [image_utils.py:43] - Decoded base64 data length: 19792
2025-04-15 09:41:28,590 - proctoring - INFO - [detection_service.py:16] - Processing new frame
2025-04-15 09:41:28,600 - proctoring - INFO - [detection_service.py:34] - Face detection found 1 events
2025-04-15 09:41:28,613 - proctoring - INFO - [detection_service.py:34] - Face Mesh detection found 1 events
2025-04-15 09:41:28,615 - proctoring - DEBUG - [detection_service.py:37] - No Hand detections
2025-04-15 09:41:28,693 - proctoring - DEBUG - [detection_service.py:37] - No YOLO detections
2025-04-15 09:41:28,693 - proctoring - INFO - [detection_service.py:42] - Total events detected: 2
2025-04-15 09:41:28,693 - proctoring - INFO - [log_service.py:12] - Attempting to store 2 logs for user 2
2025-04-15 09:41:28,693 - proctoring - DEBUG - [log_service.py:26] - Created log entry: {'time': '2025-04-15 09:41:28.590627', 'event': 'Face detected', 'event_type': 'face_detected'}
2025-04-15 09:41:28,693 - proctoring - DEBUG - [log_service.py:26] - Created log entry: {'time': '2025-04-15 09:41:28.594359', 'event': 'Mouth movement detected'}
2025-04-15 09:41:28,695 - proctoring - INFO - [log_service.py:40] - Successfully stored 2 logs
2025-04-15 09:41:28,697 - proctoring - DEBUG - [image_utils.py:43] - Decoded base64 data length: 19843
2025-04-15 09:41:28,697 - proctoring - INFO - [detection_service.py:16] - Processing new frame
2025-04-15 09:41:28,709 - proctoring - INFO - [detection_service.py:34] - Face detection found 1 events
2025-04-15 09:41:28,722 - proctoring - INFO - [detection_service.py:34] - Face Mesh detection found 1 events
2025-04-15 09:41:28,725 - proctoring - DEBUG - [detection_service.py:37] - No Hand detections
2025-04-15 09:41:28,808 - proctoring - DEBUG - [detection_service.py:37] - No YOLO detections
2025-04-15 09:41:28,808 - proctoring - INFO - [detection_service.py:42] - Total events detected: 2
2025-04-15 09:41:28,808 - proctoring - INFO - [log_service.py:12] - Attempting to store 2 logs for user 2
2025-04-15 09:41:28,808 - proctoring - DEBUG - [log_service.py:26] - Created log entry: {'time': '2025-04-15 09:41:28.697637', 'event': 'Face detected', 'event_type': 'face_detected'}
2025-04-15 09:41:28,808 - proctoring - DEBUG - [log_service.py:26] - Created log entry: {'time': '2025-04-15 09:41:28.702979', 'event': 'Mouth movement detected'}
2025-04-15 09:41:28,810 - proctoring - INFO - [log_service.py:40] - Successfully stored 2 logs
2025-04-15 09:41:28,811 - proctoring - DEBUG - [image_utils.py:43] - Decoded base64 data length: 19827
2025-04-15 09:41:28,812 - proctoring - INFO - [detection_service.py:16] - Processing new frame
2025-04-15 09:41:28,824 - proctoring - INFO - [detection_service.py:34] - Face detection found 1 events
2025-04-15 09:41:28,836 - proctoring - INFO - [detection_service.py:34] - Face Mesh detection found 1 events
2025-04-15 09:41:28,841 - proctoring - DEBUG - [detection_service.py:37] - No Hand detections
2025-04-15 09:41:28,915 - proctoring - DEBUG - [detection_service.py:37] - No YOLO detections
2025-04-15 09:41:28,915 - proctoring - INFO - [detection_service.py:42] - Total events detected: 2
2025-04-15 09:41:28,915 - proctoring - INFO - [log_service.py:12] - Attempting to store 2 logs for user 2
2025-04-15 09:41:28,915 - proctoring - DEBUG - [log_service.py:26] - Created log entry: {'time': '2025-04-15 09:41:28.812781', 'event': 'Face detected', 'event_type': 'face_detected'}
2025-04-15 09:41:28,915 - proctoring - DEBUG - [log_service.py:26] - Created log entry: {'time': '2025-04-15 09:41:28.817032', 'event': 'Mouth movement detected'}
2025-04-15 09:41:28,917 - proctoring - INFO - [log_service.py:40] - Successfully stored 2 logs
2025-04-15 09:41:28,919 - proctoring - DEBUG - [image_utils.py:43] - Decoded base64 data length: 19844
2025-04-15 09:41:28,920 - proctoring - INFO - [detection_service.py:16] - Processing new frame
2025-04-15 09:41:28,932 - proctoring - INFO - [detection_service.py:34] - Face detection found 1 events
2025-04-15 09:41:28,944 - proctoring - INFO - [detection_service.py:34] - Face Mesh detection found 1 events
2025-04-15 09:41:28,945 - proctoring - DEBUG - [detection_service.py:37] - No Hand detections
2025-04-15 09:41:29,027 - proctoring - DEBUG - [detection_service.py:37] - No YOLO detections
2025-04-15 09:41:29,027 - proctoring - INFO - [detection_service.py:42] - Total events detected: 2
2025-04-15 09:41:29,027 - proctoring - INFO - [log_service.py:12] - Attempting to store 2 logs for user 2
2025-04-15 09:41:29,028 - proctoring - DEBUG - [log_service.py:26] - Created log entry: {'time': '2025-04-15 09:41:28.920171', 'event': 'Face detected', 'event_type': 'face_detected'}
2025-04-15 09:41:29,028 - proctoring - DEBUG - [log_service.py:26] - Created log entry: {'time': '2025-04-15 09:41:28.924306', 'event': 'Mouth movement detected'}
2025-04-15 09:41:29,030 - proctoring - INFO - [log_service.py:40] - Successfully stored 2 logs
2025-04-15 09:41:29,032 - proctoring - DEBUG - [image_utils.py:43] - Decoded base64 data length: 19855
2025-04-15 09:41:29,033 - proctoring - INFO - [detection_service.py:16] - Processing new frame
2025-04-15 09:41:29,043 - proctoring - INFO - [detection_service.py:34] - Face detection found 1 events
2025-04-15 09:41:29,060 - proctoring - DEBUG - [detection_service.py:37] - No Hand detections
2025-04-15 09:41:29,060 - proctoring - INFO - [detection_service.py:34] - Face Mesh detection found 1 events
2025-04-15 09:41:29,133 - proctoring - DEBUG - [detection_service.py:37] - No YOLO detections
2025-04-15 09:41:29,133 - proctoring - INFO - [detection_service.py:42] - Total events detected: 2
2025-04-15 09:41:29,134 - proctoring - INFO - [log_service.py:12] - Attempting to store 2 logs for user 2
2025-04-15 09:41:29,134 - proctoring - DEBUG - [log_service.py:26] - Created log entry: {'time': '2025-04-15 09:41:29.033184', 'event': 'Face detected', 'event_type': 'face_detected'}
2025-04-15 09:41:29,134 - proctoring - DEBUG - [log_service.py:26] - Created log entry: {'time': '2025-04-15 09:41:29.036963', 'event': 'Mouth movement detected'}
2025-04-15 09:41:29,136 - proctoring - INFO - [log_service.py:40] - Successfully stored 2 logs
2025-04-15 09:41:29,137 - proctoring - DEBUG - [image_utils.py:43] - Decoded base64 data length: 19760
2025-04-15 09:41:29,137 - proctoring - INFO - [detection_service.py:16] - Processing new frame
2025-04-15 09:41:29,148 - proctoring - INFO - [detection_service.py:34] - Face detection found 1 events
2025-04-15 09:41:29,160 - proctoring - INFO - [detection_service.py:34] - Face Mesh detection found 1 events
2025-04-15 09:41:29,165 - proctoring - DEBUG - [detection_service.py:37] - No Hand detections
2025-04-15 09:41:29,242 - proctoring - DEBUG - [detection_service.py:37] - No YOLO detections
2025-04-15 09:41:29,242 - proctoring - INFO - [detection_service.py:42] - Total events detected: 2
2025-04-15 09:41:29,242 - proctoring - INFO - [log_service.py:12] - Attempting to store 2 logs for user 2
2025-04-15 09:41:29,242 - proctoring - DEBUG - [log_service.py:26] - Created log entry: {'time': '2025-04-15 09:41:29.138022', 'event': 'Face detected', 'event_type': 'face_detected'}
2025-04-15 09:41:29,242 - proctoring - DEBUG - [log_service.py:26] - Created log entry: {'time': '2025-04-15 09:41:29.141824', 'event': 'Mouth movement detected'}
2025-04-15 09:41:29,244 - proctoring - INFO - [log_service.py:40] - Successfully stored 2 logs
2025-04-15 09:41:29,245 - proctoring - DEBUG - [image_utils.py:43] - Decoded base64 data length: 19983
2025-04-15 09:41:29,246 - proctoring - INFO - [detection_service.py:16] - Processing new frame
2025-04-15 09:41:29,256 - proctoring - INFO - [detection_service.py:34] - Face detection found 1 events
2025-04-15 09:41:29,268 - proctoring - INFO - [detection_service.py:34] - Face Mesh detection found 1 events
2025-04-15 09:41:29,272 - proctoring - DEBUG - [detection_service.py:37] - No Hand detections
2025-04-15 09:41:29,344 - proctoring - DEBUG - [detection_service.py:37] - No YOLO detections
2025-04-15 09:41:29,344 - proctoring - INFO - [detection_service.py:42] - Total events detected: 2
2025-04-15 09:41:29,344 - proctoring - INFO - [log_service.py:12] - Attempting to store 2 logs for user 2
2025-04-15 09:41:29,344 - proctoring - DEBUG - [log_service.py:26] - Created log entry: {'time': '2025-04-15 09:41:29.246495', 'event': 'Face detected', 'event_type': 'face_detected'}
2025-04-15 09:41:29,344 - proctoring - DEBUG - [log_service.py:26] - Created log entry: {'time': '2025-04-15 09:41:29.250588', 'event': 'Mouth movement detected'}
2025-04-15 09:41:29,346 - proctoring - INFO - [log_service.py:40] - Successfully stored 2 logs
2025-04-15 09:41:29,347 - proctoring - DEBUG - [image_utils.py:43] - Decoded base64 data length: 20430
2025-04-15 09:41:29,347 - proctoring - INFO - [detection_service.py:16] - Processing new frame
2025-04-15 09:41:29,361 - proctoring - INFO - [detection_service.py:34] - Face detection found 1 events
2025-04-15 09:41:29,372 - proctoring - INFO - [detection_service.py:34] - Face Mesh detection found 1 events
2025-04-15 09:41:29,375 - proctoring - DEBUG - [detection_service.py:37] - No Hand detections
2025-04-15 09:41:29,447 - proctoring - DEBUG - [detection_service.py:37] - No YOLO detections
2025-04-15 09:41:29,447 - proctoring - INFO - [detection_service.py:42] - Total events detected: 2
2025-04-15 09:41:29,447 - proctoring - INFO - [log_service.py:12] - Attempting to store 2 logs for user 2
2025-04-15 09:41:29,447 - proctoring - DEBUG - [log_service.py:26] - Created log entry: {'time': '2025-04-15 09:41:29.348017', 'event': 'Face detected', 'event_type': 'face_detected'}
2025-04-15 09:41:29,447 - proctoring - DEBUG - [log_service.py:26] - Created log entry: {'time': '2025-04-15 09:41:29.352965', 'event': 'Mouth movement detected'}
2025-04-15 09:41:29,449 - proctoring - INFO - [log_service.py:40] - Successfully stored 2 logs
2025-04-15 09:41:29,450 - proctoring - DEBUG - [image_utils.py:43] - Decoded base64 data length: 20774
2025-04-15 09:41:29,451 - proctoring - INFO - [detection_service.py:16] - Processing new frame
2025-04-15 09:41:29,463 - proctoring - INFO - [detection_service.py:34] - Face detection found 1 events
2025-04-15 09:41:29,474 - proctoring - DEBUG - [detection_service.py:37] - No Hand detections
2025-04-15 09:41:29,477 - proctoring - DEBUG - [detection_service.py:37] - No Face Mesh detections
2025-04-15 09:41:29,555 - proctoring - DEBUG - [detection_service.py:37] - No YOLO detections
2025-04-15 09:41:29,555 - proctoring - INFO - [detection_service.py:42] - Total events detected: 1
2025-04-15 09:41:29,555 - proctoring - INFO - [log_service.py:12] - Attempting to store 1 logs for user 2
2025-04-15 09:41:29,555 - proctoring - DEBUG - [log_service.py:26] - Created log entry: {'time': '2025-04-15 09:41:29.451458', 'event': 'Face detected', 'event_type': 'face_detected'}
2025-04-15 09:41:29,557 - proctoring - INFO - [log_service.py:40] - Successfully stored 1 logs
2025-04-15 09:41:29,559 - proctoring - DEBUG - [image_utils.py:43] - Decoded base64 data length: 21267
2025-04-15 09:41:29,559 - proctoring - INFO - [detection_service.py:16] - Processing new frame
2025-04-15 09:41:29,571 - proctoring - INFO - [detection_service.py:34] - Face detection found 1 events
2025-04-15 09:41:29,584 - proctoring - DEBUG - [detection_service.py:37] - No Face Mesh detections
2025-04-15 09:41:29,588 - proctoring - DEBUG - [detection_service.py:37] - No Hand detections
2025-04-15 09:41:29,656 - proctoring - DEBUG - [detection_service.py:37] - No YOLO detections
2025-04-15 09:41:29,656 - proctoring - INFO - [detection_service.py:42] - Total events detected: 1
2025-04-15 09:41:29,656 - proctoring - INFO - [log_service.py:12] - Attempting to store 1 logs for user 2
2025-04-15 09:41:29,656 - proctoring - DEBUG - [log_service.py:26] - Created log entry: {'time': '2025-04-15 09:41:29.559597', 'event': 'Face detected', 'event_type': 'face_detected'}
2025-04-15 09:41:29,657 - proctoring - INFO - [log_service.py:40] - Successfully stored 1 logs
2025-04-15 09:41:29,659 - proctoring - DEBUG - [image_utils.py:43] - Decoded base64 data length: 21328
2025-04-15 09:41:29,659 - proctoring - INFO - [detection_service.py:16] - Processing new frame
2025-04-15 09:41:29,671 - proctoring - INFO - [detection_service.py:34] - Face detection found 1 events
2025-04-15 09:41:29,682 - proctoring - DEBUG - [detection_service.py:37] - No Face Mesh detections
2025-04-15 09:41:29,686 - proctoring - DEBUG - [detection_service.py:37] - No Hand detections
2025-04-15 09:41:29,749 - proctoring - DEBUG - [detection_service.py:37] - No YOLO detections
2025-04-15 09:41:29,749 - proctoring - INFO - [detection_service.py:42] - Total events detected: 1
2025-04-15 09:41:29,749 - proctoring - INFO - [log_service.py:12] - Attempting to store 1 logs for user 2
2025-04-15 09:41:29,749 - proctoring - DEBUG - [log_service.py:26] - Created log entry: {'time': '2025-04-15 09:41:29.659732', 'event': 'Face detected', 'event_type': 'face_detected'}
2025-04-15 09:41:29,751 - proctoring - INFO - [log_service.py:40] - Successfully stored 1 logs
2025-04-15 09:41:29,752 - proctoring - DEBUG - [image_utils.py:43] - Decoded base64 data length: 21582
2025-04-15 09:41:29,752 - proctoring - INFO - [detection_service.py:16] - Processing new frame
2025-04-15 09:41:29,763 - proctoring - INFO - [detection_service.py:34] - Face detection found 1 events
2025-04-15 09:41:29,775 - proctoring - DEBUG - [detection_service.py:37] - No Face Mesh detections
2025-04-15 09:41:29,775 - proctoring - DEBUG - [detection_service.py:37] - No Hand detections
2025-04-15 09:41:29,843 - proctoring - DEBUG - [detection_service.py:37] - No YOLO detections
2025-04-15 09:41:29,843 - proctoring - INFO - [detection_service.py:42] - Total events detected: 1
2025-04-15 09:41:29,843 - proctoring - INFO - [log_service.py:12] - Attempting to store 1 logs for user 2
2025-04-15 09:41:29,843 - proctoring - DEBUG - [log_service.py:26] - Created log entry: {'time': '2025-04-15 09:41:29.752620', 'event': 'Face detected', 'event_type': 'face_detected'}
2025-04-15 09:41:29,845 - proctoring - INFO - [log_service.py:40] - Successfully stored 1 logs
2025-04-15 09:41:29,846 - proctoring - DEBUG - [image_utils.py:43] - Decoded base64 data length: 22076
2025-04-15 09:41:29,848 - proctoring - INFO - [detection_service.py:16] - Processing new frame
2025-04-15 09:41:29,877 - proctoring - INFO - [detection_service.py:34] - Face detection found 1 events
2025-04-15 09:41:29,904 - proctoring - DEBUG - [detection_service.py:37] - No Face Mesh detections
2025-04-15 09:41:29,906 - proctoring - DEBUG - [detection_service.py:37] - No Hand detections
2025-04-15 09:41:29,969 - proctoring - DEBUG - [detection_service.py:37] - No YOLO detections
2025-04-15 09:41:29,969 - proctoring - INFO - [detection_service.py:42] - Total events detected: 1
2025-04-15 09:41:29,970 - proctoring - INFO - [log_service.py:12] - Attempting to store 1 logs for user 2
2025-04-15 09:41:29,970 - proctoring - DEBUG - [log_service.py:26] - Created log entry: {'time': '2025-04-15 09:41:29.849620', 'event': 'Face detected', 'event_type': 'face_detected'}
2025-04-15 09:41:29,971 - proctoring - INFO - [log_service.py:40] - Successfully stored 1 logs
2025-04-15 09:41:29,972 - proctoring - DEBUG - [image_utils.py:43] - Decoded base64 data length: 22401
2025-04-15 09:41:29,973 - proctoring - INFO - [detection_service.py:16] - Processing new frame
2025-04-15 09:41:29,983 - proctoring - INFO - [detection_service.py:34] - Face detection found 1 events
2025-04-15 09:41:29,996 - proctoring - INFO - [detection_service.py:34] - Face Mesh detection found 1 events
2025-04-15 09:41:29,999 - proctoring - DEBUG - [detection_service.py:37] - No Hand detections
2025-04-15 09:41:30,076 - proctoring - DEBUG - [detection_service.py:37] - No YOLO detections
2025-04-15 09:41:30,076 - proctoring - INFO - [detection_service.py:42] - Total events detected: 2
2025-04-15 09:41:30,076 - proctoring - INFO - [log_service.py:12] - Attempting to store 2 logs for user 2
2025-04-15 09:41:30,076 - proctoring - DEBUG - [log_service.py:26] - Created log entry: {'time': '2025-04-15 09:41:29.973356', 'event': 'Face detected', 'event_type': 'face_detected'}
2025-04-15 09:41:30,077 - proctoring - DEBUG - [log_service.py:26] - Created log entry: {'time': '2025-04-15 09:41:29.977359', 'event': 'Mouth movement detected'}
2025-04-15 09:41:30,079 - proctoring - INFO - [log_service.py:40] - Successfully stored 2 logs
2025-04-15 09:41:30,081 - proctoring - DEBUG - [image_utils.py:43] - Decoded base64 data length: 22436
2025-04-15 09:41:30,082 - proctoring - INFO - [detection_service.py:16] - Processing new frame
2025-04-15 09:41:30,095 - proctoring - INFO - [detection_service.py:34] - Face detection found 1 events
2025-04-15 09:41:30,107 - proctoring - DEBUG - [detection_service.py:37] - No Face Mesh detections
2025-04-15 09:41:30,109 - proctoring - DEBUG - [detection_service.py:37] - No Hand detections
2025-04-15 09:41:30,191 - proctoring - DEBUG - [detection_service.py:37] - No YOLO detections
2025-04-15 09:41:30,191 - proctoring - INFO - [detection_service.py:42] - Total events detected: 1
2025-04-15 09:41:30,191 - proctoring - INFO - [log_service.py:12] - Attempting to store 1 logs for user 2
2025-04-15 09:41:30,191 - proctoring - DEBUG - [log_service.py:26] - Created log entry: {'time': '2025-04-15 09:41:30.082357', 'event': 'Face detected', 'event_type': 'face_detected'}
2025-04-15 09:41:30,193 - proctoring - INFO - [log_service.py:40] - Successfully stored 1 logs
2025-04-15 09:41:30,194 - proctoring - DEBUG - [image_utils.py:43] - Decoded base64 data length: 22500
2025-04-15 09:41:30,194 - proctoring - INFO - [detection_service.py:16] - Processing new frame
2025-04-15 09:41:30,205 - proctoring - INFO - [detection_service.py:34] - Face detection found 1 events
2025-04-15 09:41:30,217 - proctoring - DEBUG - [detection_service.py:37] - No Face Mesh detections
2025-04-15 09:41:30,222 - proctoring - DEBUG - [detection_service.py:37] - No Hand detections
2025-04-15 09:41:30,295 - proctoring - DEBUG - [detection_service.py:37] - No YOLO detections
2025-04-15 09:41:30,295 - proctoring - INFO - [detection_service.py:42] - Total events detected: 1
2025-04-15 09:41:30,295 - proctoring - INFO - [log_service.py:12] - Attempting to store 1 logs for user 2
2025-04-15 09:41:30,295 - proctoring - DEBUG - [log_service.py:26] - Created log entry: {'time': '2025-04-15 09:41:30.194875', 'event': 'Face detected', 'event_type': 'face_detected'}
2025-04-15 09:41:30,297 - proctoring - INFO - [log_service.py:40] - Successfully stored 1 logs
2025-04-15 09:41:30,298 - proctoring - DEBUG - [image_utils.py:43] - Decoded base64 data length: 22436
2025-04-15 09:41:30,298 - proctoring - INFO - [detection_service.py:16] - Processing new frame
2025-04-15 09:41:30,310 - proctoring - INFO - [detection_service.py:34] - Face detection found 1 events
2025-04-15 09:41:30,324 - proctoring - DEBUG - [detection_service.py:37] - No Face Mesh detections
2025-04-15 09:41:30,326 - proctoring - DEBUG - [detection_service.py:37] - No Hand detections
2025-04-15 09:41:30,396 - proctoring - DEBUG - [detection_service.py:37] - No YOLO detections
2025-04-15 09:41:30,397 - proctoring - INFO - [detection_service.py:42] - Total events detected: 1
2025-04-15 09:41:30,397 - proctoring - INFO - [log_service.py:12] - Attempting to store 1 logs for user 2
2025-04-15 09:41:30,397 - proctoring - DEBUG - [log_service.py:26] - Created log entry: {'time': '2025-04-15 09:41:30.298983', 'event': 'Face detected', 'event_type': 'face_detected'}
2025-04-15 09:41:30,398 - proctoring - INFO - [log_service.py:40] - Successfully stored 1 logs
2025-04-15 09:41:30,399 - proctoring - DEBUG - [image_utils.py:43] - Decoded base64 data length: 22502
2025-04-15 09:41:30,400 - proctoring - INFO - [detection_service.py:16] - Processing new frame
2025-04-15 09:41:30,411 - proctoring - INFO - [detection_service.py:34] - Face detection found 1 events
2025-04-15 09:41:30,423 - proctoring - DEBUG - [detection_service.py:37] - No Face Mesh detections
2025-04-15 09:41:30,426 - proctoring - DEBUG - [detection_service.py:37] - No Hand detections
2025-04-15 09:41:30,504 - proctoring - DEBUG - [detection_service.py:37] - No YOLO detections
2025-04-15 09:41:30,504 - proctoring - INFO - [detection_service.py:42] - Total events detected: 1
2025-04-15 09:41:30,504 - proctoring - INFO - [log_service.py:12] - Attempting to store 1 logs for user 2
2025-04-15 09:41:30,504 - proctoring - DEBUG - [log_service.py:26] - Created log entry: {'time': '2025-04-15 09:41:30.400244', 'event': 'Face detected', 'event_type': 'face_detected'}
2025-04-15 09:41:30,505 - proctoring - INFO - [log_service.py:40] - Successfully stored 1 logs
2025-04-15 09:41:30,506 - proctoring - DEBUG - [image_utils.py:43] - Decoded base64 data length: 22362
2025-04-15 09:41:30,507 - proctoring - INFO - [detection_service.py:16] - Processing new frame
2025-04-15 09:41:30,517 - proctoring - INFO - [detection_service.py:34] - Face detection found 1 events
2025-04-15 09:41:30,534 - proctoring - DEBUG - [detection_service.py:37] - No Hand detections
2025-04-15 09:41:30,537 - proctoring - DEBUG - [detection_service.py:37] - No Face Mesh detections
2025-04-15 09:41:30,613 - proctoring - DEBUG - [detection_service.py:37] - No YOLO detections
2025-04-15 09:41:30,613 - proctoring - INFO - [detection_service.py:42] - Total events detected: 1
2025-04-15 09:41:30,613 - proctoring - INFO - [log_service.py:12] - Attempting to store 1 logs for user 2
2025-04-15 09:41:30,613 - proctoring - DEBUG - [log_service.py:26] - Created log entry: {'time': '2025-04-15 09:41:30.507336', 'event': 'Face detected', 'event_type': 'face_detected'}
2025-04-15 09:41:30,615 - proctoring - INFO - [log_service.py:40] - Successfully stored 1 logs
2025-04-15 09:41:30,617 - proctoring - DEBUG - [image_utils.py:43] - Decoded base64 data length: 22080
2025-04-15 09:41:30,617 - proctoring - INFO - [detection_service.py:16] - Processing new frame
2025-04-15 09:41:30,627 - proctoring - INFO - [detection_service.py:34] - Face detection found 1 events
2025-04-15 09:41:30,639 - proctoring - INFO - [detection_service.py:34] - Face Mesh detection found 1 events
2025-04-15 09:41:30,640 - proctoring - DEBUG - [detection_service.py:37] - No Hand detections
2025-04-15 09:41:30,703 - proctoring - DEBUG - [detection_service.py:37] - No YOLO detections
2025-04-15 09:41:30,703 - proctoring - INFO - [detection_service.py:42] - Total events detected: 2
2025-04-15 09:41:30,703 - proctoring - INFO - [log_service.py:12] - Attempting to store 2 logs for user 2
2025-04-15 09:41:30,703 - proctoring - DEBUG - [log_service.py:26] - Created log entry: {'time': '2025-04-15 09:41:30.617689', 'event': 'Face detected', 'event_type': 'face_detected'}
2025-04-15 09:41:30,703 - proctoring - DEBUG - [log_service.py:26] - Created log entry: {'time': '2025-04-15 09:41:30.621492', 'event': 'Mouth movement detected'}
2025-04-15 09:41:30,705 - proctoring - INFO - [log_service.py:40] - Successfully stored 2 logs
2025-04-15 09:41:30,707 - proctoring - DEBUG - [image_utils.py:43] - Decoded base64 data length: 21969
2025-04-15 09:41:30,707 - proctoring - INFO - [detection_service.py:16] - Processing new frame
2025-04-15 09:41:30,717 - proctoring - INFO - [detection_service.py:34] - Face detection found 1 events
2025-04-15 09:41:30,728 - proctoring - DEBUG - [detection_service.py:37] - No Face Mesh detections
2025-04-15 09:41:30,731 - proctoring - DEBUG - [detection_service.py:37] - No Hand detections
2025-04-15 09:41:30,801 - proctoring - DEBUG - [detection_service.py:37] - No YOLO detections
2025-04-15 09:41:30,801 - proctoring - INFO - [detection_service.py:42] - Total events detected: 1
2025-04-15 09:41:30,801 - proctoring - INFO - [log_service.py:12] - Attempting to store 1 logs for user 2
2025-04-15 09:41:30,801 - proctoring - DEBUG - [log_service.py:26] - Created log entry: {'time': '2025-04-15 09:41:30.707654', 'event': 'Face detected', 'event_type': 'face_detected'}
2025-04-15 09:41:30,803 - proctoring - INFO - [log_service.py:40] - Successfully stored 1 logs
2025-04-15 09:41:30,804 - proctoring - DEBUG - [image_utils.py:43] - Decoded base64 data length: 21582
2025-04-15 09:41:30,805 - proctoring - INFO - [detection_service.py:16] - Processing new frame
2025-04-15 09:41:30,816 - proctoring - INFO - [detection_service.py:34] - Face detection found 1 events
2025-04-15 09:41:30,829 - proctoring - INFO - [detection_service.py:34] - Face Mesh detection found 1 events
2025-04-15 09:41:30,832 - proctoring - DEBUG - [detection_service.py:37] - No Hand detections
2025-04-15 09:41:30,918 - proctoring - DEBUG - [detection_service.py:37] - No YOLO detections
2025-04-15 09:41:30,918 - proctoring - INFO - [detection_service.py:42] - Total events detected: 2
2025-04-15 09:41:30,918 - proctoring - INFO - [log_service.py:12] - Attempting to store 2 logs for user 2
2025-04-15 09:41:30,918 - proctoring - DEBUG - [log_service.py:26] - Created log entry: {'time': '2025-04-15 09:41:30.805228', 'event': 'Face detected', 'event_type': 'face_detected'}
2025-04-15 09:41:30,918 - proctoring - DEBUG - [log_service.py:26] - Created log entry: {'time': '2025-04-15 09:41:30.809482', 'event': 'Mouth movement detected'}
2025-04-15 09:41:30,920 - proctoring - INFO - [log_service.py:40] - Successfully stored 2 logs
2025-04-15 09:41:30,922 - proctoring - DEBUG - [image_utils.py:43] - Decoded base64 data length: 21382
2025-04-15 09:41:30,922 - proctoring - INFO - [detection_service.py:16] - Processing new frame
2025-04-15 09:41:30,933 - proctoring - INFO - [detection_service.py:34] - Face detection found 1 events
2025-04-15 09:41:30,945 - proctoring - INFO - [detection_service.py:34] - Face Mesh detection found 1 events
2025-04-15 09:41:30,952 - proctoring - DEBUG - [detection_service.py:37] - No Hand detections
2025-04-15 09:41:31,028 - proctoring - DEBUG - [detection_service.py:37] - No YOLO detections
2025-04-15 09:41:31,028 - proctoring - INFO - [detection_service.py:42] - Total events detected: 2
2025-04-15 09:41:31,028 - proctoring - INFO - [log_service.py:12] - Attempting to store 2 logs for user 2
2025-04-15 09:41:31,029 - proctoring - DEBUG - [log_service.py:26] - Created log entry: {'time': '2025-04-15 09:41:30.922922', 'event': 'Face detected', 'event_type': 'face_detected'}
2025-04-15 09:41:31,029 - proctoring - DEBUG - [log_service.py:26] - Created log entry: {'time': '2025-04-15 09:41:30.927206', 'event': 'Mouth movement detected'}
2025-04-15 09:41:31,030 - proctoring - INFO - [log_service.py:40] - Successfully stored 2 logs
2025-04-15 09:41:31,032 - proctoring - DEBUG - [image_utils.py:43] - Decoded base64 data length: 21124
2025-04-15 09:41:31,032 - proctoring - INFO - [detection_service.py:16] - Processing new frame
2025-04-15 09:41:31,043 - proctoring - INFO - [detection_service.py:34] - Face detection found 1 events
2025-04-15 09:41:31,055 - proctoring - INFO - [detection_service.py:34] - Face Mesh detection found 1 events
2025-04-15 09:41:31,058 - proctoring - DEBUG - [detection_service.py:37] - No Hand detections
2025-04-15 09:41:31,136 - proctoring - DEBUG - [detection_service.py:37] - No YOLO detections
2025-04-15 09:41:31,136 - proctoring - INFO - [detection_service.py:42] - Total events detected: 2
2025-04-15 09:41:31,136 - proctoring - INFO - [log_service.py:12] - Attempting to store 2 logs for user 2
2025-04-15 09:41:31,136 - proctoring - DEBUG - [log_service.py:26] - Created log entry: {'time': '2025-04-15 09:41:31.033065', 'event': 'Face detected', 'event_type': 'face_detected'}
2025-04-15 09:41:31,136 - proctoring - DEBUG - [log_service.py:26] - Created log entry: {'time': '2025-04-15 09:41:31.037001', 'event': 'Mouth movement detected'}
2025-04-15 09:41:31,138 - proctoring - INFO - [log_service.py:40] - Successfully stored 2 logs
2025-04-15 09:41:31,140 - proctoring - DEBUG - [image_utils.py:43] - Decoded base64 data length: 20760
2025-04-15 09:41:31,140 - proctoring - INFO - [detection_service.py:16] - Processing new frame
2025-04-15 09:41:31,151 - proctoring - INFO - [detection_service.py:34] - Face detection found 1 events
2025-04-15 09:41:31,165 - proctoring - INFO - [detection_service.py:34] - Face Mesh detection found 1 events
2025-04-15 09:41:31,168 - proctoring - DEBUG - [detection_service.py:37] - No Hand detections
2025-04-15 09:41:31,245 - proctoring - DEBUG - [detection_service.py:37] - No YOLO detections
2025-04-15 09:41:31,245 - proctoring - INFO - [detection_service.py:42] - Total events detected: 2
2025-04-15 09:41:31,245 - proctoring - INFO - [log_service.py:12] - Attempting to store 2 logs for user 2
2025-04-15 09:41:31,245 - proctoring - DEBUG - [log_service.py:26] - Created log entry: {'time': '2025-04-15 09:41:31.140950', 'event': 'Face detected', 'event_type': 'face_detected'}
2025-04-15 09:41:31,245 - proctoring - DEBUG - [log_service.py:26] - Created log entry: {'time': '2025-04-15 09:41:31.144977', 'event': 'Mouth movement detected'}
2025-04-15 09:41:31,248 - proctoring - INFO - [log_service.py:40] - Successfully stored 2 logs
2025-04-15 09:41:31,249 - proctoring - DEBUG - [image_utils.py:43] - Decoded base64 data length: 20470
2025-04-15 09:41:31,250 - proctoring - INFO - [detection_service.py:16] - Processing new frame
2025-04-15 09:41:31,261 - proctoring - INFO - [detection_service.py:34] - Face detection found 1 events
2025-04-15 09:41:31,275 - proctoring - INFO - [detection_service.py:34] - Face Mesh detection found 1 events
2025-04-15 09:41:31,277 - proctoring - DEBUG - [detection_service.py:37] - No Hand detections
2025-04-15 09:41:31,347 - proctoring - DEBUG - [detection_service.py:37] - No YOLO detections
2025-04-15 09:41:31,347 - proctoring - INFO - [detection_service.py:42] - Total events detected: 2
2025-04-15 09:41:31,347 - proctoring - INFO - [log_service.py:12] - Attempting to store 2 logs for user 2
2025-04-15 09:41:31,347 - proctoring - DEBUG - [log_service.py:26] - Created log entry: {'time': '2025-04-15 09:41:31.250234', 'event': 'Face detected', 'event_type': 'face_detected'}
2025-04-15 09:41:31,347 - proctoring - DEBUG - [log_service.py:26] - Created log entry: {'time': '2025-04-15 09:41:31.254300', 'event': 'Mouth movement detected'}
2025-04-15 09:41:31,349 - proctoring - INFO - [log_service.py:40] - Successfully stored 2 logs
2025-04-15 09:41:31,351 - proctoring - DEBUG - [image_utils.py:43] - Decoded base64 data length: 20180
2025-04-15 09:41:31,351 - proctoring - INFO - [detection_service.py:16] - Processing new frame
2025-04-15 09:41:31,361 - proctoring - INFO - [detection_service.py:34] - Face detection found 1 events
2025-04-15 09:41:31,374 - proctoring - INFO - [detection_service.py:34] - Face Mesh detection found 1 events
2025-04-15 09:41:31,378 - proctoring - DEBUG - [detection_service.py:37] - No Hand detections
2025-04-15 09:41:31,456 - proctoring - DEBUG - [detection_service.py:37] - No YOLO detections
2025-04-15 09:41:31,456 - proctoring - INFO - [detection_service.py:42] - Total events detected: 2
2025-04-15 09:41:31,456 - proctoring - INFO - [log_service.py:12] - Attempting to store 2 logs for user 2
2025-04-15 09:41:31,456 - proctoring - DEBUG - [log_service.py:26] - Created log entry: {'time': '2025-04-15 09:41:31.351956', 'event': 'Face detected', 'event_type': 'face_detected'}
2025-04-15 09:41:31,456 - proctoring - DEBUG - [log_service.py:26] - Created log entry: {'time': '2025-04-15 09:41:31.355695', 'event': 'Mouth movement detected'}
2025-04-15 09:41:31,458 - proctoring - INFO - [log_service.py:40] - Successfully stored 2 logs
2025-04-15 09:41:31,459 - proctoring - DEBUG - [image_utils.py:43] - Decoded base64 data length: 19953
2025-04-15 09:41:31,460 - proctoring - INFO - [detection_service.py:16] - Processing new frame
2025-04-15 09:41:31,472 - proctoring - INFO - [detection_service.py:34] - Face detection found 1 events
2025-04-15 09:41:31,486 - proctoring - INFO - [detection_service.py:34] - Face Mesh detection found 1 events
2025-04-15 09:41:31,488 - proctoring - DEBUG - [detection_service.py:37] - No Hand detections
2025-04-15 09:41:31,564 - proctoring - DEBUG - [detection_service.py:37] - No YOLO detections
2025-04-15 09:41:31,564 - proctoring - INFO - [detection_service.py:42] - Total events detected: 2
2025-04-15 09:41:31,564 - proctoring - INFO - [log_service.py:12] - Attempting to store 2 logs for user 2
2025-04-15 09:41:31,564 - proctoring - DEBUG - [log_service.py:26] - Created log entry: {'time': '2025-04-15 09:41:31.460394', 'event': 'Face detected', 'event_type': 'face_detected'}
2025-04-15 09:41:31,564 - proctoring - DEBUG - [log_service.py:26] - Created log entry: {'time': '2025-04-15 09:41:31.464504', 'event': 'Mouth movement detected'}
2025-04-15 09:41:31,565 - proctoring - INFO - [log_service.py:40] - Successfully stored 2 logs
2025-04-15 09:41:31,567 - proctoring - DEBUG - [image_utils.py:43] - Decoded base64 data length: 19825
2025-04-15 09:41:31,568 - proctoring - INFO - [detection_service.py:16] - Processing new frame
2025-04-15 09:41:31,579 - proctoring - INFO - [detection_service.py:34] - Face detection found 1 events
2025-04-15 09:41:31,591 - proctoring - INFO - [detection_service.py:34] - Face Mesh detection found 1 events
2025-04-15 09:41:31,593 - proctoring - DEBUG - [detection_service.py:37] - No Hand detections
2025-04-15 09:41:31,669 - proctoring - DEBUG - [detection_service.py:37] - No YOLO detections
2025-04-15 09:41:31,669 - proctoring - INFO - [detection_service.py:42] - Total events detected: 2
2025-04-15 09:41:31,670 - proctoring - INFO - [log_service.py:12] - Attempting to store 2 logs for user 2
2025-04-15 09:41:31,670 - proctoring - DEBUG - [log_service.py:26] - Created log entry: {'time': '2025-04-15 09:41:31.568539', 'event': 'Face detected', 'event_type': 'face_detected'}
2025-04-15 09:41:31,670 - proctoring - DEBUG - [log_service.py:26] - Created log entry: {'time': '2025-04-15 09:41:31.573029', 'event': 'Mouth movement detected'}
2025-04-15 09:41:31,672 - proctoring - INFO - [log_service.py:40] - Successfully stored 2 logs
2025-04-15 09:41:31,674 - proctoring - DEBUG - [image_utils.py:43] - Decoded base64 data length: 19826
2025-04-15 09:41:31,674 - proctoring - INFO - [detection_service.py:16] - Processing new frame
2025-04-15 09:41:31,686 - proctoring - INFO - [detection_service.py:34] - Face detection found 1 events
2025-04-15 09:41:31,697 - proctoring - INFO - [detection_service.py:34] - Face Mesh detection found 1 events
2025-04-15 09:41:31,700 - proctoring - DEBUG - [detection_service.py:37] - No Hand detections
2025-04-15 09:41:31,767 - proctoring - DEBUG - [detection_service.py:37] - No YOLO detections
2025-04-15 09:41:31,767 - proctoring - INFO - [detection_service.py:42] - Total events detected: 2
2025-04-15 09:41:31,767 - proctoring - INFO - [log_service.py:12] - Attempting to store 2 logs for user 2
2025-04-15 09:41:31,767 - proctoring - DEBUG - [log_service.py:26] - Created log entry: {'time': '2025-04-15 09:41:31.674591', 'event': 'Face detected', 'event_type': 'face_detected'}
2025-04-15 09:41:31,767 - proctoring - DEBUG - [log_service.py:26] - Created log entry: {'time': '2025-04-15 09:41:31.678545', 'event': 'Mouth movement detected'}
2025-04-15 09:41:31,769 - proctoring - INFO - [log_service.py:40] - Successfully stored 2 logs
2025-04-15 09:41:31,771 - proctoring - DEBUG - [image_utils.py:43] - Decoded base64 data length: 19718
2025-04-15 09:41:31,771 - proctoring - INFO - [detection_service.py:16] - Processing new frame
2025-04-15 09:41:31,782 - proctoring - INFO - [detection_service.py:34] - Face detection found 1 events
2025-04-15 09:41:31,796 - proctoring - INFO - [detection_service.py:34] - Face Mesh detection found 1 events
2025-04-15 09:41:31,798 - proctoring - DEBUG - [detection_service.py:37] - No Hand detections
2025-04-15 09:41:31,868 - proctoring - DEBUG - [detection_service.py:37] - No YOLO detections
2025-04-15 09:41:31,869 - proctoring - INFO - [detection_service.py:42] - Total events detected: 2
2025-04-15 09:41:31,869 - proctoring - INFO - [log_service.py:12] - Attempting to store 2 logs for user 2
2025-04-15 09:41:31,869 - proctoring - DEBUG - [log_service.py:26] - Created log entry: {'time': '2025-04-15 09:41:31.771859', 'event': 'Face detected', 'event_type': 'face_detected'}
2025-04-15 09:41:31,869 - proctoring - DEBUG - [log_service.py:26] - Created log entry: {'time': '2025-04-15 09:41:31.776091', 'event': 'Mouth movement detected'}
2025-04-15 09:41:31,870 - proctoring - INFO - [log_service.py:40] - Successfully stored 2 logs
2025-04-15 09:41:31,872 - proctoring - DEBUG - [image_utils.py:43] - Decoded base64 data length: 19723
2025-04-15 09:41:31,872 - proctoring - INFO - [detection_service.py:16] - Processing new frame
2025-04-15 09:41:31,885 - proctoring - INFO - [detection_service.py:34] - Face detection found 1 events
2025-04-15 09:41:31,898 - proctoring - INFO - [detection_service.py:34] - Face Mesh detection found 1 events
2025-04-15 09:41:31,902 - proctoring - DEBUG - [detection_service.py:37] - No Hand detections
2025-04-15 09:41:31,980 - proctoring - DEBUG - [detection_service.py:37] - No YOLO detections
2025-04-15 09:41:31,980 - proctoring - INFO - [detection_service.py:42] - Total events detected: 2
2025-04-15 09:41:31,980 - proctoring - INFO - [log_service.py:12] - Attempting to store 2 logs for user 2
2025-04-15 09:41:31,980 - proctoring - DEBUG - [log_service.py:26] - Created log entry: {'time': '2025-04-15 09:41:31.873130', 'event': 'Face detected', 'event_type': 'face_detected'}
2025-04-15 09:41:31,980 - proctoring - DEBUG - [log_service.py:26] - Created log entry: {'time': '2025-04-15 09:41:31.877473', 'event': 'Mouth movement detected'}
2025-04-15 09:41:31,982 - proctoring - INFO - [log_service.py:40] - Successfully stored 2 logs
2025-04-15 09:41:31,984 - proctoring - DEBUG - [image_utils.py:43] - Decoded base64 data length: 19689
2025-04-15 09:41:31,985 - proctoring - INFO - [detection_service.py:16] - Processing new frame
2025-04-15 09:41:31,997 - proctoring - INFO - [detection_service.py:34] - Face detection found 1 events
2025-04-15 09:41:32,012 - proctoring - DEBUG - [detection_service.py:37] - No Hand detections
2025-04-15 09:41:32,013 - proctoring - INFO - [detection_service.py:34] - Face Mesh detection found 1 events
2025-04-15 09:41:32,090 - proctoring - DEBUG - [detection_service.py:37] - No YOLO detections
2025-04-15 09:41:32,090 - proctoring - INFO - [detection_service.py:42] - Total events detected: 2
2025-04-15 09:41:32,090 - proctoring - INFO - [log_service.py:12] - Attempting to store 2 logs for user 2
2025-04-15 09:41:32,091 - proctoring - DEBUG - [log_service.py:26] - Created log entry: {'time': '2025-04-15 09:41:31.985246', 'event': 'Face detected', 'event_type': 'face_detected'}
2025-04-15 09:41:32,091 - proctoring - DEBUG - [log_service.py:26] - Created log entry: {'time': '2025-04-15 09:41:31.989392', 'event': 'Mouth movement detected'}
2025-04-15 09:41:32,092 - proctoring - INFO - [log_service.py:40] - Successfully stored 2 logs
2025-04-15 09:41:32,094 - proctoring - DEBUG - [image_utils.py:43] - Decoded base64 data length: 19562
2025-04-15 09:41:32,094 - proctoring - INFO - [detection_service.py:16] - Processing new frame
2025-04-15 09:41:32,106 - proctoring - INFO - [detection_service.py:34] - Face detection found 1 events
2025-04-15 09:41:32,120 - proctoring - INFO - [detection_service.py:34] - Face Mesh detection found 1 events
2025-04-15 09:41:32,124 - proctoring - DEBUG - [detection_service.py:37] - No Hand detections
2025-04-15 09:41:32,192 - proctoring - DEBUG - [detection_service.py:37] - No YOLO detections
2025-04-15 09:41:32,192 - proctoring - INFO - [detection_service.py:42] - Total events detected: 2
2025-04-15 09:41:32,192 - proctoring - INFO - [log_service.py:12] - Attempting to store 2 logs for user 2
2025-04-15 09:41:32,192 - proctoring - DEBUG - [log_service.py:26] - Created log entry: {'time': '2025-04-15 09:41:32.094928', 'event': 'Face detected', 'event_type': 'face_detected'}
2025-04-15 09:41:32,192 - proctoring - DEBUG - [log_service.py:26] - Created log entry: {'time': '2025-04-15 09:41:32.099008', 'event': 'Mouth movement detected'}
2025-04-15 09:41:32,194 - proctoring - INFO - [log_service.py:40] - Successfully stored 2 logs
2025-04-15 09:41:32,196 - proctoring - DEBUG - [image_utils.py:43] - Decoded base64 data length: 19457
2025-04-15 09:41:32,196 - proctoring - INFO - [detection_service.py:16] - Processing new frame
2025-04-15 09:41:32,210 - proctoring - INFO - [detection_service.py:34] - Face detection found 1 events
2025-04-15 09:41:32,220 - proctoring - INFO - [detection_service.py:34] - Face Mesh detection found 1 events
2025-04-15 09:41:32,225 - proctoring - DEBUG - [detection_service.py:37] - No Hand detections
2025-04-15 09:41:32,294 - proctoring - DEBUG - [detection_service.py:37] - No YOLO detections
2025-04-15 09:41:32,294 - proctoring - INFO - [detection_service.py:42] - Total events detected: 2
2025-04-15 09:41:32,294 - proctoring - INFO - [log_service.py:12] - Attempting to store 2 logs for user 2
2025-04-15 09:41:32,294 - proctoring - DEBUG - [log_service.py:26] - Created log entry: {'time': '2025-04-15 09:41:32.196969', 'event': 'Face detected', 'event_type': 'face_detected'}
2025-04-15 09:41:32,294 - proctoring - DEBUG - [log_service.py:26] - Created log entry: {'time': '2025-04-15 09:41:32.202330', 'event': 'Mouth movement detected'}
2025-04-15 09:41:32,296 - proctoring - INFO - [log_service.py:40] - Successfully stored 2 logs
2025-04-15 09:41:32,298 - proctoring - DEBUG - [image_utils.py:43] - Decoded base64 data length: 19469
2025-04-15 09:41:32,298 - proctoring - INFO - [detection_service.py:16] - Processing new frame
2025-04-15 09:41:32,310 - proctoring - INFO - [detection_service.py:34] - Face detection found 1 events
2025-04-15 09:41:32,322 - proctoring - INFO - [detection_service.py:34] - Face Mesh detection found 1 events
2025-04-15 09:41:32,325 - proctoring - DEBUG - [detection_service.py:37] - No Hand detections
2025-04-15 09:41:32,397 - proctoring - DEBUG - [detection_service.py:37] - No YOLO detections
2025-04-15 09:41:32,397 - proctoring - INFO - [detection_service.py:42] - Total events detected: 2
2025-04-15 09:41:32,397 - proctoring - INFO - [log_service.py:12] - Attempting to store 2 logs for user 2
2025-04-15 09:41:32,397 - proctoring - DEBUG - [log_service.py:26] - Created log entry: {'time': '2025-04-15 09:41:32.298605', 'event': 'Face detected', 'event_type': 'face_detected'}
2025-04-15 09:41:32,397 - proctoring - DEBUG - [log_service.py:26] - Created log entry: {'time': '2025-04-15 09:41:32.302940', 'event': 'Mouth movement detected'}
2025-04-15 09:41:32,399 - proctoring - INFO - [log_service.py:40] - Successfully stored 2 logs
2025-04-15 09:41:32,401 - proctoring - DEBUG - [image_utils.py:43] - Decoded base64 data length: 19554
2025-04-15 09:41:32,401 - proctoring - INFO - [detection_service.py:16] - Processing new frame
2025-04-15 09:41:32,413 - proctoring - INFO - [detection_service.py:34] - Face detection found 1 events
2025-04-15 09:41:32,426 - proctoring - INFO - [detection_service.py:34] - Face Mesh detection found 1 events
2025-04-15 09:41:32,431 - proctoring - DEBUG - [detection_service.py:37] - No Hand detections
2025-04-15 09:41:32,513 - proctoring - DEBUG - [detection_service.py:37] - No YOLO detections
2025-04-15 09:41:32,513 - proctoring - INFO - [detection_service.py:42] - Total events detected: 2
2025-04-15 09:41:32,513 - proctoring - INFO - [log_service.py:12] - Attempting to store 2 logs for user 2
2025-04-15 09:41:32,513 - proctoring - DEBUG - [log_service.py:26] - Created log entry: {'time': '2025-04-15 09:41:32.402086', 'event': 'Face detected', 'event_type': 'face_detected'}
2025-04-15 09:41:32,513 - proctoring - DEBUG - [log_service.py:26] - Created log entry: {'time': '2025-04-15 09:41:32.405792', 'event': 'Mouth movement detected'}
2025-04-15 09:41:32,515 - proctoring - INFO - [log_service.py:40] - Successfully stored 2 logs
2025-04-15 09:41:32,516 - proctoring - DEBUG - [image_utils.py:43] - Decoded base64 data length: 19601
2025-04-15 09:41:32,516 - proctoring - INFO - [detection_service.py:16] - Processing new frame
2025-04-15 09:41:32,527 - proctoring - INFO - [detection_service.py:34] - Face detection found 1 events
2025-04-15 09:41:32,536 - proctoring - INFO - [detection_service.py:34] - Face Mesh detection found 1 events
2025-04-15 09:41:32,663 - proctoring - DEBUG - [detection_service.py:37] - No Hand detections
2025-04-15 09:41:32,727 - proctoring - DEBUG - [detection_service.py:37] - No YOLO detections
2025-04-15 09:41:32,727 - proctoring - INFO - [detection_service.py:42] - Total events detected: 2
2025-04-15 09:41:32,727 - proctoring - INFO - [log_service.py:12] - Attempting to store 2 logs for user 2
2025-04-15 09:41:32,727 - proctoring - DEBUG - [log_service.py:26] - Created log entry: {'time': '2025-04-15 09:41:32.517038', 'event': 'Face detected', 'event_type': 'face_detected'}
2025-04-15 09:41:32,727 - proctoring - DEBUG - [log_service.py:26] - Created log entry: {'time': '2025-04-15 09:41:32.521343', 'event': 'Mouth movement detected'}
2025-04-15 09:41:32,729 - proctoring - INFO - [log_service.py:40] - Successfully stored 2 logs
2025-04-15 09:41:32,731 - proctoring - DEBUG - [image_utils.py:43] - Decoded base64 data length: 19553
2025-04-15 09:41:32,731 - proctoring - INFO - [detection_service.py:16] - Processing new frame
2025-04-15 09:41:32,744 - proctoring - INFO - [detection_service.py:34] - Face detection found 1 events
2025-04-15 09:41:32,756 - proctoring - INFO - [detection_service.py:34] - Face Mesh detection found 1 events
2025-04-15 09:41:32,760 - proctoring - DEBUG - [detection_service.py:37] - No Hand detections
2025-04-15 09:41:32,831 - proctoring - DEBUG - [detection_service.py:37] - No YOLO detections
2025-04-15 09:41:32,831 - proctoring - INFO - [detection_service.py:42] - Total events detected: 2
2025-04-15 09:41:32,831 - proctoring - INFO - [log_service.py:12] - Attempting to store 2 logs for user 2
2025-04-15 09:41:32,831 - proctoring - DEBUG - [log_service.py:26] - Created log entry: {'time': '2025-04-15 09:41:32.731667', 'event': 'Face detected', 'event_type': 'face_detected'}
2025-04-15 09:41:32,831 - proctoring - DEBUG - [log_service.py:26] - Created log entry: {'time': '2025-04-15 09:41:32.736519', 'event': 'Mouth movement detected'}
2025-04-15 09:41:32,834 - proctoring - INFO - [log_service.py:40] - Successfully stored 2 logs
2025-04-15 09:41:32,835 - proctoring - DEBUG - [image_utils.py:43] - Decoded base64 data length: 19351
2025-04-15 09:41:32,836 - proctoring - INFO - [detection_service.py:16] - Processing new frame
2025-04-15 09:41:32,847 - proctoring - INFO - [detection_service.py:34] - Face detection found 1 events
2025-04-15 09:41:32,861 - proctoring - INFO - [detection_service.py:34] - Face Mesh detection found 1 events
2025-04-15 09:41:32,863 - proctoring - DEBUG - [detection_service.py:37] - No Hand detections
2025-04-15 09:41:32,939 - proctoring - DEBUG - [detection_service.py:37] - No YOLO detections
2025-04-15 09:41:32,940 - proctoring - INFO - [detection_service.py:42] - Total events detected: 2
2025-04-15 09:41:32,940 - proctoring - INFO - [log_service.py:12] - Attempting to store 2 logs for user 2
2025-04-15 09:41:32,940 - proctoring - DEBUG - [log_service.py:26] - Created log entry: {'time': '2025-04-15 09:41:32.836388', 'event': 'Face detected', 'event_type': 'face_detected'}
2025-04-15 09:41:32,940 - proctoring - DEBUG - [log_service.py:26] - Created log entry: {'time': '2025-04-15 09:41:32.840447', 'event': 'Mouth movement detected'}
2025-04-15 09:41:32,942 - proctoring - INFO - [log_service.py:40] - Successfully stored 2 logs
2025-04-15 09:41:32,944 - proctoring - DEBUG - [image_utils.py:43] - Decoded base64 data length: 19159
2025-04-15 09:41:32,944 - proctoring - INFO - [detection_service.py:16] - Processing new frame
2025-04-15 09:41:32,955 - proctoring - INFO - [detection_service.py:34] - Face detection found 1 events
2025-04-15 09:41:32,967 - proctoring - INFO - [detection_service.py:34] - Face Mesh detection found 1 events
2025-04-15 09:41:32,974 - proctoring - DEBUG - [detection_service.py:37] - No Hand detections
2025-04-15 09:41:33,047 - proctoring - DEBUG - [detection_service.py:37] - No YOLO detections
2025-04-15 09:41:33,047 - proctoring - INFO - [detection_service.py:42] - Total events detected: 2
2025-04-15 09:41:33,047 - proctoring - INFO - [log_service.py:12] - Attempting to store 2 logs for user 2
2025-04-15 09:41:33,047 - proctoring - DEBUG - [log_service.py:26] - Created log entry: {'time': '2025-04-15 09:41:32.944947', 'event': 'Face detected', 'event_type': 'face_detected'}
2025-04-15 09:41:33,047 - proctoring - DEBUG - [log_service.py:26] - Created log entry: {'time': '2025-04-15 09:41:32.948997', 'event': 'Mouth movement detected'}
2025-04-15 09:41:33,049 - proctoring - INFO - [log_service.py:40] - Successfully stored 2 logs
2025-04-15 09:41:33,051 - proctoring - DEBUG - [image_utils.py:43] - Decoded base64 data length: 19262
2025-04-15 09:41:33,051 - proctoring - INFO - [detection_service.py:16] - Processing new frame
2025-04-15 09:41:33,062 - proctoring - INFO - [detection_service.py:34] - Face detection found 1 events
2025-04-15 09:41:33,078 - proctoring - INFO - [detection_service.py:34] - Face Mesh detection found 1 events
2025-04-15 09:41:33,082 - proctoring - DEBUG - [detection_service.py:37] - No Hand detections
2025-04-15 09:41:33,156 - proctoring - DEBUG - [detection_service.py:37] - No YOLO detections
2025-04-15 09:41:33,156 - proctoring - INFO - [detection_service.py:42] - Total events detected: 2
2025-04-15 09:41:33,156 - proctoring - INFO - [log_service.py:12] - Attempting to store 2 logs for user 2
2025-04-15 09:41:33,156 - proctoring - DEBUG - [log_service.py:26] - Created log entry: {'time': '2025-04-15 09:41:33.051882', 'event': 'Face detected', 'event_type': 'face_detected'}
2025-04-15 09:41:33,156 - proctoring - DEBUG - [log_service.py:26] - Created log entry: {'time': '2025-04-15 09:41:33.056690', 'event': 'Mouth movement detected'}
2025-04-15 09:41:33,158 - proctoring - INFO - [log_service.py:40] - Successfully stored 2 logs
2025-04-15 09:41:33,160 - proctoring - DEBUG - [image_utils.py:43] - Decoded base64 data length: 19355
2025-04-15 09:41:33,160 - proctoring - INFO - [detection_service.py:16] - Processing new frame
2025-04-15 09:41:33,173 - proctoring - INFO - [detection_service.py:34] - Face detection found 1 events
2025-04-15 09:41:33,185 - proctoring - INFO - [detection_service.py:34] - Face Mesh detection found 1 events
2025-04-15 09:41:33,197 - proctoring - DEBUG - [detection_service.py:37] - No Hand detections
2025-04-15 09:41:33,264 - proctoring - DEBUG - [detection_service.py:37] - No YOLO detections
2025-04-15 09:41:33,264 - proctoring - INFO - [detection_service.py:42] - Total events detected: 2
2025-04-15 09:41:33,264 - proctoring - INFO - [log_service.py:12] - Attempting to store 2 logs for user 2
2025-04-15 09:41:33,265 - proctoring - DEBUG - [log_service.py:26] - Created log entry: {'time': '2025-04-15 09:41:33.160753', 'event': 'Face detected', 'event_type': 'face_detected'}
2025-04-15 09:41:33,265 - proctoring - DEBUG - [log_service.py:26] - Created log entry: {'time': '2025-04-15 09:41:33.164782', 'event': 'Mouth movement detected'}
2025-04-15 09:41:33,266 - proctoring - INFO - [log_service.py:40] - Successfully stored 2 logs
2025-04-15 09:41:33,268 - proctoring - DEBUG - [image_utils.py:43] - Decoded base64 data length: 19336
2025-04-15 09:41:33,268 - proctoring - INFO - [detection_service.py:16] - Processing new frame
2025-04-15 09:41:33,279 - proctoring - INFO - [detection_service.py:34] - Face detection found 1 events
2025-04-15 09:41:33,290 - proctoring - INFO - [detection_service.py:34] - Face Mesh detection found 1 events
2025-04-15 09:41:33,297 - proctoring - DEBUG - [detection_service.py:37] - No Hand detections
2025-04-15 09:41:33,367 - proctoring - DEBUG - [detection_service.py:37] - No YOLO detections
2025-04-15 09:41:33,367 - proctoring - INFO - [detection_service.py:42] - Total events detected: 2
2025-04-15 09:41:33,367 - proctoring - INFO - [log_service.py:12] - Attempting to store 2 logs for user 2
2025-04-15 09:41:33,367 - proctoring - DEBUG - [log_service.py:26] - Created log entry: {'time': '2025-04-15 09:41:33.268850', 'event': 'Face detected', 'event_type': 'face_detected'}
2025-04-15 09:41:33,367 - proctoring - DEBUG - [log_service.py:26] - Created log entry: {'time': '2025-04-15 09:41:33.272783', 'event': 'Mouth movement detected'}
2025-04-15 09:41:33,369 - proctoring - INFO - [log_service.py:40] - Successfully stored 2 logs
2025-04-15 09:41:33,370 - proctoring - DEBUG - [image_utils.py:43] - Decoded base64 data length: 19246
2025-04-15 09:41:33,371 - proctoring - INFO - [detection_service.py:16] - Processing new frame
2025-04-15 09:41:33,384 - proctoring - INFO - [detection_service.py:34] - Face detection found 1 events
2025-04-15 09:41:33,394 - proctoring - INFO - [detection_service.py:34] - Face Mesh detection found 1 events
2025-04-15 09:41:33,399 - proctoring - DEBUG - [detection_service.py:37] - No Hand detections
2025-04-15 09:41:33,468 - proctoring - DEBUG - [detection_service.py:37] - No YOLO detections
2025-04-15 09:41:33,468 - proctoring - INFO - [detection_service.py:42] - Total events detected: 2
2025-04-15 09:41:33,468 - proctoring - INFO - [log_service.py:12] - Attempting to store 2 logs for user 2
2025-04-15 09:41:33,468 - proctoring - DEBUG - [log_service.py:26] - Created log entry: {'time': '2025-04-15 09:41:33.371400', 'event': 'Face detected', 'event_type': 'face_detected'}
2025-04-15 09:41:33,468 - proctoring - DEBUG - [log_service.py:26] - Created log entry: {'time': '2025-04-15 09:41:33.375964', 'event': 'Mouth movement detected'}
2025-04-15 09:41:33,470 - proctoring - INFO - [log_service.py:40] - Successfully stored 2 logs
2025-04-15 09:41:33,472 - proctoring - DEBUG - [image_utils.py:43] - Decoded base64 data length: 19182
2025-04-15 09:41:33,472 - proctoring - INFO - [detection_service.py:16] - Processing new frame
2025-04-15 09:41:33,483 - proctoring - INFO - [detection_service.py:34] - Face detection found 1 events
2025-04-15 09:41:33,492 - proctoring - INFO - [detection_service.py:34] - Face Mesh detection found 1 events
2025-04-15 09:41:33,497 - proctoring - DEBUG - [detection_service.py:37] - No Hand detections
2025-04-15 09:41:33,572 - proctoring - DEBUG - [detection_service.py:37] - No YOLO detections
2025-04-15 09:41:33,572 - proctoring - INFO - [detection_service.py:42] - Total events detected: 2
2025-04-15 09:41:33,572 - proctoring - INFO - [log_service.py:12] - Attempting to store 2 logs for user 2
2025-04-15 09:41:33,572 - proctoring - DEBUG - [log_service.py:26] - Created log entry: {'time': '2025-04-15 09:41:33.472590', 'event': 'Face detected', 'event_type': 'face_detected'}
2025-04-15 09:41:33,572 - proctoring - DEBUG - [log_service.py:26] - Created log entry: {'time': '2025-04-15 09:41:33.476518', 'event': 'Mouth movement detected'}
2025-04-15 09:41:33,574 - proctoring - INFO - [log_service.py:40] - Successfully stored 2 logs
2025-04-15 09:41:33,575 - proctoring - DEBUG - [image_utils.py:43] - Decoded base64 data length: 18966
2025-04-15 09:41:33,576 - proctoring - INFO - [detection_service.py:16] - Processing new frame
2025-04-15 09:41:33,587 - proctoring - INFO - [detection_service.py:34] - Face detection found 1 events
2025-04-15 09:41:33,598 - proctoring - INFO - [detection_service.py:34] - Face Mesh detection found 1 events
2025-04-15 09:41:33,602 - proctoring - DEBUG - [detection_service.py:37] - No Hand detections
2025-04-15 09:41:33,674 - proctoring - DEBUG - [detection_service.py:37] - No YOLO detections
2025-04-15 09:41:33,674 - proctoring - INFO - [detection_service.py:42] - Total events detected: 2
2025-04-15 09:41:33,674 - proctoring - INFO - [log_service.py:12] - Attempting to store 2 logs for user 2
2025-04-15 09:41:33,674 - proctoring - DEBUG - [log_service.py:26] - Created log entry: {'time': '2025-04-15 09:41:33.576335', 'event': 'Face detected', 'event_type': 'face_detected'}
2025-04-15 09:41:33,674 - proctoring - DEBUG - [log_service.py:26] - Created log entry: {'time': '2025-04-15 09:41:33.580614', 'event': 'Mouth movement detected'}
2025-04-15 09:41:33,676 - proctoring - INFO - [log_service.py:40] - Successfully stored 2 logs
2025-04-15 09:41:33,678 - proctoring - DEBUG - [image_utils.py:43] - Decoded base64 data length: 18846
2025-04-15 09:41:33,678 - proctoring - INFO - [detection_service.py:16] - Processing new frame
2025-04-15 09:41:33,689 - proctoring - INFO - [detection_service.py:34] - Face detection found 1 events
2025-04-15 09:41:33,703 - proctoring - INFO - [detection_service.py:34] - Face Mesh detection found 1 events
2025-04-15 09:41:33,705 - proctoring - DEBUG - [detection_service.py:37] - No Hand detections
2025-04-15 09:41:33,771 - proctoring - DEBUG - [detection_service.py:37] - No YOLO detections
2025-04-15 09:41:33,771 - proctoring - INFO - [detection_service.py:42] - Total events detected: 2
2025-04-15 09:41:33,771 - proctoring - INFO - [log_service.py:12] - Attempting to store 2 logs for user 2
2025-04-15 09:41:33,771 - proctoring - DEBUG - [log_service.py:26] - Created log entry: {'time': '2025-04-15 09:41:33.678644', 'event': 'Face detected', 'event_type': 'face_detected'}
2025-04-15 09:41:33,771 - proctoring - DEBUG - [log_service.py:26] - Created log entry: {'time': '2025-04-15 09:41:33.682268', 'event': 'Mouth movement detected'}
2025-04-15 09:41:33,773 - proctoring - INFO - [log_service.py:40] - Successfully stored 2 logs
2025-04-15 09:41:33,774 - proctoring - DEBUG - [image_utils.py:43] - Decoded base64 data length: 19198
2025-04-15 09:41:33,775 - proctoring - INFO - [detection_service.py:16] - Processing new frame
2025-04-15 09:41:33,788 - proctoring - INFO - [detection_service.py:34] - Face detection found 1 events
2025-04-15 09:41:33,802 - proctoring - INFO - [detection_service.py:34] - Face Mesh detection found 1 events
2025-04-15 09:41:33,804 - proctoring - DEBUG - [detection_service.py:37] - No Hand detections
2025-04-15 09:41:33,880 - proctoring - DEBUG - [detection_service.py:37] - No YOLO detections
2025-04-15 09:41:33,880 - proctoring - INFO - [detection_service.py:42] - Total events detected: 2
2025-04-15 09:41:33,880 - proctoring - INFO - [log_service.py:12] - Attempting to store 2 logs for user 2
2025-04-15 09:41:33,881 - proctoring - DEBUG - [log_service.py:26] - Created log entry: {'time': '2025-04-15 09:41:33.775352', 'event': 'Face detected', 'event_type': 'face_detected'}
2025-04-15 09:41:33,881 - proctoring - DEBUG - [log_service.py:26] - Created log entry: {'time': '2025-04-15 09:41:33.779622', 'event': 'Mouth movement detected'}
2025-04-15 09:41:33,882 - proctoring - INFO - [log_service.py:40] - Successfully stored 2 logs
2025-04-15 09:41:33,884 - proctoring - DEBUG - [image_utils.py:43] - Decoded base64 data length: 18924
2025-04-15 09:41:33,885 - proctoring - INFO - [detection_service.py:16] - Processing new frame
2025-04-15 09:41:33,896 - proctoring - INFO - [detection_service.py:34] - Face detection found 1 events
2025-04-15 09:41:33,907 - proctoring - INFO - [detection_service.py:34] - Face Mesh detection found 1 events
2025-04-15 09:41:33,925 - proctoring - DEBUG - [detection_service.py:37] - No Hand detections
2025-04-15 09:41:33,983 - proctoring - DEBUG - [detection_service.py:37] - No YOLO detections
2025-04-15 09:41:33,983 - proctoring - INFO - [detection_service.py:42] - Total events detected: 2
2025-04-15 09:41:33,983 - proctoring - INFO - [log_service.py:12] - Attempting to store 2 logs for user 2
2025-04-15 09:41:33,983 - proctoring - DEBUG - [log_service.py:26] - Created log entry: {'time': '2025-04-15 09:41:33.885181', 'event': 'Face detected', 'event_type': 'face_detected'}
2025-04-15 09:41:33,983 - proctoring - DEBUG - [log_service.py:26] - Created log entry: {'time': '2025-04-15 09:41:33.888868', 'event': 'Mouth movement detected'}
2025-04-15 09:41:33,985 - proctoring - INFO - [log_service.py:40] - Successfully stored 2 logs
2025-04-15 09:41:33,988 - proctoring - DEBUG - [image_utils.py:43] - Decoded base64 data length: 19625
2025-04-15 09:41:33,988 - proctoring - INFO - [detection_service.py:16] - Processing new frame
2025-04-15 09:41:34,000 - proctoring - INFO - [detection_service.py:34] - Face detection found 1 events
2025-04-15 09:41:34,013 - proctoring - INFO - [detection_service.py:34] - Face Mesh detection found 1 events
2025-04-15 09:41:34,028 - proctoring - DEBUG - [detection_service.py:37] - No Hand detections
2025-04-15 09:41:34,091 - proctoring - INFO - [detection_service.py:34] - YOLO detection found 1 events
2025-04-15 09:41:34,091 - proctoring - INFO - [detection_service.py:42] - Total events detected: 3
2025-04-15 09:41:34,091 - proctoring - INFO - [log_service.py:12] - Attempting to store 3 logs for user 2
2025-04-15 09:41:34,091 - proctoring - DEBUG - [log_service.py:26] - Created log entry: {'time': '2025-04-15 09:41:33.989093', 'event': 'Face detected', 'event_type': 'face_detected'}
2025-04-15 09:41:34,091 - proctoring - DEBUG - [log_service.py:26] - Created log entry: {'time': '2025-04-15 09:41:33.992906', 'event': 'Mouth movement detected'}
2025-04-15 09:41:34,091 - proctoring - DEBUG - [log_service.py:26] - Created log entry: {'time': '2025-04-15 09:41:33.999506', 'event': 'Phone detected', 'event_type': 'phone_detected', 'details': ''}
2025-04-15 09:41:34,093 - proctoring - INFO - [log_service.py:40] - Successfully stored 3 logs
2025-04-15 09:41:34,095 - proctoring - DEBUG - [image_utils.py:43] - Decoded base64 data length: 20370
2025-04-15 09:41:34,096 - proctoring - INFO - [detection_service.py:16] - Processing new frame
2025-04-15 09:41:34,109 - proctoring - INFO - [detection_service.py:34] - Face detection found 1 events
2025-04-15 09:41:34,121 - proctoring - INFO - [detection_service.py:34] - Face Mesh detection found 1 events
2025-04-15 09:41:34,129 - proctoring - DEBUG - [detection_service.py:37] - No Hand detections
2025-04-15 09:41:34,202 - proctoring - DEBUG - [detection_service.py:37] - No YOLO detections
2025-04-15 09:41:34,202 - proctoring - INFO - [detection_service.py:42] - Total events detected: 2
2025-04-15 09:41:34,203 - proctoring - INFO - [log_service.py:12] - Attempting to store 2 logs for user 2
2025-04-15 09:41:34,203 - proctoring - DEBUG - [log_service.py:26] - Created log entry: {'time': '2025-04-15 09:41:34.096595', 'event': 'Face detected', 'event_type': 'face_detected'}
2025-04-15 09:41:34,203 - proctoring - DEBUG - [log_service.py:26] - Created log entry: {'time': '2025-04-15 09:41:34.102271', 'event': 'Mouth movement detected'}
2025-04-15 09:41:34,204 - proctoring - INFO - [log_service.py:40] - Successfully stored 2 logs
2025-04-15 09:41:34,206 - proctoring - DEBUG - [image_utils.py:43] - Decoded base64 data length: 20471
2025-04-15 09:41:34,206 - proctoring - INFO - [detection_service.py:16] - Processing new frame
2025-04-15 09:41:34,218 - proctoring - INFO - [detection_service.py:34] - Face detection found 1 events
2025-04-15 09:41:34,231 - proctoring - INFO - [detection_service.py:34] - Face Mesh detection found 1 events
2025-04-15 09:41:34,233 - proctoring - DEBUG - [detection_service.py:37] - No Hand detections
2025-04-15 09:41:34,308 - proctoring - DEBUG - [detection_service.py:37] - No YOLO detections
2025-04-15 09:41:34,309 - proctoring - INFO - [detection_service.py:42] - Total events detected: 2
2025-04-15 09:41:34,309 - proctoring - INFO - [log_service.py:12] - Attempting to store 2 logs for user 2
2025-04-15 09:41:34,309 - proctoring - DEBUG - [log_service.py:26] - Created log entry: {'time': '2025-04-15 09:41:34.207051', 'event': 'Face detected', 'event_type': 'face_detected'}
2025-04-15 09:41:34,309 - proctoring - DEBUG - [log_service.py:26] - Created log entry: {'time': '2025-04-15 09:41:34.210880', 'event': 'Mouth movement detected'}
2025-04-15 09:41:34,311 - proctoring - INFO - [log_service.py:40] - Successfully stored 2 logs
2025-04-15 09:41:34,312 - proctoring - DEBUG - [image_utils.py:43] - Decoded base64 data length: 20535
2025-04-15 09:41:34,313 - proctoring - INFO - [detection_service.py:16] - Processing new frame
2025-04-15 09:41:34,324 - proctoring - INFO - [detection_service.py:34] - Face detection found 1 events
2025-04-15 09:41:34,340 - proctoring - INFO - [detection_service.py:34] - Face Mesh detection found 1 events
2025-04-15 09:41:34,342 - proctoring - DEBUG - [detection_service.py:37] - No Hand detections
2025-04-15 09:41:34,414 - proctoring - DEBUG - [detection_service.py:37] - No YOLO detections
2025-04-15 09:41:34,414 - proctoring - INFO - [detection_service.py:42] - Total events detected: 2
2025-04-15 09:41:34,414 - proctoring - INFO - [log_service.py:12] - Attempting to store 2 logs for user 2
2025-04-15 09:41:34,414 - proctoring - DEBUG - [log_service.py:26] - Created log entry: {'time': '2025-04-15 09:41:34.313526', 'event': 'Face detected', 'event_type': 'face_detected'}
2025-04-15 09:41:34,414 - proctoring - DEBUG - [log_service.py:26] - Created log entry: {'time': '2025-04-15 09:41:34.317512', 'event': 'Mouth movement detected'}
2025-04-15 09:41:34,416 - proctoring - INFO - [log_service.py:40] - Successfully stored 2 logs
2025-04-15 09:41:34,418 - proctoring - DEBUG - [image_utils.py:43] - Decoded base64 data length: 20838
2025-04-15 09:41:34,418 - proctoring - INFO - [detection_service.py:16] - Processing new frame
2025-04-15 09:41:34,429 - proctoring - INFO - [detection_service.py:34] - Face detection found 1 events
2025-04-15 09:41:34,439 - proctoring - INFO - [detection_service.py:34] - Face Mesh detection found 1 events
2025-04-15 09:41:34,443 - proctoring - DEBUG - [detection_service.py:37] - No Hand detections
2025-04-15 09:41:34,508 - proctoring - DEBUG - [detection_service.py:37] - No YOLO detections
2025-04-15 09:41:34,509 - proctoring - INFO - [detection_service.py:42] - Total events detected: 2
2025-04-15 09:41:34,509 - proctoring - INFO - [log_service.py:12] - Attempting to store 2 logs for user 2
2025-04-15 09:41:34,509 - proctoring - DEBUG - [log_service.py:26] - Created log entry: {'time': '2025-04-15 09:41:34.418788', 'event': 'Face detected', 'event_type': 'face_detected'}
2025-04-15 09:41:34,509 - proctoring - DEBUG - [log_service.py:26] - Created log entry: {'time': '2025-04-15 09:41:34.422346', 'event': 'Mouth movement detected'}
2025-04-15 09:41:34,511 - proctoring - INFO - [log_service.py:40] - Successfully stored 2 logs
2025-04-15 09:41:34,513 - proctoring - DEBUG - [image_utils.py:43] - Decoded base64 data length: 20866
2025-04-15 09:41:34,513 - proctoring - INFO - [detection_service.py:16] - Processing new frame
2025-04-15 09:41:34,525 - proctoring - INFO - [detection_service.py:34] - Face detection found 1 events
2025-04-15 09:41:34,536 - proctoring - INFO - [detection_service.py:34] - Face Mesh detection found 1 events
2025-04-15 09:41:34,541 - proctoring - DEBUG - [detection_service.py:37] - No Hand detections
2025-04-15 09:41:34,610 - proctoring - INFO - [detection_service.py:34] - YOLO detection found 1 events
2025-04-15 09:41:34,610 - proctoring - INFO - [detection_service.py:42] - Total events detected: 3
2025-04-15 09:41:34,610 - proctoring - INFO - [log_service.py:12] - Attempting to store 3 logs for user 2
2025-04-15 09:41:34,610 - proctoring - DEBUG - [log_service.py:26] - Created log entry: {'time': '2025-04-15 09:41:34.513656', 'event': 'Face detected', 'event_type': 'face_detected'}
2025-04-15 09:41:34,610 - proctoring - DEBUG - [log_service.py:26] - Created log entry: {'time': '2025-04-15 09:41:34.518906', 'event': 'Mouth movement detected'}
2025-04-15 09:41:34,610 - proctoring - DEBUG - [log_service.py:26] - Created log entry: {'time': '2025-04-15 09:41:34.524470', 'event': 'Phone detected', 'event_type': 'phone_detected', 'details': ''}
2025-04-15 09:41:34,612 - proctoring - INFO - [log_service.py:40] - Successfully stored 3 logs
2025-04-15 09:41:34,614 - proctoring - DEBUG - [image_utils.py:43] - Decoded base64 data length: 20816
2025-04-15 09:41:34,614 - proctoring - INFO - [detection_service.py:16] - Processing new frame
2025-04-15 09:41:34,626 - proctoring - INFO - [detection_service.py:34] - Face detection found 1 events
2025-04-15 09:41:34,637 - proctoring - INFO - [detection_service.py:34] - Face Mesh detection found 1 events
2025-04-15 09:41:34,642 - proctoring - DEBUG - [detection_service.py:37] - No Hand detections
2025-04-15 09:41:34,710 - proctoring - INFO - [detection_service.py:34] - YOLO detection found 1 events
2025-04-15 09:41:34,711 - proctoring - INFO - [detection_service.py:42] - Total events detected: 3
2025-04-15 09:41:34,711 - proctoring - INFO - [log_service.py:12] - Attempting to store 3 logs for user 2
2025-04-15 09:41:34,711 - proctoring - DEBUG - [log_service.py:26] - Created log entry: {'time': '2025-04-15 09:41:34.615008', 'event': 'Face detected', 'event_type': 'face_detected'}
2025-04-15 09:41:34,711 - proctoring - DEBUG - [log_service.py:26] - Created log entry: {'time': '2025-04-15 09:41:34.619539', 'event': 'Mouth movement detected'}
2025-04-15 09:41:34,711 - proctoring - DEBUG - [log_service.py:26] - Created log entry: {'time': '2025-04-15 09:41:34.625327', 'event': 'Phone detected', 'event_type': 'phone_detected', 'details': ''}
2025-04-15 09:41:34,713 - proctoring - INFO - [log_service.py:40] - Successfully stored 3 logs
2025-04-15 09:41:34,714 - proctoring - DEBUG - [image_utils.py:43] - Decoded base64 data length: 21122
2025-04-15 09:41:34,715 - proctoring - INFO - [detection_service.py:16] - Processing new frame
2025-04-15 09:41:34,728 - proctoring - INFO - [detection_service.py:34] - Face detection found 1 events
2025-04-15 09:41:34,744 - proctoring - INFO - [detection_service.py:34] - Face Mesh detection found 1 events
2025-04-15 09:41:34,747 - proctoring - DEBUG - [detection_service.py:37] - No Hand detections
2025-04-15 09:41:34,823 - proctoring - INFO - [detection_service.py:34] - YOLO detection found 1 events
2025-04-15 09:41:34,823 - proctoring - INFO - [detection_service.py:42] - Total events detected: 3
2025-04-15 09:41:34,823 - proctoring - INFO - [log_service.py:12] - Attempting to store 3 logs for user 2
2025-04-15 09:41:34,823 - proctoring - DEBUG - [log_service.py:26] - Created log entry: {'time': '2025-04-15 09:41:34.715423', 'event': 'Face detected', 'event_type': 'face_detected'}
2025-04-15 09:41:34,823 - proctoring - DEBUG - [log_service.py:26] - Created log entry: {'time': '2025-04-15 09:41:34.719785', 'event': 'Mouth movement detected'}
2025-04-15 09:41:34,823 - proctoring - DEBUG - [log_service.py:26] - Created log entry: {'time': '2025-04-15 09:41:34.726742', 'event': 'Phone detected', 'event_type': 'phone_detected', 'details': ''}
2025-04-15 09:41:34,825 - proctoring - INFO - [log_service.py:40] - Successfully stored 3 logs
2025-04-15 09:41:34,827 - proctoring - DEBUG - [image_utils.py:43] - Decoded base64 data length: 20908
2025-04-15 09:41:34,827 - proctoring - INFO - [detection_service.py:16] - Processing new frame
2025-04-15 09:41:34,839 - proctoring - INFO - [detection_service.py:34] - Face detection found 1 events
2025-04-15 09:41:34,853 - proctoring - INFO - [detection_service.py:34] - Face Mesh detection found 1 events
2025-04-15 09:41:34,856 - proctoring - DEBUG - [detection_service.py:37] - No Hand detections
2025-04-15 09:41:34,930 - proctoring - INFO - [detection_service.py:34] - YOLO detection found 1 events
2025-04-15 09:41:34,930 - proctoring - INFO - [detection_service.py:42] - Total events detected: 3
2025-04-15 09:41:34,930 - proctoring - INFO - [log_service.py:12] - Attempting to store 3 logs for user 2
2025-04-15 09:41:34,930 - proctoring - DEBUG - [log_service.py:26] - Created log entry: {'time': '2025-04-15 09:41:34.827934', 'event': 'Face detected', 'event_type': 'face_detected'}
2025-04-15 09:41:34,930 - proctoring - DEBUG - [log_service.py:26] - Created log entry: {'time': '2025-04-15 09:41:34.831974', 'event': 'Mouth movement detected'}
2025-04-15 09:41:34,930 - proctoring - DEBUG - [log_service.py:26] - Created log entry: {'time': '2025-04-15 09:41:34.837307', 'event': 'Phone detected', 'event_type': 'phone_detected', 'details': ''}
2025-04-15 09:41:34,932 - proctoring - INFO - [log_service.py:40] - Successfully stored 3 logs
2025-04-15 09:41:34,935 - proctoring - DEBUG - [image_utils.py:43] - Decoded base64 data length: 20668
2025-04-15 09:41:34,935 - proctoring - INFO - [detection_service.py:16] - Processing new frame
2025-04-15 09:41:34,945 - proctoring - INFO - [detection_service.py:34] - Face detection found 1 events
2025-04-15 09:41:34,958 - proctoring - INFO - [detection_service.py:34] - Face Mesh detection found 1 events
2025-04-15 09:41:34,962 - proctoring - DEBUG - [detection_service.py:37] - No Hand detections
2025-04-15 09:41:35,035 - proctoring - INFO - [detection_service.py:34] - YOLO detection found 1 events
2025-04-15 09:41:35,035 - proctoring - INFO - [detection_service.py:42] - Total events detected: 3
2025-04-15 09:41:35,035 - proctoring - INFO - [log_service.py:12] - Attempting to store 3 logs for user 2
2025-04-15 09:41:35,035 - proctoring - DEBUG - [log_service.py:26] - Created log entry: {'time': '2025-04-15 09:41:34.935748', 'event': 'Face detected', 'event_type': 'face_detected'}
2025-04-15 09:41:35,035 - proctoring - DEBUG - [log_service.py:26] - Created log entry: {'time': '2025-04-15 09:41:34.939607', 'event': 'Mouth movement detected'}
2025-04-15 09:41:35,035 - proctoring - DEBUG - [log_service.py:26] - Created log entry: {'time': '2025-04-15 09:41:34.945535', 'event': 'Phone detected', 'event_type': 'phone_detected', 'details': ''}
2025-04-15 09:41:35,038 - proctoring - INFO - [log_service.py:40] - Successfully stored 3 logs
2025-04-15 09:41:35,040 - proctoring - DEBUG - [image_utils.py:43] - Decoded base64 data length: 20666
2025-04-15 09:41:35,040 - proctoring - INFO - [detection_service.py:16] - Processing new frame
2025-04-15 09:41:35,051 - proctoring - INFO - [detection_service.py:34] - Face detection found 1 events
2025-04-15 09:41:35,064 - proctoring - INFO - [detection_service.py:34] - Face Mesh detection found 1 events
2025-04-15 09:41:35,071 - proctoring - DEBUG - [detection_service.py:37] - No Hand detections
2025-04-15 09:41:35,150 - proctoring - INFO - [detection_service.py:34] - YOLO detection found 1 events
2025-04-15 09:41:35,150 - proctoring - INFO - [detection_service.py:42] - Total events detected: 3
2025-04-15 09:41:35,150 - proctoring - INFO - [log_service.py:12] - Attempting to store 3 logs for user 2
2025-04-15 09:41:35,150 - proctoring - DEBUG - [log_service.py:26] - Created log entry: {'time': '2025-04-15 09:41:35.040825', 'event': 'Face detected', 'event_type': 'face_detected'}
2025-04-15 09:41:35,150 - proctoring - DEBUG - [log_service.py:26] - Created log entry: {'time': '2025-04-15 09:41:35.044973', 'event': 'Mouth movement detected'}
2025-04-15 09:41:35,150 - proctoring - DEBUG - [log_service.py:26] - Created log entry: {'time': '2025-04-15 09:41:35.050095', 'event': 'Phone detected', 'event_type': 'phone_detected', 'details': ''}
2025-04-15 09:41:35,152 - proctoring - INFO - [log_service.py:40] - Successfully stored 3 logs
2025-04-15 09:41:35,154 - proctoring - DEBUG - [image_utils.py:43] - Decoded base64 data length: 20638
2025-04-15 09:41:35,155 - proctoring - INFO - [detection_service.py:16] - Processing new frame
2025-04-15 09:41:35,165 - proctoring - INFO - [detection_service.py:34] - Face detection found 1 events
2025-04-15 09:41:35,179 - proctoring - INFO - [detection_service.py:34] - Face Mesh detection found 1 events
2025-04-15 09:41:35,183 - proctoring - DEBUG - [detection_service.py:37] - No Hand detections
2025-04-15 09:41:35,253 - proctoring - INFO - [detection_service.py:34] - YOLO detection found 1 events
2025-04-15 09:41:35,253 - proctoring - INFO - [detection_service.py:42] - Total events detected: 3
2025-04-15 09:41:35,253 - proctoring - INFO - [log_service.py:12] - Attempting to store 3 logs for user 2
2025-04-15 09:41:35,253 - proctoring - DEBUG - [log_service.py:26] - Created log entry: {'time': '2025-04-15 09:41:35.155374', 'event': 'Face detected', 'event_type': 'face_detected'}
2025-04-15 09:41:35,253 - proctoring - DEBUG - [log_service.py:26] - Created log entry: {'time': '2025-04-15 09:41:35.159822', 'event': 'Mouth movement detected'}
2025-04-15 09:41:35,253 - proctoring - DEBUG - [log_service.py:26] - Created log entry: {'time': '2025-04-15 09:41:35.164584', 'event': 'Phone detected', 'event_type': 'phone_detected', 'details': ''}
2025-04-15 09:41:35,255 - proctoring - INFO - [log_service.py:40] - Successfully stored 3 logs
2025-04-15 09:41:35,257 - proctoring - ERROR - [image_utils.py:45] - Base64 decode error: Invalid base64-encoded string: number of data characters (13) cannot be 1 more than a multiple of 4
2025-04-15 09:41:35,257 - proctoring - DEBUG - [image_utils.py:43] - Decoded base64 data length: 20621
2025-04-15 09:41:35,258 - proctoring - INFO - [detection_service.py:16] - Processing new frame
2025-04-15 09:41:35,268 - proctoring - INFO - [detection_service.py:34] - Face detection found 1 events
2025-04-15 09:41:35,283 - proctoring - DEBUG - [detection_service.py:37] - No Hand detections
2025-04-15 09:41:35,286 - proctoring - INFO - [detection_service.py:34] - Face Mesh detection found 1 events
2025-04-15 09:41:35,357 - proctoring - INFO - [detection_service.py:34] - YOLO detection found 1 events
2025-04-15 09:41:35,357 - proctoring - INFO - [detection_service.py:42] - Total events detected: 3
2025-04-15 09:41:35,357 - proctoring - INFO - [log_service.py:12] - Attempting to store 3 logs for user 2
2025-04-15 09:41:35,357 - proctoring - DEBUG - [log_service.py:26] - Created log entry: {'time': '2025-04-15 09:41:35.258148', 'event': 'Face detected', 'event_type': 'face_detected'}
2025-04-15 09:41:35,357 - proctoring - DEBUG - [log_service.py:26] - Created log entry: {'time': '2025-04-15 09:41:35.261919', 'event': 'Mouth movement detected'}
2025-04-15 09:41:35,357 - proctoring - DEBUG - [log_service.py:26] - Created log entry: {'time': '2025-04-15 09:41:35.267795', 'event': 'Phone detected', 'event_type': 'phone_detected', 'details': ''}
2025-04-15 09:41:35,360 - proctoring - INFO - [log_service.py:40] - Successfully stored 3 logs
2025-04-15 09:41:35,362 - proctoring - DEBUG - [image_utils.py:43] - Decoded base64 data length: 20824
2025-04-15 09:41:35,362 - proctoring - INFO - [detection_service.py:16] - Processing new frame
2025-04-15 09:41:35,372 - proctoring - INFO - [detection_service.py:34] - Face detection found 1 events
2025-04-15 09:41:35,387 - proctoring - INFO - [detection_service.py:34] - Face Mesh detection found 1 events
2025-04-15 09:41:35,390 - proctoring - DEBUG - [detection_service.py:37] - No Hand detections
2025-04-15 09:41:35,463 - proctoring - INFO - [detection_service.py:34] - YOLO detection found 1 events
2025-04-15 09:41:35,463 - proctoring - INFO - [detection_service.py:42] - Total events detected: 3
2025-04-15 09:41:35,463 - proctoring - INFO - [log_service.py:12] - Attempting to store 3 logs for user 2
2025-04-15 09:41:35,463 - proctoring - DEBUG - [log_service.py:26] - Created log entry: {'time': '2025-04-15 09:41:35.362845', 'event': 'Face detected', 'event_type': 'face_detected'}
2025-04-15 09:41:35,463 - proctoring - DEBUG - [log_service.py:26] - Created log entry: {'time': '2025-04-15 09:41:35.366603', 'event': 'Mouth movement detected'}
2025-04-15 09:41:35,463 - proctoring - DEBUG - [log_service.py:26] - Created log entry: {'time': '2025-04-15 09:41:35.372216', 'event': 'Phone detected', 'event_type': 'phone_detected', 'details': ''}
2025-04-15 09:41:35,465 - proctoring - INFO - [log_service.py:40] - Successfully stored 3 logs
2025-04-15 09:41:35,467 - proctoring - DEBUG - [image_utils.py:43] - Decoded base64 data length: 20877
2025-04-15 09:41:35,467 - proctoring - INFO - [detection_service.py:16] - Processing new frame
2025-04-15 09:41:35,477 - proctoring - INFO - [detection_service.py:34] - Face detection found 1 events
2025-04-15 09:41:35,490 - proctoring - INFO - [detection_service.py:34] - Face Mesh detection found 1 events
2025-04-15 09:41:35,494 - proctoring - DEBUG - [detection_service.py:37] - No Hand detections
2025-04-15 09:41:35,565 - proctoring - INFO - [detection_service.py:34] - YOLO detection found 1 events
2025-04-15 09:41:35,565 - proctoring - INFO - [detection_service.py:42] - Total events detected: 3
2025-04-15 09:41:35,565 - proctoring - INFO - [log_service.py:12] - Attempting to store 3 logs for user 2
2025-04-15 09:41:35,565 - proctoring - DEBUG - [log_service.py:26] - Created log entry: {'time': '2025-04-15 09:41:35.467792', 'event': 'Face detected', 'event_type': 'face_detected'}
2025-04-15 09:41:35,565 - proctoring - DEBUG - [log_service.py:26] - Created log entry: {'time': '2025-04-15 09:41:35.471445', 'event': 'Mouth movement detected'}
2025-04-15 09:41:35,565 - proctoring - DEBUG - [log_service.py:26] - Created log entry: {'time': '2025-04-15 09:41:35.476583', 'event': 'Phone detected', 'event_type': 'phone_detected', 'details': ''}
2025-04-15 09:41:35,567 - proctoring - INFO - [log_service.py:40] - Successfully stored 3 logs
2025-04-15 09:41:35,569 - proctoring - DEBUG - [image_utils.py:43] - Decoded base64 data length: 20547
2025-04-15 09:41:35,570 - proctoring - INFO - [detection_service.py:16] - Processing new frame
2025-04-15 09:41:35,581 - proctoring - INFO - [detection_service.py:34] - Face detection found 1 events
2025-04-15 09:41:35,596 - proctoring - INFO - [detection_service.py:34] - Face Mesh detection found 1 events
2025-04-15 09:41:35,599 - proctoring - DEBUG - [detection_service.py:37] - No Hand detections
2025-04-15 09:41:35,732 - proctoring - INFO - [detection_service.py:34] - YOLO detection found 1 events
2025-04-15 09:41:35,732 - proctoring - INFO - [detection_service.py:42] - Total events detected: 3
2025-04-15 09:41:35,732 - proctoring - INFO - [log_service.py:12] - Attempting to store 3 logs for user 2
2025-04-15 09:41:35,732 - proctoring - DEBUG - [log_service.py:26] - Created log entry: {'time': '2025-04-15 09:41:35.570353', 'event': 'Face detected', 'event_type': 'face_detected'}
2025-04-15 09:41:35,732 - proctoring - DEBUG - [log_service.py:26] - Created log entry: {'time': '2025-04-15 09:41:35.574090', 'event': 'Mouth movement detected'}
2025-04-15 09:41:35,732 - proctoring - DEBUG - [log_service.py:26] - Created log entry: {'time': '2025-04-15 09:41:35.580870', 'event': 'Phone detected', 'event_type': 'phone_detected', 'details': ''}
2025-04-15 09:41:35,735 - proctoring - INFO - [log_service.py:40] - Successfully stored 3 logs
2025-04-15 09:41:35,738 - proctoring - DEBUG - [image_utils.py:43] - Decoded base64 data length: 20623
2025-04-15 09:41:35,739 - proctoring - INFO - [detection_service.py:16] - Processing new frame
2025-04-15 09:41:35,751 - proctoring - INFO - [detection_service.py:34] - Face detection found 1 events
2025-04-15 09:41:35,765 - proctoring - DEBUG - [detection_service.py:37] - No Hand detections
2025-04-15 09:41:35,769 - proctoring - INFO - [detection_service.py:34] - Face Mesh detection found 1 events
2025-04-15 09:41:35,861 - proctoring - INFO - [detection_service.py:34] - YOLO detection found 1 events
2025-04-15 09:41:35,861 - proctoring - INFO - [detection_service.py:42] - Total events detected: 3
2025-04-15 09:41:35,861 - proctoring - INFO - [log_service.py:12] - Attempting to store 3 logs for user 2
2025-04-15 09:41:35,861 - proctoring - DEBUG - [log_service.py:26] - Created log entry: {'time': '2025-04-15 09:41:35.739502', 'event': 'Face detected', 'event_type': 'face_detected'}
2025-04-15 09:41:35,861 - proctoring - DEBUG - [log_service.py:26] - Created log entry: {'time': '2025-04-15 09:41:35.744063', 'event': 'Mouth movement detected'}
2025-04-15 09:41:35,861 - proctoring - DEBUG - [log_service.py:26] - Created log entry: {'time': '2025-04-15 09:41:35.749969', 'event': 'Phone detected', 'event_type': 'phone_detected', 'details': ''}
2025-04-15 09:41:35,864 - proctoring - INFO - [log_service.py:40] - Successfully stored 3 logs
2025-04-15 09:41:35,866 - proctoring - DEBUG - [image_utils.py:43] - Decoded base64 data length: 20712
2025-04-15 09:41:35,867 - proctoring - INFO - [detection_service.py:16] - Processing new frame
2025-04-15 09:41:35,877 - proctoring - INFO - [detection_service.py:34] - Face detection found 1 events
2025-04-15 09:41:35,892 - proctoring - INFO - [detection_service.py:34] - Face Mesh detection found 1 events
2025-04-15 09:41:35,895 - proctoring - DEBUG - [detection_service.py:37] - No Hand detections
2025-04-15 09:41:35,987 - proctoring - INFO - [detection_service.py:34] - YOLO detection found 1 events
2025-04-15 09:41:35,987 - proctoring - INFO - [detection_service.py:42] - Total events detected: 3
2025-04-15 09:41:35,987 - proctoring - INFO - [log_service.py:12] - Attempting to store 3 logs for user 2
2025-04-15 09:41:35,987 - proctoring - DEBUG - [log_service.py:26] - Created log entry: {'time': '2025-04-15 09:41:35.867490', 'event': 'Face detected', 'event_type': 'face_detected'}
2025-04-15 09:41:35,987 - proctoring - DEBUG - [log_service.py:26] - Created log entry: {'time': '2025-04-15 09:41:35.871560', 'event': 'Mouth movement detected'}
2025-04-15 09:41:35,987 - proctoring - DEBUG - [log_service.py:26] - Created log entry: {'time': '2025-04-15 09:41:35.878243', 'event': 'Phone detected', 'event_type': 'phone_detected', 'details': ''}
2025-04-15 09:41:35,990 - proctoring - INFO - [log_service.py:40] - Successfully stored 3 logs
2025-04-15 09:41:35,992 - proctoring - DEBUG - [image_utils.py:43] - Decoded base64 data length: 20636
2025-04-15 09:41:35,992 - proctoring - INFO - [detection_service.py:16] - Processing new frame
2025-04-15 09:41:36,004 - proctoring - INFO - [detection_service.py:34] - Face detection found 1 events
2025-04-15 09:41:36,018 - proctoring - INFO - [detection_service.py:34] - Face Mesh detection found 1 events
2025-04-15 09:41:36,031 - proctoring - INFO - [hand_detection.py:25] - Hand detected
2025-04-15 09:41:36,035 - proctoring - INFO - [detection_service.py:34] - Hand detection found 1 events
2025-04-15 09:41:36,100 - proctoring - DEBUG - [detection_service.py:37] - No YOLO detections
2025-04-15 09:41:36,100 - proctoring - INFO - [detection_service.py:42] - Total events detected: 3
2025-04-15 09:41:36,100 - proctoring - INFO - [log_service.py:12] - Attempting to store 3 logs for user 2
2025-04-15 09:41:36,100 - proctoring - DEBUG - [log_service.py:26] - Created log entry: {'time': '2025-04-15 09:41:35.992631', 'event': 'Face detected', 'event_type': 'face_detected'}
2025-04-15 09:41:36,100 - proctoring - DEBUG - [log_service.py:26] - Created log entry: {'time': '2025-04-15 09:41:35.996180', 'event': 'Mouth movement detected'}
2025-04-15 09:41:36,100 - proctoring - DEBUG - [log_service.py:26] - Created log entry: {'time': '2025-04-15 09:41:35.992766', 'event': 'Hand detected'}
2025-04-15 09:41:36,102 - proctoring - INFO - [log_service.py:40] - Successfully stored 3 logs
2025-04-15 09:41:36,104 - proctoring - DEBUG - [image_utils.py:43] - Decoded base64 data length: 20261
2025-04-15 09:41:36,105 - proctoring - INFO - [detection_service.py:16] - Processing new frame
2025-04-15 09:41:36,116 - proctoring - INFO - [detection_service.py:34] - Face detection found 1 events
2025-04-15 09:41:36,130 - proctoring - INFO - [detection_service.py:34] - Face Mesh detection found 1 events
2025-04-15 09:41:36,142 - proctoring - INFO - [hand_detection.py:25] - Hand detected
2025-04-15 09:41:36,146 - proctoring - INFO - [detection_service.py:34] - Hand detection found 1 events
2025-04-15 09:41:36,209 - proctoring - DEBUG - [detection_service.py:37] - No YOLO detections
2025-04-15 09:41:36,210 - proctoring - INFO - [detection_service.py:42] - Total events detected: 3
2025-04-15 09:41:36,210 - proctoring - INFO - [log_service.py:12] - Attempting to store 3 logs for user 2
2025-04-15 09:41:36,210 - proctoring - DEBUG - [log_service.py:26] - Created log entry: {'time': '2025-04-15 09:41:36.105287', 'event': 'Face detected', 'event_type': 'face_detected'}
2025-04-15 09:41:36,210 - proctoring - DEBUG - [log_service.py:26] - Created log entry: {'time': '2025-04-15 09:41:36.109395', 'event': 'Mouth movement detected'}
2025-04-15 09:41:36,210 - proctoring - DEBUG - [log_service.py:26] - Created log entry: {'time': '2025-04-15 09:41:36.105387', 'event': 'Hand detected'}
2025-04-15 09:41:36,212 - proctoring - INFO - [log_service.py:40] - Successfully stored 3 logs
2025-04-15 09:41:36,214 - proctoring - DEBUG - [image_utils.py:43] - Decoded base64 data length: 20156
2025-04-15 09:41:36,214 - proctoring - INFO - [detection_service.py:16] - Processing new frame
2025-04-15 09:41:36,227 - proctoring - INFO - [detection_service.py:34] - Face detection found 1 events
2025-04-15 09:41:36,238 - proctoring - INFO - [detection_service.py:34] - Face Mesh detection found 1 events
2025-04-15 09:41:36,252 - proctoring - INFO - [hand_detection.py:25] - Hand detected
2025-04-15 09:41:36,256 - proctoring - INFO - [detection_service.py:34] - Hand detection found 1 events
2025-04-15 09:41:36,320 - proctoring - DEBUG - [detection_service.py:37] - No YOLO detections
2025-04-15 09:41:36,320 - proctoring - INFO - [detection_service.py:42] - Total events detected: 3
2025-04-15 09:41:36,320 - proctoring - INFO - [log_service.py:12] - Attempting to store 3 logs for user 2
2025-04-15 09:41:36,320 - proctoring - DEBUG - [log_service.py:26] - Created log entry: {'time': '2025-04-15 09:41:36.214682', 'event': 'Face detected', 'event_type': 'face_detected'}
2025-04-15 09:41:36,320 - proctoring - DEBUG - [log_service.py:26] - Created log entry: {'time': '2025-04-15 09:41:36.219875', 'event': 'Mouth movement detected'}
2025-04-15 09:41:36,320 - proctoring - DEBUG - [log_service.py:26] - Created log entry: {'time': '2025-04-15 09:41:36.214797', 'event': 'Hand detected'}
2025-04-15 09:41:36,322 - proctoring - INFO - [log_service.py:40] - Successfully stored 3 logs
2025-04-15 09:41:36,324 - proctoring - DEBUG - [image_utils.py:43] - Decoded base64 data length: 20220
2025-04-15 09:41:36,325 - proctoring - INFO - [detection_service.py:16] - Processing new frame
2025-04-15 09:41:36,337 - proctoring - INFO - [detection_service.py:34] - Face detection found 1 events
2025-04-15 09:41:36,349 - proctoring - INFO - [detection_service.py:34] - Face Mesh detection found 1 events
2025-04-15 09:41:36,362 - proctoring - INFO - [hand_detection.py:25] - Hand detected
2025-04-15 09:41:36,366 - proctoring - INFO - [detection_service.py:34] - Hand detection found 1 events
2025-04-15 09:41:36,421 - proctoring - DEBUG - [detection_service.py:37] - No YOLO detections
2025-04-15 09:41:36,422 - proctoring - INFO - [detection_service.py:42] - Total events detected: 3
2025-04-15 09:41:36,422 - proctoring - INFO - [log_service.py:12] - Attempting to store 3 logs for user 2
2025-04-15 09:41:36,422 - proctoring - DEBUG - [log_service.py:26] - Created log entry: {'time': '2025-04-15 09:41:36.325352', 'event': 'Face detected', 'event_type': 'face_detected'}
2025-04-15 09:41:36,422 - proctoring - DEBUG - [log_service.py:26] - Created log entry: {'time': '2025-04-15 09:41:36.329370', 'event': 'Mouth movement detected'}
2025-04-15 09:41:36,422 - proctoring - DEBUG - [log_service.py:26] - Created log entry: {'time': '2025-04-15 09:41:36.325431', 'event': 'Hand detected'}
2025-04-15 09:41:36,424 - proctoring - INFO - [log_service.py:40] - Successfully stored 3 logs
2025-04-15 09:41:36,426 - proctoring - DEBUG - [image_utils.py:43] - Decoded base64 data length: 20015
2025-04-15 09:41:36,427 - proctoring - INFO - [detection_service.py:16] - Processing new frame
2025-04-15 09:41:36,437 - proctoring - INFO - [detection_service.py:34] - Face detection found 1 events
2025-04-15 09:41:36,453 - proctoring - INFO - [detection_service.py:34] - Face Mesh detection found 1 events
2025-04-15 09:41:36,462 - proctoring - INFO - [hand_detection.py:25] - Hand detected
2025-04-15 09:41:36,465 - proctoring - INFO - [detection_service.py:34] - Hand detection found 1 events
2025-04-15 09:41:36,527 - proctoring - DEBUG - [detection_service.py:37] - No YOLO detections
2025-04-15 09:41:36,527 - proctoring - INFO - [detection_service.py:42] - Total events detected: 3
2025-04-15 09:41:36,527 - proctoring - INFO - [log_service.py:12] - Attempting to store 3 logs for user 2
2025-04-15 09:41:36,527 - proctoring - DEBUG - [log_service.py:26] - Created log entry: {'time': '2025-04-15 09:41:36.427272', 'event': 'Face detected', 'event_type': 'face_detected'}
2025-04-15 09:41:36,527 - proctoring - DEBUG - [log_service.py:26] - Created log entry: {'time': '2025-04-15 09:41:36.431347', 'event': 'Mouth movement detected'}
2025-04-15 09:41:36,527 - proctoring - DEBUG - [log_service.py:26] - Created log entry: {'time': '2025-04-15 09:41:36.427361', 'event': 'Hand detected'}
2025-04-15 09:41:36,529 - proctoring - INFO - [log_service.py:40] - Successfully stored 3 logs
2025-04-15 09:41:36,531 - proctoring - DEBUG - [image_utils.py:43] - Decoded base64 data length: 19968
2025-04-15 09:41:36,532 - proctoring - INFO - [detection_service.py:16] - Processing new frame
2025-04-15 09:41:36,542 - proctoring - INFO - [detection_service.py:34] - Face detection found 1 events
2025-04-15 09:41:36,556 - proctoring - INFO - [detection_service.py:34] - Face Mesh detection found 1 events
2025-04-15 09:41:36,570 - proctoring - INFO - [hand_detection.py:25] - Hand detected
2025-04-15 09:41:36,573 - proctoring - INFO - [detection_service.py:34] - Hand detection found 1 events
2025-04-15 09:41:36,632 - proctoring - INFO - [detection_service.py:34] - YOLO detection found 1 events
2025-04-15 09:41:36,632 - proctoring - INFO - [detection_service.py:42] - Total events detected: 4
2025-04-15 09:41:36,632 - proctoring - INFO - [log_service.py:12] - Attempting to store 4 logs for user 2
2025-04-15 09:41:36,632 - proctoring - DEBUG - [log_service.py:26] - Created log entry: {'time': '2025-04-15 09:41:36.532138', 'event': 'Face detected', 'event_type': 'face_detected'}
2025-04-15 09:41:36,632 - proctoring - DEBUG - [log_service.py:26] - Created log entry: {'time': '2025-04-15 09:41:36.536328', 'event': 'Mouth movement detected'}
2025-04-15 09:41:36,632 - proctoring - DEBUG - [log_service.py:26] - Created log entry: {'time': '2025-04-15 09:41:36.532231', 'event': 'Hand detected'}
2025-04-15 09:41:36,632 - proctoring - DEBUG - [log_service.py:26] - Created log entry: {'time': '2025-04-15 09:41:36.541494', 'event': 'Phone detected', 'event_type': 'phone_detected', 'details': ''}
2025-04-15 09:41:36,634 - proctoring - INFO - [log_service.py:40] - Successfully stored 4 logs
2025-04-15 09:41:36,636 - proctoring - DEBUG - [image_utils.py:43] - Decoded base64 data length: 19905
2025-04-15 09:41:36,637 - proctoring - INFO - [detection_service.py:16] - Processing new frame
2025-04-15 09:41:36,650 - proctoring - INFO - [detection_service.py:34] - Face detection found 1 events
2025-04-15 09:41:36,665 - proctoring - INFO - [detection_service.py:34] - Face Mesh detection found 1 events
2025-04-15 09:41:36,677 - proctoring - INFO - [hand_detection.py:25] - Hand detected
2025-04-15 09:41:36,684 - proctoring - INFO - [detection_service.py:34] - Hand detection found 1 events
2025-04-15 09:41:36,750 - proctoring - INFO - [detection_service.py:34] - YOLO detection found 1 events
2025-04-15 09:41:36,750 - proctoring - INFO - [detection_service.py:42] - Total events detected: 4
2025-04-15 09:41:36,750 - proctoring - INFO - [log_service.py:12] - Attempting to store 4 logs for user 2
2025-04-15 09:41:36,750 - proctoring - DEBUG - [log_service.py:26] - Created log entry: {'time': '2025-04-15 09:41:36.637504', 'event': 'Face detected', 'event_type': 'face_detected'}
2025-04-15 09:41:36,750 - proctoring - DEBUG - [log_service.py:26] - Created log entry: {'time': '2025-04-15 09:41:36.642035', 'event': 'Mouth movement detected'}
2025-04-15 09:41:36,750 - proctoring - DEBUG - [log_service.py:26] - Created log entry: {'time': '2025-04-15 09:41:36.637604', 'event': 'Hand detected'}
2025-04-15 09:41:36,750 - proctoring - DEBUG - [log_service.py:26] - Created log entry: {'time': '2025-04-15 09:41:36.647542', 'event': 'Phone detected', 'event_type': 'phone_detected', 'details': ''}
2025-04-15 09:41:36,752 - proctoring - INFO - [log_service.py:40] - Successfully stored 4 logs
2025-04-15 09:41:36,755 - proctoring - DEBUG - [image_utils.py:43] - Decoded base64 data length: 19822
2025-04-15 09:41:36,755 - proctoring - INFO - [detection_service.py:16] - Processing new frame
2025-04-15 09:41:36,769 - proctoring - INFO - [detection_service.py:34] - Face detection found 1 events
2025-04-15 09:41:36,781 - proctoring - INFO - [detection_service.py:34] - Face Mesh detection found 1 events
2025-04-15 09:41:36,792 - proctoring - INFO - [hand_detection.py:25] - Hand detected
2025-04-15 09:41:36,797 - proctoring - INFO - [detection_service.py:34] - Hand detection found 1 events
2025-04-15 09:41:36,859 - proctoring - INFO - [detection_service.py:34] - YOLO detection found 1 events
2025-04-15 09:41:36,859 - proctoring - INFO - [detection_service.py:42] - Total events detected: 4
2025-04-15 09:41:36,859 - proctoring - INFO - [log_service.py:12] - Attempting to store 4 logs for user 2
2025-04-15 09:41:36,859 - proctoring - DEBUG - [log_service.py:26] - Created log entry: {'time': '2025-04-15 09:41:36.755635', 'event': 'Face detected', 'event_type': 'face_detected'}
2025-04-15 09:41:36,859 - proctoring - DEBUG - [log_service.py:26] - Created log entry: {'time': '2025-04-15 09:41:36.759674', 'event': 'Mouth movement detected'}
2025-04-15 09:41:36,859 - proctoring - DEBUG - [log_service.py:26] - Created log entry: {'time': '2025-04-15 09:41:36.755810', 'event': 'Hand detected'}
2025-04-15 09:41:36,859 - proctoring - DEBUG - [log_service.py:26] - Created log entry: {'time': '2025-04-15 09:41:36.766084', 'event': 'Phone detected', 'event_type': 'phone_detected', 'details': ''}
2025-04-15 09:41:36,861 - proctoring - INFO - [log_service.py:40] - Successfully stored 4 logs
2025-04-15 09:41:36,864 - proctoring - DEBUG - [image_utils.py:43] - Decoded base64 data length: 19770
2025-04-15 09:41:36,864 - proctoring - INFO - [detection_service.py:16] - Processing new frame
2025-04-15 09:41:36,877 - proctoring - INFO - [detection_service.py:34] - Face detection found 1 events
2025-04-15 09:41:36,889 - proctoring - INFO - [detection_service.py:34] - Face Mesh detection found 1 events
2025-04-15 09:41:36,904 - proctoring - INFO - [hand_detection.py:25] - Hand detected
2025-04-15 09:41:36,909 - proctoring - INFO - [detection_service.py:34] - Hand detection found 1 events
2025-04-15 09:41:36,976 - proctoring - DEBUG - [detection_service.py:37] - No YOLO detections
2025-04-15 09:41:36,976 - proctoring - INFO - [detection_service.py:42] - Total events detected: 3
2025-04-15 09:41:36,976 - proctoring - INFO - [log_service.py:12] - Attempting to store 3 logs for user 2
2025-04-15 09:41:36,976 - proctoring - DEBUG - [log_service.py:26] - Created log entry: {'time': '2025-04-15 09:41:36.864700', 'event': 'Face detected', 'event_type': 'face_detected'}
2025-04-15 09:41:36,976 - proctoring - DEBUG - [log_service.py:26] - Created log entry: {'time': '2025-04-15 09:41:36.870036', 'event': 'Mouth movement detected'}
2025-04-15 09:41:36,976 - proctoring - DEBUG - [log_service.py:26] - Created log entry: {'time': '2025-04-15 09:41:36.864786', 'event': 'Hand detected'}
2025-04-15 09:41:36,978 - proctoring - INFO - [log_service.py:40] - Successfully stored 3 logs
2025-04-15 09:41:36,981 - proctoring - DEBUG - [image_utils.py:43] - Decoded base64 data length: 19903
2025-04-15 09:41:36,981 - proctoring - INFO - [detection_service.py:16] - Processing new frame
2025-04-15 09:41:36,993 - proctoring - INFO - [detection_service.py:34] - Face detection found 1 events
2025-04-15 09:41:37,005 - proctoring - INFO - [detection_service.py:34] - Face Mesh detection found 1 events
2025-04-15 09:41:37,013 - proctoring - DEBUG - [detection_service.py:37] - No Hand detections
2025-04-15 09:41:37,085 - proctoring - INFO - [detection_service.py:34] - YOLO detection found 1 events
2025-04-15 09:41:37,085 - proctoring - INFO - [detection_service.py:42] - Total events detected: 3
2025-04-15 09:41:37,085 - proctoring - INFO - [log_service.py:12] - Attempting to store 3 logs for user 2
2025-04-15 09:41:37,086 - proctoring - DEBUG - [log_service.py:26] - Created log entry: {'time': '2025-04-15 09:41:36.981910', 'event': 'Face detected', 'event_type': 'face_detected'}
2025-04-15 09:41:37,086 - proctoring - DEBUG - [log_service.py:26] - Created log entry: {'time': '2025-04-15 09:41:36.986865', 'event': 'Mouth movement detected'}
2025-04-15 09:41:37,086 - proctoring - DEBUG - [log_service.py:26] - Created log entry: {'time': '2025-04-15 09:41:36.993598', 'event': 'Phone detected', 'event_type': 'phone_detected', 'details': ''}
2025-04-15 09:41:37,088 - proctoring - INFO - [log_service.py:40] - Successfully stored 3 logs
2025-04-15 09:41:37,090 - proctoring - DEBUG - [image_utils.py:43] - Decoded base64 data length: 19847
2025-04-15 09:41:37,091 - proctoring - INFO - [detection_service.py:16] - Processing new frame
2025-04-15 09:41:37,105 - proctoring - INFO - [detection_service.py:34] - Face detection found 1 events
2025-04-15 09:41:37,115 - proctoring - INFO - [detection_service.py:34] - Face Mesh detection found 1 events
2025-04-15 09:41:37,131 - proctoring - INFO - [hand_detection.py:25] - Hand detected
2025-04-15 09:41:37,135 - proctoring - INFO - [detection_service.py:34] - Hand detection found 1 events
2025-04-15 09:41:37,200 - proctoring - INFO - [detection_service.py:34] - YOLO detection found 1 events
2025-04-15 09:41:37,200 - proctoring - INFO - [detection_service.py:42] - Total events detected: 4
2025-04-15 09:41:37,200 - proctoring - INFO - [log_service.py:12] - Attempting to store 4 logs for user 2
2025-04-15 09:41:37,200 - proctoring - DEBUG - [log_service.py:26] - Created log entry: {'time': '2025-04-15 09:41:37.091161', 'event': 'Face detected', 'event_type': 'face_detected'}
2025-04-15 09:41:37,200 - proctoring - DEBUG - [log_service.py:26] - Created log entry: {'time': '2025-04-15 09:41:37.096279', 'event': 'Mouth movement detected'}
2025-04-15 09:41:37,200 - proctoring - DEBUG - [log_service.py:26] - Created log entry: {'time': '2025-04-15 09:41:37.091466', 'event': 'Hand detected'}
2025-04-15 09:41:37,200 - proctoring - DEBUG - [log_service.py:26] - Created log entry: {'time': '2025-04-15 09:41:37.103724', 'event': 'Phone detected', 'event_type': 'phone_detected', 'details': ''}
2025-04-15 09:41:37,203 - proctoring - INFO - [log_service.py:40] - Successfully stored 4 logs
2025-04-15 09:41:37,205 - proctoring - DEBUG - [image_utils.py:43] - Decoded base64 data length: 19584
2025-04-15 09:41:37,205 - proctoring - INFO - [detection_service.py:16] - Processing new frame
2025-04-15 09:41:37,216 - proctoring - INFO - [detection_service.py:34] - Face detection found 1 events
2025-04-15 09:41:37,231 - proctoring - INFO - [detection_service.py:34] - Face Mesh detection found 1 events
2025-04-15 09:41:37,235 - proctoring - DEBUG - [detection_service.py:37] - No Hand detections
2025-04-15 09:41:37,312 - proctoring - INFO - [detection_service.py:34] - YOLO detection found 1 events
2025-04-15 09:41:37,312 - proctoring - INFO - [detection_service.py:42] - Total events detected: 3
2025-04-15 09:41:37,312 - proctoring - INFO - [log_service.py:12] - Attempting to store 3 logs for user 2
2025-04-15 09:41:37,313 - proctoring - DEBUG - [log_service.py:26] - Created log entry: {'time': '2025-04-15 09:41:37.205688', 'event': 'Face detected', 'event_type': 'face_detected'}
2025-04-15 09:41:37,313 - proctoring - DEBUG - [log_service.py:26] - Created log entry: {'time': '2025-04-15 09:41:37.209753', 'event': 'Mouth movement detected'}
2025-04-15 09:41:37,313 - proctoring - DEBUG - [log_service.py:26] - Created log entry: {'time': '2025-04-15 09:41:37.215176', 'event': 'Phone detected', 'event_type': 'phone_detected', 'details': ''}
2025-04-15 09:41:37,315 - proctoring - INFO - [log_service.py:40] - Successfully stored 3 logs
2025-04-15 09:41:37,317 - proctoring - DEBUG - [image_utils.py:43] - Decoded base64 data length: 19258
2025-04-15 09:41:37,317 - proctoring - INFO - [detection_service.py:16] - Processing new frame
2025-04-15 09:41:37,328 - proctoring - INFO - [detection_service.py:34] - Face detection found 1 events
2025-04-15 09:41:37,339 - proctoring - INFO - [detection_service.py:34] - Face Mesh detection found 1 events
2025-04-15 09:41:37,343 - proctoring - DEBUG - [detection_service.py:37] - No Hand detections
2025-04-15 09:41:37,423 - proctoring - INFO - [detection_service.py:34] - YOLO detection found 1 events
2025-04-15 09:41:37,423 - proctoring - INFO - [detection_service.py:42] - Total events detected: 3
2025-04-15 09:41:37,423 - proctoring - INFO - [log_service.py:12] - Attempting to store 3 logs for user 2
2025-04-15 09:41:37,423 - proctoring - DEBUG - [log_service.py:26] - Created log entry: {'time': '2025-04-15 09:41:37.317574', 'event': 'Face detected', 'event_type': 'face_detected'}
2025-04-15 09:41:37,423 - proctoring - DEBUG - [log_service.py:26] - Created log entry: {'time': '2025-04-15 09:41:37.321346', 'event': 'Mouth movement detected'}
2025-04-15 09:41:37,423 - proctoring - DEBUG - [log_service.py:26] - Created log entry: {'time': '2025-04-15 09:41:37.327414', 'event': 'Phone detected', 'event_type': 'phone_detected', 'details': ''}
2025-04-15 09:41:37,426 - proctoring - INFO - [log_service.py:40] - Successfully stored 3 logs
2025-04-15 09:41:37,428 - proctoring - DEBUG - [image_utils.py:43] - Decoded base64 data length: 19055
2025-04-15 09:41:37,428 - proctoring - INFO - [detection_service.py:16] - Processing new frame
2025-04-15 09:41:37,438 - proctoring - INFO - [detection_service.py:34] - Face detection found 1 events
2025-04-15 09:41:37,449 - proctoring - INFO - [detection_service.py:34] - Face Mesh detection found 1 events
2025-04-15 09:41:37,455 - proctoring - DEBUG - [detection_service.py:37] - No Hand detections
2025-04-15 09:41:37,523 - proctoring - INFO - [detection_service.py:34] - YOLO detection found 1 events
2025-04-15 09:41:37,524 - proctoring - INFO - [detection_service.py:42] - Total events detected: 3
2025-04-15 09:41:37,524 - proctoring - INFO - [log_service.py:12] - Attempting to store 3 logs for user 2
2025-04-15 09:41:37,524 - proctoring - DEBUG - [log_service.py:26] - Created log entry: {'time': '2025-04-15 09:41:37.428569', 'event': 'Face detected', 'event_type': 'face_detected'}
2025-04-15 09:41:37,524 - proctoring - DEBUG - [log_service.py:26] - Created log entry: {'time': '2025-04-15 09:41:37.432399', 'event': 'Mouth movement detected'}
2025-04-15 09:41:37,524 - proctoring - DEBUG - [log_service.py:26] - Created log entry: {'time': '2025-04-15 09:41:37.437345', 'event': 'Phone detected', 'event_type': 'phone_detected', 'details': ''}
2025-04-15 09:41:37,526 - proctoring - INFO - [log_service.py:40] - Successfully stored 3 logs
2025-04-15 09:41:37,528 - proctoring - DEBUG - [image_utils.py:43] - Decoded base64 data length: 19267
2025-04-15 09:41:37,529 - proctoring - INFO - [detection_service.py:16] - Processing new frame
2025-04-15 09:41:37,538 - proctoring - INFO - [detection_service.py:34] - Face detection found 1 events
2025-04-15 09:41:37,549 - proctoring - INFO - [detection_service.py:34] - Face Mesh detection found 1 events
2025-04-15 09:41:37,558 - proctoring - DEBUG - [detection_service.py:37] - No Hand detections
2025-04-15 09:41:37,627 - proctoring - INFO - [detection_service.py:34] - YOLO detection found 1 events
2025-04-15 09:41:37,627 - proctoring - INFO - [detection_service.py:42] - Total events detected: 3
2025-04-15 09:41:37,627 - proctoring - INFO - [log_service.py:12] - Attempting to store 3 logs for user 2
2025-04-15 09:41:37,627 - proctoring - DEBUG - [log_service.py:26] - Created log entry: {'time': '2025-04-15 09:41:37.529113', 'event': 'Face detected', 'event_type': 'face_detected'}
2025-04-15 09:41:37,627 - proctoring - DEBUG - [log_service.py:26] - Created log entry: {'time': '2025-04-15 09:41:37.532803', 'event': 'Mouth movement detected'}
2025-04-15 09:41:37,627 - proctoring - DEBUG - [log_service.py:26] - Created log entry: {'time': '2025-04-15 09:41:37.538388', 'event': 'Phone detected', 'event_type': 'phone_detected', 'details': ''}
2025-04-15 09:41:37,629 - proctoring - INFO - [log_service.py:40] - Successfully stored 3 logs
2025-04-15 09:41:37,631 - proctoring - DEBUG - [image_utils.py:43] - Decoded base64 data length: 19417
2025-04-15 09:41:37,631 - proctoring - INFO - [detection_service.py:16] - Processing new frame
2025-04-15 09:41:37,645 - proctoring - INFO - [detection_service.py:34] - Face detection found 1 events
2025-04-15 09:41:37,657 - proctoring - INFO - [detection_service.py:34] - Face Mesh detection found 1 events
2025-04-15 09:41:37,661 - proctoring - DEBUG - [detection_service.py:37] - No Hand detections
2025-04-15 09:41:37,742 - proctoring - DEBUG - [detection_service.py:37] - No YOLO detections
2025-04-15 09:41:37,742 - proctoring - INFO - [detection_service.py:42] - Total events detected: 2
2025-04-15 09:41:37,742 - proctoring - INFO - [log_service.py:12] - Attempting to store 2 logs for user 2
2025-04-15 09:41:37,742 - proctoring - DEBUG - [log_service.py:26] - Created log entry: {'time': '2025-04-15 09:41:37.631652', 'event': 'Face detected', 'event_type': 'face_detected'}
2025-04-15 09:41:37,742 - proctoring - DEBUG - [log_service.py:26] - Created log entry: {'time': '2025-04-15 09:41:37.636826', 'event': 'Mouth movement detected'}
2025-04-15 09:41:37,745 - proctoring - INFO - [log_service.py:40] - Successfully stored 2 logs
2025-04-15 09:41:37,746 - proctoring - DEBUG - [image_utils.py:43] - Decoded base64 data length: 19308
2025-04-15 09:41:37,746 - proctoring - INFO - [detection_service.py:16] - Processing new frame
2025-04-15 09:41:37,760 - proctoring - INFO - [detection_service.py:34] - Face detection found 1 events
2025-04-15 09:41:37,777 - proctoring - INFO - [detection_service.py:34] - Face Mesh detection found 1 events
2025-04-15 09:41:37,780 - proctoring - DEBUG - [detection_service.py:37] - No Hand detections
2025-04-15 09:41:37,859 - proctoring - DEBUG - [detection_service.py:37] - No YOLO detections
2025-04-15 09:41:37,859 - proctoring - INFO - [detection_service.py:42] - Total events detected: 2
2025-04-15 09:41:37,859 - proctoring - INFO - [log_service.py:12] - Attempting to store 2 logs for user 2
2025-04-15 09:41:37,859 - proctoring - DEBUG - [log_service.py:26] - Created log entry: {'time': '2025-04-15 09:41:37.747067', 'event': 'Face detected', 'event_type': 'face_detected'}
2025-04-15 09:41:37,859 - proctoring - DEBUG - [log_service.py:26] - Created log entry: {'time': '2025-04-15 09:41:37.752933', 'event': 'Mouth movement detected'}
2025-04-15 09:41:37,861 - proctoring - INFO - [log_service.py:40] - Successfully stored 2 logs
2025-04-15 09:41:37,862 - proctoring - DEBUG - [image_utils.py:43] - Decoded base64 data length: 19149
2025-04-15 09:41:37,863 - proctoring - INFO - [detection_service.py:16] - Processing new frame
2025-04-15 09:41:37,874 - proctoring - INFO - [detection_service.py:34] - Face detection found 1 events
2025-04-15 09:41:37,888 - proctoring - INFO - [detection_service.py:34] - Face Mesh detection found 1 events
2025-04-15 09:41:37,892 - proctoring - DEBUG - [detection_service.py:37] - No Hand detections
2025-04-15 09:41:37,962 - proctoring - DEBUG - [detection_service.py:37] - No YOLO detections
2025-04-15 09:41:37,962 - proctoring - INFO - [detection_service.py:42] - Total events detected: 2
2025-04-15 09:41:37,962 - proctoring - INFO - [log_service.py:12] - Attempting to store 2 logs for user 2
2025-04-15 09:41:37,962 - proctoring - DEBUG - [log_service.py:26] - Created log entry: {'time': '2025-04-15 09:41:37.863208', 'event': 'Face detected', 'event_type': 'face_detected'}
2025-04-15 09:41:37,962 - proctoring - DEBUG - [log_service.py:26] - Created log entry: {'time': '2025-04-15 09:41:37.867126', 'event': 'Mouth movement detected'}
2025-04-15 09:41:37,964 - proctoring - INFO - [log_service.py:40] - Successfully stored 2 logs
2025-04-15 09:41:37,966 - proctoring - DEBUG - [image_utils.py:43] - Decoded base64 data length: 19269
2025-04-15 09:41:37,966 - proctoring - INFO - [detection_service.py:16] - Processing new frame
2025-04-15 09:41:37,977 - proctoring - INFO - [detection_service.py:34] - Face detection found 1 events
2025-04-15 09:41:37,994 - proctoring - INFO - [detection_service.py:34] - Face Mesh detection found 1 events
2025-04-15 09:41:38,175 - proctoring - DEBUG - [detection_service.py:37] - No Hand detections
2025-04-15 09:41:38,252 - proctoring - DEBUG - [detection_service.py:37] - No YOLO detections
2025-04-15 09:41:38,252 - proctoring - INFO - [detection_service.py:42] - Total events detected: 2
2025-04-15 09:41:38,252 - proctoring - INFO - [log_service.py:12] - Attempting to store 2 logs for user 2
2025-04-15 09:41:38,252 - proctoring - DEBUG - [log_service.py:26] - Created log entry: {'time': '2025-04-15 09:41:37.966810', 'event': 'Face detected', 'event_type': 'face_detected'}
2025-04-15 09:41:38,252 - proctoring - DEBUG - [log_service.py:26] - Created log entry: {'time': '2025-04-15 09:41:37.971101', 'event': 'Mouth movement detected'}
2025-04-15 09:41:38,254 - proctoring - INFO - [log_service.py:40] - Successfully stored 2 logs
2025-04-15 09:41:38,256 - proctoring - DEBUG - [image_utils.py:43] - Decoded base64 data length: 19312
2025-04-15 09:41:38,257 - proctoring - INFO - [detection_service.py:16] - Processing new frame
2025-04-15 09:41:38,272 - proctoring - INFO - [detection_service.py:34] - Face detection found 1 events
2025-04-15 09:41:38,284 - proctoring - INFO - [detection_service.py:34] - Face Mesh detection found 1 events
2025-04-15 09:41:38,288 - proctoring - DEBUG - [detection_service.py:37] - No Hand detections
2025-04-15 09:41:38,359 - proctoring - DEBUG - [detection_service.py:37] - No YOLO detections
2025-04-15 09:41:38,359 - proctoring - INFO - [detection_service.py:42] - Total events detected: 2
2025-04-15 09:41:38,359 - proctoring - INFO - [log_service.py:12] - Attempting to store 2 logs for user 2
2025-04-15 09:41:38,359 - proctoring - DEBUG - [log_service.py:26] - Created log entry: {'time': '2025-04-15 09:41:38.257377', 'event': 'Face detected', 'event_type': 'face_detected'}
2025-04-15 09:41:38,359 - proctoring - DEBUG - [log_service.py:26] - Created log entry: {'time': '2025-04-15 09:41:38.261388', 'event': 'Mouth movement detected'}
2025-04-15 09:41:38,361 - proctoring - INFO - [log_service.py:40] - Successfully stored 2 logs
2025-04-15 09:41:38,363 - proctoring - DEBUG - [image_utils.py:43] - Decoded base64 data length: 19290
2025-04-15 09:41:38,363 - proctoring - INFO - [detection_service.py:16] - Processing new frame
2025-04-15 09:41:38,376 - proctoring - INFO - [detection_service.py:34] - Face detection found 1 events
2025-04-15 09:41:38,392 - proctoring - INFO - [detection_service.py:34] - Face Mesh detection found 1 events
2025-04-15 09:41:38,396 - proctoring - DEBUG - [detection_service.py:37] - No Hand detections
2025-04-15 09:41:38,464 - proctoring - DEBUG - [detection_service.py:37] - No YOLO detections
2025-04-15 09:41:38,464 - proctoring - INFO - [detection_service.py:42] - Total events detected: 2
2025-04-15 09:41:38,464 - proctoring - INFO - [log_service.py:12] - Attempting to store 2 logs for user 2
2025-04-15 09:41:38,464 - proctoring - DEBUG - [log_service.py:26] - Created log entry: {'time': '2025-04-15 09:41:38.363688', 'event': 'Face detected', 'event_type': 'face_detected'}
2025-04-15 09:41:38,464 - proctoring - DEBUG - [log_service.py:26] - Created log entry: {'time': '2025-04-15 09:41:38.369509', 'event': 'Mouth movement detected'}
2025-04-15 09:41:38,466 - proctoring - INFO - [log_service.py:40] - Successfully stored 2 logs
2025-04-15 09:41:38,467 - proctoring - DEBUG - [image_utils.py:43] - Decoded base64 data length: 19207
2025-04-15 09:41:38,468 - proctoring - INFO - [detection_service.py:16] - Processing new frame
2025-04-15 09:41:38,481 - proctoring - INFO - [detection_service.py:34] - Face detection found 1 events
2025-04-15 09:41:38,496 - proctoring - INFO - [detection_service.py:34] - Face Mesh detection found 1 events
2025-04-15 09:41:38,496 - proctoring - DEBUG - [detection_service.py:37] - No Hand detections
2025-04-15 09:41:38,574 - proctoring - DEBUG - [detection_service.py:37] - No YOLO detections
2025-04-15 09:41:38,574 - proctoring - INFO - [detection_service.py:42] - Total events detected: 2
2025-04-15 09:41:38,574 - proctoring - INFO - [log_service.py:12] - Attempting to store 2 logs for user 2
2025-04-15 09:41:38,574 - proctoring - DEBUG - [log_service.py:26] - Created log entry: {'time': '2025-04-15 09:41:38.468406', 'event': 'Face detected', 'event_type': 'face_detected'}
2025-04-15 09:41:38,574 - proctoring - DEBUG - [log_service.py:26] - Created log entry: {'time': '2025-04-15 09:41:38.473819', 'event': 'Mouth movement detected'}
2025-04-15 09:41:38,576 - proctoring - INFO - [log_service.py:40] - Successfully stored 2 logs
2025-04-15 09:41:38,578 - proctoring - DEBUG - [image_utils.py:43] - Decoded base64 data length: 19208
2025-04-15 09:41:38,579 - proctoring - INFO - [detection_service.py:16] - Processing new frame
2025-04-15 09:41:38,590 - proctoring - INFO - [detection_service.py:34] - Face detection found 1 events
2025-04-15 09:41:38,605 - proctoring - INFO - [detection_service.py:34] - Face Mesh detection found 1 events
2025-04-15 09:41:38,609 - proctoring - DEBUG - [detection_service.py:37] - No Hand detections
2025-04-15 09:41:38,684 - proctoring - DEBUG - [detection_service.py:37] - No YOLO detections
2025-04-15 09:41:38,684 - proctoring - INFO - [detection_service.py:42] - Total events detected: 2
2025-04-15 09:41:38,684 - proctoring - INFO - [log_service.py:12] - Attempting to store 2 logs for user 2
2025-04-15 09:41:38,684 - proctoring - DEBUG - [log_service.py:26] - Created log entry: {'time': '2025-04-15 09:41:38.579490', 'event': 'Face detected', 'event_type': 'face_detected'}
2025-04-15 09:41:38,684 - proctoring - DEBUG - [log_service.py:26] - Created log entry: {'time': '2025-04-15 09:41:38.583763', 'event': 'Mouth movement detected'}
2025-04-15 09:41:38,687 - proctoring - INFO - [log_service.py:40] - Successfully stored 2 logs
2025-04-15 09:41:38,688 - proctoring - DEBUG - [image_utils.py:43] - Decoded base64 data length: 19362
2025-04-15 09:41:38,689 - proctoring - INFO - [detection_service.py:16] - Processing new frame
2025-04-15 09:41:38,701 - proctoring - INFO - [detection_service.py:34] - Face detection found 1 events
2025-04-15 09:41:38,714 - proctoring - INFO - [detection_service.py:34] - Face Mesh detection found 1 events
2025-04-15 09:41:38,718 - proctoring - DEBUG - [detection_service.py:37] - No Hand detections
2025-04-15 09:41:38,790 - proctoring - DEBUG - [detection_service.py:37] - No YOLO detections
2025-04-15 09:41:38,790 - proctoring - INFO - [detection_service.py:42] - Total events detected: 2
2025-04-15 09:41:38,790 - proctoring - INFO - [log_service.py:12] - Attempting to store 2 logs for user 2
2025-04-15 09:41:38,790 - proctoring - DEBUG - [log_service.py:26] - Created log entry: {'time': '2025-04-15 09:41:38.689090', 'event': 'Face detected', 'event_type': 'face_detected'}
2025-04-15 09:41:38,790 - proctoring - DEBUG - [log_service.py:26] - Created log entry: {'time': '2025-04-15 09:41:38.693648', 'event': 'Mouth movement detected'}
2025-04-15 09:41:38,792 - proctoring - INFO - [log_service.py:40] - Successfully stored 2 logs
2025-04-15 09:41:38,794 - proctoring - DEBUG - [image_utils.py:43] - Decoded base64 data length: 19446
2025-04-15 09:41:38,794 - proctoring - INFO - [detection_service.py:16] - Processing new frame
2025-04-15 09:41:38,807 - proctoring - INFO - [detection_service.py:34] - Face detection found 1 events
2025-04-15 09:41:38,819 - proctoring - INFO - [detection_service.py:34] - Face Mesh detection found 1 events
2025-04-15 09:41:38,824 - proctoring - DEBUG - [detection_service.py:37] - No Hand detections
2025-04-15 09:41:38,900 - proctoring - DEBUG - [detection_service.py:37] - No YOLO detections
2025-04-15 09:41:38,900 - proctoring - INFO - [detection_service.py:42] - Total events detected: 2
2025-04-15 09:41:38,900 - proctoring - INFO - [log_service.py:12] - Attempting to store 2 logs for user 2
2025-04-15 09:41:38,900 - proctoring - DEBUG - [log_service.py:26] - Created log entry: {'time': '2025-04-15 09:41:38.794994', 'event': 'Face detected', 'event_type': 'face_detected'}
2025-04-15 09:41:38,900 - proctoring - DEBUG - [log_service.py:26] - Created log entry: {'time': '2025-04-15 09:41:38.799138', 'event': 'Mouth movement detected'}
2025-04-15 09:41:38,902 - proctoring - INFO - [log_service.py:40] - Successfully stored 2 logs
2025-04-15 09:41:38,904 - proctoring - DEBUG - [image_utils.py:43] - Decoded base64 data length: 19536
2025-04-15 09:41:38,904 - proctoring - INFO - [detection_service.py:16] - Processing new frame
2025-04-15 09:41:38,918 - proctoring - INFO - [detection_service.py:34] - Face detection found 1 events
2025-04-15 09:41:38,930 - proctoring - INFO - [detection_service.py:34] - Face Mesh detection found 1 events
2025-04-15 09:41:38,933 - proctoring - DEBUG - [detection_service.py:37] - No Hand detections
2025-04-15 09:41:39,015 - proctoring - DEBUG - [detection_service.py:37] - No YOLO detections
2025-04-15 09:41:39,015 - proctoring - INFO - [detection_service.py:42] - Total events detected: 2
2025-04-15 09:41:39,015 - proctoring - INFO - [log_service.py:12] - Attempting to store 2 logs for user 2
2025-04-15 09:41:39,015 - proctoring - DEBUG - [log_service.py:26] - Created log entry: {'time': '2025-04-15 09:41:38.904871', 'event': 'Face detected', 'event_type': 'face_detected'}
2025-04-15 09:41:39,015 - proctoring - DEBUG - [log_service.py:26] - Created log entry: {'time': '2025-04-15 09:41:38.909753', 'event': 'Mouth movement detected'}
2025-04-15 09:41:39,017 - proctoring - INFO - [log_service.py:40] - Successfully stored 2 logs
2025-04-15 09:41:39,020 - proctoring - DEBUG - [image_utils.py:43] - Decoded base64 data length: 19577
2025-04-15 09:41:39,020 - proctoring - INFO - [detection_service.py:16] - Processing new frame
2025-04-15 09:41:39,031 - proctoring - INFO - [detection_service.py:34] - Face detection found 1 events
2025-04-15 09:41:39,044 - proctoring - INFO - [detection_service.py:34] - Face Mesh detection found 1 events
2025-04-15 09:41:39,048 - proctoring - DEBUG - [detection_service.py:37] - No Hand detections
2025-04-15 09:41:39,123 - proctoring - DEBUG - [detection_service.py:37] - No YOLO detections
2025-04-15 09:41:39,123 - proctoring - INFO - [detection_service.py:42] - Total events detected: 2
2025-04-15 09:41:39,123 - proctoring - INFO - [log_service.py:12] - Attempting to store 2 logs for user 2
2025-04-15 09:41:39,123 - proctoring - DEBUG - [log_service.py:26] - Created log entry: {'time': '2025-04-15 09:41:39.020812', 'event': 'Face detected', 'event_type': 'face_detected'}
2025-04-15 09:41:39,123 - proctoring - DEBUG - [log_service.py:26] - Created log entry: {'time': '2025-04-15 09:41:39.024743', 'event': 'Mouth movement detected'}
2025-04-15 09:41:39,125 - proctoring - INFO - [log_service.py:40] - Successfully stored 2 logs
2025-04-15 09:41:39,126 - proctoring - DEBUG - [image_utils.py:43] - Decoded base64 data length: 19447
2025-04-15 09:41:39,127 - proctoring - INFO - [detection_service.py:16] - Processing new frame
2025-04-15 09:41:39,140 - proctoring - INFO - [detection_service.py:34] - Face detection found 1 events
2025-04-15 09:41:39,154 - proctoring - INFO - [detection_service.py:34] - Face Mesh detection found 1 events
2025-04-15 09:41:39,157 - proctoring - DEBUG - [detection_service.py:37] - No Hand detections
2025-04-15 09:41:39,231 - proctoring - DEBUG - [detection_service.py:37] - No YOLO detections
2025-04-15 09:41:39,231 - proctoring - INFO - [detection_service.py:42] - Total events detected: 2
2025-04-15 09:41:39,231 - proctoring - INFO - [log_service.py:12] - Attempting to store 2 logs for user 2
2025-04-15 09:41:39,232 - proctoring - DEBUG - [log_service.py:26] - Created log entry: {'time': '2025-04-15 09:41:39.127476', 'event': 'Face detected', 'event_type': 'face_detected'}
2025-04-15 09:41:39,232 - proctoring - DEBUG - [log_service.py:26] - Created log entry: {'time': '2025-04-15 09:41:39.132445', 'event': 'Mouth movement detected'}
2025-04-15 09:41:39,234 - proctoring - INFO - [log_service.py:40] - Successfully stored 2 logs
2025-04-15 09:41:39,235 - proctoring - DEBUG - [image_utils.py:43] - Decoded base64 data length: 19359
2025-04-15 09:41:39,236 - proctoring - INFO - [detection_service.py:16] - Processing new frame
2025-04-15 09:41:39,247 - proctoring - INFO - [detection_service.py:34] - Face detection found 1 events
2025-04-15 09:41:39,260 - proctoring - INFO - [detection_service.py:34] - Face Mesh detection found 1 events
2025-04-15 09:41:39,264 - proctoring - DEBUG - [detection_service.py:37] - No Hand detections
2025-04-15 09:41:39,329 - proctoring - DEBUG - [detection_service.py:37] - No YOLO detections
2025-04-15 09:41:39,330 - proctoring - INFO - [detection_service.py:42] - Total events detected: 2
2025-04-15 09:41:39,330 - proctoring - INFO - [log_service.py:12] - Attempting to store 2 logs for user 2
2025-04-15 09:41:39,330 - proctoring - DEBUG - [log_service.py:26] - Created log entry: {'time': '2025-04-15 09:41:39.236373', 'event': 'Face detected', 'event_type': 'face_detected'}
2025-04-15 09:41:39,330 - proctoring - DEBUG - [log_service.py:26] - Created log entry: {'time': '2025-04-15 09:41:39.240100', 'event': 'Mouth movement detected'}
2025-04-15 09:41:39,331 - proctoring - INFO - [log_service.py:40] - Successfully stored 2 logs
2025-04-15 09:41:39,333 - proctoring - DEBUG - [image_utils.py:43] - Decoded base64 data length: 19388
2025-04-15 09:41:39,333 - proctoring - INFO - [detection_service.py:16] - Processing new frame
2025-04-15 09:41:39,344 - proctoring - INFO - [detection_service.py:34] - Face detection found 1 events
2025-04-15 09:41:39,359 - proctoring - INFO - [detection_service.py:34] - Face Mesh detection found 1 events
2025-04-15 09:41:39,362 - proctoring - DEBUG - [detection_service.py:37] - No Hand detections
2025-04-15 09:41:39,431 - proctoring - DEBUG - [detection_service.py:37] - No YOLO detections
2025-04-15 09:41:39,431 - proctoring - INFO - [detection_service.py:42] - Total events detected: 2
2025-04-15 09:41:39,431 - proctoring - INFO - [log_service.py:12] - Attempting to store 2 logs for user 2
2025-04-15 09:41:39,431 - proctoring - DEBUG - [log_service.py:26] - Created log entry: {'time': '2025-04-15 09:41:39.333794', 'event': 'Face detected', 'event_type': 'face_detected'}
2025-04-15 09:41:39,431 - proctoring - DEBUG - [log_service.py:26] - Created log entry: {'time': '2025-04-15 09:41:39.338173', 'event': 'Mouth movement detected'}
2025-04-15 09:41:39,433 - proctoring - INFO - [log_service.py:40] - Successfully stored 2 logs
2025-04-15 09:41:39,435 - proctoring - DEBUG - [image_utils.py:43] - Decoded base64 data length: 19305
2025-04-15 09:41:39,435 - proctoring - INFO - [detection_service.py:16] - Processing new frame
2025-04-15 09:41:39,447 - proctoring - INFO - [detection_service.py:34] - Face detection found 1 events
2025-04-15 09:41:39,460 - proctoring - INFO - [detection_service.py:34] - Face Mesh detection found 1 events
2025-04-15 09:41:39,463 - proctoring - DEBUG - [detection_service.py:37] - No Hand detections
2025-04-15 09:41:39,534 - proctoring - DEBUG - [detection_service.py:37] - No YOLO detections
2025-04-15 09:41:39,534 - proctoring - INFO - [detection_service.py:42] - Total events detected: 2
2025-04-15 09:41:39,534 - proctoring - INFO - [log_service.py:12] - Attempting to store 2 logs for user 2
2025-04-15 09:41:39,534 - proctoring - DEBUG - [log_service.py:26] - Created log entry: {'time': '2025-04-15 09:41:39.435587', 'event': 'Face detected', 'event_type': 'face_detected'}
2025-04-15 09:41:39,534 - proctoring - DEBUG - [log_service.py:26] - Created log entry: {'time': '2025-04-15 09:41:39.440358', 'event': 'Mouth movement detected'}
2025-04-15 09:41:39,536 - proctoring - INFO - [log_service.py:40] - Successfully stored 2 logs
2025-04-15 09:41:39,537 - proctoring - DEBUG - [image_utils.py:43] - Decoded base64 data length: 19299
2025-04-15 09:41:39,538 - proctoring - INFO - [detection_service.py:16] - Processing new frame
2025-04-15 09:41:39,551 - proctoring - INFO - [detection_service.py:34] - Face detection found 1 events
2025-04-15 09:41:39,567 - proctoring - INFO - [detection_service.py:34] - Face Mesh detection found 1 events
2025-04-15 09:41:39,578 - proctoring - DEBUG - [detection_service.py:37] - No Hand detections
2025-04-15 09:41:39,648 - proctoring - DEBUG - [detection_service.py:37] - No YOLO detections
2025-04-15 09:41:39,648 - proctoring - INFO - [detection_service.py:42] - Total events detected: 2
2025-04-15 09:41:39,648 - proctoring - INFO - [log_service.py:12] - Attempting to store 2 logs for user 2
2025-04-15 09:41:39,648 - proctoring - DEBUG - [log_service.py:26] - Created log entry: {'time': '2025-04-15 09:41:39.538258', 'event': 'Face detected', 'event_type': 'face_detected'}
2025-04-15 09:41:39,648 - proctoring - DEBUG - [log_service.py:26] - Created log entry: {'time': '2025-04-15 09:41:39.542967', 'event': 'Mouth movement detected'}
2025-04-15 09:41:39,650 - proctoring - INFO - [log_service.py:40] - Successfully stored 2 logs
2025-04-15 09:41:39,651 - proctoring - DEBUG - [image_utils.py:43] - Decoded base64 data length: 19386
2025-04-15 09:41:39,652 - proctoring - INFO - [detection_service.py:16] - Processing new frame
2025-04-15 09:41:39,662 - proctoring - INFO - [detection_service.py:34] - Face detection found 1 events
2025-04-15 09:41:39,676 - proctoring - INFO - [detection_service.py:34] - Face Mesh detection found 1 events
2025-04-15 09:41:39,681 - proctoring - DEBUG - [detection_service.py:37] - No Hand detections
2025-04-15 09:41:39,758 - proctoring - DEBUG - [detection_service.py:37] - No YOLO detections
2025-04-15 09:41:39,758 - proctoring - INFO - [detection_service.py:42] - Total events detected: 2
2025-04-15 09:41:39,758 - proctoring - INFO - [log_service.py:12] - Attempting to store 2 logs for user 2
2025-04-15 09:41:39,758 - proctoring - DEBUG - [log_service.py:26] - Created log entry: {'time': '2025-04-15 09:41:39.652382', 'event': 'Face detected', 'event_type': 'face_detected'}
2025-04-15 09:41:39,758 - proctoring - DEBUG - [log_service.py:26] - Created log entry: {'time': '2025-04-15 09:41:39.656802', 'event': 'Mouth movement detected'}
2025-04-15 09:41:39,760 - proctoring - INFO - [log_service.py:40] - Successfully stored 2 logs
2025-04-15 09:41:39,762 - proctoring - DEBUG - [image_utils.py:43] - Decoded base64 data length: 19420
2025-04-15 09:41:39,762 - proctoring - INFO - [detection_service.py:16] - Processing new frame
2025-04-15 09:41:39,774 - proctoring - INFO - [detection_service.py:34] - Face detection found 1 events
2025-04-15 09:41:39,790 - proctoring - INFO - [detection_service.py:34] - Face Mesh detection found 1 events
2025-04-15 09:41:39,794 - proctoring - DEBUG - [detection_service.py:37] - No Hand detections
2025-04-15 09:41:39,865 - proctoring - DEBUG - [detection_service.py:37] - No YOLO detections
2025-04-15 09:41:39,865 - proctoring - INFO - [detection_service.py:42] - Total events detected: 2
2025-04-15 09:41:39,865 - proctoring - INFO - [log_service.py:12] - Attempting to store 2 logs for user 2
2025-04-15 09:41:39,865 - proctoring - DEBUG - [log_service.py:26] - Created log entry: {'time': '2025-04-15 09:41:39.763031', 'event': 'Face detected', 'event_type': 'face_detected'}
2025-04-15 09:41:39,865 - proctoring - DEBUG - [log_service.py:26] - Created log entry: {'time': '2025-04-15 09:41:39.766903', 'event': 'Mouth movement detected'}
2025-04-15 09:41:39,867 - proctoring - INFO - [log_service.py:40] - Successfully stored 2 logs
2025-04-15 09:41:39,868 - proctoring - DEBUG - [image_utils.py:43] - Decoded base64 data length: 19510
2025-04-15 09:41:39,869 - proctoring - INFO - [detection_service.py:16] - Processing new frame
2025-04-15 09:41:39,881 - proctoring - INFO - [detection_service.py:34] - Face detection found 1 events
2025-04-15 09:41:39,894 - proctoring - INFO - [detection_service.py:34] - Face Mesh detection found 1 events
2025-04-15 09:41:39,900 - proctoring - DEBUG - [detection_service.py:37] - No Hand detections
2025-04-15 09:41:39,972 - proctoring - DEBUG - [detection_service.py:37] - No YOLO detections
2025-04-15 09:41:39,972 - proctoring - INFO - [detection_service.py:42] - Total events detected: 2
2025-04-15 09:41:39,972 - proctoring - INFO - [log_service.py:12] - Attempting to store 2 logs for user 2
2025-04-15 09:41:39,972 - proctoring - DEBUG - [log_service.py:26] - Created log entry: {'time': '2025-04-15 09:41:39.869646', 'event': 'Face detected', 'event_type': 'face_detected'}
2025-04-15 09:41:39,972 - proctoring - DEBUG - [log_service.py:26] - Created log entry: {'time': '2025-04-15 09:41:39.873734', 'event': 'Mouth movement detected'}
2025-04-15 09:41:39,974 - proctoring - INFO - [log_service.py:40] - Successfully stored 2 logs
2025-04-15 09:41:39,975 - proctoring - DEBUG - [image_utils.py:43] - Decoded base64 data length: 19436
2025-04-15 09:41:39,976 - proctoring - INFO - [detection_service.py:16] - Processing new frame
2025-04-15 09:41:39,987 - proctoring - INFO - [detection_service.py:34] - Face detection found 1 events
2025-04-15 09:41:40,005 - proctoring - DEBUG - [detection_service.py:37] - No Hand detections
2025-04-15 09:41:40,006 - proctoring - INFO - [detection_service.py:34] - Face Mesh detection found 1 events
2025-04-15 09:41:40,081 - proctoring - DEBUG - [detection_service.py:37] - No YOLO detections
2025-04-15 09:41:40,081 - proctoring - INFO - [detection_service.py:42] - Total events detected: 2
2025-04-15 09:41:40,081 - proctoring - INFO - [log_service.py:12] - Attempting to store 2 logs for user 2
2025-04-15 09:41:40,081 - proctoring - DEBUG - [log_service.py:26] - Created log entry: {'time': '2025-04-15 09:41:39.976490', 'event': 'Face detected', 'event_type': 'face_detected'}
2025-04-15 09:41:40,081 - proctoring - DEBUG - [log_service.py:26] - Created log entry: {'time': '2025-04-15 09:41:39.981054', 'event': 'Mouth movement detected'}
2025-04-15 09:41:40,083 - proctoring - INFO - [log_service.py:40] - Successfully stored 2 logs
2025-04-15 09:41:40,084 - proctoring - DEBUG - [image_utils.py:43] - Decoded base64 data length: 19333
2025-04-15 09:41:40,085 - proctoring - INFO - [detection_service.py:16] - Processing new frame
2025-04-15 09:41:40,096 - proctoring - INFO - [detection_service.py:34] - Face detection found 1 events
2025-04-15 09:41:40,115 - proctoring - INFO - [detection_service.py:34] - Face Mesh detection found 1 events
2025-04-15 09:41:40,116 - proctoring - DEBUG - [detection_service.py:37] - No Hand detections
2025-04-15 09:41:40,187 - proctoring - DEBUG - [detection_service.py:37] - No YOLO detections
2025-04-15 09:41:40,187 - proctoring - INFO - [detection_service.py:42] - Total events detected: 2
2025-04-15 09:41:40,187 - proctoring - INFO - [log_service.py:12] - Attempting to store 2 logs for user 2
2025-04-15 09:41:40,187 - proctoring - DEBUG - [log_service.py:26] - Created log entry: {'time': '2025-04-15 09:41:40.085430', 'event': 'Face detected', 'event_type': 'face_detected'}
2025-04-15 09:41:40,188 - proctoring - DEBUG - [log_service.py:26] - Created log entry: {'time': '2025-04-15 09:41:40.089731', 'event': 'Mouth movement detected'}
2025-04-15 09:41:40,189 - proctoring - INFO - [log_service.py:40] - Successfully stored 2 logs
2025-04-15 09:41:40,191 - proctoring - DEBUG - [image_utils.py:43] - Decoded base64 data length: 19321
2025-04-15 09:41:40,191 - proctoring - INFO - [detection_service.py:16] - Processing new frame
2025-04-15 09:41:40,204 - proctoring - INFO - [detection_service.py:34] - Face detection found 1 events
2025-04-15 09:41:40,219 - proctoring - INFO - [detection_service.py:34] - Face Mesh detection found 1 events
2025-04-15 09:41:40,221 - proctoring - DEBUG - [detection_service.py:37] - No Hand detections
2025-04-15 09:41:40,290 - proctoring - DEBUG - [detection_service.py:37] - No YOLO detections
2025-04-15 09:41:40,290 - proctoring - INFO - [detection_service.py:42] - Total events detected: 2
2025-04-15 09:41:40,290 - proctoring - INFO - [log_service.py:12] - Attempting to store 2 logs for user 2
2025-04-15 09:41:40,290 - proctoring - DEBUG - [log_service.py:26] - Created log entry: {'time': '2025-04-15 09:41:40.191844', 'event': 'Face detected', 'event_type': 'face_detected'}
2025-04-15 09:41:40,290 - proctoring - DEBUG - [log_service.py:26] - Created log entry: {'time': '2025-04-15 09:41:40.196823', 'event': 'Mouth movement detected'}
2025-04-15 09:41:40,292 - proctoring - INFO - [log_service.py:40] - Successfully stored 2 logs
2025-04-15 09:41:40,293 - proctoring - DEBUG - [image_utils.py:43] - Decoded base64 data length: 19381
2025-04-15 09:41:40,294 - proctoring - INFO - [detection_service.py:16] - Processing new frame
2025-04-15 09:41:40,305 - proctoring - INFO - [detection_service.py:34] - Face detection found 1 events
2025-04-15 09:41:40,318 - proctoring - INFO - [detection_service.py:34] - Face Mesh detection found 1 events
2025-04-15 09:41:40,320 - proctoring - DEBUG - [detection_service.py:37] - No Hand detections
2025-04-15 09:41:40,387 - proctoring - DEBUG - [detection_service.py:37] - No YOLO detections
2025-04-15 09:41:40,387 - proctoring - INFO - [detection_service.py:42] - Total events detected: 2
2025-04-15 09:41:40,387 - proctoring - INFO - [log_service.py:12] - Attempting to store 2 logs for user 2
2025-04-15 09:41:40,387 - proctoring - DEBUG - [log_service.py:26] - Created log entry: {'time': '2025-04-15 09:41:40.294221', 'event': 'Face detected', 'event_type': 'face_detected'}
2025-04-15 09:41:40,387 - proctoring - DEBUG - [log_service.py:26] - Created log entry: {'time': '2025-04-15 09:41:40.298049', 'event': 'Mouth movement detected'}
2025-04-15 09:41:40,389 - proctoring - INFO - [log_service.py:40] - Successfully stored 2 logs
2025-04-15 09:41:40,391 - proctoring - DEBUG - [image_utils.py:43] - Decoded base64 data length: 19424
2025-04-15 09:41:40,392 - proctoring - INFO - [detection_service.py:16] - Processing new frame
2025-04-15 09:41:40,406 - proctoring - INFO - [detection_service.py:34] - Face detection found 1 events
2025-04-15 09:41:40,421 - proctoring - INFO - [detection_service.py:34] - Face Mesh detection found 1 events
2025-04-15 09:41:40,423 - proctoring - DEBUG - [detection_service.py:37] - No Hand detections
2025-04-15 09:41:40,494 - proctoring - DEBUG - [detection_service.py:37] - No YOLO detections
2025-04-15 09:41:40,495 - proctoring - INFO - [detection_service.py:42] - Total events detected: 2
2025-04-15 09:41:40,495 - proctoring - INFO - [log_service.py:12] - Attempting to store 2 logs for user 2
2025-04-15 09:41:40,495 - proctoring - DEBUG - [log_service.py:26] - Created log entry: {'time': '2025-04-15 09:41:40.392375', 'event': 'Face detected', 'event_type': 'face_detected'}
2025-04-15 09:41:40,495 - proctoring - DEBUG - [log_service.py:26] - Created log entry: {'time': '2025-04-15 09:41:40.396080', 'event': 'Mouth movement detected'}
2025-04-15 09:41:40,497 - proctoring - INFO - [log_service.py:40] - Successfully stored 2 logs
2025-04-15 09:41:40,498 - proctoring - DEBUG - [image_utils.py:43] - Decoded base64 data length: 19328
2025-04-15 09:41:40,499 - proctoring - INFO - [detection_service.py:16] - Processing new frame
2025-04-15 09:41:40,513 - proctoring - INFO - [detection_service.py:34] - Face detection found 1 events
2025-04-15 09:41:40,525 - proctoring - INFO - [detection_service.py:34] - Face Mesh detection found 1 events
2025-04-15 09:41:40,529 - proctoring - DEBUG - [detection_service.py:37] - No Hand detections
2025-04-15 09:41:40,609 - proctoring - DEBUG - [detection_service.py:37] - No YOLO detections
2025-04-15 09:41:40,609 - proctoring - INFO - [detection_service.py:42] - Total events detected: 2
2025-04-15 09:41:40,609 - proctoring - INFO - [log_service.py:12] - Attempting to store 2 logs for user 2
2025-04-15 09:41:40,609 - proctoring - DEBUG - [log_service.py:26] - Created log entry: {'time': '2025-04-15 09:41:40.499158', 'event': 'Face detected', 'event_type': 'face_detected'}
2025-04-15 09:41:40,610 - proctoring - DEBUG - [log_service.py:26] - Created log entry: {'time': '2025-04-15 09:41:40.503987', 'event': 'Mouth movement detected'}
2025-04-15 09:41:40,612 - proctoring - INFO - [log_service.py:40] - Successfully stored 2 logs
2025-04-15 09:41:40,613 - proctoring - DEBUG - [image_utils.py:43] - Decoded base64 data length: 19307
2025-04-15 09:41:40,614 - proctoring - INFO - [detection_service.py:16] - Processing new frame
2025-04-15 09:41:40,626 - proctoring - INFO - [detection_service.py:34] - Face detection found 1 events
2025-04-15 09:41:40,638 - proctoring - INFO - [detection_service.py:34] - Face Mesh detection found 1 events
2025-04-15 09:41:40,644 - proctoring - DEBUG - [detection_service.py:37] - No Hand detections
2025-04-15 09:41:40,722 - proctoring - DEBUG - [detection_service.py:37] - No YOLO detections
2025-04-15 09:41:40,722 - proctoring - INFO - [detection_service.py:42] - Total events detected: 2
2025-04-15 09:41:40,722 - proctoring - INFO - [log_service.py:12] - Attempting to store 2 logs for user 2
2025-04-15 09:41:40,722 - proctoring - DEBUG - [log_service.py:26] - Created log entry: {'time': '2025-04-15 09:41:40.614340', 'event': 'Face detected', 'event_type': 'face_detected'}
2025-04-15 09:41:40,722 - proctoring - DEBUG - [log_service.py:26] - Created log entry: {'time': '2025-04-15 09:41:40.619636', 'event': 'Mouth movement detected'}
2025-04-15 09:41:40,724 - proctoring - INFO - [log_service.py:40] - Successfully stored 2 logs
2025-04-15 09:41:40,726 - proctoring - DEBUG - [image_utils.py:43] - Decoded base64 data length: 19412
2025-04-15 09:41:40,726 - proctoring - INFO - [detection_service.py:16] - Processing new frame
2025-04-15 09:41:40,738 - proctoring - INFO - [detection_service.py:34] - Face detection found 1 events
2025-04-15 09:41:40,753 - proctoring - INFO - [detection_service.py:34] - Face Mesh detection found 1 events
2025-04-15 09:41:40,757 - proctoring - DEBUG - [detection_service.py:37] - No Hand detections
2025-04-15 09:41:40,869 - proctoring - DEBUG - [detection_service.py:37] - No YOLO detections
2025-04-15 09:41:40,869 - proctoring - INFO - [detection_service.py:42] - Total events detected: 2
2025-04-15 09:41:40,869 - proctoring - INFO - [log_service.py:12] - Attempting to store 2 logs for user 2
2025-04-15 09:41:40,869 - proctoring - DEBUG - [log_service.py:26] - Created log entry: {'time': '2025-04-15 09:41:40.726982', 'event': 'Face detected', 'event_type': 'face_detected'}
2025-04-15 09:41:40,869 - proctoring - DEBUG - [log_service.py:26] - Created log entry: {'time': '2025-04-15 09:41:40.731897', 'event': 'Mouth movement detected'}
2025-04-15 09:41:40,871 - proctoring - INFO - [log_service.py:40] - Successfully stored 2 logs
2025-04-15 09:41:40,873 - proctoring - DEBUG - [image_utils.py:43] - Decoded base64 data length: 19440
2025-04-15 09:41:40,873 - proctoring - INFO - [detection_service.py:16] - Processing new frame
2025-04-15 09:41:40,893 - proctoring - INFO - [detection_service.py:34] - Face detection found 1 events
2025-04-15 09:41:40,915 - proctoring - INFO - [detection_service.py:34] - Face Mesh detection found 1 events
2025-04-15 09:41:40,919 - proctoring - DEBUG - [detection_service.py:37] - No Hand detections
2025-04-15 09:41:41,010 - proctoring - DEBUG - [detection_service.py:37] - No YOLO detections
2025-04-15 09:41:41,010 - proctoring - INFO - [detection_service.py:42] - Total events detected: 2
2025-04-15 09:41:41,011 - proctoring - INFO - [log_service.py:12] - Attempting to store 2 logs for user 2
2025-04-15 09:41:41,011 - proctoring - DEBUG - [log_service.py:26] - Created log entry: {'time': '2025-04-15 09:41:40.873666', 'event': 'Face detected', 'event_type': 'face_detected'}
2025-04-15 09:41:41,011 - proctoring - DEBUG - [log_service.py:26] - Created log entry: {'time': '2025-04-15 09:41:40.882291', 'event': 'Mouth movement detected'}
2025-04-15 09:41:41,014 - proctoring - INFO - [log_service.py:40] - Successfully stored 2 logs
2025-04-15 09:41:41,016 - proctoring - DEBUG - [image_utils.py:43] - Decoded base64 data length: 19465
2025-04-15 09:41:41,017 - proctoring - INFO - [detection_service.py:16] - Processing new frame
2025-04-15 09:41:41,046 - proctoring - INFO - [detection_service.py:34] - Face detection found 1 events
2025-04-15 09:41:41,066 - proctoring - DEBUG - [detection_service.py:37] - No Hand detections
2025-04-15 09:41:41,070 - proctoring - INFO - [detection_service.py:34] - Face Mesh detection found 1 events
2025-04-15 09:41:41,155 - proctoring - DEBUG - [detection_service.py:37] - No YOLO detections
2025-04-15 09:41:41,155 - proctoring - INFO - [detection_service.py:42] - Total events detected: 2
2025-04-15 09:41:41,155 - proctoring - INFO - [log_service.py:12] - Attempting to store 2 logs for user 2
2025-04-15 09:41:41,155 - proctoring - DEBUG - [log_service.py:26] - Created log entry: {'time': '2025-04-15 09:41:41.017166', 'event': 'Face detected', 'event_type': 'face_detected'}
2025-04-15 09:41:41,155 - proctoring - DEBUG - [log_service.py:26] - Created log entry: {'time': '2025-04-15 09:41:41.023021', 'event': 'Mouth movement detected'}
2025-04-15 09:41:41,157 - proctoring - INFO - [log_service.py:40] - Successfully stored 2 logs
2025-04-15 09:41:41,159 - proctoring - DEBUG - [image_utils.py:43] - Decoded base64 data length: 19488
2025-04-15 09:41:41,160 - proctoring - INFO - [detection_service.py:16] - Processing new frame
2025-04-15 09:41:41,172 - proctoring - INFO - [detection_service.py:34] - Face detection found 1 events
2025-04-15 09:41:41,190 - proctoring - DEBUG - [detection_service.py:37] - No Hand detections
2025-04-15 09:41:41,190 - proctoring - INFO - [detection_service.py:34] - Face Mesh detection found 1 events
2025-04-15 09:41:41,279 - proctoring - DEBUG - [detection_service.py:37] - No YOLO detections
2025-04-15 09:41:41,279 - proctoring - INFO - [detection_service.py:42] - Total events detected: 2
2025-04-15 09:41:41,279 - proctoring - INFO - [log_service.py:12] - Attempting to store 2 logs for user 2
2025-04-15 09:41:41,280 - proctoring - DEBUG - [log_service.py:26] - Created log entry: {'time': '2025-04-15 09:41:41.160865', 'event': 'Face detected', 'event_type': 'face_detected'}
2025-04-15 09:41:41,280 - proctoring - DEBUG - [log_service.py:26] - Created log entry: {'time': '2025-04-15 09:41:41.165102', 'event': 'Mouth movement detected'}
2025-04-15 09:41:41,282 - proctoring - INFO - [log_service.py:40] - Successfully stored 2 logs
2025-04-15 09:41:41,283 - proctoring - DEBUG - [image_utils.py:43] - Decoded base64 data length: 19435
2025-04-15 09:41:41,283 - proctoring - INFO - [detection_service.py:16] - Processing new frame
2025-04-15 09:41:41,294 - proctoring - INFO - [detection_service.py:34] - Face detection found 1 events
2025-04-15 09:41:41,307 - proctoring - INFO - [detection_service.py:34] - Face Mesh detection found 1 events
2025-04-15 09:41:41,310 - proctoring - DEBUG - [detection_service.py:37] - No Hand detections
2025-04-15 09:41:41,381 - proctoring - DEBUG - [detection_service.py:37] - No YOLO detections
2025-04-15 09:41:41,381 - proctoring - INFO - [detection_service.py:42] - Total events detected: 2
2025-04-15 09:41:41,381 - proctoring - INFO - [log_service.py:12] - Attempting to store 2 logs for user 2
2025-04-15 09:41:41,381 - proctoring - DEBUG - [log_service.py:26] - Created log entry: {'time': '2025-04-15 09:41:41.284071', 'event': 'Face detected', 'event_type': 'face_detected'}
2025-04-15 09:41:41,381 - proctoring - DEBUG - [log_service.py:26] - Created log entry: {'time': '2025-04-15 09:41:41.288194', 'event': 'Mouth movement detected'}
2025-04-15 09:41:41,382 - proctoring - INFO - [log_service.py:40] - Successfully stored 2 logs
2025-04-15 09:41:41,384 - proctoring - DEBUG - [image_utils.py:43] - Decoded base64 data length: 19475
2025-04-15 09:41:41,384 - proctoring - INFO - [detection_service.py:16] - Processing new frame
2025-04-15 09:41:41,394 - proctoring - INFO - [detection_service.py:34] - Face detection found 1 events
2025-04-15 09:41:41,410 - proctoring - DEBUG - [detection_service.py:37] - No Face Mesh detections
2025-04-15 09:41:41,413 - proctoring - DEBUG - [detection_service.py:37] - No Hand detections
2025-04-15 09:41:41,492 - proctoring - DEBUG - [detection_service.py:37] - No YOLO detections
2025-04-15 09:41:41,492 - proctoring - INFO - [detection_service.py:42] - Total events detected: 1
2025-04-15 09:41:41,492 - proctoring - INFO - [log_service.py:12] - Attempting to store 1 logs for user 2
2025-04-15 09:41:41,492 - proctoring - DEBUG - [log_service.py:26] - Created log entry: {'time': '2025-04-15 09:41:41.384908', 'event': 'Face detected', 'event_type': 'face_detected'}
2025-04-15 09:41:41,494 - proctoring - INFO - [log_service.py:40] - Successfully stored 1 logs
2025-04-15 09:41:41,495 - proctoring - DEBUG - [image_utils.py:43] - Decoded base64 data length: 19440
2025-04-15 09:41:41,495 - proctoring - INFO - [detection_service.py:16] - Processing new frame
2025-04-15 09:41:41,505 - proctoring - INFO - [detection_service.py:34] - Face detection found 1 events
2025-04-15 09:41:41,518 - proctoring - DEBUG - [detection_service.py:37] - No Face Mesh detections
2025-04-15 09:41:41,523 - proctoring - DEBUG - [detection_service.py:37] - No Hand detections
2025-04-15 09:41:41,608 - proctoring - DEBUG - [detection_service.py:37] - No YOLO detections
2025-04-15 09:41:41,608 - proctoring - INFO - [detection_service.py:42] - Total events detected: 1
2025-04-15 09:41:41,608 - proctoring - INFO - [log_service.py:12] - Attempting to store 1 logs for user 2
2025-04-15 09:41:41,608 - proctoring - DEBUG - [log_service.py:26] - Created log entry: {'time': '2025-04-15 09:41:41.495748', 'event': 'Face detected', 'event_type': 'face_detected'}
2025-04-15 09:41:41,610 - proctoring - INFO - [log_service.py:40] - Successfully stored 1 logs
2025-04-15 09:41:41,611 - proctoring - DEBUG - [image_utils.py:43] - Decoded base64 data length: 19407
2025-04-15 09:41:41,611 - proctoring - INFO - [detection_service.py:16] - Processing new frame
2025-04-15 09:41:41,623 - proctoring - INFO - [detection_service.py:34] - Face detection found 1 events
2025-04-15 09:41:41,636 - proctoring - DEBUG - [detection_service.py:37] - No Face Mesh detections
2025-04-15 09:41:41,642 - proctoring - DEBUG - [detection_service.py:37] - No Hand detections
2025-04-15 09:41:41,717 - proctoring - DEBUG - [detection_service.py:37] - No YOLO detections
2025-04-15 09:41:41,717 - proctoring - INFO - [detection_service.py:42] - Total events detected: 1
2025-04-15 09:41:41,717 - proctoring - INFO - [log_service.py:12] - Attempting to store 1 logs for user 2
2025-04-15 09:41:41,717 - proctoring - DEBUG - [log_service.py:26] - Created log entry: {'time': '2025-04-15 09:41:41.611997', 'event': 'Face detected', 'event_type': 'face_detected'}
2025-04-15 09:41:41,719 - proctoring - INFO - [log_service.py:40] - Successfully stored 1 logs
2025-04-15 09:41:41,720 - proctoring - DEBUG - [image_utils.py:43] - Decoded base64 data length: 19266
2025-04-15 09:41:41,721 - proctoring - INFO - [detection_service.py:16] - Processing new frame
2025-04-15 09:41:41,733 - proctoring - INFO - [detection_service.py:34] - Face detection found 1 events
2025-04-15 09:41:41,747 - proctoring - INFO - [detection_service.py:34] - Face Mesh detection found 1 events
2025-04-15 09:41:41,752 - proctoring - DEBUG - [detection_service.py:37] - No Hand detections
2025-04-15 09:41:41,826 - proctoring - DEBUG - [detection_service.py:37] - No YOLO detections
2025-04-15 09:41:41,826 - proctoring - INFO - [detection_service.py:42] - Total events detected: 2
2025-04-15 09:41:41,826 - proctoring - INFO - [log_service.py:12] - Attempting to store 2 logs for user 2
2025-04-15 09:41:41,826 - proctoring - DEBUG - [log_service.py:26] - Created log entry: {'time': '2025-04-15 09:41:41.721294', 'event': 'Face detected', 'event_type': 'face_detected'}
2025-04-15 09:41:41,826 - proctoring - DEBUG - [log_service.py:26] - Created log entry: {'time': '2025-04-15 09:41:41.725742', 'event': 'Mouth movement detected'}
2025-04-15 09:41:41,828 - proctoring - INFO - [log_service.py:40] - Successfully stored 2 logs
2025-04-15 09:41:41,829 - proctoring - DEBUG - [image_utils.py:43] - Decoded base64 data length: 19111
2025-04-15 09:41:41,830 - proctoring - INFO - [detection_service.py:16] - Processing new frame
2025-04-15 09:41:41,843 - proctoring - INFO - [detection_service.py:34] - Face detection found 3 events
2025-04-15 09:41:41,857 - proctoring - INFO - [detection_service.py:34] - Face Mesh detection found 1 events
2025-04-15 09:41:41,862 - proctoring - DEBUG - [detection_service.py:37] - No Hand detections
2025-04-15 09:41:41,940 - proctoring - DEBUG - [detection_service.py:37] - No YOLO detections
2025-04-15 09:41:41,940 - proctoring - INFO - [detection_service.py:42] - Total events detected: 4
2025-04-15 09:41:41,940 - proctoring - INFO - [log_service.py:12] - Attempting to store 4 logs for user 2
2025-04-15 09:41:41,940 - proctoring - DEBUG - [log_service.py:26] - Created log entry: {'time': '2025-04-15 09:41:41.830387', 'event': 'Face detected', 'event_type': 'face_detected'}
2025-04-15 09:41:41,940 - proctoring - DEBUG - [log_service.py:26] - Created log entry: {'time': '2025-04-15 09:41:41.830387', 'event': 'Eye movement detected', 'event_type': 'eye_movement'}
2025-04-15 09:41:41,940 - proctoring - DEBUG - [log_service.py:26] - Created log entry: {'time': '2025-04-15 09:41:41.830387', 'event': 'Mouth movement detected', 'event_type': 'mouth_movement'}
2025-04-15 09:41:41,940 - proctoring - DEBUG - [log_service.py:26] - Created log entry: {'time': '2025-04-15 09:41:41.835977', 'event': 'Mouth movement detected'}
2025-04-15 09:41:41,943 - proctoring - INFO - [log_service.py:40] - Successfully stored 4 logs
2025-04-15 09:41:41,946 - proctoring - DEBUG - [image_utils.py:43] - Decoded base64 data length: 19116
2025-04-15 09:41:41,947 - proctoring - INFO - [detection_service.py:16] - Processing new frame
2025-04-15 09:41:41,960 - proctoring - INFO - [detection_service.py:34] - Face detection found 1 events
2025-04-15 09:41:41,974 - proctoring - INFO - [detection_service.py:34] - Face Mesh detection found 1 events
2025-04-15 09:41:41,978 - proctoring - DEBUG - [detection_service.py:37] - No Hand detections
2025-04-15 09:41:42,071 - proctoring - DEBUG - [detection_service.py:37] - No YOLO detections
2025-04-15 09:41:42,071 - proctoring - INFO - [detection_service.py:42] - Total events detected: 2
2025-04-15 09:41:42,072 - proctoring - INFO - [log_service.py:12] - Attempting to store 2 logs for user 2
2025-04-15 09:41:42,072 - proctoring - DEBUG - [log_service.py:26] - Created log entry: {'time': '2025-04-15 09:41:41.947654', 'event': 'Face detected', 'event_type': 'face_detected'}
2025-04-15 09:41:42,072 - proctoring - DEBUG - [log_service.py:26] - Created log entry: {'time': '2025-04-15 09:41:41.953476', 'event': 'Mouth movement detected'}
2025-04-15 09:41:42,073 - proctoring - INFO - [log_service.py:40] - Successfully stored 2 logs
2025-04-15 09:41:42,075 - proctoring - DEBUG - [image_utils.py:43] - Decoded base64 data length: 19207
2025-04-15 09:41:42,076 - proctoring - INFO - [detection_service.py:16] - Processing new frame
2025-04-15 09:41:42,089 - proctoring - INFO - [detection_service.py:34] - Face detection found 1 events
2025-04-15 09:41:42,104 - proctoring - DEBUG - [detection_service.py:37] - No Hand detections
2025-04-15 09:41:42,107 - proctoring - INFO - [detection_service.py:34] - Face Mesh detection found 1 events
2025-04-15 09:41:42,189 - proctoring - DEBUG - [detection_service.py:37] - No YOLO detections
2025-04-15 09:41:42,189 - proctoring - INFO - [detection_service.py:42] - Total events detected: 2
2025-04-15 09:41:42,189 - proctoring - INFO - [log_service.py:12] - Attempting to store 2 logs for user 2
2025-04-15 09:41:42,189 - proctoring - DEBUG - [log_service.py:26] - Created log entry: {'time': '2025-04-15 09:41:42.076135', 'event': 'Face detected', 'event_type': 'face_detected'}
2025-04-15 09:41:42,189 - proctoring - DEBUG - [log_service.py:26] - Created log entry: {'time': '2025-04-15 09:41:42.081306', 'event': 'Mouth movement detected'}
2025-04-15 09:41:42,191 - proctoring - INFO - [log_service.py:40] - Successfully stored 2 logs
2025-04-15 09:41:42,193 - proctoring - DEBUG - [image_utils.py:43] - Decoded base64 data length: 19240
2025-04-15 09:41:42,193 - proctoring - INFO - [detection_service.py:16] - Processing new frame
2025-04-15 09:41:42,204 - proctoring - INFO - [detection_service.py:34] - Face detection found 1 events
2025-04-15 09:41:42,219 - proctoring - INFO - [detection_service.py:34] - Face Mesh detection found 1 events
2025-04-15 09:41:42,223 - proctoring - DEBUG - [detection_service.py:37] - No Hand detections
2025-04-15 09:41:42,291 - proctoring - DEBUG - [detection_service.py:37] - No YOLO detections
2025-04-15 09:41:42,291 - proctoring - INFO - [detection_service.py:42] - Total events detected: 2
2025-04-15 09:41:42,291 - proctoring - INFO - [log_service.py:12] - Attempting to store 2 logs for user 2
2025-04-15 09:41:42,291 - proctoring - DEBUG - [log_service.py:26] - Created log entry: {'time': '2025-04-15 09:41:42.193940', 'event': 'Face detected', 'event_type': 'face_detected'}
2025-04-15 09:41:42,291 - proctoring - DEBUG - [log_service.py:26] - Created log entry: {'time': '2025-04-15 09:41:42.198340', 'event': 'Mouth movement detected'}
2025-04-15 09:41:42,293 - proctoring - INFO - [log_service.py:40] - Successfully stored 2 logs
2025-04-15 09:41:42,294 - proctoring - DEBUG - [image_utils.py:43] - Decoded base64 data length: 19371
2025-04-15 09:41:42,295 - proctoring - INFO - [detection_service.py:16] - Processing new frame
2025-04-15 09:41:42,305 - proctoring - INFO - [detection_service.py:34] - Face detection found 1 events
2025-04-15 09:41:42,319 - proctoring - INFO - [detection_service.py:34] - Face Mesh detection found 1 events
2025-04-15 09:41:42,323 - proctoring - DEBUG - [detection_service.py:37] - No Hand detections
2025-04-15 09:41:42,389 - proctoring - DEBUG - [detection_service.py:37] - No YOLO detections
2025-04-15 09:41:42,389 - proctoring - INFO - [detection_service.py:42] - Total events detected: 2
2025-04-15 09:41:42,389 - proctoring - INFO - [log_service.py:12] - Attempting to store 2 logs for user 2
2025-04-15 09:41:42,389 - proctoring - DEBUG - [log_service.py:26] - Created log entry: {'time': '2025-04-15 09:41:42.295157', 'event': 'Face detected', 'event_type': 'face_detected'}
2025-04-15 09:41:42,389 - proctoring - DEBUG - [log_service.py:26] - Created log entry: {'time': '2025-04-15 09:41:42.299096', 'event': 'Mouth movement detected'}
2025-04-15 09:41:42,391 - proctoring - INFO - [log_service.py:40] - Successfully stored 2 logs
2025-04-15 09:41:42,392 - proctoring - DEBUG - [image_utils.py:43] - Decoded base64 data length: 19478
2025-04-15 09:41:42,392 - proctoring - INFO - [detection_service.py:16] - Processing new frame
2025-04-15 09:41:42,404 - proctoring - INFO - [detection_service.py:34] - Face detection found 1 events
2025-04-15 09:41:42,417 - proctoring - INFO - [detection_service.py:34] - Face Mesh detection found 1 events
2025-04-15 09:41:42,421 - proctoring - DEBUG - [detection_service.py:37] - No Hand detections
2025-04-15 09:41:42,487 - proctoring - DEBUG - [detection_service.py:37] - No YOLO detections
2025-04-15 09:41:42,487 - proctoring - INFO - [detection_service.py:42] - Total events detected: 2
2025-04-15 09:41:42,487 - proctoring - INFO - [log_service.py:12] - Attempting to store 2 logs for user 2
2025-04-15 09:41:42,487 - proctoring - DEBUG - [log_service.py:26] - Created log entry: {'time': '2025-04-15 09:41:42.392994', 'event': 'Face detected', 'event_type': 'face_detected'}
2025-04-15 09:41:42,488 - proctoring - DEBUG - [log_service.py:26] - Created log entry: {'time': '2025-04-15 09:41:42.397101', 'event': 'Mouth movement detected'}
2025-04-15 09:41:42,489 - proctoring - INFO - [log_service.py:40] - Successfully stored 2 logs
2025-04-15 09:41:42,491 - proctoring - DEBUG - [image_utils.py:43] - Decoded base64 data length: 19508
2025-04-15 09:41:42,492 - proctoring - INFO - [detection_service.py:16] - Processing new frame
2025-04-15 09:41:42,506 - proctoring - INFO - [detection_service.py:34] - Face detection found 1 events
2025-04-15 09:41:42,523 - proctoring - DEBUG - [detection_service.py:37] - No Hand detections
2025-04-15 09:41:42,528 - proctoring - INFO - [detection_service.py:34] - Face Mesh detection found 1 events
2025-04-15 09:41:42,599 - proctoring - DEBUG - [detection_service.py:37] - No YOLO detections
2025-04-15 09:41:42,599 - proctoring - INFO - [detection_service.py:42] - Total events detected: 2
2025-04-15 09:41:42,599 - proctoring - INFO - [log_service.py:12] - Attempting to store 2 logs for user 2
2025-04-15 09:41:42,599 - proctoring - DEBUG - [log_service.py:26] - Created log entry: {'time': '2025-04-15 09:41:42.492258', 'event': 'Face detected', 'event_type': 'face_detected'}
2025-04-15 09:41:42,599 - proctoring - DEBUG - [log_service.py:26] - Created log entry: {'time': '2025-04-15 09:41:42.496211', 'event': 'Mouth movement detected'}
2025-04-15 09:41:42,601 - proctoring - INFO - [log_service.py:40] - Successfully stored 2 logs
2025-04-15 09:41:42,603 - proctoring - DEBUG - [image_utils.py:43] - Decoded base64 data length: 19420
2025-04-15 09:41:42,603 - proctoring - INFO - [detection_service.py:16] - Processing new frame
2025-04-15 09:41:42,619 - proctoring - INFO - [detection_service.py:34] - Face detection found 1 events
2025-04-15 09:41:42,635 - proctoring - INFO - [detection_service.py:34] - Face Mesh detection found 1 events
2025-04-15 09:41:42,640 - proctoring - DEBUG - [detection_service.py:37] - No Hand detections
2025-04-15 09:41:42,718 - proctoring - DEBUG - [detection_service.py:37] - No YOLO detections
2025-04-15 09:41:42,718 - proctoring - INFO - [detection_service.py:42] - Total events detected: 2
2025-04-15 09:41:42,718 - proctoring - INFO - [log_service.py:12] - Attempting to store 2 logs for user 2
2025-04-15 09:41:42,719 - proctoring - DEBUG - [log_service.py:26] - Created log entry: {'time': '2025-04-15 09:41:42.603630', 'event': 'Face detected', 'event_type': 'face_detected'}
2025-04-15 09:41:42,719 - proctoring - DEBUG - [log_service.py:26] - Created log entry: {'time': '2025-04-15 09:41:42.610347', 'event': 'Mouth movement detected'}
2025-04-15 09:41:42,720 - proctoring - INFO - [log_service.py:40] - Successfully stored 2 logs
2025-04-15 09:41:42,723 - proctoring - DEBUG - [image_utils.py:43] - Decoded base64 data length: 19348
2025-04-15 09:41:42,723 - proctoring - INFO - [detection_service.py:16] - Processing new frame
2025-04-15 09:41:42,738 - proctoring - INFO - [detection_service.py:34] - Face detection found 1 events
2025-04-15 09:41:42,752 - proctoring - INFO - [detection_service.py:34] - Face Mesh detection found 1 events
2025-04-15 09:41:42,755 - proctoring - DEBUG - [detection_service.py:37] - No Hand detections
2025-04-15 09:41:42,828 - proctoring - DEBUG - [detection_service.py:37] - No YOLO detections
2025-04-15 09:41:42,828 - proctoring - INFO - [detection_service.py:42] - Total events detected: 2
2025-04-15 09:41:42,828 - proctoring - INFO - [log_service.py:12] - Attempting to store 2 logs for user 2
2025-04-15 09:41:42,829 - proctoring - DEBUG - [log_service.py:26] - Created log entry: {'time': '2025-04-15 09:41:42.723697', 'event': 'Face detected', 'event_type': 'face_detected'}
2025-04-15 09:41:42,829 - proctoring - DEBUG - [log_service.py:26] - Created log entry: {'time': '2025-04-15 09:41:42.728637', 'event': 'Mouth movement detected'}
2025-04-15 09:41:42,831 - proctoring - INFO - [log_service.py:40] - Successfully stored 2 logs
2025-04-15 09:41:42,832 - proctoring - DEBUG - [image_utils.py:43] - Decoded base64 data length: 19421
2025-04-15 09:41:42,832 - proctoring - INFO - [detection_service.py:16] - Processing new frame
2025-04-15 09:41:42,846 - proctoring - INFO - [detection_service.py:34] - Face detection found 1 events
2025-04-15 09:41:42,860 - proctoring - DEBUG - [detection_service.py:37] - No Hand detections
2025-04-15 09:41:42,864 - proctoring - INFO - [detection_service.py:34] - Face Mesh detection found 1 events
2025-04-15 09:41:42,936 - proctoring - DEBUG - [detection_service.py:37] - No YOLO detections
2025-04-15 09:41:42,936 - proctoring - INFO - [detection_service.py:42] - Total events detected: 2
2025-04-15 09:41:42,936 - proctoring - INFO - [log_service.py:12] - Attempting to store 2 logs for user 2
2025-04-15 09:41:42,936 - proctoring - DEBUG - [log_service.py:26] - Created log entry: {'time': '2025-04-15 09:41:42.832995', 'event': 'Face detected', 'event_type': 'face_detected'}
2025-04-15 09:41:42,936 - proctoring - DEBUG - [log_service.py:26] - Created log entry: {'time': '2025-04-15 09:41:42.838325', 'event': 'Mouth movement detected'}
2025-04-15 09:41:42,938 - proctoring - INFO - [log_service.py:40] - Successfully stored 2 logs
2025-04-15 09:41:42,939 - proctoring - DEBUG - [image_utils.py:43] - Decoded base64 data length: 19510
2025-04-15 09:41:42,940 - proctoring - INFO - [detection_service.py:16] - Processing new frame
2025-04-15 09:41:42,953 - proctoring - INFO - [detection_service.py:34] - Face detection found 1 events
2025-04-15 09:41:43,102 - proctoring - DEBUG - [detection_service.py:37] - No Hand detections
2025-04-15 09:41:43,102 - proctoring - INFO - [detection_service.py:34] - Face Mesh detection found 1 events
2025-04-15 09:41:43,195 - proctoring - DEBUG - [detection_service.py:37] - No YOLO detections
2025-04-15 09:41:43,195 - proctoring - INFO - [detection_service.py:42] - Total events detected: 2
2025-04-15 09:41:43,195 - proctoring - INFO - [log_service.py:12] - Attempting to store 2 logs for user 2
2025-04-15 09:41:43,195 - proctoring - DEBUG - [log_service.py:26] - Created log entry: {'time': '2025-04-15 09:41:42.940216', 'event': 'Face detected', 'event_type': 'face_detected'}
2025-04-15 09:41:43,195 - proctoring - DEBUG - [log_service.py:26] - Created log entry: {'time': '2025-04-15 09:41:42.945117', 'event': 'Mouth movement detected'}
2025-04-15 09:41:43,197 - proctoring - INFO - [log_service.py:40] - Successfully stored 2 logs
2025-04-15 09:41:43,198 - proctoring - DEBUG - [image_utils.py:43] - Decoded base64 data length: 19552
2025-04-15 09:41:43,199 - proctoring - INFO - [detection_service.py:16] - Processing new frame
2025-04-15 09:41:43,211 - proctoring - INFO - [detection_service.py:34] - Face detection found 1 events
2025-04-15 09:41:43,224 - proctoring - INFO - [detection_service.py:34] - Face Mesh detection found 1 events
2025-04-15 09:41:43,229 - proctoring - DEBUG - [detection_service.py:37] - No Hand detections
2025-04-15 09:41:43,291 - proctoring - DEBUG - [detection_service.py:37] - No YOLO detections
2025-04-15 09:41:43,292 - proctoring - INFO - [detection_service.py:42] - Total events detected: 2
2025-04-15 09:41:43,292 - proctoring - INFO - [log_service.py:12] - Attempting to store 2 logs for user 2
2025-04-15 09:41:43,292 - proctoring - DEBUG - [log_service.py:26] - Created log entry: {'time': '2025-04-15 09:41:43.199215', 'event': 'Face detected', 'event_type': 'face_detected'}
2025-04-15 09:41:43,292 - proctoring - DEBUG - [log_service.py:26] - Created log entry: {'time': '2025-04-15 09:41:43.203650', 'event': 'Mouth movement detected'}
2025-04-15 09:41:43,293 - proctoring - INFO - [log_service.py:40] - Successfully stored 2 logs
2025-04-15 09:41:43,295 - proctoring - DEBUG - [image_utils.py:43] - Decoded base64 data length: 19564
2025-04-15 09:41:43,295 - proctoring - INFO - [detection_service.py:16] - Processing new frame
2025-04-15 09:41:43,307 - proctoring - INFO - [detection_service.py:34] - Face detection found 1 events
2025-04-15 09:41:43,321 - proctoring - INFO - [detection_service.py:34] - Face Mesh detection found 1 events
2025-04-15 09:41:43,324 - proctoring - DEBUG - [detection_service.py:37] - No Hand detections
2025-04-15 09:41:43,400 - proctoring - DEBUG - [detection_service.py:37] - No YOLO detections
2025-04-15 09:41:43,400 - proctoring - INFO - [detection_service.py:42] - Total events detected: 2
2025-04-15 09:41:43,400 - proctoring - INFO - [log_service.py:12] - Attempting to store 2 logs for user 2
2025-04-15 09:41:43,400 - proctoring - DEBUG - [log_service.py:26] - Created log entry: {'time': '2025-04-15 09:41:43.296019', 'event': 'Face detected', 'event_type': 'face_detected'}
2025-04-15 09:41:43,400 - proctoring - DEBUG - [log_service.py:26] - Created log entry: {'time': '2025-04-15 09:41:43.300568', 'event': 'Mouth movement detected'}
2025-04-15 09:41:43,402 - proctoring - INFO - [log_service.py:40] - Successfully stored 2 logs
2025-04-15 09:41:43,404 - proctoring - DEBUG - [image_utils.py:43] - Decoded base64 data length: 19506
2025-04-15 09:41:43,404 - proctoring - INFO - [detection_service.py:16] - Processing new frame
2025-04-15 09:41:43,415 - proctoring - INFO - [detection_service.py:34] - Face detection found 1 events
2025-04-15 09:41:43,432 - proctoring - INFO - [detection_service.py:34] - Face Mesh detection found 1 events
2025-04-15 09:41:43,432 - proctoring - DEBUG - [detection_service.py:37] - No Hand detections
2025-04-15 09:41:43,503 - proctoring - DEBUG - [detection_service.py:37] - No YOLO detections
2025-04-15 09:41:43,503 - proctoring - INFO - [detection_service.py:42] - Total events detected: 2
2025-04-15 09:41:43,503 - proctoring - INFO - [log_service.py:12] - Attempting to store 2 logs for user 2
2025-04-15 09:41:43,503 - proctoring - DEBUG - [log_service.py:26] - Created log entry: {'time': '2025-04-15 09:41:43.404856', 'event': 'Face detected', 'event_type': 'face_detected'}
2025-04-15 09:41:43,503 - proctoring - DEBUG - [log_service.py:26] - Created log entry: {'time': '2025-04-15 09:41:43.409018', 'event': 'Mouth movement detected'}
2025-04-15 09:41:43,505 - proctoring - INFO - [log_service.py:40] - Successfully stored 2 logs
2025-04-15 09:41:43,507 - proctoring - DEBUG - [image_utils.py:43] - Decoded base64 data length: 19433
2025-04-15 09:41:43,507 - proctoring - INFO - [detection_service.py:16] - Processing new frame
2025-04-15 09:41:43,522 - proctoring - INFO - [detection_service.py:34] - Face detection found 1 events
2025-04-15 09:41:43,535 - proctoring - DEBUG - [detection_service.py:37] - No Hand detections
2025-04-15 09:41:43,540 - proctoring - INFO - [detection_service.py:34] - Face Mesh detection found 1 events
2025-04-15 09:41:43,620 - proctoring - DEBUG - [detection_service.py:37] - No YOLO detections
2025-04-15 09:41:43,620 - proctoring - INFO - [detection_service.py:42] - Total events detected: 2
2025-04-15 09:41:43,620 - proctoring - INFO - [log_service.py:12] - Attempting to store 2 logs for user 2
2025-04-15 09:41:43,620 - proctoring - DEBUG - [log_service.py:26] - Created log entry: {'time': '2025-04-15 09:41:43.507938', 'event': 'Face detected', 'event_type': 'face_detected'}
2025-04-15 09:41:43,620 - proctoring - DEBUG - [log_service.py:26] - Created log entry: {'time': '2025-04-15 09:41:43.512409', 'event': 'Mouth movement detected'}
2025-04-15 09:41:43,622 - proctoring - INFO - [log_service.py:40] - Successfully stored 2 logs
2025-04-15 09:41:43,624 - proctoring - DEBUG - [image_utils.py:43] - Decoded base64 data length: 19383
2025-04-15 09:41:43,625 - proctoring - INFO - [detection_service.py:16] - Processing new frame
2025-04-15 09:41:43,638 - proctoring - INFO - [detection_service.py:34] - Face detection found 1 events
2025-04-15 09:41:43,654 - proctoring - INFO - [detection_service.py:34] - Face Mesh detection found 1 events
2025-04-15 09:41:43,658 - proctoring - DEBUG - [detection_service.py:37] - No Hand detections
2025-04-15 09:41:43,733 - proctoring - DEBUG - [detection_service.py:37] - No YOLO detections
2025-04-15 09:41:43,733 - proctoring - INFO - [detection_service.py:42] - Total events detected: 2
2025-04-15 09:41:43,733 - proctoring - INFO - [log_service.py:12] - Attempting to store 2 logs for user 2
2025-04-15 09:41:43,734 - proctoring - DEBUG - [log_service.py:26] - Created log entry: {'time': '2025-04-15 09:41:43.625505', 'event': 'Face detected', 'event_type': 'face_detected'}
2025-04-15 09:41:43,734 - proctoring - DEBUG - [log_service.py:26] - Created log entry: {'time': '2025-04-15 09:41:43.629752', 'event': 'Mouth movement detected'}
2025-04-15 09:41:43,736 - proctoring - INFO - [log_service.py:40] - Successfully stored 2 logs
2025-04-15 09:41:43,737 - proctoring - DEBUG - [image_utils.py:43] - Decoded base64 data length: 19459
2025-04-15 09:41:43,738 - proctoring - INFO - [detection_service.py:16] - Processing new frame
2025-04-15 09:41:43,752 - proctoring - INFO - [detection_service.py:34] - Face detection found 1 events
2025-04-15 09:41:43,764 - proctoring - INFO - [detection_service.py:34] - Face Mesh detection found 1 events
2025-04-15 09:41:43,766 - proctoring - DEBUG - [detection_service.py:37] - No Hand detections
2025-04-15 09:41:43,882 - proctoring - DEBUG - [detection_service.py:37] - No YOLO detections
2025-04-15 09:41:43,882 - proctoring - INFO - [detection_service.py:42] - Total events detected: 2
2025-04-15 09:41:43,882 - proctoring - INFO - [log_service.py:12] - Attempting to store 2 logs for user 2
2025-04-15 09:41:43,883 - proctoring - DEBUG - [log_service.py:26] - Created log entry: {'time': '2025-04-15 09:41:43.738405', 'event': 'Face detected', 'event_type': 'face_detected'}
2025-04-15 09:41:43,883 - proctoring - DEBUG - [log_service.py:26] - Created log entry: {'time': '2025-04-15 09:41:43.743206', 'event': 'Mouth movement detected'}
2025-04-15 09:41:43,885 - proctoring - INFO - [log_service.py:40] - Successfully stored 2 logs
2025-04-15 09:41:43,886 - proctoring - DEBUG - [image_utils.py:43] - Decoded base64 data length: 19202
2025-04-15 09:41:43,887 - proctoring - INFO - [detection_service.py:16] - Processing new frame
2025-04-15 09:41:43,899 - proctoring - INFO - [detection_service.py:34] - Face detection found 1 events
2025-04-15 09:41:43,912 - proctoring - INFO - [detection_service.py:34] - Face Mesh detection found 1 events
2025-04-15 09:41:43,918 - proctoring - DEBUG - [detection_service.py:37] - No Hand detections
2025-04-15 09:41:43,992 - proctoring - DEBUG - [detection_service.py:37] - No YOLO detections
2025-04-15 09:41:43,992 - proctoring - INFO - [detection_service.py:42] - Total events detected: 2
2025-04-15 09:41:43,992 - proctoring - INFO - [log_service.py:12] - Attempting to store 2 logs for user 2
2025-04-15 09:41:43,992 - proctoring - DEBUG - [log_service.py:26] - Created log entry: {'time': '2025-04-15 09:41:43.887126', 'event': 'Face detected', 'event_type': 'face_detected'}
2025-04-15 09:41:43,992 - proctoring - DEBUG - [log_service.py:26] - Created log entry: {'time': '2025-04-15 09:41:43.892187', 'event': 'Mouth movement detected'}
2025-04-15 09:41:43,994 - proctoring - INFO - [log_service.py:40] - Successfully stored 2 logs
2025-04-15 09:41:43,996 - proctoring - DEBUG - [image_utils.py:43] - Decoded base64 data length: 19074
2025-04-15 09:41:43,996 - proctoring - INFO - [detection_service.py:16] - Processing new frame
2025-04-15 09:41:44,007 - proctoring - INFO - [detection_service.py:34] - Face detection found 1 events
2025-04-15 09:41:44,022 - proctoring - INFO - [detection_service.py:34] - Face Mesh detection found 1 events
2025-04-15 09:41:44,026 - proctoring - DEBUG - [detection_service.py:37] - No Hand detections
2025-04-15 09:41:44,101 - proctoring - DEBUG - [detection_service.py:37] - No YOLO detections
2025-04-15 09:41:44,101 - proctoring - INFO - [detection_service.py:42] - Total events detected: 2
2025-04-15 09:41:44,101 - proctoring - INFO - [log_service.py:12] - Attempting to store 2 logs for user 2
2025-04-15 09:41:44,102 - proctoring - DEBUG - [log_service.py:26] - Created log entry: {'time': '2025-04-15 09:41:43.996649', 'event': 'Face detected', 'event_type': 'face_detected'}
2025-04-15 09:41:44,102 - proctoring - DEBUG - [log_service.py:26] - Created log entry: {'time': '2025-04-15 09:41:44.001103', 'event': 'Mouth movement detected'}
2025-04-15 09:41:44,104 - proctoring - INFO - [log_service.py:40] - Successfully stored 2 logs
2025-04-15 09:41:44,105 - proctoring - DEBUG - [image_utils.py:43] - Decoded base64 data length: 18972
2025-04-15 09:41:44,106 - proctoring - INFO - [detection_service.py:16] - Processing new frame
2025-04-15 09:41:44,122 - proctoring - INFO - [detection_service.py:34] - Face detection found 1 events
2025-04-15 09:41:44,135 - proctoring - DEBUG - [detection_service.py:37] - No Hand detections
2025-04-15 09:41:44,139 - proctoring - INFO - [detection_service.py:34] - Face Mesh detection found 1 events
2025-04-15 09:41:44,214 - proctoring - DEBUG - [detection_service.py:37] - No YOLO detections
2025-04-15 09:41:44,214 - proctoring - INFO - [detection_service.py:42] - Total events detected: 2
2025-04-15 09:41:44,214 - proctoring - INFO - [log_service.py:12] - Attempting to store 2 logs for user 2
2025-04-15 09:41:44,214 - proctoring - DEBUG - [log_service.py:26] - Created log entry: {'time': '2025-04-15 09:41:44.106207', 'event': 'Face detected', 'event_type': 'face_detected'}
2025-04-15 09:41:44,215 - proctoring - DEBUG - [log_service.py:26] - Created log entry: {'time': '2025-04-15 09:41:44.111531', 'event': 'Mouth movement detected'}
2025-04-15 09:41:44,217 - proctoring - INFO - [log_service.py:40] - Successfully stored 2 logs
2025-04-15 09:41:44,218 - proctoring - DEBUG - [image_utils.py:43] - Decoded base64 data length: 18895
2025-04-15 09:41:44,219 - proctoring - INFO - [detection_service.py:16] - Processing new frame
2025-04-15 09:41:44,231 - proctoring - INFO - [detection_service.py:34] - Face detection found 1 events
2025-04-15 09:41:44,241 - proctoring - INFO - [detection_service.py:34] - Face Mesh detection found 1 events
2025-04-15 09:41:44,248 - proctoring - DEBUG - [detection_service.py:37] - No Hand detections
2025-04-15 09:41:44,309 - proctoring - DEBUG - [detection_service.py:37] - No YOLO detections
2025-04-15 09:41:44,309 - proctoring - INFO - [detection_service.py:42] - Total events detected: 2
2025-04-15 09:41:44,309 - proctoring - INFO - [log_service.py:12] - Attempting to store 2 logs for user 2
2025-04-15 09:41:44,309 - proctoring - DEBUG - [log_service.py:26] - Created log entry: {'time': '2025-04-15 09:41:44.219343', 'event': 'Face detected', 'event_type': 'face_detected'}
2025-04-15 09:41:44,309 - proctoring - DEBUG - [log_service.py:26] - Created log entry: {'time': '2025-04-15 09:41:44.223575', 'event': 'Mouth movement detected'}
2025-04-15 09:41:44,311 - proctoring - INFO - [log_service.py:40] - Successfully stored 2 logs
2025-04-15 09:41:44,312 - proctoring - DEBUG - [image_utils.py:43] - Decoded base64 data length: 18995
2025-04-15 09:41:44,313 - proctoring - INFO - [detection_service.py:16] - Processing new frame
2025-04-15 09:41:44,324 - proctoring - INFO - [detection_service.py:34] - Face detection found 1 events
2025-04-15 09:41:44,336 - proctoring - INFO - [detection_service.py:34] - Face Mesh detection found 1 events
2025-04-15 09:41:44,341 - proctoring - DEBUG - [detection_service.py:37] - No Hand detections
2025-04-15 09:41:44,406 - proctoring - DEBUG - [detection_service.py:37] - No YOLO detections
2025-04-15 09:41:44,406 - proctoring - INFO - [detection_service.py:42] - Total events detected: 2
2025-04-15 09:41:44,406 - proctoring - INFO - [log_service.py:12] - Attempting to store 2 logs for user 2
2025-04-15 09:41:44,406 - proctoring - DEBUG - [log_service.py:26] - Created log entry: {'time': '2025-04-15 09:41:44.313440', 'event': 'Face detected', 'event_type': 'face_detected'}
2025-04-15 09:41:44,406 - proctoring - DEBUG - [log_service.py:26] - Created log entry: {'time': '2025-04-15 09:41:44.317227', 'event': 'Mouth movement detected'}
2025-04-15 09:41:44,408 - proctoring - INFO - [log_service.py:40] - Successfully stored 2 logs
2025-04-15 09:41:44,410 - proctoring - DEBUG - [image_utils.py:43] - Decoded base64 data length: 18864
2025-04-15 09:41:44,410 - proctoring - INFO - [detection_service.py:16] - Processing new frame
2025-04-15 09:41:44,421 - proctoring - INFO - [detection_service.py:34] - Face detection found 1 events
2025-04-15 09:41:44,433 - proctoring - INFO - [detection_service.py:34] - Face Mesh detection found 1 events
2025-04-15 09:41:44,440 - proctoring - DEBUG - [detection_service.py:37] - No Hand detections
2025-04-15 09:41:44,545 - proctoring - DEBUG - [detection_service.py:37] - No YOLO detections
2025-04-15 09:41:44,545 - proctoring - INFO - [detection_service.py:42] - Total events detected: 2
2025-04-15 09:41:44,545 - proctoring - INFO - [log_service.py:12] - Attempting to store 2 logs for user 2
2025-04-15 09:41:44,545 - proctoring - DEBUG - [log_service.py:26] - Created log entry: {'time': '2025-04-15 09:41:44.410780', 'event': 'Face detected', 'event_type': 'face_detected'}
2025-04-15 09:41:44,545 - proctoring - DEBUG - [log_service.py:26] - Created log entry: {'time': '2025-04-15 09:41:44.414654', 'event': 'Mouth movement detected'}
2025-04-15 09:41:44,547 - proctoring - INFO - [log_service.py:40] - Successfully stored 2 logs
2025-04-15 09:41:44,548 - proctoring - DEBUG - [image_utils.py:43] - Decoded base64 data length: 18938
2025-04-15 09:41:44,549 - proctoring - INFO - [detection_service.py:16] - Processing new frame
2025-04-15 09:41:44,563 - proctoring - INFO - [detection_service.py:34] - Face detection found 1 events
2025-04-15 09:41:44,579 - proctoring - INFO - [detection_service.py:34] - Face Mesh detection found 1 events
2025-04-15 09:41:44,580 - proctoring - DEBUG - [detection_service.py:37] - No Hand detections
2025-04-15 09:41:44,661 - proctoring - DEBUG - [detection_service.py:37] - No YOLO detections
2025-04-15 09:41:44,662 - proctoring - INFO - [detection_service.py:42] - Total events detected: 2
2025-04-15 09:41:44,662 - proctoring - INFO - [log_service.py:12] - Attempting to store 2 logs for user 2
2025-04-15 09:41:44,662 - proctoring - DEBUG - [log_service.py:26] - Created log entry: {'time': '2025-04-15 09:41:44.549542', 'event': 'Face detected', 'event_type': 'face_detected'}
2025-04-15 09:41:44,662 - proctoring - DEBUG - [log_service.py:26] - Created log entry: {'time': '2025-04-15 09:41:44.553877', 'event': 'Mouth movement detected'}
2025-04-15 09:41:44,664 - proctoring - INFO - [log_service.py:40] - Successfully stored 2 logs
2025-04-15 09:41:44,666 - proctoring - DEBUG - [image_utils.py:43] - Decoded base64 data length: 18829
2025-04-15 09:41:44,666 - proctoring - INFO - [detection_service.py:16] - Processing new frame
2025-04-15 09:41:44,679 - proctoring - INFO - [detection_service.py:34] - Face detection found 1 events
2025-04-15 09:41:44,691 - proctoring - INFO - [detection_service.py:34] - Face Mesh detection found 1 events
2025-04-15 09:41:44,697 - proctoring - DEBUG - [detection_service.py:37] - No Hand detections
2025-04-15 09:41:44,776 - proctoring - DEBUG - [detection_service.py:37] - No YOLO detections
2025-04-15 09:41:44,776 - proctoring - INFO - [detection_service.py:42] - Total events detected: 2
2025-04-15 09:41:44,776 - proctoring - INFO - [log_service.py:12] - Attempting to store 2 logs for user 2
2025-04-15 09:41:44,776 - proctoring - DEBUG - [log_service.py:26] - Created log entry: {'time': '2025-04-15 09:41:44.666689', 'event': 'Face detected', 'event_type': 'face_detected'}
2025-04-15 09:41:44,776 - proctoring - DEBUG - [log_service.py:26] - Created log entry: {'time': '2025-04-15 09:41:44.670952', 'event': 'Mouth movement detected'}
2025-04-15 09:41:44,778 - proctoring - INFO - [log_service.py:40] - Successfully stored 2 logs
2025-04-15 09:41:44,780 - proctoring - DEBUG - [image_utils.py:43] - Decoded base64 data length: 18772
2025-04-15 09:41:44,780 - proctoring - INFO - [detection_service.py:16] - Processing new frame
2025-04-15 09:41:44,793 - proctoring - INFO - [detection_service.py:34] - Face detection found 1 events
2025-04-15 09:41:44,808 - proctoring - INFO - [detection_service.py:34] - Face Mesh detection found 1 events
2025-04-15 09:41:44,814 - proctoring - DEBUG - [detection_service.py:37] - No Hand detections
2025-04-15 09:41:44,893 - proctoring - DEBUG - [detection_service.py:37] - No YOLO detections
2025-04-15 09:41:44,893 - proctoring - INFO - [detection_service.py:42] - Total events detected: 2
2025-04-15 09:41:44,893 - proctoring - INFO - [log_service.py:12] - Attempting to store 2 logs for user 2
2025-04-15 09:41:44,894 - proctoring - DEBUG - [log_service.py:26] - Created log entry: {'time': '2025-04-15 09:41:44.780933', 'event': 'Face detected', 'event_type': 'face_detected'}
2025-04-15 09:41:44,894 - proctoring - DEBUG - [log_service.py:26] - Created log entry: {'time': '2025-04-15 09:41:44.786553', 'event': 'Mouth movement detected'}
2025-04-15 09:41:44,896 - proctoring - INFO - [log_service.py:40] - Successfully stored 2 logs
2025-04-15 09:41:44,897 - proctoring - DEBUG - [image_utils.py:43] - Decoded base64 data length: 18934
2025-04-15 09:41:44,898 - proctoring - INFO - [detection_service.py:16] - Processing new frame
2025-04-15 09:41:44,912 - proctoring - INFO - [detection_service.py:34] - Face detection found 1 events
2025-04-15 09:41:44,931 - proctoring - INFO - [detection_service.py:34] - Face Mesh detection found 1 events
2025-04-15 09:41:44,936 - proctoring - DEBUG - [detection_service.py:37] - No Hand detections
2025-04-15 09:41:45,029 - proctoring - DEBUG - [detection_service.py:37] - No YOLO detections
2025-04-15 09:41:45,029 - proctoring - INFO - [detection_service.py:42] - Total events detected: 2
2025-04-15 09:41:45,029 - proctoring - INFO - [log_service.py:12] - Attempting to store 2 logs for user 2
2025-04-15 09:41:45,029 - proctoring - DEBUG - [log_service.py:26] - Created log entry: {'time': '2025-04-15 09:41:44.898493', 'event': 'Face detected', 'event_type': 'face_detected'}
2025-04-15 09:41:45,029 - proctoring - DEBUG - [log_service.py:26] - Created log entry: {'time': '2025-04-15 09:41:44.903141', 'event': 'Mouth movement detected'}
2025-04-15 09:41:45,032 - proctoring - INFO - [log_service.py:40] - Successfully stored 2 logs
2025-04-15 09:41:45,033 - proctoring - DEBUG - [image_utils.py:43] - Decoded base64 data length: 18922
2025-04-15 09:41:45,034 - proctoring - INFO - [detection_service.py:16] - Processing new frame
2025-04-15 09:41:45,046 - proctoring - INFO - [detection_service.py:34] - Face detection found 1 events
2025-04-15 09:41:45,066 - proctoring - INFO - [detection_service.py:34] - Face Mesh detection found 1 events
2025-04-15 09:41:45,070 - proctoring - DEBUG - [detection_service.py:37] - No Hand detections
2025-04-15 09:41:45,148 - proctoring - DEBUG - [detection_service.py:37] - No YOLO detections
2025-04-15 09:41:45,148 - proctoring - INFO - [detection_service.py:42] - Total events detected: 2
2025-04-15 09:41:45,148 - proctoring - INFO - [log_service.py:12] - Attempting to store 2 logs for user 2
2025-04-15 09:41:45,148 - proctoring - DEBUG - [log_service.py:26] - Created log entry: {'time': '2025-04-15 09:41:45.034335', 'event': 'Face detected', 'event_type': 'face_detected'}
2025-04-15 09:41:45,148 - proctoring - DEBUG - [log_service.py:26] - Created log entry: {'time': '2025-04-15 09:41:45.039642', 'event': 'Mouth movement detected'}
2025-04-15 09:41:45,150 - proctoring - INFO - [log_service.py:40] - Successfully stored 2 logs
2025-04-15 09:41:45,152 - proctoring - DEBUG - [image_utils.py:43] - Decoded base64 data length: 18906
2025-04-15 09:41:45,152 - proctoring - INFO - [detection_service.py:16] - Processing new frame
2025-04-15 09:41:45,164 - proctoring - INFO - [detection_service.py:34] - Face detection found 1 events
2025-04-15 09:41:45,178 - proctoring - INFO - [detection_service.py:34] - Face Mesh detection found 1 events
2025-04-15 09:41:45,185 - proctoring - DEBUG - [detection_service.py:37] - No Hand detections
2025-04-15 09:41:45,262 - proctoring - DEBUG - [detection_service.py:37] - No YOLO detections
2025-04-15 09:41:45,262 - proctoring - INFO - [detection_service.py:42] - Total events detected: 2
2025-04-15 09:41:45,262 - proctoring - INFO - [log_service.py:12] - Attempting to store 2 logs for user 2
2025-04-15 09:41:45,262 - proctoring - DEBUG - [log_service.py:26] - Created log entry: {'time': '2025-04-15 09:41:45.152853', 'event': 'Face detected', 'event_type': 'face_detected'}
2025-04-15 09:41:45,262 - proctoring - DEBUG - [log_service.py:26] - Created log entry: {'time': '2025-04-15 09:41:45.156670', 'event': 'Mouth movement detected'}
2025-04-15 09:41:45,264 - proctoring - INFO - [log_service.py:40] - Successfully stored 2 logs
2025-04-15 09:41:45,265 - proctoring - DEBUG - [image_utils.py:43] - Decoded base64 data length: 19000
2025-04-15 09:41:45,266 - proctoring - INFO - [detection_service.py:16] - Processing new frame
2025-04-15 09:41:45,277 - proctoring - INFO - [detection_service.py:34] - Face detection found 1 events
2025-04-15 09:41:45,292 - proctoring - DEBUG - [detection_service.py:37] - No Hand detections
2025-04-15 09:41:45,292 - proctoring - INFO - [detection_service.py:34] - Face Mesh detection found 1 events
2025-04-15 09:41:45,366 - proctoring - DEBUG - [detection_service.py:37] - No YOLO detections
2025-04-15 09:41:45,366 - proctoring - INFO - [detection_service.py:42] - Total events detected: 2
2025-04-15 09:41:45,367 - proctoring - INFO - [log_service.py:12] - Attempting to store 2 logs for user 2
2025-04-15 09:41:45,367 - proctoring - DEBUG - [log_service.py:26] - Created log entry: {'time': '2025-04-15 09:41:45.266135', 'event': 'Face detected', 'event_type': 'face_detected'}
2025-04-15 09:41:45,367 - proctoring - DEBUG - [log_service.py:26] - Created log entry: {'time': '2025-04-15 09:41:45.270851', 'event': 'Mouth movement detected'}
2025-04-15 09:41:45,368 - proctoring - INFO - [log_service.py:40] - Successfully stored 2 logs
2025-04-15 09:41:45,370 - proctoring - DEBUG - [image_utils.py:43] - Decoded base64 data length: 19155
2025-04-15 09:41:45,370 - proctoring - INFO - [detection_service.py:16] - Processing new frame
2025-04-15 09:41:45,381 - proctoring - INFO - [detection_service.py:34] - Face detection found 1 events
2025-04-15 09:41:45,393 - proctoring - INFO - [detection_service.py:34] - Face Mesh detection found 1 events
2025-04-15 09:41:45,409 - proctoring - DEBUG - [detection_service.py:37] - No Hand detections
2025-04-15 09:41:45,468 - proctoring - DEBUG - [detection_service.py:37] - No YOLO detections
2025-04-15 09:41:45,468 - proctoring - INFO - [detection_service.py:42] - Total events detected: 2
2025-04-15 09:41:45,468 - proctoring - INFO - [log_service.py:12] - Attempting to store 2 logs for user 2
2025-04-15 09:41:45,468 - proctoring - DEBUG - [log_service.py:26] - Created log entry: {'time': '2025-04-15 09:41:45.370749', 'event': 'Face detected', 'event_type': 'face_detected'}
2025-04-15 09:41:45,468 - proctoring - DEBUG - [log_service.py:26] - Created log entry: {'time': '2025-04-15 09:41:45.374704', 'event': 'Mouth movement detected'}
2025-04-15 09:41:45,470 - proctoring - INFO - [log_service.py:40] - Successfully stored 2 logs
2025-04-15 09:41:45,472 - proctoring - DEBUG - [image_utils.py:43] - Decoded base64 data length: 19295
2025-04-15 09:41:45,472 - proctoring - INFO - [detection_service.py:16] - Processing new frame
2025-04-15 09:41:45,482 - proctoring - INFO - [detection_service.py:34] - Face detection found 1 events
2025-04-15 09:41:45,499 - proctoring - INFO - [detection_service.py:34] - Face Mesh detection found 1 events
2025-04-15 09:41:45,502 - proctoring - DEBUG - [detection_service.py:37] - No Hand detections
2025-04-15 09:41:45,579 - proctoring - DEBUG - [detection_service.py:37] - No YOLO detections
2025-04-15 09:41:45,580 - proctoring - INFO - [detection_service.py:42] - Total events detected: 2
2025-04-15 09:41:45,580 - proctoring - INFO - [log_service.py:12] - Attempting to store 2 logs for user 2
2025-04-15 09:41:45,580 - proctoring - DEBUG - [log_service.py:26] - Created log entry: {'time': '2025-04-15 09:41:45.472731', 'event': 'Face detected', 'event_type': 'face_detected'}
2025-04-15 09:41:45,580 - proctoring - DEBUG - [log_service.py:26] - Created log entry: {'time': '2025-04-15 09:41:45.477105', 'event': 'Mouth movement detected'}
2025-04-15 09:41:45,582 - proctoring - INFO - [log_service.py:40] - Successfully stored 2 logs
2025-04-15 09:41:45,583 - proctoring - DEBUG - [image_utils.py:43] - Decoded base64 data length: 19397
2025-04-15 09:41:45,583 - proctoring - INFO - [detection_service.py:16] - Processing new frame
2025-04-15 09:41:45,596 - proctoring - INFO - [detection_service.py:34] - Face detection found 1 events
2025-04-15 09:41:45,612 - proctoring - DEBUG - [detection_service.py:37] - No Hand detections
2025-04-15 09:41:45,617 - proctoring - INFO - [detection_service.py:34] - Face Mesh detection found 1 events
2025-04-15 09:41:45,690 - proctoring - DEBUG - [detection_service.py:37] - No YOLO detections
2025-04-15 09:41:45,690 - proctoring - INFO - [detection_service.py:42] - Total events detected: 2
2025-04-15 09:41:45,690 - proctoring - INFO - [log_service.py:12] - Attempting to store 2 logs for user 2
2025-04-15 09:41:45,690 - proctoring - DEBUG - [log_service.py:26] - Created log entry: {'time': '2025-04-15 09:41:45.584083', 'event': 'Face detected', 'event_type': 'face_detected'}
2025-04-15 09:41:45,690 - proctoring - DEBUG - [log_service.py:26] - Created log entry: {'time': '2025-04-15 09:41:45.589684', 'event': 'Mouth movement detected'}
2025-04-15 09:41:45,692 - proctoring - INFO - [log_service.py:40] - Successfully stored 2 logs
2025-04-15 09:41:45,695 - proctoring - DEBUG - [image_utils.py:43] - Decoded base64 data length: 19430
2025-04-15 09:41:45,695 - proctoring - INFO - [detection_service.py:16] - Processing new frame
2025-04-15 09:41:45,707 - proctoring - INFO - [detection_service.py:34] - Face detection found 1 events
2025-04-15 09:41:45,722 - proctoring - INFO - [detection_service.py:34] - Face Mesh detection found 1 events
2025-04-15 09:41:45,729 - proctoring - DEBUG - [detection_service.py:37] - No Hand detections
2025-04-15 09:41:45,803 - proctoring - DEBUG - [detection_service.py:37] - No YOLO detections
2025-04-15 09:41:45,803 - proctoring - INFO - [detection_service.py:42] - Total events detected: 2
2025-04-15 09:41:45,803 - proctoring - INFO - [log_service.py:12] - Attempting to store 2 logs for user 2
2025-04-15 09:41:45,803 - proctoring - DEBUG - [log_service.py:26] - Created log entry: {'time': '2025-04-15 09:41:45.696040', 'event': 'Face detected', 'event_type': 'face_detected'}
2025-04-15 09:41:45,803 - proctoring - DEBUG - [log_service.py:26] - Created log entry: {'time': '2025-04-15 09:41:45.700001', 'event': 'Mouth movement detected'}
2025-04-15 09:41:45,805 - proctoring - INFO - [log_service.py:40] - Successfully stored 2 logs
2025-04-15 09:41:45,807 - proctoring - DEBUG - [image_utils.py:43] - Decoded base64 data length: 19435
2025-04-15 09:41:45,807 - proctoring - INFO - [detection_service.py:16] - Processing new frame
2025-04-15 09:41:45,821 - proctoring - INFO - [detection_service.py:34] - Face detection found 1 events
2025-04-15 09:41:45,833 - proctoring - INFO - [detection_service.py:34] - Face Mesh detection found 1 events
2025-04-15 09:41:45,837 - proctoring - DEBUG - [detection_service.py:37] - No Hand detections
2025-04-15 09:41:45,914 - proctoring - DEBUG - [detection_service.py:37] - No YOLO detections
2025-04-15 09:41:45,914 - proctoring - INFO - [detection_service.py:42] - Total events detected: 2
2025-04-15 09:41:45,914 - proctoring - INFO - [log_service.py:12] - Attempting to store 2 logs for user 2
2025-04-15 09:41:45,914 - proctoring - DEBUG - [log_service.py:26] - Created log entry: {'time': '2025-04-15 09:41:45.807894', 'event': 'Face detected', 'event_type': 'face_detected'}
2025-04-15 09:41:45,914 - proctoring - DEBUG - [log_service.py:26] - Created log entry: {'time': '2025-04-15 09:41:45.812599', 'event': 'Mouth movement detected'}
2025-04-15 09:41:45,916 - proctoring - INFO - [log_service.py:40] - Successfully stored 2 logs
2025-04-15 09:41:45,918 - proctoring - DEBUG - [image_utils.py:43] - Decoded base64 data length: 19502
2025-04-15 09:41:45,918 - proctoring - INFO - [detection_service.py:16] - Processing new frame
2025-04-15 09:41:45,931 - proctoring - INFO - [detection_service.py:34] - Face detection found 1 events
2025-04-15 09:41:45,945 - proctoring - INFO - [detection_service.py:34] - Face Mesh detection found 1 events
2025-04-15 09:41:45,948 - proctoring - DEBUG - [detection_service.py:37] - No Hand detections
2025-04-15 09:41:46,028 - proctoring - DEBUG - [detection_service.py:37] - No YOLO detections
2025-04-15 09:41:46,028 - proctoring - INFO - [detection_service.py:42] - Total events detected: 2
2025-04-15 09:41:46,028 - proctoring - INFO - [log_service.py:12] - Attempting to store 2 logs for user 2
2025-04-15 09:41:46,028 - proctoring - DEBUG - [log_service.py:26] - Created log entry: {'time': '2025-04-15 09:41:45.918615', 'event': 'Face detected', 'event_type': 'face_detected'}
2025-04-15 09:41:46,028 - proctoring - DEBUG - [log_service.py:26] - Created log entry: {'time': '2025-04-15 09:41:45.923814', 'event': 'Mouth movement detected'}
2025-04-15 09:41:46,030 - proctoring - INFO - [log_service.py:40] - Successfully stored 2 logs
2025-04-15 09:41:46,031 - proctoring - DEBUG - [image_utils.py:43] - Decoded base64 data length: 19512
2025-04-15 09:41:46,032 - proctoring - INFO - [detection_service.py:16] - Processing new frame
2025-04-15 09:41:46,043 - proctoring - INFO - [detection_service.py:34] - Face detection found 1 events
2025-04-15 09:41:46,058 - proctoring - INFO - [detection_service.py:34] - Face Mesh detection found 1 events
2025-04-15 09:41:46,065 - proctoring - DEBUG - [detection_service.py:37] - No Hand detections
2025-04-15 09:41:46,138 - proctoring - DEBUG - [detection_service.py:37] - No YOLO detections
2025-04-15 09:41:46,138 - proctoring - INFO - [detection_service.py:42] - Total events detected: 2
2025-04-15 09:41:46,138 - proctoring - INFO - [log_service.py:12] - Attempting to store 2 logs for user 2
2025-04-15 09:41:46,138 - proctoring - DEBUG - [log_service.py:26] - Created log entry: {'time': '2025-04-15 09:41:46.032622', 'event': 'Face detected', 'event_type': 'face_detected'}
2025-04-15 09:41:46,138 - proctoring - DEBUG - [log_service.py:26] - Created log entry: {'time': '2025-04-15 09:41:46.036910', 'event': 'Mouth movement detected'}
2025-04-15 09:41:46,141 - proctoring - INFO - [log_service.py:40] - Successfully stored 2 logs
2025-04-15 09:41:46,142 - proctoring - DEBUG - [image_utils.py:43] - Decoded base64 data length: 19520
2025-04-15 09:41:46,143 - proctoring - INFO - [detection_service.py:16] - Processing new frame
2025-04-15 09:41:46,155 - proctoring - INFO - [detection_service.py:34] - Face detection found 1 events
2025-04-15 09:41:46,178 - proctoring - DEBUG - [detection_service.py:37] - No Hand detections
2025-04-15 09:41:46,178 - proctoring - INFO - [detection_service.py:34] - Face Mesh detection found 1 events
2025-04-15 09:41:46,260 - proctoring - DEBUG - [detection_service.py:37] - No YOLO detections
2025-04-15 09:41:46,260 - proctoring - INFO - [detection_service.py:42] - Total events detected: 2
2025-04-15 09:41:46,260 - proctoring - INFO - [log_service.py:12] - Attempting to store 2 logs for user 2
2025-04-15 09:41:46,260 - proctoring - DEBUG - [log_service.py:26] - Created log entry: {'time': '2025-04-15 09:41:46.143558', 'event': 'Face detected', 'event_type': 'face_detected'}
2025-04-15 09:41:46,261 - proctoring - DEBUG - [log_service.py:26] - Created log entry: {'time': '2025-04-15 09:41:46.148671', 'event': 'Mouth movement detected'}
2025-04-15 09:41:46,263 - proctoring - INFO - [log_service.py:40] - Successfully stored 2 logs
2025-04-15 09:41:46,264 - proctoring - DEBUG - [image_utils.py:43] - Decoded base64 data length: 19549
2025-04-15 09:41:46,265 - proctoring - INFO - [detection_service.py:16] - Processing new frame
2025-04-15 09:41:46,278 - proctoring - INFO - [detection_service.py:34] - Face detection found 1 events
2025-04-15 09:41:46,288 - proctoring - INFO - [detection_service.py:34] - Face Mesh detection found 1 events
2025-04-15 09:41:46,296 - proctoring - DEBUG - [detection_service.py:37] - No Hand detections
2025-04-15 09:41:46,359 - proctoring - DEBUG - [detection_service.py:37] - No YOLO detections
2025-04-15 09:41:46,359 - proctoring - INFO - [detection_service.py:42] - Total events detected: 2
2025-04-15 09:41:46,360 - proctoring - INFO - [log_service.py:12] - Attempting to store 2 logs for user 2
2025-04-15 09:41:46,360 - proctoring - DEBUG - [log_service.py:26] - Created log entry: {'time': '2025-04-15 09:41:46.265262', 'event': 'Face detected', 'event_type': 'face_detected'}
2025-04-15 09:41:46,360 - proctoring - DEBUG - [log_service.py:26] - Created log entry: {'time': '2025-04-15 09:41:46.270304', 'event': 'Mouth movement detected'}
2025-04-15 09:41:46,362 - proctoring - INFO - [log_service.py:40] - Successfully stored 2 logs
2025-04-15 09:41:46,363 - proctoring - DEBUG - [image_utils.py:43] - Decoded base64 data length: 19524
2025-04-15 09:41:46,364 - proctoring - INFO - [detection_service.py:16] - Processing new frame
2025-04-15 09:41:46,377 - proctoring - INFO - [detection_service.py:34] - Face detection found 1 events
2025-04-15 09:41:46,392 - proctoring - INFO - [detection_service.py:34] - Face Mesh detection found 1 events
2025-04-15 09:41:46,397 - proctoring - DEBUG - [detection_service.py:37] - No Hand detections
2025-04-15 09:41:46,463 - proctoring - DEBUG - [detection_service.py:37] - No YOLO detections
2025-04-15 09:41:46,463 - proctoring - INFO - [detection_service.py:42] - Total events detected: 2
2025-04-15 09:41:46,463 - proctoring - INFO - [log_service.py:12] - Attempting to store 2 logs for user 2
2025-04-15 09:41:46,463 - proctoring - DEBUG - [log_service.py:26] - Created log entry: {'time': '2025-04-15 09:41:46.364474', 'event': 'Face detected', 'event_type': 'face_detected'}
2025-04-15 09:41:46,463 - proctoring - DEBUG - [log_service.py:26] - Created log entry: {'time': '2025-04-15 09:41:46.370533', 'event': 'Mouth movement detected'}
2025-04-15 09:41:46,465 - proctoring - INFO - [log_service.py:40] - Successfully stored 2 logs
2025-04-15 09:41:46,467 - proctoring - DEBUG - [image_utils.py:43] - Decoded base64 data length: 19341
2025-04-15 09:41:46,467 - proctoring - INFO - [detection_service.py:16] - Processing new frame
2025-04-15 09:41:46,480 - proctoring - INFO - [detection_service.py:34] - Face detection found 1 events
2025-04-15 09:41:46,492 - proctoring - DEBUG - [detection_service.py:37] - No Face Mesh detections
2025-04-15 09:41:46,497 - proctoring - DEBUG - [detection_service.py:37] - No Hand detections
2025-04-15 09:41:46,580 - proctoring - DEBUG - [detection_service.py:37] - No YOLO detections
2025-04-15 09:41:46,581 - proctoring - INFO - [detection_service.py:42] - Total events detected: 1
2025-04-15 09:41:46,581 - proctoring - INFO - [log_service.py:12] - Attempting to store 1 logs for user 2
2025-04-15 09:41:46,581 - proctoring - DEBUG - [log_service.py:26] - Created log entry: {'time': '2025-04-15 09:41:46.467596', 'event': 'Face detected', 'event_type': 'face_detected'}
2025-04-15 09:41:46,582 - proctoring - INFO - [log_service.py:40] - Successfully stored 1 logs
2025-04-15 09:41:46,584 - proctoring - DEBUG - [image_utils.py:43] - Decoded base64 data length: 19366
2025-04-15 09:41:46,584 - proctoring - INFO - [detection_service.py:16] - Processing new frame
2025-04-15 09:41:46,597 - proctoring - INFO - [detection_service.py:34] - Face detection found 1 events
2025-04-15 09:41:46,614 - proctoring - DEBUG - [detection_service.py:37] - No Face Mesh detections
2025-04-15 09:41:46,614 - proctoring - DEBUG - [detection_service.py:37] - No Hand detections
2025-04-15 09:41:46,698 - proctoring - DEBUG - [detection_service.py:37] - No YOLO detections
2025-04-15 09:41:46,698 - proctoring - INFO - [detection_service.py:42] - Total events detected: 1
2025-04-15 09:41:46,698 - proctoring - INFO - [log_service.py:12] - Attempting to store 1 logs for user 2
2025-04-15 09:41:46,698 - proctoring - DEBUG - [log_service.py:26] - Created log entry: {'time': '2025-04-15 09:41:46.585000', 'event': 'Face detected', 'event_type': 'face_detected'}
2025-04-15 09:41:46,701 - proctoring - INFO - [log_service.py:40] - Successfully stored 1 logs
2025-04-15 09:41:46,702 - proctoring - DEBUG - [image_utils.py:43] - Decoded base64 data length: 19328
2025-04-15 09:41:46,702 - proctoring - INFO - [detection_service.py:16] - Processing new frame
2025-04-15 09:41:46,714 - proctoring - INFO - [detection_service.py:34] - Face detection found 1 events
2025-04-15 09:41:46,729 - proctoring - DEBUG - [detection_service.py:37] - No Face Mesh detections
2025-04-15 09:41:46,733 - proctoring - DEBUG - [detection_service.py:37] - No Hand detections
2025-04-15 09:41:46,811 - proctoring - DEBUG - [detection_service.py:37] - No YOLO detections
2025-04-15 09:41:46,811 - proctoring - INFO - [detection_service.py:42] - Total events detected: 1
2025-04-15 09:41:46,812 - proctoring - INFO - [log_service.py:12] - Attempting to store 1 logs for user 2
2025-04-15 09:41:46,812 - proctoring - DEBUG - [log_service.py:26] - Created log entry: {'time': '2025-04-15 09:41:46.703009', 'event': 'Face detected', 'event_type': 'face_detected'}
2025-04-15 09:41:46,813 - proctoring - INFO - [log_service.py:40] - Successfully stored 1 logs
2025-04-15 09:41:46,816 - proctoring - DEBUG - [image_utils.py:43] - Decoded base64 data length: 19379
2025-04-15 09:41:46,816 - proctoring - INFO - [detection_service.py:16] - Processing new frame
2025-04-15 09:41:46,829 - proctoring - INFO - [detection_service.py:34] - Face detection found 1 events
2025-04-15 09:41:46,844 - proctoring - DEBUG - [detection_service.py:37] - No Face Mesh detections
2025-04-15 09:41:46,850 - proctoring - DEBUG - [detection_service.py:37] - No Hand detections
2025-04-15 09:41:46,928 - proctoring - DEBUG - [detection_service.py:37] - No YOLO detections
2025-04-15 09:41:46,928 - proctoring - INFO - [detection_service.py:42] - Total events detected: 1
2025-04-15 09:41:46,928 - proctoring - INFO - [log_service.py:12] - Attempting to store 1 logs for user 2
2025-04-15 09:41:46,928 - proctoring - DEBUG - [log_service.py:26] - Created log entry: {'time': '2025-04-15 09:41:46.817123', 'event': 'Face detected', 'event_type': 'face_detected'}
2025-04-15 09:41:46,929 - proctoring - INFO - [log_service.py:40] - Successfully stored 1 logs
2025-04-15 09:41:46,931 - proctoring - DEBUG - [image_utils.py:43] - Decoded base64 data length: 19371
2025-04-15 09:41:46,931 - proctoring - INFO - [detection_service.py:16] - Processing new frame
2025-04-15 09:41:46,945 - proctoring - INFO - [detection_service.py:34] - Face detection found 1 events
2025-04-15 09:41:46,956 - proctoring - DEBUG - [detection_service.py:37] - No Face Mesh detections
2025-04-15 09:41:46,964 - proctoring - DEBUG - [detection_service.py:37] - No Hand detections
2025-04-15 09:41:47,044 - proctoring - DEBUG - [detection_service.py:37] - No YOLO detections
2025-04-15 09:41:47,044 - proctoring - INFO - [detection_service.py:42] - Total events detected: 1
2025-04-15 09:41:47,044 - proctoring - INFO - [log_service.py:12] - Attempting to store 1 logs for user 2
2025-04-15 09:41:47,044 - proctoring - DEBUG - [log_service.py:26] - Created log entry: {'time': '2025-04-15 09:41:46.931802', 'event': 'Face detected', 'event_type': 'face_detected'}
2025-04-15 09:41:47,045 - proctoring - INFO - [log_service.py:40] - Successfully stored 1 logs
2025-04-15 09:41:47,047 - proctoring - DEBUG - [image_utils.py:43] - Decoded base64 data length: 19440
2025-04-15 09:41:47,047 - proctoring - INFO - [detection_service.py:16] - Processing new frame
2025-04-15 09:41:47,062 - proctoring - INFO - [detection_service.py:34] - Face detection found 1 events
2025-04-15 09:41:47,078 - proctoring - DEBUG - [detection_service.py:37] - No Hand detections
2025-04-15 09:41:47,078 - proctoring - DEBUG - [detection_service.py:37] - No Face Mesh detections
2025-04-15 09:41:47,153 - proctoring - DEBUG - [detection_service.py:37] - No YOLO detections
2025-04-15 09:41:47,153 - proctoring - INFO - [detection_service.py:42] - Total events detected: 1
2025-04-15 09:41:47,153 - proctoring - INFO - [log_service.py:12] - Attempting to store 1 logs for user 2
2025-04-15 09:41:47,153 - proctoring - DEBUG - [log_service.py:26] - Created log entry: {'time': '2025-04-15 09:41:47.047608', 'event': 'Face detected', 'event_type': 'face_detected'}
2025-04-15 09:41:47,155 - proctoring - INFO - [log_service.py:40] - Successfully stored 1 logs
2025-04-15 09:41:47,156 - proctoring - DEBUG - [image_utils.py:43] - Decoded base64 data length: 19431
2025-04-15 09:41:47,157 - proctoring - INFO - [detection_service.py:16] - Processing new frame
2025-04-15 09:41:47,171 - proctoring - INFO - [detection_service.py:34] - Face detection found 1 events
2025-04-15 09:41:47,187 - proctoring - DEBUG - [detection_service.py:37] - No Face Mesh detections
2025-04-15 09:41:47,192 - proctoring - DEBUG - [detection_service.py:37] - No Hand detections
2025-04-15 09:41:47,265 - proctoring - DEBUG - [detection_service.py:37] - No YOLO detections
2025-04-15 09:41:47,266 - proctoring - INFO - [detection_service.py:42] - Total events detected: 1
2025-04-15 09:41:47,266 - proctoring - INFO - [log_service.py:12] - Attempting to store 1 logs for user 2
2025-04-15 09:41:47,266 - proctoring - DEBUG - [log_service.py:26] - Created log entry: {'time': '2025-04-15 09:41:47.157117', 'event': 'Face detected', 'event_type': 'face_detected'}
2025-04-15 09:41:47,267 - proctoring - INFO - [log_service.py:40] - Successfully stored 1 logs
2025-04-15 09:41:47,269 - proctoring - DEBUG - [image_utils.py:43] - Decoded base64 data length: 19558
2025-04-15 09:41:47,269 - proctoring - INFO - [detection_service.py:16] - Processing new frame
2025-04-15 09:41:47,281 - proctoring - INFO - [detection_service.py:34] - Face detection found 1 events
2025-04-15 09:41:47,294 - proctoring - INFO - [detection_service.py:34] - Face Mesh detection found 1 events
2025-04-15 09:41:47,299 - proctoring - DEBUG - [detection_service.py:37] - No Hand detections
2025-04-15 09:41:47,368 - proctoring - DEBUG - [detection_service.py:37] - No YOLO detections
2025-04-15 09:41:47,368 - proctoring - INFO - [detection_service.py:42] - Total events detected: 2
2025-04-15 09:41:47,368 - proctoring - INFO - [log_service.py:12] - Attempting to store 2 logs for user 2
2025-04-15 09:41:47,368 - proctoring - DEBUG - [log_service.py:26] - Created log entry: {'time': '2025-04-15 09:41:47.269692', 'event': 'Face detected', 'event_type': 'face_detected'}
2025-04-15 09:41:47,368 - proctoring - DEBUG - [log_service.py:26] - Created log entry: {'time': '2025-04-15 09:41:47.274488', 'event': 'Mouth movement detected'}
2025-04-15 09:41:47,370 - proctoring - INFO - [log_service.py:40] - Successfully stored 2 logs
2025-04-15 09:41:47,372 - proctoring - DEBUG - [image_utils.py:43] - Decoded base64 data length: 19692
2025-04-15 09:41:47,373 - proctoring - INFO - [detection_service.py:16] - Processing new frame
2025-04-15 09:41:47,386 - proctoring - INFO - [detection_service.py:34] - Face detection found 1 events
2025-04-15 09:41:47,398 - proctoring - INFO - [detection_service.py:34] - Face Mesh detection found 1 events
2025-04-15 09:41:47,402 - proctoring - DEBUG - [detection_service.py:37] - No Hand detections
2025-04-15 09:41:47,468 - proctoring - DEBUG - [detection_service.py:37] - No YOLO detections
2025-04-15 09:41:47,468 - proctoring - INFO - [detection_service.py:42] - Total events detected: 2
2025-04-15 09:41:47,468 - proctoring - INFO - [log_service.py:12] - Attempting to store 2 logs for user 2
2025-04-15 09:41:47,468 - proctoring - DEBUG - [log_service.py:26] - Created log entry: {'time': '2025-04-15 09:41:47.373136', 'event': 'Face detected', 'event_type': 'face_detected'}
2025-04-15 09:41:47,468 - proctoring - DEBUG - [log_service.py:26] - Created log entry: {'time': '2025-04-15 09:41:47.377531', 'event': 'Mouth movement detected'}
2025-04-15 09:41:47,470 - proctoring - INFO - [log_service.py:40] - Successfully stored 2 logs
2025-04-15 09:41:47,472 - proctoring - DEBUG - [image_utils.py:43] - Decoded base64 data length: 20412
2025-04-15 09:41:47,472 - proctoring - INFO - [detection_service.py:16] - Processing new frame
2025-04-15 09:41:47,484 - proctoring - INFO - [detection_service.py:34] - Face detection found 1 events
2025-04-15 09:41:47,500 - proctoring - INFO - [detection_service.py:34] - Face Mesh detection found 1 events
2025-04-15 09:41:47,504 - proctoring - DEBUG - [detection_service.py:37] - No Hand detections
2025-04-15 09:41:47,580 - proctoring - DEBUG - [detection_service.py:37] - No YOLO detections
2025-04-15 09:41:47,580 - proctoring - INFO - [detection_service.py:42] - Total events detected: 2
2025-04-15 09:41:47,580 - proctoring - INFO - [log_service.py:12] - Attempting to store 2 logs for user 2
2025-04-15 09:41:47,580 - proctoring - DEBUG - [log_service.py:26] - Created log entry: {'time': '2025-04-15 09:41:47.473031', 'event': 'Face detected', 'event_type': 'face_detected'}
2025-04-15 09:41:47,580 - proctoring - DEBUG - [log_service.py:26] - Created log entry: {'time': '2025-04-15 09:41:47.477006', 'event': 'Mouth movement detected'}
2025-04-15 09:41:47,582 - proctoring - INFO - [log_service.py:40] - Successfully stored 2 logs
2025-04-15 09:41:47,583 - proctoring - DEBUG - [image_utils.py:43] - Decoded base64 data length: 18385
2025-04-15 09:41:47,584 - proctoring - INFO - [detection_service.py:16] - Processing new frame
2025-04-15 09:41:47,597 - proctoring - INFO - [detection_service.py:34] - Face detection found 1 events
2025-04-15 09:41:47,612 - proctoring - INFO - [detection_service.py:34] - Face Mesh detection found 1 events
2025-04-15 09:41:47,615 - proctoring - DEBUG - [detection_service.py:37] - No Hand detections
2025-04-15 09:41:47,697 - proctoring - DEBUG - [detection_service.py:37] - No YOLO detections
2025-04-15 09:41:47,697 - proctoring - INFO - [detection_service.py:42] - Total events detected: 2
2025-04-15 09:41:47,697 - proctoring - INFO - [log_service.py:12] - Attempting to store 2 logs for user 2
2025-04-15 09:41:47,697 - proctoring - DEBUG - [log_service.py:26] - Created log entry: {'time': '2025-04-15 09:41:47.584269', 'event': 'Face detected', 'event_type': 'face_detected'}
2025-04-15 09:41:47,697 - proctoring - DEBUG - [log_service.py:26] - Created log entry: {'time': '2025-04-15 09:41:47.589661', 'event': 'Mouth movement detected'}
2025-04-15 09:41:47,699 - proctoring - INFO - [log_service.py:40] - Successfully stored 2 logs
2025-04-15 09:41:47,701 - proctoring - DEBUG - [image_utils.py:43] - Decoded base64 data length: 18507
2025-04-15 09:41:47,701 - proctoring - INFO - [detection_service.py:16] - Processing new frame
2025-04-15 09:41:47,714 - proctoring - INFO - [detection_service.py:34] - Face detection found 1 events
2025-04-15 09:41:47,731 - proctoring - DEBUG - [detection_service.py:37] - No Hand detections
2025-04-15 09:41:47,732 - proctoring - INFO - [detection_service.py:34] - Face Mesh detection found 1 events
2025-04-15 09:41:47,811 - proctoring - DEBUG - [detection_service.py:37] - No YOLO detections
2025-04-15 09:41:47,811 - proctoring - INFO - [detection_service.py:42] - Total events detected: 2
2025-04-15 09:41:47,811 - proctoring - INFO - [log_service.py:12] - Attempting to store 2 logs for user 2
2025-04-15 09:41:47,811 - proctoring - DEBUG - [log_service.py:26] - Created log entry: {'time': '2025-04-15 09:41:47.701982', 'event': 'Face detected', 'event_type': 'face_detected'}
2025-04-15 09:41:47,811 - proctoring - DEBUG - [log_service.py:26] - Created log entry: {'time': '2025-04-15 09:41:47.706961', 'event': 'Mouth movement detected'}
2025-04-15 09:41:47,813 - proctoring - INFO - [log_service.py:40] - Successfully stored 2 logs
2025-04-15 09:41:47,814 - proctoring - DEBUG - [image_utils.py:43] - Decoded base64 data length: 18600
2025-04-15 09:41:47,815 - proctoring - INFO - [detection_service.py:16] - Processing new frame
2025-04-15 09:41:47,827 - proctoring - INFO - [detection_service.py:34] - Face detection found 1 events
2025-04-15 09:41:47,981 - proctoring - INFO - [detection_service.py:34] - Face Mesh detection found 1 events
2025-04-15 09:41:47,981 - proctoring - DEBUG - [detection_service.py:37] - No Hand detections
2025-04-15 09:41:48,067 - proctoring - DEBUG - [detection_service.py:37] - No YOLO detections
2025-04-15 09:41:48,068 - proctoring - INFO - [detection_service.py:42] - Total events detected: 2
2025-04-15 09:41:48,068 - proctoring - INFO - [log_service.py:12] - Attempting to store 2 logs for user 2
2025-04-15 09:41:48,068 - proctoring - DEBUG - [log_service.py:26] - Created log entry: {'time': '2025-04-15 09:41:47.815502', 'event': 'Face detected', 'event_type': 'face_detected'}
2025-04-15 09:41:48,068 - proctoring - DEBUG - [log_service.py:26] - Created log entry: {'time': '2025-04-15 09:41:47.820164', 'event': 'Mouth movement detected'}
2025-04-15 09:41:48,070 - proctoring - INFO - [log_service.py:40] - Successfully stored 2 logs
2025-04-15 09:41:48,073 - proctoring - DEBUG - [image_utils.py:43] - Decoded base64 data length: 18582
2025-04-15 09:41:48,074 - proctoring - INFO - [detection_service.py:16] - Processing new frame
2025-04-15 09:41:48,088 - proctoring - INFO - [detection_service.py:34] - Face detection found 1 events
2025-04-15 09:41:48,106 - proctoring - INFO - [detection_service.py:34] - Face Mesh detection found 1 events
2025-04-15 09:41:48,106 - proctoring - DEBUG - [detection_service.py:37] - No Hand detections
2025-04-15 09:41:48,182 - proctoring - DEBUG - [detection_service.py:37] - No YOLO detections
2025-04-15 09:41:48,182 - proctoring - INFO - [detection_service.py:42] - Total events detected: 2
2025-04-15 09:41:48,182 - proctoring - INFO - [log_service.py:12] - Attempting to store 2 logs for user 2
2025-04-15 09:41:48,182 - proctoring - DEBUG - [log_service.py:26] - Created log entry: {'time': '2025-04-15 09:41:48.074731', 'event': 'Face detected', 'event_type': 'face_detected'}
2025-04-15 09:41:48,182 - proctoring - DEBUG - [log_service.py:26] - Created log entry: {'time': '2025-04-15 09:41:48.079289', 'event': 'Mouth movement detected'}
2025-04-15 09:41:48,184 - proctoring - INFO - [log_service.py:40] - Successfully stored 2 logs
2025-04-15 09:41:48,185 - proctoring - DEBUG - [image_utils.py:43] - Decoded base64 data length: 18684
2025-04-15 09:41:48,186 - proctoring - INFO - [detection_service.py:16] - Processing new frame
2025-04-15 09:41:48,198 - proctoring - INFO - [detection_service.py:34] - Face detection found 1 events
2025-04-15 09:41:48,212 - proctoring - INFO - [detection_service.py:34] - Face Mesh detection found 1 events
2025-04-15 09:41:48,217 - proctoring - DEBUG - [detection_service.py:37] - No Hand detections
2025-04-15 09:41:48,281 - proctoring - DEBUG - [detection_service.py:37] - No YOLO detections
2025-04-15 09:41:48,281 - proctoring - INFO - [detection_service.py:42] - Total events detected: 2
2025-04-15 09:41:48,281 - proctoring - INFO - [log_service.py:12] - Attempting to store 2 logs for user 2
2025-04-15 09:41:48,282 - proctoring - DEBUG - [log_service.py:26] - Created log entry: {'time': '2025-04-15 09:41:48.186629', 'event': 'Face detected', 'event_type': 'face_detected'}
2025-04-15 09:41:48,282 - proctoring - DEBUG - [log_service.py:26] - Created log entry: {'time': '2025-04-15 09:41:48.190739', 'event': 'Mouth movement detected'}
2025-04-15 09:41:48,284 - proctoring - INFO - [log_service.py:40] - Successfully stored 2 logs
2025-04-15 09:41:48,285 - proctoring - DEBUG - [image_utils.py:43] - Decoded base64 data length: 18767
2025-04-15 09:41:48,286 - proctoring - INFO - [detection_service.py:16] - Processing new frame
2025-04-15 09:41:48,300 - proctoring - INFO - [detection_service.py:34] - Face detection found 1 events
2025-04-15 09:41:48,311 - proctoring - INFO - [detection_service.py:34] - Face Mesh detection found 1 events
2025-04-15 09:41:48,315 - proctoring - DEBUG - [detection_service.py:37] - No Hand detections
2025-04-15 09:41:48,379 - proctoring - DEBUG - [detection_service.py:37] - No YOLO detections
2025-04-15 09:41:48,379 - proctoring - INFO - [detection_service.py:42] - Total events detected: 2
2025-04-15 09:41:48,379 - proctoring - INFO - [log_service.py:12] - Attempting to store 2 logs for user 2
2025-04-15 09:41:48,380 - proctoring - DEBUG - [log_service.py:26] - Created log entry: {'time': '2025-04-15 09:41:48.286494', 'event': 'Face detected', 'event_type': 'face_detected'}
2025-04-15 09:41:48,380 - proctoring - DEBUG - [log_service.py:26] - Created log entry: {'time': '2025-04-15 09:41:48.290679', 'event': 'Mouth movement detected'}
2025-04-15 09:41:48,382 - proctoring - INFO - [log_service.py:40] - Successfully stored 2 logs
2025-04-15 09:41:48,383 - proctoring - DEBUG - [image_utils.py:43] - Decoded base64 data length: 18923
2025-04-15 09:41:48,383 - proctoring - INFO - [detection_service.py:16] - Processing new frame
2025-04-15 09:41:48,394 - proctoring - INFO - [detection_service.py:34] - Face detection found 1 events
2025-04-15 09:41:48,407 - proctoring - INFO - [detection_service.py:34] - Face Mesh detection found 1 events
2025-04-15 09:41:48,412 - proctoring - DEBUG - [detection_service.py:37] - No Hand detections
2025-04-15 09:41:48,476 - proctoring - DEBUG - [detection_service.py:37] - No YOLO detections
2025-04-15 09:41:48,476 - proctoring - INFO - [detection_service.py:42] - Total events detected: 2
2025-04-15 09:41:48,476 - proctoring - INFO - [log_service.py:12] - Attempting to store 2 logs for user 2
2025-04-15 09:41:48,476 - proctoring - DEBUG - [log_service.py:26] - Created log entry: {'time': '2025-04-15 09:41:48.384069', 'event': 'Face detected', 'event_type': 'face_detected'}
2025-04-15 09:41:48,476 - proctoring - DEBUG - [log_service.py:26] - Created log entry: {'time': '2025-04-15 09:41:48.388014', 'event': 'Mouth movement detected'}
2025-04-15 09:41:48,478 - proctoring - INFO - [log_service.py:40] - Successfully stored 2 logs
2025-04-15 09:41:48,479 - proctoring - DEBUG - [image_utils.py:43] - Decoded base64 data length: 19000
2025-04-15 09:41:48,480 - proctoring - INFO - [detection_service.py:16] - Processing new frame
2025-04-15 09:41:48,495 - proctoring - INFO - [detection_service.py:34] - Face detection found 1 events
2025-04-15 09:41:48,511 - proctoring - INFO - [detection_service.py:34] - Face Mesh detection found 1 events
2025-04-15 09:41:48,515 - proctoring - DEBUG - [detection_service.py:37] - No Hand detections
2025-04-15 09:41:48,605 - proctoring - DEBUG - [detection_service.py:37] - No YOLO detections
2025-04-15 09:41:48,605 - proctoring - INFO - [detection_service.py:42] - Total events detected: 2
2025-04-15 09:41:48,605 - proctoring - INFO - [log_service.py:12] - Attempting to store 2 logs for user 2
2025-04-15 09:41:48,605 - proctoring - DEBUG - [log_service.py:26] - Created log entry: {'time': '2025-04-15 09:41:48.480396', 'event': 'Face detected', 'event_type': 'face_detected'}
2025-04-15 09:41:48,605 - proctoring - DEBUG - [log_service.py:26] - Created log entry: {'time': '2025-04-15 09:41:48.486055', 'event': 'Mouth movement detected'}
2025-04-15 09:41:48,607 - proctoring - INFO - [log_service.py:40] - Successfully stored 2 logs
2025-04-15 09:41:48,609 - proctoring - DEBUG - [image_utils.py:43] - Decoded base64 data length: 19059
2025-04-15 09:41:48,609 - proctoring - INFO - [detection_service.py:16] - Processing new frame
2025-04-15 09:41:48,624 - proctoring - INFO - [detection_service.py:34] - Face detection found 1 events
2025-04-15 09:41:48,636 - proctoring - INFO - [detection_service.py:34] - Face Mesh detection found 1 events
2025-04-15 09:41:48,644 - proctoring - DEBUG - [detection_service.py:37] - No Hand detections
2025-04-15 09:41:48,722 - proctoring - DEBUG - [detection_service.py:37] - No YOLO detections
2025-04-15 09:41:48,722 - proctoring - INFO - [detection_service.py:42] - Total events detected: 2
2025-04-15 09:41:48,722 - proctoring - INFO - [log_service.py:12] - Attempting to store 2 logs for user 2
2025-04-15 09:41:48,722 - proctoring - DEBUG - [log_service.py:26] - Created log entry: {'time': '2025-04-15 09:41:48.610096', 'event': 'Face detected', 'event_type': 'face_detected'}
2025-04-15 09:41:48,722 - proctoring - DEBUG - [log_service.py:26] - Created log entry: {'time': '2025-04-15 09:41:48.615417', 'event': 'Mouth movement detected'}
2025-04-15 09:41:48,724 - proctoring - INFO - [log_service.py:40] - Successfully stored 2 logs
2025-04-15 09:41:48,726 - proctoring - DEBUG - [image_utils.py:43] - Decoded base64 data length: 19031
2025-04-15 09:41:48,726 - proctoring - INFO - [detection_service.py:16] - Processing new frame
2025-04-15 09:41:48,738 - proctoring - INFO - [detection_service.py:34] - Face detection found 1 events
2025-04-15 09:41:48,752 - proctoring - INFO - [detection_service.py:34] - Face Mesh detection found 1 events
2025-04-15 09:41:48,756 - proctoring - DEBUG - [detection_service.py:37] - No Hand detections
2025-04-15 09:41:48,827 - proctoring - DEBUG - [detection_service.py:37] - No YOLO detections
2025-04-15 09:41:48,827 - proctoring - INFO - [detection_service.py:42] - Total events detected: 2
2025-04-15 09:41:48,827 - proctoring - INFO - [log_service.py:12] - Attempting to store 2 logs for user 2
2025-04-15 09:41:48,827 - proctoring - DEBUG - [log_service.py:26] - Created log entry: {'time': '2025-04-15 09:41:48.726614', 'event': 'Face detected', 'event_type': 'face_detected'}
2025-04-15 09:41:48,827 - proctoring - DEBUG - [log_service.py:26] - Created log entry: {'time': '2025-04-15 09:41:48.731082', 'event': 'Mouth movement detected'}
2025-04-15 09:41:48,829 - proctoring - INFO - [log_service.py:40] - Successfully stored 2 logs
2025-04-15 09:41:48,831 - proctoring - DEBUG - [image_utils.py:43] - Decoded base64 data length: 19169
2025-04-15 09:41:48,831 - proctoring - INFO - [detection_service.py:16] - Processing new frame
2025-04-15 09:41:48,845 - proctoring - INFO - [detection_service.py:34] - Face detection found 1 events
2025-04-15 09:41:48,860 - proctoring - DEBUG - [detection_service.py:37] - No Hand detections
2025-04-15 09:41:48,867 - proctoring - INFO - [detection_service.py:34] - Face Mesh detection found 1 events
2025-04-15 09:41:48,946 - proctoring - DEBUG - [detection_service.py:37] - No YOLO detections
2025-04-15 09:41:48,946 - proctoring - INFO - [detection_service.py:42] - Total events detected: 2
2025-04-15 09:41:48,946 - proctoring - INFO - [log_service.py:12] - Attempting to store 2 logs for user 2
2025-04-15 09:41:48,947 - proctoring - DEBUG - [log_service.py:26] - Created log entry: {'time': '2025-04-15 09:41:48.831767', 'event': 'Face detected', 'event_type': 'face_detected'}
2025-04-15 09:41:48,947 - proctoring - DEBUG - [log_service.py:26] - Created log entry: {'time': '2025-04-15 09:41:48.836973', 'event': 'Mouth movement detected'}
2025-04-15 09:41:48,949 - proctoring - INFO - [log_service.py:40] - Successfully stored 2 logs
2025-04-15 09:41:48,950 - proctoring - DEBUG - [image_utils.py:43] - Decoded base64 data length: 19280
2025-04-15 09:41:48,951 - proctoring - INFO - [detection_service.py:16] - Processing new frame
2025-04-15 09:41:48,965 - proctoring - INFO - [detection_service.py:34] - Face detection found 1 events
2025-04-15 09:41:48,980 - proctoring - INFO - [detection_service.py:34] - Face Mesh detection found 1 events
2025-04-15 09:41:48,984 - proctoring - DEBUG - [detection_service.py:37] - No Hand detections
2025-04-15 09:41:49,058 - proctoring - DEBUG - [detection_service.py:37] - No YOLO detections
2025-04-15 09:41:49,059 - proctoring - INFO - [detection_service.py:42] - Total events detected: 2
2025-04-15 09:41:49,059 - proctoring - INFO - [log_service.py:12] - Attempting to store 2 logs for user 2
2025-04-15 09:41:49,059 - proctoring - DEBUG - [log_service.py:26] - Created log entry: {'time': '2025-04-15 09:41:48.951292', 'event': 'Face detected', 'event_type': 'face_detected'}
2025-04-15 09:41:49,059 - proctoring - DEBUG - [log_service.py:26] - Created log entry: {'time': '2025-04-15 09:41:48.956449', 'event': 'Mouth movement detected'}
2025-04-15 09:41:49,060 - proctoring - INFO - [log_service.py:40] - Successfully stored 2 logs
2025-04-15 09:41:49,062 - proctoring - DEBUG - [image_utils.py:43] - Decoded base64 data length: 19345
2025-04-15 09:41:49,062 - proctoring - INFO - [detection_service.py:16] - Processing new frame
2025-04-15 09:41:49,078 - proctoring - INFO - [detection_service.py:34] - Face detection found 1 events
2025-04-15 09:41:49,092 - proctoring - INFO - [detection_service.py:34] - Face Mesh detection found 1 events
2025-04-15 09:41:49,096 - proctoring - DEBUG - [detection_service.py:37] - No Hand detections
2025-04-15 09:41:49,176 - proctoring - DEBUG - [detection_service.py:37] - No YOLO detections
2025-04-15 09:41:49,176 - proctoring - INFO - [detection_service.py:42] - Total events detected: 2
2025-04-15 09:41:49,176 - proctoring - INFO - [log_service.py:12] - Attempting to store 2 logs for user 2
2025-04-15 09:41:49,177 - proctoring - DEBUG - [log_service.py:26] - Created log entry: {'time': '2025-04-15 09:41:49.062944', 'event': 'Face detected', 'event_type': 'face_detected'}
2025-04-15 09:41:49,177 - proctoring - DEBUG - [log_service.py:26] - Created log entry: {'time': '2025-04-15 09:41:49.070150', 'event': 'Mouth movement detected'}
2025-04-15 09:41:49,179 - proctoring - INFO - [log_service.py:40] - Successfully stored 2 logs
2025-04-15 09:41:49,180 - proctoring - DEBUG - [image_utils.py:43] - Decoded base64 data length: 19416
2025-04-15 09:41:49,181 - proctoring - INFO - [detection_service.py:16] - Processing new frame
2025-04-15 09:41:49,192 - proctoring - INFO - [detection_service.py:34] - Face detection found 1 events
2025-04-15 09:41:49,213 - proctoring - DEBUG - [detection_service.py:37] - No Hand detections
2025-04-15 09:41:49,221 - proctoring - INFO - [detection_service.py:34] - Face Mesh detection found 1 events
2025-04-15 09:41:49,297 - proctoring - DEBUG - [detection_service.py:37] - No YOLO detections
2025-04-15 09:41:49,297 - proctoring - INFO - [detection_service.py:42] - Total events detected: 2
2025-04-15 09:41:49,297 - proctoring - INFO - [log_service.py:12] - Attempting to store 2 logs for user 2
2025-04-15 09:41:49,297 - proctoring - DEBUG - [log_service.py:26] - Created log entry: {'time': '2025-04-15 09:41:49.181439', 'event': 'Face detected', 'event_type': 'face_detected'}
2025-04-15 09:41:49,297 - proctoring - DEBUG - [log_service.py:26] - Created log entry: {'time': '2025-04-15 09:41:49.187150', 'event': 'Mouth movement detected'}
2025-04-15 09:41:49,299 - proctoring - INFO - [log_service.py:40] - Successfully stored 2 logs
2025-04-15 09:41:49,302 - proctoring - DEBUG - [image_utils.py:43] - Decoded base64 data length: 19384
2025-04-15 09:41:49,302 - proctoring - INFO - [detection_service.py:16] - Processing new frame
2025-04-15 09:41:49,315 - proctoring - INFO - [detection_service.py:34] - Face detection found 1 events
2025-04-15 09:41:49,327 - proctoring - INFO - [detection_service.py:34] - Face Mesh detection found 1 events
2025-04-15 09:41:49,331 - proctoring - DEBUG - [detection_service.py:37] - No Hand detections
2025-04-15 09:41:49,403 - proctoring - DEBUG - [detection_service.py:37] - No YOLO detections
2025-04-15 09:41:49,403 - proctoring - INFO - [detection_service.py:42] - Total events detected: 2
2025-04-15 09:41:49,403 - proctoring - INFO - [log_service.py:12] - Attempting to store 2 logs for user 2
2025-04-15 09:41:49,403 - proctoring - DEBUG - [log_service.py:26] - Created log entry: {'time': '2025-04-15 09:41:49.302745', 'event': 'Face detected', 'event_type': 'face_detected'}
2025-04-15 09:41:49,403 - proctoring - DEBUG - [log_service.py:26] - Created log entry: {'time': '2025-04-15 09:41:49.307610', 'event': 'Mouth movement detected'}
2025-04-15 09:41:49,405 - proctoring - INFO - [log_service.py:40] - Successfully stored 2 logs
2025-04-15 09:41:49,407 - proctoring - DEBUG - [image_utils.py:43] - Decoded base64 data length: 19473
2025-04-15 09:41:49,407 - proctoring - INFO - [detection_service.py:16] - Processing new frame
2025-04-15 09:41:49,422 - proctoring - INFO - [detection_service.py:34] - Face detection found 1 events
2025-04-15 09:41:49,432 - proctoring - INFO - [detection_service.py:34] - Face Mesh detection found 1 events
2025-04-15 09:41:49,438 - proctoring - DEBUG - [detection_service.py:37] - No Hand detections
2025-04-15 09:41:49,504 - proctoring - DEBUG - [detection_service.py:37] - No YOLO detections
2025-04-15 09:41:49,504 - proctoring - INFO - [detection_service.py:42] - Total events detected: 2
2025-04-15 09:41:49,504 - proctoring - INFO - [log_service.py:12] - Attempting to store 2 logs for user 2
2025-04-15 09:41:49,504 - proctoring - DEBUG - [log_service.py:26] - Created log entry: {'time': '2025-04-15 09:41:49.407659', 'event': 'Face detected', 'event_type': 'face_detected'}
2025-04-15 09:41:49,504 - proctoring - DEBUG - [log_service.py:26] - Created log entry: {'time': '2025-04-15 09:41:49.412367', 'event': 'Mouth movement detected'}
2025-04-15 09:41:49,506 - proctoring - INFO - [log_service.py:40] - Successfully stored 2 logs
2025-04-15 09:41:49,508 - proctoring - DEBUG - [image_utils.py:43] - Decoded base64 data length: 19611
2025-04-15 09:41:49,508 - proctoring - INFO - [detection_service.py:16] - Processing new frame
2025-04-15 09:41:49,522 - proctoring - INFO - [detection_service.py:34] - Face detection found 1 events
2025-04-15 09:41:49,536 - proctoring - INFO - [detection_service.py:34] - Face Mesh detection found 1 events
2025-04-15 09:41:49,543 - proctoring - DEBUG - [detection_service.py:37] - No Hand detections
2025-04-15 09:41:49,629 - proctoring - DEBUG - [detection_service.py:37] - No YOLO detections
2025-04-15 09:41:49,630 - proctoring - INFO - [detection_service.py:42] - Total events detected: 2
2025-04-15 09:41:49,630 - proctoring - INFO - [log_service.py:12] - Attempting to store 2 logs for user 2
2025-04-15 09:41:49,630 - proctoring - DEBUG - [log_service.py:26] - Created log entry: {'time': '2025-04-15 09:41:49.508960', 'event': 'Face detected', 'event_type': 'face_detected'}
2025-04-15 09:41:49,630 - proctoring - DEBUG - [log_service.py:26] - Created log entry: {'time': '2025-04-15 09:41:49.513942', 'event': 'Mouth movement detected'}
2025-04-15 09:41:49,632 - proctoring - INFO - [log_service.py:40] - Successfully stored 2 logs
2025-04-15 09:41:49,633 - proctoring - DEBUG - [image_utils.py:43] - Decoded base64 data length: 19769
2025-04-15 09:41:49,634 - proctoring - INFO - [detection_service.py:16] - Processing new frame
2025-04-15 09:41:49,653 - proctoring - INFO - [detection_service.py:34] - Face detection found 1 events
2025-04-15 09:41:49,676 - proctoring - INFO - [detection_service.py:34] - Face Mesh detection found 1 events
2025-04-15 09:41:49,682 - proctoring - DEBUG - [detection_service.py:37] - No Hand detections
2025-04-15 09:41:49,762 - proctoring - DEBUG - [detection_service.py:37] - No YOLO detections
2025-04-15 09:41:49,762 - proctoring - INFO - [detection_service.py:42] - Total events detected: 2
2025-04-15 09:41:49,762 - proctoring - INFO - [log_service.py:12] - Attempting to store 2 logs for user 2
2025-04-15 09:41:49,763 - proctoring - DEBUG - [log_service.py:26] - Created log entry: {'time': '2025-04-15 09:41:49.634428', 'event': 'Face detected', 'event_type': 'face_detected'}
2025-04-15 09:41:49,763 - proctoring - DEBUG - [log_service.py:26] - Created log entry: {'time': '2025-04-15 09:41:49.641687', 'event': 'Mouth movement detected'}
2025-04-15 09:41:49,765 - proctoring - INFO - [log_service.py:40] - Successfully stored 2 logs
2025-04-15 09:41:49,766 - proctoring - DEBUG - [image_utils.py:43] - Decoded base64 data length: 19704
2025-04-15 09:41:49,767 - proctoring - INFO - [detection_service.py:16] - Processing new frame
2025-04-15 09:41:49,782 - proctoring - INFO - [detection_service.py:34] - Face detection found 1 events
2025-04-15 09:41:49,796 - proctoring - INFO - [detection_service.py:34] - Face Mesh detection found 1 events
2025-04-15 09:41:49,804 - proctoring - DEBUG - [detection_service.py:37] - No Hand detections
2025-04-15 09:41:49,878 - proctoring - DEBUG - [detection_service.py:37] - No YOLO detections
2025-04-15 09:41:49,878 - proctoring - INFO - [detection_service.py:42] - Total events detected: 2
2025-04-15 09:41:49,878 - proctoring - INFO - [log_service.py:12] - Attempting to store 2 logs for user 2
2025-04-15 09:41:49,879 - proctoring - DEBUG - [log_service.py:26] - Created log entry: {'time': '2025-04-15 09:41:49.767188', 'event': 'Face detected', 'event_type': 'face_detected'}
2025-04-15 09:41:49,879 - proctoring - DEBUG - [log_service.py:26] - Created log entry: {'time': '2025-04-15 09:41:49.772409', 'event': 'Mouth movement detected'}
2025-04-15 09:41:49,881 - proctoring - INFO - [log_service.py:40] - Successfully stored 2 logs
2025-04-15 09:41:49,882 - proctoring - DEBUG - [image_utils.py:43] - Decoded base64 data length: 19703
2025-04-15 09:41:49,883 - proctoring - INFO - [detection_service.py:16] - Processing new frame
2025-04-15 09:41:49,895 - proctoring - INFO - [detection_service.py:34] - Face detection found 1 events
2025-04-15 09:41:49,913 - proctoring - INFO - [detection_service.py:34] - Face Mesh detection found 1 events
2025-04-15 09:41:49,913 - proctoring - DEBUG - [detection_service.py:37] - No Hand detections
2025-04-15 09:41:49,991 - proctoring - DEBUG - [detection_service.py:37] - No YOLO detections
2025-04-15 09:41:49,992 - proctoring - INFO - [detection_service.py:42] - Total events detected: 2
2025-04-15 09:41:49,992 - proctoring - INFO - [log_service.py:12] - Attempting to store 2 logs for user 2
2025-04-15 09:41:49,992 - proctoring - DEBUG - [log_service.py:26] - Created log entry: {'time': '2025-04-15 09:41:49.883412', 'event': 'Face detected', 'event_type': 'face_detected'}
2025-04-15 09:41:49,992 - proctoring - DEBUG - [log_service.py:26] - Created log entry: {'time': '2025-04-15 09:41:49.888180', 'event': 'Mouth movement detected'}
2025-04-15 09:41:49,993 - proctoring - INFO - [log_service.py:40] - Successfully stored 2 logs
2025-04-15 09:41:49,995 - proctoring - DEBUG - [image_utils.py:43] - Decoded base64 data length: 19640
2025-04-15 09:41:49,995 - proctoring - INFO - [detection_service.py:16] - Processing new frame
2025-04-15 09:41:50,009 - proctoring - INFO - [detection_service.py:34] - Face detection found 1 events
2025-04-15 09:41:50,024 - proctoring - INFO - [detection_service.py:34] - Face Mesh detection found 1 events
2025-04-15 09:41:50,028 - proctoring - DEBUG - [detection_service.py:37] - No Hand detections
2025-04-15 09:41:50,104 - proctoring - DEBUG - [detection_service.py:37] - No YOLO detections
2025-04-15 09:41:50,104 - proctoring - INFO - [detection_service.py:42] - Total events detected: 2
2025-04-15 09:41:50,104 - proctoring - INFO - [log_service.py:12] - Attempting to store 2 logs for user 2
2025-04-15 09:41:50,104 - proctoring - DEBUG - [log_service.py:26] - Created log entry: {'time': '2025-04-15 09:41:49.995941', 'event': 'Face detected', 'event_type': 'face_detected'}
2025-04-15 09:41:50,104 - proctoring - DEBUG - [log_service.py:26] - Created log entry: {'time': '2025-04-15 09:41:50.000490', 'event': 'Mouth movement detected'}
2025-04-15 09:41:50,106 - proctoring - INFO - [log_service.py:40] - Successfully stored 2 logs
2025-04-15 09:41:50,108 - proctoring - DEBUG - [image_utils.py:43] - Decoded base64 data length: 19656
2025-04-15 09:41:50,108 - proctoring - INFO - [detection_service.py:16] - Processing new frame
2025-04-15 09:41:50,121 - proctoring - INFO - [detection_service.py:34] - Face detection found 1 events
2025-04-15 09:41:50,135 - proctoring - INFO - [detection_service.py:34] - Face Mesh detection found 1 events
2025-04-15 09:41:50,140 - proctoring - DEBUG - [detection_service.py:37] - No Hand detections
2025-04-15 09:41:50,218 - proctoring - DEBUG - [detection_service.py:37] - No YOLO detections
2025-04-15 09:41:50,218 - proctoring - INFO - [detection_service.py:42] - Total events detected: 2
2025-04-15 09:41:50,218 - proctoring - INFO - [log_service.py:12] - Attempting to store 2 logs for user 2
2025-04-15 09:41:50,218 - proctoring - DEBUG - [log_service.py:26] - Created log entry: {'time': '2025-04-15 09:41:50.108749', 'event': 'Face detected', 'event_type': 'face_detected'}
2025-04-15 09:41:50,218 - proctoring - DEBUG - [log_service.py:26] - Created log entry: {'time': '2025-04-15 09:41:50.112909', 'event': 'Mouth movement detected'}
2025-04-15 09:41:50,220 - proctoring - INFO - [log_service.py:40] - Successfully stored 2 logs
2025-04-15 09:41:50,222 - proctoring - DEBUG - [image_utils.py:43] - Decoded base64 data length: 19711
2025-04-15 09:41:50,222 - proctoring - INFO - [detection_service.py:16] - Processing new frame
2025-04-15 09:41:50,237 - proctoring - INFO - [detection_service.py:34] - Face detection found 1 events
2025-04-15 09:41:50,250 - proctoring - INFO - [detection_service.py:34] - Face Mesh detection found 1 events
2025-04-15 09:41:50,254 - proctoring - DEBUG - [detection_service.py:37] - No Hand detections
2025-04-15 09:41:50,327 - proctoring - DEBUG - [detection_service.py:37] - No YOLO detections
2025-04-15 09:41:50,327 - proctoring - INFO - [detection_service.py:42] - Total events detected: 2
2025-04-15 09:41:50,327 - proctoring - INFO - [log_service.py:12] - Attempting to store 2 logs for user 2
2025-04-15 09:41:50,327 - proctoring - DEBUG - [log_service.py:26] - Created log entry: {'time': '2025-04-15 09:41:50.223060', 'event': 'Face detected', 'event_type': 'face_detected'}
2025-04-15 09:41:50,327 - proctoring - DEBUG - [log_service.py:26] - Created log entry: {'time': '2025-04-15 09:41:50.227242', 'event': 'Mouth movement detected'}
2025-04-15 09:41:50,329 - proctoring - INFO - [log_service.py:40] - Successfully stored 2 logs
2025-04-15 09:41:50,330 - proctoring - DEBUG - [image_utils.py:43] - Decoded base64 data length: 19752
2025-04-15 09:41:50,331 - proctoring - INFO - [detection_service.py:16] - Processing new frame
2025-04-15 09:41:50,344 - proctoring - INFO - [detection_service.py:34] - Face detection found 1 events
2025-04-15 09:41:50,356 - proctoring - INFO - [detection_service.py:34] - Face Mesh detection found 1 events
2025-04-15 09:41:50,359 - proctoring - DEBUG - [detection_service.py:37] - No Hand detections
2025-04-15 09:41:50,431 - proctoring - DEBUG - [detection_service.py:37] - No YOLO detections
2025-04-15 09:41:50,431 - proctoring - INFO - [detection_service.py:42] - Total events detected: 2
2025-04-15 09:41:50,431 - proctoring - INFO - [log_service.py:12] - Attempting to store 2 logs for user 2
2025-04-15 09:41:50,431 - proctoring - DEBUG - [log_service.py:26] - Created log entry: {'time': '2025-04-15 09:41:50.331397', 'event': 'Face detected', 'event_type': 'face_detected'}
2025-04-15 09:41:50,431 - proctoring - DEBUG - [log_service.py:26] - Created log entry: {'time': '2025-04-15 09:41:50.336359', 'event': 'Mouth movement detected'}
2025-04-15 09:41:50,433 - proctoring - INFO - [log_service.py:40] - Successfully stored 2 logs
2025-04-15 09:41:50,434 - proctoring - DEBUG - [image_utils.py:43] - Decoded base64 data length: 19880
2025-04-15 09:41:50,435 - proctoring - INFO - [detection_service.py:16] - Processing new frame
2025-04-15 09:41:50,446 - proctoring - INFO - [detection_service.py:34] - Face detection found 1 events
2025-04-15 09:41:50,460 - proctoring - INFO - [detection_service.py:34] - Face Mesh detection found 1 events
2025-04-15 09:41:50,463 - proctoring - DEBUG - [detection_service.py:37] - No Hand detections
2025-04-15 09:41:50,530 - proctoring - DEBUG - [detection_service.py:37] - No YOLO detections
2025-04-15 09:41:50,530 - proctoring - INFO - [detection_service.py:42] - Total events detected: 2
2025-04-15 09:41:50,530 - proctoring - INFO - [log_service.py:12] - Attempting to store 2 logs for user 2
2025-04-15 09:41:50,530 - proctoring - DEBUG - [log_service.py:26] - Created log entry: {'time': '2025-04-15 09:41:50.435293', 'event': 'Face detected', 'event_type': 'face_detected'}
2025-04-15 09:41:50,530 - proctoring - DEBUG - [log_service.py:26] - Created log entry: {'time': '2025-04-15 09:41:50.439320', 'event': 'Mouth movement detected'}
2025-04-15 09:41:50,532 - proctoring - INFO - [log_service.py:40] - Successfully stored 2 logs
2025-04-15 09:41:50,534 - proctoring - DEBUG - [image_utils.py:43] - Decoded base64 data length: 19894
2025-04-15 09:41:50,535 - proctoring - INFO - [detection_service.py:16] - Processing new frame
2025-04-15 09:41:50,548 - proctoring - INFO - [detection_service.py:34] - Face detection found 1 events
2025-04-15 09:41:50,560 - proctoring - INFO - [detection_service.py:34] - Face Mesh detection found 1 events
2025-04-15 09:41:50,569 - proctoring - DEBUG - [detection_service.py:37] - No Hand detections
2025-04-15 09:41:50,645 - proctoring - DEBUG - [detection_service.py:37] - No YOLO detections
2025-04-15 09:41:50,645 - proctoring - INFO - [detection_service.py:42] - Total events detected: 2
2025-04-15 09:41:50,645 - proctoring - INFO - [log_service.py:12] - Attempting to store 2 logs for user 2
2025-04-15 09:41:50,645 - proctoring - DEBUG - [log_service.py:26] - Created log entry: {'time': '2025-04-15 09:41:50.535488', 'event': 'Face detected', 'event_type': 'face_detected'}
2025-04-15 09:41:50,645 - proctoring - DEBUG - [log_service.py:26] - Created log entry: {'time': '2025-04-15 09:41:50.540089', 'event': 'Mouth movement detected'}
2025-04-15 09:41:50,647 - proctoring - INFO - [log_service.py:40] - Successfully stored 2 logs
2025-04-15 09:41:50,648 - proctoring - DEBUG - [image_utils.py:43] - Decoded base64 data length: 19910
2025-04-15 09:41:50,649 - proctoring - INFO - [detection_service.py:16] - Processing new frame
2025-04-15 09:41:50,661 - proctoring - INFO - [detection_service.py:34] - Face detection found 1 events
2025-04-15 09:41:50,679 - proctoring - INFO - [detection_service.py:34] - Face Mesh detection found 1 events
2025-04-15 09:41:50,683 - proctoring - DEBUG - [detection_service.py:37] - No Hand detections
2025-04-15 09:41:50,758 - proctoring - DEBUG - [detection_service.py:37] - No YOLO detections
2025-04-15 09:41:50,758 - proctoring - INFO - [detection_service.py:42] - Total events detected: 2
2025-04-15 09:41:50,758 - proctoring - INFO - [log_service.py:12] - Attempting to store 2 logs for user 2
2025-04-15 09:41:50,758 - proctoring - DEBUG - [log_service.py:26] - Created log entry: {'time': '2025-04-15 09:41:50.649249', 'event': 'Face detected', 'event_type': 'face_detected'}
2025-04-15 09:41:50,758 - proctoring - DEBUG - [log_service.py:26] - Created log entry: {'time': '2025-04-15 09:41:50.654562', 'event': 'Mouth movement detected'}
2025-04-15 09:41:50,760 - proctoring - INFO - [log_service.py:40] - Successfully stored 2 logs
2025-04-15 09:41:50,761 - proctoring - DEBUG - [image_utils.py:43] - Decoded base64 data length: 19935
2025-04-15 09:41:50,762 - proctoring - INFO - [detection_service.py:16] - Processing new frame
2025-04-15 09:41:50,776 - proctoring - INFO - [detection_service.py:34] - Face detection found 1 events
2025-04-15 09:41:50,789 - proctoring - INFO - [detection_service.py:34] - Face Mesh detection found 1 events
2025-04-15 09:41:50,794 - proctoring - DEBUG - [detection_service.py:37] - No Hand detections
2025-04-15 09:41:50,873 - proctoring - DEBUG - [detection_service.py:37] - No YOLO detections
2025-04-15 09:41:50,873 - proctoring - INFO - [detection_service.py:42] - Total events detected: 2
2025-04-15 09:41:50,873 - proctoring - INFO - [log_service.py:12] - Attempting to store 2 logs for user 2
2025-04-15 09:41:50,874 - proctoring - DEBUG - [log_service.py:26] - Created log entry: {'time': '2025-04-15 09:41:50.762619', 'event': 'Face detected', 'event_type': 'face_detected'}
2025-04-15 09:41:50,874 - proctoring - DEBUG - [log_service.py:26] - Created log entry: {'time': '2025-04-15 09:41:50.768830', 'event': 'Mouth movement detected'}
2025-04-15 09:41:50,876 - proctoring - INFO - [log_service.py:40] - Successfully stored 2 logs
2025-04-15 09:41:50,877 - proctoring - DEBUG - [image_utils.py:43] - Decoded base64 data length: 19936
2025-04-15 09:41:50,878 - proctoring - INFO - [detection_service.py:16] - Processing new frame
2025-04-15 09:41:50,896 - proctoring - INFO - [detection_service.py:34] - Face detection found 1 events
2025-04-15 09:41:50,911 - proctoring - INFO - [detection_service.py:34] - Face Mesh detection found 1 events
2025-04-15 09:41:50,915 - proctoring - DEBUG - [detection_service.py:37] - No Hand detections
2025-04-15 09:41:50,992 - proctoring - DEBUG - [detection_service.py:37] - No YOLO detections
2025-04-15 09:41:50,992 - proctoring - INFO - [detection_service.py:42] - Total events detected: 2
2025-04-15 09:41:50,992 - proctoring - INFO - [log_service.py:12] - Attempting to store 2 logs for user 2
2025-04-15 09:41:50,992 - proctoring - DEBUG - [log_service.py:26] - Created log entry: {'time': '2025-04-15 09:41:50.878350', 'event': 'Face detected', 'event_type': 'face_detected'}
2025-04-15 09:41:50,992 - proctoring - DEBUG - [log_service.py:26] - Created log entry: {'time': '2025-04-15 09:41:50.883143', 'event': 'Mouth movement detected'}
2025-04-15 09:41:50,995 - proctoring - INFO - [log_service.py:40] - Successfully stored 2 logs
2025-04-15 09:41:50,996 - proctoring - DEBUG - [image_utils.py:43] - Decoded base64 data length: 19899
2025-04-15 09:41:50,997 - proctoring - INFO - [detection_service.py:16] - Processing new frame
2025-04-15 09:41:51,011 - proctoring - INFO - [detection_service.py:34] - Face detection found 1 events
2025-04-15 09:41:51,028 - proctoring - INFO - [detection_service.py:34] - Face Mesh detection found 1 events
2025-04-15 09:41:51,033 - proctoring - DEBUG - [detection_service.py:37] - No Hand detections
2025-04-15 09:41:51,108 - proctoring - DEBUG - [detection_service.py:37] - No YOLO detections
2025-04-15 09:41:51,108 - proctoring - INFO - [detection_service.py:42] - Total events detected: 2
2025-04-15 09:41:51,108 - proctoring - INFO - [log_service.py:12] - Attempting to store 2 logs for user 2
2025-04-15 09:41:51,108 - proctoring - DEBUG - [log_service.py:26] - Created log entry: {'time': '2025-04-15 09:41:50.997237', 'event': 'Face detected', 'event_type': 'face_detected'}
2025-04-15 09:41:51,108 - proctoring - DEBUG - [log_service.py:26] - Created log entry: {'time': '2025-04-15 09:41:51.003858', 'event': 'Mouth movement detected'}
2025-04-15 09:41:51,110 - proctoring - INFO - [log_service.py:40] - Successfully stored 2 logs
2025-04-15 09:41:51,112 - proctoring - ERROR - [image_utils.py:45] - Base64 decode error: Invalid base64-encoded string: number of data characters (13) cannot be 1 more than a multiple of 4
2025-04-15 09:41:51,112 - proctoring - DEBUG - [image_utils.py:43] - Decoded base64 data length: 19957
2025-04-15 09:41:51,112 - proctoring - INFO - [detection_service.py:16] - Processing new frame
2025-04-15 09:41:51,124 - proctoring - INFO - [detection_service.py:34] - Face detection found 1 events
2025-04-15 09:41:51,138 - proctoring - INFO - [detection_service.py:34] - Face Mesh detection found 1 events
2025-04-15 09:41:51,146 - proctoring - DEBUG - [detection_service.py:37] - No Hand detections
2025-04-15 09:41:51,222 - proctoring - DEBUG - [detection_service.py:37] - No YOLO detections
2025-04-15 09:41:51,222 - proctoring - INFO - [detection_service.py:42] - Total events detected: 2
2025-04-15 09:41:51,222 - proctoring - INFO - [log_service.py:12] - Attempting to store 2 logs for user 2
2025-04-15 09:41:51,222 - proctoring - DEBUG - [log_service.py:26] - Created log entry: {'time': '2025-04-15 09:41:51.112797', 'event': 'Face detected', 'event_type': 'face_detected'}
2025-04-15 09:41:51,223 - proctoring - DEBUG - [log_service.py:26] - Created log entry: {'time': '2025-04-15 09:41:51.116618', 'event': 'Mouth movement detected'}
2025-04-15 09:41:51,224 - proctoring - INFO - [log_service.py:40] - Successfully stored 2 logs
2025-04-15 09:41:51,226 - proctoring - DEBUG - [image_utils.py:43] - Decoded base64 data length: 19939
2025-04-15 09:41:51,226 - proctoring - INFO - [detection_service.py:16] - Processing new frame
2025-04-15 09:41:51,238 - proctoring - INFO - [detection_service.py:34] - Face detection found 1 events
2025-04-15 09:41:51,253 - proctoring - INFO - [detection_service.py:34] - Face Mesh detection found 1 events
2025-04-15 09:41:51,260 - proctoring - DEBUG - [detection_service.py:37] - No Hand detections
2025-04-15 09:41:51,321 - proctoring - DEBUG - [detection_service.py:37] - No YOLO detections
2025-04-15 09:41:51,321 - proctoring - INFO - [detection_service.py:42] - Total events detected: 2
2025-04-15 09:41:51,321 - proctoring - INFO - [log_service.py:12] - Attempting to store 2 logs for user 2
2025-04-15 09:41:51,321 - proctoring - DEBUG - [log_service.py:26] - Created log entry: {'time': '2025-04-15 09:41:51.226782', 'event': 'Face detected', 'event_type': 'face_detected'}
2025-04-15 09:41:51,321 - proctoring - DEBUG - [log_service.py:26] - Created log entry: {'time': '2025-04-15 09:41:51.230962', 'event': 'Mouth movement detected'}
2025-04-15 09:41:51,323 - proctoring - INFO - [log_service.py:40] - Successfully stored 2 logs
2025-04-15 09:41:51,324 - proctoring - DEBUG - [image_utils.py:43] - Decoded base64 data length: 19943
2025-04-15 09:41:51,325 - proctoring - INFO - [detection_service.py:16] - Processing new frame
2025-04-15 09:41:51,338 - proctoring - INFO - [detection_service.py:34] - Face detection found 1 events
2025-04-15 09:41:51,351 - proctoring - DEBUG - [detection_service.py:37] - No Hand detections
2025-04-15 09:41:51,353 - proctoring - INFO - [detection_service.py:34] - Face Mesh detection found 1 events
2025-04-15 09:41:51,423 - proctoring - DEBUG - [detection_service.py:37] - No YOLO detections
2025-04-15 09:41:51,423 - proctoring - INFO - [detection_service.py:42] - Total events detected: 2
2025-04-15 09:41:51,423 - proctoring - INFO - [log_service.py:12] - Attempting to store 2 logs for user 2
2025-04-15 09:41:51,424 - proctoring - DEBUG - [log_service.py:26] - Created log entry: {'time': '2025-04-15 09:41:51.325453', 'event': 'Face detected', 'event_type': 'face_detected'}
2025-04-15 09:41:51,424 - proctoring - DEBUG - [log_service.py:26] - Created log entry: {'time': '2025-04-15 09:41:51.329972', 'event': 'Mouth movement detected'}
2025-04-15 09:41:51,425 - proctoring - INFO - [log_service.py:40] - Successfully stored 2 logs
2025-04-15 09:41:51,427 - proctoring - DEBUG - [image_utils.py:43] - Decoded base64 data length: 19962
2025-04-15 09:41:51,427 - proctoring - INFO - [detection_service.py:16] - Processing new frame
2025-04-15 09:41:51,438 - proctoring - INFO - [detection_service.py:34] - Face detection found 1 events
2025-04-15 09:41:51,452 - proctoring - INFO - [detection_service.py:34] - Face Mesh detection found 1 events
2025-04-15 09:41:51,456 - proctoring - DEBUG - [detection_service.py:37] - No Hand detections
2025-04-15 09:41:51,527 - proctoring - DEBUG - [detection_service.py:37] - No YOLO detections
2025-04-15 09:41:51,527 - proctoring - INFO - [detection_service.py:42] - Total events detected: 2
2025-04-15 09:41:51,527 - proctoring - INFO - [log_service.py:12] - Attempting to store 2 logs for user 2
2025-04-15 09:41:51,527 - proctoring - DEBUG - [log_service.py:26] - Created log entry: {'time': '2025-04-15 09:41:51.427802', 'event': 'Face detected', 'event_type': 'face_detected'}
2025-04-15 09:41:51,527 - proctoring - DEBUG - [log_service.py:26] - Created log entry: {'time': '2025-04-15 09:41:51.432361', 'event': 'Mouth movement detected'}
2025-04-15 09:41:51,529 - proctoring - INFO - [log_service.py:40] - Successfully stored 2 logs
2025-04-15 09:41:51,531 - proctoring - DEBUG - [image_utils.py:43] - Decoded base64 data length: 20009
2025-04-15 09:41:51,531 - proctoring - INFO - [detection_service.py:16] - Processing new frame
2025-04-15 09:41:51,545 - proctoring - INFO - [detection_service.py:34] - Face detection found 1 events
2025-04-15 09:41:51,559 - proctoring - INFO - [detection_service.py:34] - Face Mesh detection found 1 events
2025-04-15 09:41:51,565 - proctoring - DEBUG - [detection_service.py:37] - No Hand detections
2025-04-15 09:41:51,649 - proctoring - DEBUG - [detection_service.py:37] - No YOLO detections
2025-04-15 09:41:51,649 - proctoring - INFO - [detection_service.py:42] - Total events detected: 2
2025-04-15 09:41:51,649 - proctoring - INFO - [log_service.py:12] - Attempting to store 2 logs for user 2
2025-04-15 09:41:51,649 - proctoring - DEBUG - [log_service.py:26] - Created log entry: {'time': '2025-04-15 09:41:51.532043', 'event': 'Face detected', 'event_type': 'face_detected'}
2025-04-15 09:41:51,649 - proctoring - DEBUG - [log_service.py:26] - Created log entry: {'time': '2025-04-15 09:41:51.537180', 'event': 'Mouth movement detected'}
2025-04-15 09:41:51,651 - proctoring - INFO - [log_service.py:40] - Successfully stored 2 logs
2025-04-15 09:41:51,652 - proctoring - DEBUG - [image_utils.py:43] - Decoded base64 data length: 20023
2025-04-15 09:41:51,653 - proctoring - INFO - [detection_service.py:16] - Processing new frame
2025-04-15 09:41:51,665 - proctoring - INFO - [detection_service.py:34] - Face detection found 1 events
2025-04-15 09:41:51,679 - proctoring - INFO - [detection_service.py:34] - Face Mesh detection found 1 events
2025-04-15 09:41:51,685 - proctoring - DEBUG - [detection_service.py:37] - No Hand detections
2025-04-15 09:41:51,762 - proctoring - DEBUG - [detection_service.py:37] - No YOLO detections
2025-04-15 09:41:51,762 - proctoring - INFO - [detection_service.py:42] - Total events detected: 2
2025-04-15 09:41:51,762 - proctoring - INFO - [log_service.py:12] - Attempting to store 2 logs for user 2
2025-04-15 09:41:51,762 - proctoring - DEBUG - [log_service.py:26] - Created log entry: {'time': '2025-04-15 09:41:51.653429', 'event': 'Face detected', 'event_type': 'face_detected'}
2025-04-15 09:41:51,762 - proctoring - DEBUG - [log_service.py:26] - Created log entry: {'time': '2025-04-15 09:41:51.658220', 'event': 'Mouth movement detected'}
2025-04-15 09:41:51,764 - proctoring - INFO - [log_service.py:40] - Successfully stored 2 logs
2025-04-15 09:41:51,765 - proctoring - DEBUG - [image_utils.py:43] - Decoded base64 data length: 20014
2025-04-15 09:41:51,766 - proctoring - INFO - [detection_service.py:16] - Processing new frame
2025-04-15 09:41:51,779 - proctoring - INFO - [detection_service.py:34] - Face detection found 1 events
2025-04-15 09:41:51,799 - proctoring - INFO - [detection_service.py:34] - Face Mesh detection found 1 events
2025-04-15 09:41:51,799 - proctoring - DEBUG - [detection_service.py:37] - No Hand detections
2025-04-15 09:41:51,875 - proctoring - DEBUG - [detection_service.py:37] - No YOLO detections
2025-04-15 09:41:51,875 - proctoring - INFO - [detection_service.py:42] - Total events detected: 2
2025-04-15 09:41:51,875 - proctoring - INFO - [log_service.py:12] - Attempting to store 2 logs for user 2
2025-04-15 09:41:51,875 - proctoring - DEBUG - [log_service.py:26] - Created log entry: {'time': '2025-04-15 09:41:51.766412', 'event': 'Face detected', 'event_type': 'face_detected'}
2025-04-15 09:41:51,875 - proctoring - DEBUG - [log_service.py:26] - Created log entry: {'time': '2025-04-15 09:41:51.771600', 'event': 'Mouth movement detected'}
2025-04-15 09:41:51,877 - proctoring - INFO - [log_service.py:40] - Successfully stored 2 logs
2025-04-15 09:41:51,880 - proctoring - DEBUG - [image_utils.py:43] - Decoded base64 data length: 19983
2025-04-15 09:41:51,881 - proctoring - INFO - [detection_service.py:16] - Processing new frame
2025-04-15 09:41:51,894 - proctoring - INFO - [detection_service.py:34] - Face detection found 1 events
2025-04-15 09:41:51,908 - proctoring - INFO - [detection_service.py:34] - Face Mesh detection found 1 events
2025-04-15 09:41:51,913 - proctoring - DEBUG - [detection_service.py:37] - No Hand detections
2025-04-15 09:41:51,989 - proctoring - DEBUG - [detection_service.py:37] - No YOLO detections
2025-04-15 09:41:51,990 - proctoring - INFO - [detection_service.py:42] - Total events detected: 2
2025-04-15 09:41:51,990 - proctoring - INFO - [log_service.py:12] - Attempting to store 2 logs for user 2
2025-04-15 09:41:51,990 - proctoring - DEBUG - [log_service.py:26] - Created log entry: {'time': '2025-04-15 09:41:51.881529', 'event': 'Face detected', 'event_type': 'face_detected'}
2025-04-15 09:41:51,990 - proctoring - DEBUG - [log_service.py:26] - Created log entry: {'time': '2025-04-15 09:41:51.886742', 'event': 'Mouth movement detected'}
2025-04-15 09:41:51,992 - proctoring - INFO - [log_service.py:40] - Successfully stored 2 logs
2025-04-15 09:41:51,993 - proctoring - DEBUG - [image_utils.py:43] - Decoded base64 data length: 19983
2025-04-15 09:41:51,994 - proctoring - INFO - [detection_service.py:16] - Processing new frame
2025-04-15 09:41:52,008 - proctoring - INFO - [detection_service.py:34] - Face detection found 1 events
2025-04-15 09:41:52,022 - proctoring - INFO - [detection_service.py:34] - Face Mesh detection found 1 events
2025-04-15 09:41:52,026 - proctoring - DEBUG - [detection_service.py:37] - No Hand detections
2025-04-15 09:41:52,101 - proctoring - DEBUG - [detection_service.py:37] - No YOLO detections
2025-04-15 09:41:52,101 - proctoring - INFO - [detection_service.py:42] - Total events detected: 2
2025-04-15 09:41:52,101 - proctoring - INFO - [log_service.py:12] - Attempting to store 2 logs for user 2
2025-04-15 09:41:52,101 - proctoring - DEBUG - [log_service.py:26] - Created log entry: {'time': '2025-04-15 09:41:51.994300', 'event': 'Face detected', 'event_type': 'face_detected'}
2025-04-15 09:41:52,101 - proctoring - DEBUG - [log_service.py:26] - Created log entry: {'time': '2025-04-15 09:41:51.998884', 'event': 'Mouth movement detected'}
2025-04-15 09:41:52,103 - proctoring - INFO - [log_service.py:40] - Successfully stored 2 logs
2025-04-15 09:41:52,104 - proctoring - DEBUG - [image_utils.py:43] - Decoded base64 data length: 20026
2025-04-15 09:41:52,105 - proctoring - INFO - [detection_service.py:16] - Processing new frame
2025-04-15 09:41:52,118 - proctoring - INFO - [detection_service.py:34] - Face detection found 1 events
2025-04-15 09:41:52,139 - proctoring - INFO - [detection_service.py:34] - Face Mesh detection found 1 events
2025-04-15 09:41:52,140 - proctoring - DEBUG - [detection_service.py:37] - No Hand detections
2025-04-15 09:41:52,212 - proctoring - DEBUG - [detection_service.py:37] - No YOLO detections
2025-04-15 09:41:52,212 - proctoring - INFO - [detection_service.py:42] - Total events detected: 2
2025-04-15 09:41:52,212 - proctoring - INFO - [log_service.py:12] - Attempting to store 2 logs for user 2
2025-04-15 09:41:52,212 - proctoring - DEBUG - [log_service.py:26] - Created log entry: {'time': '2025-04-15 09:41:52.105479', 'event': 'Face detected', 'event_type': 'face_detected'}
2025-04-15 09:41:52,212 - proctoring - DEBUG - [log_service.py:26] - Created log entry: {'time': '2025-04-15 09:41:52.110108', 'event': 'Mouth movement detected'}
2025-04-15 09:41:52,214 - proctoring - INFO - [log_service.py:40] - Successfully stored 2 logs
2025-04-15 09:41:52,216 - proctoring - DEBUG - [image_utils.py:43] - Decoded base64 data length: 19994
2025-04-15 09:41:52,216 - proctoring - INFO - [detection_service.py:16] - Processing new frame
2025-04-15 09:41:52,227 - proctoring - INFO - [detection_service.py:34] - Face detection found 1 events
2025-04-15 09:41:52,245 - proctoring - INFO - [detection_service.py:34] - Face Mesh detection found 1 events
2025-04-15 09:41:52,250 - proctoring - DEBUG - [detection_service.py:37] - No Hand detections
2025-04-15 09:41:52,316 - proctoring - DEBUG - [detection_service.py:37] - No YOLO detections
2025-04-15 09:41:52,316 - proctoring - INFO - [detection_service.py:42] - Total events detected: 2
2025-04-15 09:41:52,316 - proctoring - INFO - [log_service.py:12] - Attempting to store 2 logs for user 2
2025-04-15 09:41:52,316 - proctoring - DEBUG - [log_service.py:26] - Created log entry: {'time': '2025-04-15 09:41:52.216749', 'event': 'Face detected', 'event_type': 'face_detected'}
2025-04-15 09:41:52,316 - proctoring - DEBUG - [log_service.py:26] - Created log entry: {'time': '2025-04-15 09:41:52.221541', 'event': 'Mouth movement detected'}
2025-04-15 09:41:52,318 - proctoring - INFO - [log_service.py:40] - Successfully stored 2 logs
2025-04-15 09:41:52,320 - proctoring - DEBUG - [image_utils.py:43] - Decoded base64 data length: 20061
2025-04-15 09:41:52,320 - proctoring - INFO - [detection_service.py:16] - Processing new frame
2025-04-15 09:41:52,335 - proctoring - INFO - [detection_service.py:34] - Face detection found 1 events
2025-04-15 09:41:52,347 - proctoring - INFO - [detection_service.py:34] - Face Mesh detection found 1 events
2025-04-15 09:41:52,353 - proctoring - DEBUG - [detection_service.py:37] - No Hand detections
2025-04-15 09:41:52,426 - proctoring - DEBUG - [detection_service.py:37] - No YOLO detections
2025-04-15 09:41:52,426 - proctoring - INFO - [detection_service.py:42] - Total events detected: 2
2025-04-15 09:41:52,426 - proctoring - INFO - [log_service.py:12] - Attempting to store 2 logs for user 2
2025-04-15 09:41:52,426 - proctoring - DEBUG - [log_service.py:26] - Created log entry: {'time': '2025-04-15 09:41:52.320763', 'event': 'Face detected', 'event_type': 'face_detected'}
2025-04-15 09:41:52,426 - proctoring - DEBUG - [log_service.py:26] - Created log entry: {'time': '2025-04-15 09:41:52.325664', 'event': 'Mouth movement detected'}
2025-04-15 09:41:52,427 - proctoring - INFO - [log_service.py:40] - Successfully stored 2 logs
2025-04-15 09:41:52,429 - proctoring - DEBUG - [image_utils.py:43] - Decoded base64 data length: 20060
2025-04-15 09:41:52,429 - proctoring - INFO - [detection_service.py:16] - Processing new frame
2025-04-15 09:41:52,442 - proctoring - INFO - [detection_service.py:34] - Face detection found 1 events
2025-04-15 09:41:52,455 - proctoring - INFO - [detection_service.py:34] - Face Mesh detection found 1 events
2025-04-15 09:41:52,464 - proctoring - DEBUG - [detection_service.py:37] - No Hand detections
2025-04-15 09:41:52,532 - proctoring - DEBUG - [detection_service.py:37] - No YOLO detections
2025-04-15 09:41:52,532 - proctoring - INFO - [detection_service.py:42] - Total events detected: 2
2025-04-15 09:41:52,532 - proctoring - INFO - [log_service.py:12] - Attempting to store 2 logs for user 2
2025-04-15 09:41:52,532 - proctoring - DEBUG - [log_service.py:26] - Created log entry: {'time': '2025-04-15 09:41:52.429895', 'event': 'Face detected', 'event_type': 'face_detected'}
2025-04-15 09:41:52,532 - proctoring - DEBUG - [log_service.py:26] - Created log entry: {'time': '2025-04-15 09:41:52.435291', 'event': 'Mouth movement detected'}
2025-04-15 09:41:52,534 - proctoring - INFO - [log_service.py:40] - Successfully stored 2 logs
2025-04-15 09:41:52,535 - proctoring - DEBUG - [image_utils.py:43] - Decoded base64 data length: 20037
2025-04-15 09:41:52,536 - proctoring - INFO - [detection_service.py:16] - Processing new frame
2025-04-15 09:41:52,547 - proctoring - INFO - [detection_service.py:34] - Face detection found 1 events
2025-04-15 09:41:52,561 - proctoring - INFO - [detection_service.py:34] - Face Mesh detection found 1 events
2025-04-15 09:41:52,573 - proctoring - DEBUG - [detection_service.py:37] - No Hand detections
2025-04-15 09:41:52,649 - proctoring - DEBUG - [detection_service.py:37] - No YOLO detections
2025-04-15 09:41:52,649 - proctoring - INFO - [detection_service.py:42] - Total events detected: 2
2025-04-15 09:41:52,649 - proctoring - INFO - [log_service.py:12] - Attempting to store 2 logs for user 2
2025-04-15 09:41:52,649 - proctoring - DEBUG - [log_service.py:26] - Created log entry: {'time': '2025-04-15 09:41:52.536606', 'event': 'Face detected', 'event_type': 'face_detected'}
2025-04-15 09:41:52,649 - proctoring - DEBUG - [log_service.py:26] - Created log entry: {'time': '2025-04-15 09:41:52.541436', 'event': 'Mouth movement detected'}
2025-04-15 09:41:52,651 - proctoring - INFO - [log_service.py:40] - Successfully stored 2 logs
2025-04-15 09:41:52,653 - proctoring - DEBUG - [image_utils.py:43] - Decoded base64 data length: 20049
2025-04-15 09:41:52,653 - proctoring - INFO - [detection_service.py:16] - Processing new frame
2025-04-15 09:41:52,667 - proctoring - INFO - [detection_service.py:34] - Face detection found 1 events
2025-04-15 09:41:52,679 - proctoring - INFO - [detection_service.py:34] - Face Mesh detection found 1 events
2025-04-15 09:41:52,689 - proctoring - DEBUG - [detection_service.py:37] - No Hand detections
2025-04-15 09:41:52,762 - proctoring - DEBUG - [detection_service.py:37] - No YOLO detections
2025-04-15 09:41:52,762 - proctoring - INFO - [detection_service.py:42] - Total events detected: 2
2025-04-15 09:41:52,762 - proctoring - INFO - [log_service.py:12] - Attempting to store 2 logs for user 2
2025-04-15 09:41:52,762 - proctoring - DEBUG - [log_service.py:26] - Created log entry: {'time': '2025-04-15 09:41:52.653670', 'event': 'Face detected', 'event_type': 'face_detected'}
2025-04-15 09:41:52,763 - proctoring - DEBUG - [log_service.py:26] - Created log entry: {'time': '2025-04-15 09:41:52.658457', 'event': 'Mouth movement detected'}
2025-04-15 09:41:52,765 - proctoring - INFO - [log_service.py:40] - Successfully stored 2 logs
2025-04-15 09:41:52,767 - proctoring - DEBUG - [image_utils.py:43] - Decoded base64 data length: 20005
2025-04-15 09:41:52,767 - proctoring - INFO - [detection_service.py:16] - Processing new frame
2025-04-15 09:41:52,782 - proctoring - INFO - [detection_service.py:34] - Face detection found 1 events
2025-04-15 09:41:52,799 - proctoring - INFO - [detection_service.py:34] - Face Mesh detection found 1 events
2025-04-15 09:41:52,806 - proctoring - DEBUG - [detection_service.py:37] - No Hand detections
2025-04-15 09:41:52,881 - proctoring - DEBUG - [detection_service.py:37] - No YOLO detections
2025-04-15 09:41:52,881 - proctoring - INFO - [detection_service.py:42] - Total events detected: 2
2025-04-15 09:41:52,881 - proctoring - INFO - [log_service.py:12] - Attempting to store 2 logs for user 2
2025-04-15 09:41:52,882 - proctoring - DEBUG - [log_service.py:26] - Created log entry: {'time': '2025-04-15 09:41:52.767719', 'event': 'Face detected', 'event_type': 'face_detected'}
2025-04-15 09:41:52,882 - proctoring - DEBUG - [log_service.py:26] - Created log entry: {'time': '2025-04-15 09:41:52.773177', 'event': 'Mouth movement detected'}
2025-04-15 09:41:52,884 - proctoring - INFO - [log_service.py:40] - Successfully stored 2 logs
2025-04-15 09:41:52,885 - proctoring - DEBUG - [image_utils.py:43] - Decoded base64 data length: 20034
2025-04-15 09:41:52,886 - proctoring - INFO - [detection_service.py:16] - Processing new frame
2025-04-15 09:41:52,899 - proctoring - INFO - [detection_service.py:34] - Face detection found 1 events
2025-04-15 09:41:52,916 - proctoring - INFO - [detection_service.py:34] - Face Mesh detection found 1 events
2025-04-15 09:41:52,921 - proctoring - DEBUG - [detection_service.py:37] - No Hand detections
2025-04-15 09:41:53,001 - proctoring - DEBUG - [detection_service.py:37] - No YOLO detections
2025-04-15 09:41:53,001 - proctoring - INFO - [detection_service.py:42] - Total events detected: 2
2025-04-15 09:41:53,001 - proctoring - INFO - [log_service.py:12] - Attempting to store 2 logs for user 2
2025-04-15 09:41:53,002 - proctoring - DEBUG - [log_service.py:26] - Created log entry: {'time': '2025-04-15 09:41:52.886142', 'event': 'Face detected', 'event_type': 'face_detected'}
2025-04-15 09:41:53,002 - proctoring - DEBUG - [log_service.py:26] - Created log entry: {'time': '2025-04-15 09:41:52.891234', 'event': 'Mouth movement detected'}
2025-04-15 09:41:53,004 - proctoring - INFO - [log_service.py:40] - Successfully stored 2 logs
2025-04-15 09:41:53,005 - proctoring - DEBUG - [image_utils.py:43] - Decoded base64 data length: 20324
2025-04-15 09:41:53,006 - proctoring - INFO - [detection_service.py:16] - Processing new frame
2025-04-15 09:41:53,021 - proctoring - INFO - [detection_service.py:34] - Face detection found 1 events
2025-04-15 09:41:53,039 - proctoring - INFO - [detection_service.py:34] - Face Mesh detection found 1 events
2025-04-15 09:41:53,046 - proctoring - DEBUG - [detection_service.py:37] - No Hand detections
2025-04-15 09:41:53,134 - proctoring - DEBUG - [detection_service.py:37] - No YOLO detections
2025-04-15 09:41:53,134 - proctoring - INFO - [detection_service.py:42] - Total events detected: 2
2025-04-15 09:41:53,134 - proctoring - INFO - [log_service.py:12] - Attempting to store 2 logs for user 2
2025-04-15 09:41:53,134 - proctoring - DEBUG - [log_service.py:26] - Created log entry: {'time': '2025-04-15 09:41:53.006342', 'event': 'Face detected', 'event_type': 'face_detected'}
2025-04-15 09:41:53,134 - proctoring - DEBUG - [log_service.py:26] - Created log entry: {'time': '2025-04-15 09:41:53.012191', 'event': 'Mouth movement detected'}
2025-04-15 09:41:53,136 - proctoring - INFO - [log_service.py:40] - Successfully stored 2 logs
2025-04-15 09:41:53,138 - proctoring - DEBUG - [image_utils.py:43] - Decoded base64 data length: 20793
2025-04-15 09:41:53,138 - proctoring - INFO - [detection_service.py:16] - Processing new frame
2025-04-15 09:41:53,165 - proctoring - INFO - [detection_service.py:34] - Face detection found 1 events
2025-04-15 09:41:53,210 - proctoring - DEBUG - [detection_service.py:37] - No Hand detections
2025-04-15 09:41:53,214 - proctoring - INFO - [detection_service.py:34] - Face Mesh detection found 1 events
2025-04-15 09:41:53,292 - proctoring - DEBUG - [detection_service.py:37] - No YOLO detections
2025-04-15 09:41:53,292 - proctoring - INFO - [detection_service.py:42] - Total events detected: 2
2025-04-15 09:41:53,292 - proctoring - INFO - [log_service.py:12] - Attempting to store 2 logs for user 2
2025-04-15 09:41:53,292 - proctoring - DEBUG - [log_service.py:26] - Created log entry: {'time': '2025-04-15 09:41:53.139026', 'event': 'Face detected', 'event_type': 'face_detected'}
2025-04-15 09:41:53,292 - proctoring - DEBUG - [log_service.py:26] - Created log entry: {'time': '2025-04-15 09:41:53.145429', 'event': 'Mouth movement detected'}
2025-04-15 09:41:53,294 - proctoring - INFO - [log_service.py:40] - Successfully stored 2 logs
2025-04-15 09:41:53,297 - proctoring - DEBUG - [image_utils.py:43] - Decoded base64 data length: 21079
2025-04-15 09:41:53,298 - proctoring - INFO - [detection_service.py:16] - Processing new frame
2025-04-15 09:41:53,311 - proctoring - INFO - [detection_service.py:34] - Face detection found 1 events
2025-04-15 09:41:53,328 - proctoring - INFO - [detection_service.py:34] - Face Mesh detection found 1 events
2025-04-15 09:41:53,334 - proctoring - DEBUG - [detection_service.py:37] - No Hand detections
2025-04-15 09:41:53,398 - proctoring - DEBUG - [detection_service.py:37] - No YOLO detections
2025-04-15 09:41:53,398 - proctoring - INFO - [detection_service.py:42] - Total events detected: 2
2025-04-15 09:41:53,398 - proctoring - INFO - [log_service.py:12] - Attempting to store 2 logs for user 2
2025-04-15 09:41:53,398 - proctoring - DEBUG - [log_service.py:26] - Created log entry: {'time': '2025-04-15 09:41:53.298361', 'event': 'Face detected', 'event_type': 'face_detected'}
2025-04-15 09:41:53,398 - proctoring - DEBUG - [log_service.py:26] - Created log entry: {'time': '2025-04-15 09:41:53.303024', 'event': 'Mouth movement detected'}
2025-04-15 09:41:53,400 - proctoring - INFO - [log_service.py:40] - Successfully stored 2 logs
2025-04-15 09:41:53,402 - proctoring - DEBUG - [image_utils.py:43] - Decoded base64 data length: 21280
2025-04-15 09:41:53,403 - proctoring - INFO - [detection_service.py:16] - Processing new frame
2025-04-15 09:41:53,415 - proctoring - INFO - [detection_service.py:34] - Face detection found 1 events
2025-04-15 09:41:53,433 - proctoring - INFO - [detection_service.py:34] - Face Mesh detection found 1 events
2025-04-15 09:41:53,438 - proctoring - DEBUG - [detection_service.py:37] - No Hand detections
2025-04-15 09:41:53,510 - proctoring - DEBUG - [detection_service.py:37] - No YOLO detections
2025-04-15 09:41:53,510 - proctoring - INFO - [detection_service.py:42] - Total events detected: 2
2025-04-15 09:41:53,510 - proctoring - INFO - [log_service.py:12] - Attempting to store 2 logs for user 2
2025-04-15 09:41:53,510 - proctoring - DEBUG - [log_service.py:26] - Created log entry: {'time': '2025-04-15 09:41:53.403426', 'event': 'Face detected', 'event_type': 'face_detected'}
2025-04-15 09:41:53,510 - proctoring - DEBUG - [log_service.py:26] - Created log entry: {'time': '2025-04-15 09:41:53.408364', 'event': 'Mouth movement detected'}
2025-04-15 09:41:53,512 - proctoring - INFO - [log_service.py:40] - Successfully stored 2 logs
2025-04-15 09:41:53,513 - proctoring - DEBUG - [image_utils.py:43] - Decoded base64 data length: 21173
2025-04-15 09:41:53,514 - proctoring - INFO - [detection_service.py:16] - Processing new frame
2025-04-15 09:41:53,528 - proctoring - INFO - [detection_service.py:34] - Face detection found 1 events
2025-04-15 09:41:53,544 - proctoring - INFO - [detection_service.py:34] - Face Mesh detection found 1 events
2025-04-15 09:41:53,546 - proctoring - DEBUG - [detection_service.py:37] - No Hand detections
2025-04-15 09:41:53,640 - proctoring - DEBUG - [detection_service.py:37] - No YOLO detections
2025-04-15 09:41:53,640 - proctoring - INFO - [detection_service.py:42] - Total events detected: 2
2025-04-15 09:41:53,640 - proctoring - INFO - [log_service.py:12] - Attempting to store 2 logs for user 2
2025-04-15 09:41:53,640 - proctoring - DEBUG - [log_service.py:26] - Created log entry: {'time': '2025-04-15 09:41:53.514279', 'event': 'Face detected', 'event_type': 'face_detected'}
2025-04-15 09:41:53,640 - proctoring - DEBUG - [log_service.py:26] - Created log entry: {'time': '2025-04-15 09:41:53.520054', 'event': 'Mouth movement detected'}
2025-04-15 09:41:53,642 - proctoring - INFO - [log_service.py:40] - Successfully stored 2 logs
2025-04-15 09:41:53,644 - proctoring - DEBUG - [image_utils.py:43] - Decoded base64 data length: 21044
2025-04-15 09:41:53,645 - proctoring - INFO - [detection_service.py:16] - Processing new frame
2025-04-15 09:41:53,657 - proctoring - INFO - [detection_service.py:34] - Face detection found 1 events
2025-04-15 09:41:53,681 - proctoring - INFO - [detection_service.py:34] - Face Mesh detection found 1 events
2025-04-15 09:41:53,685 - proctoring - DEBUG - [detection_service.py:37] - No Hand detections
2025-04-15 09:41:53,741 - proctoring - DEBUG - [detection_service.py:37] - No YOLO detections
2025-04-15 09:41:53,741 - proctoring - INFO - [detection_service.py:42] - Total events detected: 2
2025-04-15 09:41:53,741 - proctoring - INFO - [log_service.py:12] - Attempting to store 2 logs for user 2
2025-04-15 09:41:53,741 - proctoring - DEBUG - [log_service.py:26] - Created log entry: {'time': '2025-04-15 09:41:53.645211', 'event': 'Face detected', 'event_type': 'face_detected'}
2025-04-15 09:41:53,741 - proctoring - DEBUG - [log_service.py:26] - Created log entry: {'time': '2025-04-15 09:41:53.649941', 'event': 'Mouth movement detected'}
2025-04-15 09:41:53,743 - proctoring - INFO - [log_service.py:40] - Successfully stored 2 logs
2025-04-15 09:41:53,745 - proctoring - DEBUG - [image_utils.py:43] - Decoded base64 data length: 21295
2025-04-15 09:41:53,746 - proctoring - INFO - [detection_service.py:16] - Processing new frame
2025-04-15 09:41:53,757 - proctoring - INFO - [detection_service.py:34] - Face detection found 1 events
2025-04-15 09:41:53,781 - proctoring - INFO - [detection_service.py:34] - Face Mesh detection found 1 events
2025-04-15 09:41:53,831 - proctoring - DEBUG - [detection_service.py:37] - No Hand detections
2025-04-15 09:41:53,938 - proctoring - DEBUG - [detection_service.py:37] - No YOLO detections
2025-04-15 09:41:53,939 - proctoring - INFO - [detection_service.py:42] - Total events detected: 2
2025-04-15 09:41:53,939 - proctoring - INFO - [log_service.py:12] - Attempting to store 2 logs for user 2
2025-04-15 09:41:53,939 - proctoring - DEBUG - [log_service.py:26] - Created log entry: {'time': '2025-04-15 09:41:53.746115', 'event': 'Face detected', 'event_type': 'face_detected'}
2025-04-15 09:41:53,939 - proctoring - DEBUG - [log_service.py:26] - Created log entry: {'time': '2025-04-15 09:41:53.750128', 'event': 'Mouth movement detected'}
2025-04-15 09:41:53,941 - proctoring - INFO - [log_service.py:40] - Successfully stored 2 logs
2025-04-15 09:41:53,942 - proctoring - DEBUG - [image_utils.py:43] - Decoded base64 data length: 21402
2025-04-15 09:41:53,943 - proctoring - INFO - [detection_service.py:16] - Processing new frame
2025-04-15 09:41:53,957 - proctoring - INFO - [detection_service.py:34] - Face detection found 1 events
2025-04-15 09:41:53,976 - proctoring - DEBUG - [detection_service.py:37] - No Hand detections
2025-04-15 09:41:53,980 - proctoring - INFO - [detection_service.py:34] - Face Mesh detection found 1 events
2025-04-15 09:41:54,051 - proctoring - DEBUG - [detection_service.py:37] - No YOLO detections
2025-04-15 09:41:54,051 - proctoring - INFO - [detection_service.py:42] - Total events detected: 2
2025-04-15 09:41:54,051 - proctoring - INFO - [log_service.py:12] - Attempting to store 2 logs for user 2
2025-04-15 09:41:54,051 - proctoring - DEBUG - [log_service.py:26] - Created log entry: {'time': '2025-04-15 09:41:53.943278', 'event': 'Face detected', 'event_type': 'face_detected'}
2025-04-15 09:41:54,051 - proctoring - DEBUG - [log_service.py:26] - Created log entry: {'time': '2025-04-15 09:41:53.949728', 'event': 'Mouth movement detected'}
2025-04-15 09:41:54,053 - proctoring - INFO - [log_service.py:40] - Successfully stored 2 logs
2025-04-15 09:41:54,054 - proctoring - DEBUG - [image_utils.py:43] - Decoded base64 data length: 21296
2025-04-15 09:41:54,055 - proctoring - INFO - [detection_service.py:16] - Processing new frame
2025-04-15 09:41:54,067 - proctoring - INFO - [detection_service.py:34] - Face detection found 1 events
2025-04-15 09:41:54,086 - proctoring - INFO - [detection_service.py:34] - Face Mesh detection found 1 events
2025-04-15 09:41:54,100 - proctoring - DEBUG - [detection_service.py:37] - No Hand detections
2025-04-15 09:41:54,168 - proctoring - DEBUG - [detection_service.py:37] - No YOLO detections
2025-04-15 09:41:54,168 - proctoring - INFO - [detection_service.py:42] - Total events detected: 2
2025-04-15 09:41:54,168 - proctoring - INFO - [log_service.py:12] - Attempting to store 2 logs for user 2
2025-04-15 09:41:54,168 - proctoring - DEBUG - [log_service.py:26] - Created log entry: {'time': '2025-04-15 09:41:54.055411', 'event': 'Face detected', 'event_type': 'face_detected'}
2025-04-15 09:41:54,168 - proctoring - DEBUG - [log_service.py:26] - Created log entry: {'time': '2025-04-15 09:41:54.059863', 'event': 'Mouth movement detected'}
2025-04-15 09:41:54,170 - proctoring - INFO - [log_service.py:40] - Successfully stored 2 logs
2025-04-15 09:41:54,172 - proctoring - DEBUG - [image_utils.py:43] - Decoded base64 data length: 21413
2025-04-15 09:41:54,172 - proctoring - INFO - [detection_service.py:16] - Processing new frame
2025-04-15 09:41:54,185 - proctoring - INFO - [detection_service.py:34] - Face detection found 1 events
2025-04-15 09:41:54,205 - proctoring - INFO - [detection_service.py:34] - Face Mesh detection found 1 events
2025-04-15 09:41:54,218 - proctoring - DEBUG - [detection_service.py:37] - No Hand detections
2025-04-15 09:41:54,282 - proctoring - DEBUG - [detection_service.py:37] - No YOLO detections
2025-04-15 09:41:54,282 - proctoring - INFO - [detection_service.py:42] - Total events detected: 2
2025-04-15 09:41:54,282 - proctoring - INFO - [log_service.py:12] - Attempting to store 2 logs for user 2
2025-04-15 09:41:54,283 - proctoring - DEBUG - [log_service.py:26] - Created log entry: {'time': '2025-04-15 09:41:54.173014', 'event': 'Face detected', 'event_type': 'face_detected'}
2025-04-15 09:41:54,283 - proctoring - DEBUG - [log_service.py:26] - Created log entry: {'time': '2025-04-15 09:41:54.177136', 'event': 'Mouth movement detected'}
2025-04-15 09:41:54,285 - proctoring - INFO - [log_service.py:40] - Successfully stored 2 logs
2025-04-15 09:41:54,287 - proctoring - DEBUG - [image_utils.py:43] - Decoded base64 data length: 21466
2025-04-15 09:41:54,288 - proctoring - INFO - [detection_service.py:16] - Processing new frame
2025-04-15 09:41:54,299 - proctoring - INFO - [detection_service.py:34] - Face detection found 1 events
2025-04-15 09:41:54,315 - proctoring - INFO - [detection_service.py:34] - Face Mesh detection found 1 events
2025-04-15 09:41:54,319 - proctoring - DEBUG - [detection_service.py:37] - No Hand detections
2025-04-15 09:41:54,401 - proctoring - DEBUG - [detection_service.py:37] - No YOLO detections
2025-04-15 09:41:54,401 - proctoring - INFO - [detection_service.py:42] - Total events detected: 2
2025-04-15 09:41:54,401 - proctoring - INFO - [log_service.py:12] - Attempting to store 2 logs for user 2
2025-04-15 09:41:54,402 - proctoring - DEBUG - [log_service.py:26] - Created log entry: {'time': '2025-04-15 09:41:54.288171', 'event': 'Face detected', 'event_type': 'face_detected'}
2025-04-15 09:41:54,402 - proctoring - DEBUG - [log_service.py:26] - Created log entry: {'time': '2025-04-15 09:41:54.292546', 'event': 'Mouth movement detected'}
2025-04-15 09:41:54,404 - proctoring - INFO - [log_service.py:40] - Successfully stored 2 logs
2025-04-15 09:41:54,406 - proctoring - DEBUG - [image_utils.py:43] - Decoded base64 data length: 21489
2025-04-15 09:41:54,407 - proctoring - INFO - [detection_service.py:16] - Processing new frame
2025-04-15 09:41:54,424 - proctoring - INFO - [detection_service.py:34] - Face detection found 1 events
2025-04-15 09:41:54,436 - proctoring - DEBUG - [detection_service.py:37] - No Hand detections
2025-04-15 09:41:54,441 - proctoring - INFO - [detection_service.py:34] - Face Mesh detection found 1 events
2025-04-15 09:41:54,516 - proctoring - DEBUG - [detection_service.py:37] - No YOLO detections
2025-04-15 09:41:54,517 - proctoring - INFO - [detection_service.py:42] - Total events detected: 2
2025-04-15 09:41:54,517 - proctoring - INFO - [log_service.py:12] - Attempting to store 2 logs for user 2
2025-04-15 09:41:54,517 - proctoring - DEBUG - [log_service.py:26] - Created log entry: {'time': '2025-04-15 09:41:54.407141', 'event': 'Face detected', 'event_type': 'face_detected'}
2025-04-15 09:41:54,517 - proctoring - DEBUG - [log_service.py:26] - Created log entry: {'time': '2025-04-15 09:41:54.412894', 'event': 'Mouth movement detected'}
2025-04-15 09:41:54,519 - proctoring - INFO - [log_service.py:40] - Successfully stored 2 logs
2025-04-15 09:41:54,520 - proctoring - DEBUG - [image_utils.py:43] - Decoded base64 data length: 21271
2025-04-15 09:41:54,521 - proctoring - INFO - [detection_service.py:16] - Processing new frame
2025-04-15 09:41:54,532 - proctoring - INFO - [detection_service.py:34] - Face detection found 1 events
2025-04-15 09:41:54,547 - proctoring - INFO - [detection_service.py:34] - Face Mesh detection found 1 events
2025-04-15 09:41:54,550 - proctoring - DEBUG - [detection_service.py:37] - No Hand detections
2025-04-15 09:41:54,631 - proctoring - DEBUG - [detection_service.py:37] - No YOLO detections
2025-04-15 09:41:54,631 - proctoring - INFO - [detection_service.py:42] - Total events detected: 2
2025-04-15 09:41:54,631 - proctoring - INFO - [log_service.py:12] - Attempting to store 2 logs for user 2
2025-04-15 09:41:54,631 - proctoring - DEBUG - [log_service.py:26] - Created log entry: {'time': '2025-04-15 09:41:54.521140', 'event': 'Face detected', 'event_type': 'face_detected'}
2025-04-15 09:41:54,631 - proctoring - DEBUG - [log_service.py:26] - Created log entry: {'time': '2025-04-15 09:41:54.525399', 'event': 'Mouth movement detected'}
2025-04-15 09:41:54,633 - proctoring - INFO - [log_service.py:40] - Successfully stored 2 logs
2025-04-15 09:41:54,634 - proctoring - DEBUG - [image_utils.py:43] - Decoded base64 data length: 21040
2025-04-15 09:41:54,634 - proctoring - INFO - [detection_service.py:16] - Processing new frame
2025-04-15 09:41:54,646 - proctoring - INFO - [detection_service.py:34] - Face detection found 1 events
2025-04-15 09:41:54,661 - proctoring - DEBUG - [detection_service.py:37] - No Face Mesh detections
2025-04-15 09:41:54,667 - proctoring - DEBUG - [detection_service.py:37] - No Hand detections
2025-04-15 09:41:54,746 - proctoring - DEBUG - [detection_service.py:37] - No YOLO detections
2025-04-15 09:41:54,746 - proctoring - INFO - [detection_service.py:42] - Total events detected: 1
2025-04-15 09:41:54,746 - proctoring - INFO - [log_service.py:12] - Attempting to store 1 logs for user 2
2025-04-15 09:41:54,746 - proctoring - DEBUG - [log_service.py:26] - Created log entry: {'time': '2025-04-15 09:41:54.635047', 'event': 'Face detected', 'event_type': 'face_detected'}
2025-04-15 09:41:54,748 - proctoring - INFO - [log_service.py:40] - Successfully stored 1 logs
2025-04-15 09:41:54,749 - proctoring - DEBUG - [image_utils.py:43] - Decoded base64 data length: 20504
2025-04-15 09:41:54,750 - proctoring - INFO - [detection_service.py:16] - Processing new frame
2025-04-15 09:41:54,764 - proctoring - INFO - [detection_service.py:34] - Face detection found 1 events
2025-04-15 09:41:54,780 - proctoring - DEBUG - [detection_service.py:37] - No Face Mesh detections
2025-04-15 09:41:54,954 - proctoring - DEBUG - [detection_service.py:37] - No Hand detections
2025-04-15 09:41:55,037 - proctoring - DEBUG - [detection_service.py:37] - No YOLO detections
2025-04-15 09:41:55,037 - proctoring - INFO - [detection_service.py:42] - Total events detected: 1
2025-04-15 09:41:55,037 - proctoring - INFO - [log_service.py:12] - Attempting to store 1 logs for user 2
2025-04-15 09:41:55,037 - proctoring - DEBUG - [log_service.py:26] - Created log entry: {'time': '2025-04-15 09:41:54.750543', 'event': 'Face detected', 'event_type': 'face_detected'}
2025-04-15 09:41:55,039 - proctoring - INFO - [log_service.py:40] - Successfully stored 1 logs
2025-04-15 09:41:55,041 - proctoring - DEBUG - [image_utils.py:43] - Decoded base64 data length: 19536
2025-04-15 09:41:55,042 - proctoring - INFO - [detection_service.py:16] - Processing new frame
2025-04-15 09:41:55,055 - proctoring - INFO - [detection_service.py:34] - Face detection found 2 events
2025-04-15 09:41:55,076 - proctoring - INFO - [detection_service.py:34] - Face Mesh detection found 1 events
2025-04-15 09:41:55,076 - proctoring - DEBUG - [detection_service.py:37] - No Hand detections
2025-04-15 09:41:55,168 - proctoring - DEBUG - [detection_service.py:37] - No YOLO detections
2025-04-15 09:41:55,168 - proctoring - INFO - [detection_service.py:42] - Total events detected: 3
2025-04-15 09:41:55,168 - proctoring - INFO - [log_service.py:12] - Attempting to store 3 logs for user 2
2025-04-15 09:41:55,168 - proctoring - DEBUG - [log_service.py:26] - Created log entry: {'time': '2025-04-15 09:41:55.042300', 'event': 'Face detected', 'event_type': 'face_detected'}
2025-04-15 09:41:55,169 - proctoring - DEBUG - [log_service.py:26] - Created log entry: {'time': '2025-04-15 09:41:55.042300', 'event': 'Mouth movement detected', 'event_type': 'mouth_movement'}
2025-04-15 09:41:55,169 - proctoring - DEBUG - [log_service.py:26] - Created log entry: {'time': '2025-04-15 09:41:55.047107', 'event': 'Mouth movement detected'}
2025-04-15 09:41:55,171 - proctoring - INFO - [log_service.py:40] - Successfully stored 3 logs
2025-04-15 09:41:55,173 - proctoring - DEBUG - [image_utils.py:43] - Decoded base64 data length: 19295
2025-04-15 09:41:55,173 - proctoring - INFO - [detection_service.py:16] - Processing new frame
2025-04-15 09:41:55,188 - proctoring - INFO - [detection_service.py:34] - Face detection found 1 events
2025-04-15 09:41:55,206 - proctoring - INFO - [detection_service.py:34] - Face Mesh detection found 1 events
2025-04-15 09:41:55,211 - proctoring - DEBUG - [detection_service.py:37] - No Hand detections
2025-04-15 09:41:55,292 - proctoring - DEBUG - [detection_service.py:37] - No YOLO detections
2025-04-15 09:41:55,292 - proctoring - INFO - [detection_service.py:42] - Total events detected: 2
2025-04-15 09:41:55,292 - proctoring - INFO - [log_service.py:12] - Attempting to store 2 logs for user 2
2025-04-15 09:41:55,292 - proctoring - DEBUG - [log_service.py:26] - Created log entry: {'time': '2025-04-15 09:41:55.173975', 'event': 'Face detected', 'event_type': 'face_detected'}
2025-04-15 09:41:55,292 - proctoring - DEBUG - [log_service.py:26] - Created log entry: {'time': '2025-04-15 09:41:55.178862', 'event': 'Mouth movement detected'}
2025-04-15 09:41:55,294 - proctoring - INFO - [log_service.py:40] - Successfully stored 2 logs
2025-04-15 09:41:55,296 - proctoring - DEBUG - [image_utils.py:43] - Decoded base64 data length: 19204
2025-04-15 09:41:55,296 - proctoring - INFO - [detection_service.py:16] - Processing new frame
2025-04-15 09:41:55,311 - proctoring - INFO - [detection_service.py:34] - Face detection found 1 events
2025-04-15 09:41:55,325 - proctoring - INFO - [detection_service.py:34] - Face Mesh detection found 1 events
2025-04-15 09:41:55,330 - proctoring - DEBUG - [detection_service.py:37] - No Hand detections
2025-04-15 09:41:55,405 - proctoring - DEBUG - [detection_service.py:37] - No YOLO detections
2025-04-15 09:41:55,405 - proctoring - INFO - [detection_service.py:42] - Total events detected: 2
2025-04-15 09:41:55,405 - proctoring - INFO - [log_service.py:12] - Attempting to store 2 logs for user 2
2025-04-15 09:41:55,405 - proctoring - DEBUG - [log_service.py:26] - Created log entry: {'time': '2025-04-15 09:41:55.296744', 'event': 'Face detected', 'event_type': 'face_detected'}
2025-04-15 09:41:55,405 - proctoring - DEBUG - [log_service.py:26] - Created log entry: {'time': '2025-04-15 09:41:55.302562', 'event': 'Mouth movement detected'}
2025-04-15 09:41:55,407 - proctoring - INFO - [log_service.py:40] - Successfully stored 2 logs
2025-04-15 09:41:55,408 - proctoring - DEBUG - [image_utils.py:43] - Decoded base64 data length: 19131
2025-04-15 09:41:55,409 - proctoring - INFO - [detection_service.py:16] - Processing new frame
2025-04-15 09:41:55,420 - proctoring - INFO - [detection_service.py:34] - Face detection found 1 events
2025-04-15 09:41:55,446 - proctoring - INFO - [detection_service.py:34] - Face Mesh detection found 1 events
2025-04-15 09:41:55,446 - proctoring - DEBUG - [detection_service.py:37] - No Hand detections
2025-04-15 09:41:55,517 - proctoring - DEBUG - [detection_service.py:37] - No YOLO detections
2025-04-15 09:41:55,517 - proctoring - INFO - [detection_service.py:42] - Total events detected: 2
2025-04-15 09:41:55,517 - proctoring - INFO - [log_service.py:12] - Attempting to store 2 logs for user 2
2025-04-15 09:41:55,517 - proctoring - DEBUG - [log_service.py:26] - Created log entry: {'time': '2025-04-15 09:41:55.409450', 'event': 'Face detected', 'event_type': 'face_detected'}
2025-04-15 09:41:55,517 - proctoring - DEBUG - [log_service.py:26] - Created log entry: {'time': '2025-04-15 09:41:55.414617', 'event': 'Mouth movement detected'}
2025-04-15 09:41:55,519 - proctoring - INFO - [log_service.py:40] - Successfully stored 2 logs
2025-04-15 09:41:55,520 - proctoring - DEBUG - [image_utils.py:43] - Decoded base64 data length: 19098
2025-04-15 09:41:55,520 - proctoring - INFO - [detection_service.py:16] - Processing new frame
2025-04-15 09:41:55,532 - proctoring - INFO - [detection_service.py:34] - Face detection found 1 events
2025-04-15 09:41:55,546 - proctoring - INFO - [detection_service.py:34] - Face Mesh detection found 1 events
2025-04-15 09:41:55,555 - proctoring - DEBUG - [detection_service.py:37] - No Hand detections
2025-04-15 09:41:55,625 - proctoring - DEBUG - [detection_service.py:37] - No YOLO detections
2025-04-15 09:41:55,625 - proctoring - INFO - [detection_service.py:42] - Total events detected: 2
2025-04-15 09:41:55,625 - proctoring - INFO - [log_service.py:12] - Attempting to store 2 logs for user 2
2025-04-15 09:41:55,625 - proctoring - DEBUG - [log_service.py:26] - Created log entry: {'time': '2025-04-15 09:41:55.521024', 'event': 'Face detected', 'event_type': 'face_detected'}
2025-04-15 09:41:55,625 - proctoring - DEBUG - [log_service.py:26] - Created log entry: {'time': '2025-04-15 09:41:55.525104', 'event': 'Mouth movement detected'}
2025-04-15 09:41:55,627 - proctoring - INFO - [log_service.py:40] - Successfully stored 2 logs
2025-04-15 09:41:55,628 - proctoring - DEBUG - [image_utils.py:43] - Decoded base64 data length: 19144
2025-04-15 09:41:55,629 - proctoring - INFO - [detection_service.py:16] - Processing new frame
2025-04-15 09:41:55,642 - proctoring - INFO - [detection_service.py:34] - Face detection found 1 events
2025-04-15 09:41:55,656 - proctoring - INFO - [detection_service.py:34] - Face Mesh detection found 1 events
2025-04-15 09:41:55,662 - proctoring - DEBUG - [detection_service.py:37] - No Hand detections
2025-04-15 09:41:55,742 - proctoring - DEBUG - [detection_service.py:37] - No YOLO detections
2025-04-15 09:41:55,742 - proctoring - INFO - [detection_service.py:42] - Total events detected: 2
2025-04-15 09:41:55,742 - proctoring - INFO - [log_service.py:12] - Attempting to store 2 logs for user 2
2025-04-15 09:41:55,742 - proctoring - DEBUG - [log_service.py:26] - Created log entry: {'time': '2025-04-15 09:41:55.629130', 'event': 'Face detected', 'event_type': 'face_detected'}
2025-04-15 09:41:55,743 - proctoring - DEBUG - [log_service.py:26] - Created log entry: {'time': '2025-04-15 09:41:55.633448', 'event': 'Mouth movement detected'}
2025-04-15 09:41:55,744 - proctoring - INFO - [log_service.py:40] - Successfully stored 2 logs
2025-04-15 09:41:55,746 - proctoring - DEBUG - [image_utils.py:43] - Decoded base64 data length: 19250
2025-04-15 09:41:55,747 - proctoring - INFO - [detection_service.py:16] - Processing new frame
2025-04-15 09:41:55,762 - proctoring - INFO - [detection_service.py:34] - Face detection found 1 events
2025-04-15 09:41:55,779 - proctoring - INFO - [detection_service.py:34] - Face Mesh detection found 1 events
2025-04-15 09:41:55,784 - proctoring - DEBUG - [detection_service.py:37] - No Hand detections
2025-04-15 09:41:55,862 - proctoring - DEBUG - [detection_service.py:37] - No YOLO detections
2025-04-15 09:41:55,862 - proctoring - INFO - [detection_service.py:42] - Total events detected: 2
2025-04-15 09:41:55,863 - proctoring - INFO - [log_service.py:12] - Attempting to store 2 logs for user 2
2025-04-15 09:41:55,863 - proctoring - DEBUG - [log_service.py:26] - Created log entry: {'time': '2025-04-15 09:41:55.747137', 'event': 'Face detected', 'event_type': 'face_detected'}
2025-04-15 09:41:55,863 - proctoring - DEBUG - [log_service.py:26] - Created log entry: {'time': '2025-04-15 09:41:55.753286', 'event': 'Mouth movement detected'}
2025-04-15 09:41:55,865 - proctoring - INFO - [log_service.py:40] - Successfully stored 2 logs
2025-04-15 09:41:55,866 - proctoring - DEBUG - [image_utils.py:43] - Decoded base64 data length: 19324
2025-04-15 09:41:55,866 - proctoring - INFO - [detection_service.py:16] - Processing new frame
2025-04-15 09:41:55,880 - proctoring - INFO - [detection_service.py:34] - Face detection found 1 events
2025-04-15 09:41:55,895 - proctoring - INFO - [detection_service.py:34] - Face Mesh detection found 1 events
2025-04-15 09:41:55,901 - proctoring - DEBUG - [detection_service.py:37] - No Hand detections
2025-04-15 09:41:55,981 - proctoring - DEBUG - [detection_service.py:37] - No YOLO detections
2025-04-15 09:41:55,981 - proctoring - INFO - [detection_service.py:42] - Total events detected: 2
2025-04-15 09:41:55,981 - proctoring - INFO - [log_service.py:12] - Attempting to store 2 logs for user 2
2025-04-15 09:41:55,981 - proctoring - DEBUG - [log_service.py:26] - Created log entry: {'time': '2025-04-15 09:41:55.867041', 'event': 'Face detected', 'event_type': 'face_detected'}
2025-04-15 09:41:55,981 - proctoring - DEBUG - [log_service.py:26] - Created log entry: {'time': '2025-04-15 09:41:55.871754', 'event': 'Mouth movement detected'}
2025-04-15 09:41:55,983 - proctoring - INFO - [log_service.py:40] - Successfully stored 2 logs
2025-04-15 09:41:55,985 - proctoring - DEBUG - [image_utils.py:43] - Decoded base64 data length: 19264
2025-04-15 09:41:55,986 - proctoring - INFO - [detection_service.py:16] - Processing new frame
2025-04-15 09:41:55,999 - proctoring - INFO - [detection_service.py:34] - Face detection found 1 events
2025-04-15 09:41:56,018 - proctoring - INFO - [detection_service.py:34] - Face Mesh detection found 1 events
2025-04-15 09:41:56,022 - proctoring - DEBUG - [detection_service.py:37] - No Hand detections
2025-04-15 09:41:56,101 - proctoring - DEBUG - [detection_service.py:37] - No YOLO detections
2025-04-15 09:41:56,101 - proctoring - INFO - [detection_service.py:42] - Total events detected: 2
2025-04-15 09:41:56,101 - proctoring - INFO - [log_service.py:12] - Attempting to store 2 logs for user 2
2025-04-15 09:41:56,101 - proctoring - DEBUG - [log_service.py:26] - Created log entry: {'time': '2025-04-15 09:41:55.986261', 'event': 'Face detected', 'event_type': 'face_detected'}
2025-04-15 09:41:56,101 - proctoring - DEBUG - [log_service.py:26] - Created log entry: {'time': '2025-04-15 09:41:55.992248', 'event': 'Mouth movement detected'}
2025-04-15 09:41:56,103 - proctoring - INFO - [log_service.py:40] - Successfully stored 2 logs
2025-04-15 09:41:56,105 - proctoring - DEBUG - [image_utils.py:43] - Decoded base64 data length: 19257
2025-04-15 09:41:56,105 - proctoring - INFO - [detection_service.py:16] - Processing new frame
2025-04-15 09:41:56,120 - proctoring - INFO - [detection_service.py:34] - Face detection found 1 events
2025-04-15 09:41:56,134 - proctoring - INFO - [detection_service.py:34] - Face Mesh detection found 1 events
2025-04-15 09:41:56,145 - proctoring - DEBUG - [detection_service.py:37] - No Hand detections
2025-04-15 09:41:56,223 - proctoring - DEBUG - [detection_service.py:37] - No YOLO detections
2025-04-15 09:41:56,223 - proctoring - INFO - [detection_service.py:42] - Total events detected: 2
2025-04-15 09:41:56,224 - proctoring - INFO - [log_service.py:12] - Attempting to store 2 logs for user 2
2025-04-15 09:41:56,224 - proctoring - DEBUG - [log_service.py:26] - Created log entry: {'time': '2025-04-15 09:41:56.106040', 'event': 'Face detected', 'event_type': 'face_detected'}
2025-04-15 09:41:56,224 - proctoring - DEBUG - [log_service.py:26] - Created log entry: {'time': '2025-04-15 09:41:56.111143', 'event': 'Mouth movement detected'}
2025-04-15 09:41:56,226 - proctoring - INFO - [log_service.py:40] - Successfully stored 2 logs
2025-04-15 09:41:56,227 - proctoring - DEBUG - [image_utils.py:43] - Decoded base64 data length: 19089
2025-04-15 09:41:56,228 - proctoring - INFO - [detection_service.py:16] - Processing new frame
2025-04-15 09:41:56,239 - proctoring - INFO - [detection_service.py:34] - Face detection found 1 events
2025-04-15 09:41:56,263 - proctoring - INFO - [detection_service.py:34] - Face Mesh detection found 1 events
2025-04-15 09:41:56,264 - proctoring - DEBUG - [detection_service.py:37] - No Hand detections
2025-04-15 09:41:56,341 - proctoring - DEBUG - [detection_service.py:37] - No YOLO detections
2025-04-15 09:41:56,341 - proctoring - INFO - [detection_service.py:42] - Total events detected: 2
2025-04-15 09:41:56,341 - proctoring - INFO - [log_service.py:12] - Attempting to store 2 logs for user 2
2025-04-15 09:41:56,341 - proctoring - DEBUG - [log_service.py:26] - Created log entry: {'time': '2025-04-15 09:41:56.228404', 'event': 'Face detected', 'event_type': 'face_detected'}
2025-04-15 09:41:56,341 - proctoring - DEBUG - [log_service.py:26] - Created log entry: {'time': '2025-04-15 09:41:56.233123', 'event': 'Mouth movement detected'}
2025-04-15 09:41:56,344 - proctoring - INFO - [log_service.py:40] - Successfully stored 2 logs
2025-04-15 09:41:56,346 - proctoring - DEBUG - [image_utils.py:43] - Decoded base64 data length: 18959
2025-04-15 09:41:56,346 - proctoring - INFO - [detection_service.py:16] - Processing new frame
2025-04-15 09:41:56,362 - proctoring - INFO - [detection_service.py:34] - Face detection found 1 events
2025-04-15 09:41:56,378 - proctoring - INFO - [detection_service.py:34] - Face Mesh detection found 1 events
2025-04-15 09:41:56,384 - proctoring - DEBUG - [detection_service.py:37] - No Hand detections
2025-04-15 09:41:56,459 - proctoring - DEBUG - [detection_service.py:37] - No YOLO detections
2025-04-15 09:41:56,459 - proctoring - INFO - [detection_service.py:42] - Total events detected: 2
2025-04-15 09:41:56,459 - proctoring - INFO - [log_service.py:12] - Attempting to store 2 logs for user 2
2025-04-15 09:41:56,460 - proctoring - DEBUG - [log_service.py:26] - Created log entry: {'time': '2025-04-15 09:41:56.347016', 'event': 'Face detected', 'event_type': 'face_detected'}
2025-04-15 09:41:56,460 - proctoring - DEBUG - [log_service.py:26] - Created log entry: {'time': '2025-04-15 09:41:56.354539', 'event': 'Mouth movement detected'}
2025-04-15 09:41:56,462 - proctoring - INFO - [log_service.py:40] - Successfully stored 2 logs
2025-04-15 09:41:56,463 - proctoring - DEBUG - [image_utils.py:43] - Decoded base64 data length: 18948
2025-04-15 09:41:56,464 - proctoring - INFO - [detection_service.py:16] - Processing new frame
2025-04-15 09:41:56,480 - proctoring - INFO - [detection_service.py:34] - Face detection found 1 events
2025-04-15 09:41:56,494 - proctoring - INFO - [detection_service.py:34] - Face Mesh detection found 1 events
2025-04-15 09:41:56,502 - proctoring - DEBUG - [detection_service.py:37] - No Hand detections
2025-04-15 09:41:56,578 - proctoring - DEBUG - [detection_service.py:37] - No YOLO detections
2025-04-15 09:41:56,578 - proctoring - INFO - [detection_service.py:42] - Total events detected: 2
2025-04-15 09:41:56,578 - proctoring - INFO - [log_service.py:12] - Attempting to store 2 logs for user 2
2025-04-15 09:41:56,578 - proctoring - DEBUG - [log_service.py:26] - Created log entry: {'time': '2025-04-15 09:41:56.464324', 'event': 'Face detected', 'event_type': 'face_detected'}
2025-04-15 09:41:56,578 - proctoring - DEBUG - [log_service.py:26] - Created log entry: {'time': '2025-04-15 09:41:56.470127', 'event': 'Mouth movement detected'}
2025-04-15 09:41:56,580 - proctoring - INFO - [log_service.py:40] - Successfully stored 2 logs
2025-04-15 09:41:56,583 - proctoring - DEBUG - [image_utils.py:43] - Decoded base64 data length: 19103
2025-04-15 09:41:56,583 - proctoring - INFO - [detection_service.py:16] - Processing new frame
2025-04-15 09:41:56,597 - proctoring - INFO - [detection_service.py:34] - Face detection found 1 events
2025-04-15 09:41:56,612 - proctoring - INFO - [detection_service.py:34] - Face Mesh detection found 1 events
2025-04-15 09:41:56,616 - proctoring - DEBUG - [detection_service.py:37] - No Hand detections
2025-04-15 09:41:56,693 - proctoring - DEBUG - [detection_service.py:37] - No YOLO detections
2025-04-15 09:41:56,693 - proctoring - INFO - [detection_service.py:42] - Total events detected: 2
2025-04-15 09:41:56,693 - proctoring - INFO - [log_service.py:12] - Attempting to store 2 logs for user 2
2025-04-15 09:41:56,693 - proctoring - DEBUG - [log_service.py:26] - Created log entry: {'time': '2025-04-15 09:41:56.583700', 'event': 'Face detected', 'event_type': 'face_detected'}
2025-04-15 09:41:56,693 - proctoring - DEBUG - [log_service.py:26] - Created log entry: {'time': '2025-04-15 09:41:56.588221', 'event': 'Mouth movement detected'}
2025-04-15 09:41:56,695 - proctoring - INFO - [log_service.py:40] - Successfully stored 2 logs
2025-04-15 09:41:56,697 - proctoring - DEBUG - [image_utils.py:43] - Decoded base64 data length: 19109
2025-04-15 09:41:56,697 - proctoring - INFO - [detection_service.py:16] - Processing new frame
2025-04-15 09:41:56,711 - proctoring - INFO - [detection_service.py:34] - Face detection found 1 events
2025-04-15 09:41:56,727 - proctoring - INFO - [detection_service.py:34] - Face Mesh detection found 1 events
2025-04-15 09:41:56,731 - proctoring - DEBUG - [detection_service.py:37] - No Hand detections
2025-04-15 09:41:56,813 - proctoring - DEBUG - [detection_service.py:37] - No YOLO detections
2025-04-15 09:41:56,813 - proctoring - INFO - [detection_service.py:42] - Total events detected: 2
2025-04-15 09:41:56,813 - proctoring - INFO - [log_service.py:12] - Attempting to store 2 logs for user 2
2025-04-15 09:41:56,813 - proctoring - DEBUG - [log_service.py:26] - Created log entry: {'time': '2025-04-15 09:41:56.697776', 'event': 'Face detected', 'event_type': 'face_detected'}
2025-04-15 09:41:56,813 - proctoring - DEBUG - [log_service.py:26] - Created log entry: {'time': '2025-04-15 09:41:56.703756', 'event': 'Mouth movement detected'}
2025-04-15 09:41:56,815 - proctoring - INFO - [log_service.py:40] - Successfully stored 2 logs
2025-04-15 09:41:56,817 - proctoring - DEBUG - [image_utils.py:43] - Decoded base64 data length: 19493
2025-04-15 09:41:56,817 - proctoring - INFO - [detection_service.py:16] - Processing new frame
2025-04-15 09:41:56,830 - proctoring - INFO - [detection_service.py:34] - Face detection found 1 events
2025-04-15 09:41:56,848 - proctoring - INFO - [detection_service.py:34] - Face Mesh detection found 1 events
2025-04-15 09:41:56,849 - proctoring - DEBUG - [detection_service.py:37] - No Hand detections
2025-04-15 09:41:56,925 - proctoring - DEBUG - [detection_service.py:37] - No YOLO detections
2025-04-15 09:41:56,925 - proctoring - INFO - [detection_service.py:42] - Total events detected: 2
2025-04-15 09:41:56,925 - proctoring - INFO - [log_service.py:12] - Attempting to store 2 logs for user 2
2025-04-15 09:41:56,925 - proctoring - DEBUG - [log_service.py:26] - Created log entry: {'time': '2025-04-15 09:41:56.817585', 'event': 'Face detected', 'event_type': 'face_detected'}
2025-04-15 09:41:56,925 - proctoring - DEBUG - [log_service.py:26] - Created log entry: {'time': '2025-04-15 09:41:56.823284', 'event': 'Mouth movement detected'}
2025-04-15 09:41:56,927 - proctoring - INFO - [log_service.py:40] - Successfully stored 2 logs
2025-04-15 09:41:56,929 - proctoring - DEBUG - [image_utils.py:43] - Decoded base64 data length: 19687
2025-04-15 09:41:56,930 - proctoring - INFO - [detection_service.py:16] - Processing new frame
2025-04-15 09:41:56,945 - proctoring - INFO - [detection_service.py:34] - Face detection found 1 events
2025-04-15 09:41:56,958 - proctoring - INFO - [detection_service.py:34] - Face Mesh detection found 1 events
2025-04-15 09:41:56,966 - proctoring - DEBUG - [detection_service.py:37] - No Hand detections
2025-04-15 09:41:57,048 - proctoring - DEBUG - [detection_service.py:37] - No YOLO detections
2025-04-15 09:41:57,048 - proctoring - INFO - [detection_service.py:42] - Total events detected: 2
2025-04-15 09:41:57,048 - proctoring - INFO - [log_service.py:12] - Attempting to store 2 logs for user 2
2025-04-15 09:41:57,048 - proctoring - DEBUG - [log_service.py:26] - Created log entry: {'time': '2025-04-15 09:41:56.930272', 'event': 'Face detected', 'event_type': 'face_detected'}
2025-04-15 09:41:57,048 - proctoring - DEBUG - [log_service.py:26] - Created log entry: {'time': '2025-04-15 09:41:56.936055', 'event': 'Mouth movement detected'}
2025-04-15 09:41:57,051 - proctoring - INFO - [log_service.py:40] - Successfully stored 2 logs
2025-04-15 09:41:57,053 - proctoring - DEBUG - [image_utils.py:43] - Decoded base64 data length: 20003
2025-04-15 09:41:57,053 - proctoring - INFO - [detection_service.py:16] - Processing new frame
2025-04-15 09:41:57,066 - proctoring - INFO - [detection_service.py:34] - Face detection found 1 events
2025-04-15 09:41:57,081 - proctoring - INFO - [detection_service.py:34] - Face Mesh detection found 1 events
2025-04-15 09:41:57,085 - proctoring - DEBUG - [detection_service.py:37] - No Hand detections
2025-04-15 09:41:57,167 - proctoring - DEBUG - [detection_service.py:37] - No YOLO detections
2025-04-15 09:41:57,167 - proctoring - INFO - [detection_service.py:42] - Total events detected: 2
2025-04-15 09:41:57,167 - proctoring - INFO - [log_service.py:12] - Attempting to store 2 logs for user 2
2025-04-15 09:41:57,168 - proctoring - DEBUG - [log_service.py:26] - Created log entry: {'time': '2025-04-15 09:41:57.053695', 'event': 'Face detected', 'event_type': 'face_detected'}
2025-04-15 09:41:57,168 - proctoring - DEBUG - [log_service.py:26] - Created log entry: {'time': '2025-04-15 09:41:57.057915', 'event': 'Mouth movement detected'}
2025-04-15 09:41:57,170 - proctoring - INFO - [log_service.py:40] - Successfully stored 2 logs
2025-04-15 09:41:57,171 - proctoring - DEBUG - [image_utils.py:43] - Decoded base64 data length: 20437
2025-04-15 09:41:57,172 - proctoring - INFO - [detection_service.py:16] - Processing new frame
2025-04-15 09:41:57,187 - proctoring - INFO - [detection_service.py:34] - Face detection found 1 events
2025-04-15 09:41:57,204 - proctoring - DEBUG - [detection_service.py:37] - No Hand detections
2025-04-15 09:41:57,205 - proctoring - INFO - [detection_service.py:34] - Face Mesh detection found 1 events
2025-04-15 09:41:57,296 - proctoring - DEBUG - [detection_service.py:37] - No YOLO detections
2025-04-15 09:41:57,296 - proctoring - INFO - [detection_service.py:42] - Total events detected: 2
2025-04-15 09:41:57,296 - proctoring - INFO - [log_service.py:12] - Attempting to store 2 logs for user 2
2025-04-15 09:41:57,297 - proctoring - DEBUG - [log_service.py:26] - Created log entry: {'time': '2025-04-15 09:41:57.172123', 'event': 'Face detected', 'event_type': 'face_detected'}
2025-04-15 09:41:57,297 - proctoring - DEBUG - [log_service.py:26] - Created log entry: {'time': '2025-04-15 09:41:57.177832', 'event': 'Mouth movement detected'}
2025-04-15 09:41:57,299 - proctoring - INFO - [log_service.py:40] - Successfully stored 2 logs
2025-04-15 09:41:57,300 - proctoring - DEBUG - [image_utils.py:43] - Decoded base64 data length: 21269
2025-04-15 09:41:57,301 - proctoring - INFO - [detection_service.py:16] - Processing new frame
2025-04-15 09:41:57,315 - proctoring - INFO - [detection_service.py:34] - Face detection found 1 events
2025-04-15 09:41:57,326 - proctoring - INFO - [detection_service.py:34] - Face Mesh detection found 1 events
2025-04-15 09:41:57,334 - proctoring - DEBUG - [detection_service.py:37] - No Hand detections
2025-04-15 09:41:57,425 - proctoring - DEBUG - [detection_service.py:37] - No YOLO detections
2025-04-15 09:41:57,425 - proctoring - INFO - [detection_service.py:42] - Total events detected: 2
2025-04-15 09:41:57,425 - proctoring - INFO - [log_service.py:12] - Attempting to store 2 logs for user 2
2025-04-15 09:41:57,425 - proctoring - DEBUG - [log_service.py:26] - Created log entry: {'time': '2025-04-15 09:41:57.301447', 'event': 'Face detected', 'event_type': 'face_detected'}
2025-04-15 09:41:57,425 - proctoring - DEBUG - [log_service.py:26] - Created log entry: {'time': '2025-04-15 09:41:57.306191', 'event': 'Mouth movement detected'}
2025-04-15 09:41:57,427 - proctoring - INFO - [log_service.py:40] - Successfully stored 2 logs
2025-04-15 09:41:57,429 - proctoring - DEBUG - [image_utils.py:43] - Decoded base64 data length: 21746
2025-04-15 09:41:57,429 - proctoring - INFO - [detection_service.py:16] - Processing new frame
2025-04-15 09:41:57,440 - proctoring - INFO - [detection_service.py:34] - Face detection found 1 events
2025-04-15 09:41:57,456 - proctoring - INFO - [detection_service.py:34] - Face Mesh detection found 1 events
2025-04-15 09:41:57,461 - proctoring - DEBUG - [detection_service.py:37] - No Hand detections
2025-04-15 09:41:57,531 - proctoring - DEBUG - [detection_service.py:37] - No YOLO detections
2025-04-15 09:41:57,531 - proctoring - INFO - [detection_service.py:42] - Total events detected: 2
2025-04-15 09:41:57,532 - proctoring - INFO - [log_service.py:12] - Attempting to store 2 logs for user 2
2025-04-15 09:41:57,532 - proctoring - DEBUG - [log_service.py:26] - Created log entry: {'time': '2025-04-15 09:41:57.429629', 'event': 'Face detected', 'event_type': 'face_detected'}
2025-04-15 09:41:57,532 - proctoring - DEBUG - [log_service.py:26] - Created log entry: {'time': '2025-04-15 09:41:57.433813', 'event': 'Mouth movement detected'}
2025-04-15 09:41:57,534 - proctoring - INFO - [log_service.py:40] - Successfully stored 2 logs
2025-04-15 09:41:57,535 - proctoring - DEBUG - [image_utils.py:43] - Decoded base64 data length: 22032
2025-04-15 09:41:57,536 - proctoring - INFO - [detection_service.py:16] - Processing new frame
2025-04-15 09:41:57,549 - proctoring - INFO - [detection_service.py:34] - Face detection found 1 events
2025-04-15 09:41:57,564 - proctoring - INFO - [detection_service.py:34] - Face Mesh detection found 1 events
2025-04-15 09:41:57,569 - proctoring - DEBUG - [detection_service.py:37] - No Hand detections
2025-04-15 09:41:57,641 - proctoring - DEBUG - [detection_service.py:37] - No YOLO detections
2025-04-15 09:41:57,641 - proctoring - INFO - [detection_service.py:42] - Total events detected: 2
2025-04-15 09:41:57,641 - proctoring - INFO - [log_service.py:12] - Attempting to store 2 logs for user 2
2025-04-15 09:41:57,641 - proctoring - DEBUG - [log_service.py:26] - Created log entry: {'time': '2025-04-15 09:41:57.536199', 'event': 'Face detected', 'event_type': 'face_detected'}
2025-04-15 09:41:57,641 - proctoring - DEBUG - [log_service.py:26] - Created log entry: {'time': '2025-04-15 09:41:57.540708', 'event': 'Mouth movement detected'}
2025-04-15 09:41:57,643 - proctoring - INFO - [log_service.py:40] - Successfully stored 2 logs
2025-04-15 09:41:57,644 - proctoring - DEBUG - [image_utils.py:43] - Decoded base64 data length: 22051
2025-04-15 09:41:57,645 - proctoring - INFO - [detection_service.py:16] - Processing new frame
2025-04-15 09:41:57,659 - proctoring - INFO - [detection_service.py:34] - Face detection found 1 events
2025-04-15 09:41:57,676 - proctoring - INFO - [detection_service.py:34] - Face Mesh detection found 1 events
2025-04-15 09:41:57,682 - proctoring - DEBUG - [detection_service.py:37] - No Hand detections
2025-04-15 09:41:57,766 - proctoring - DEBUG - [detection_service.py:37] - No YOLO detections
2025-04-15 09:41:57,766 - proctoring - INFO - [detection_service.py:42] - Total events detected: 2
2025-04-15 09:41:57,766 - proctoring - INFO - [log_service.py:12] - Attempting to store 2 logs for user 2
2025-04-15 09:41:57,766 - proctoring - DEBUG - [log_service.py:26] - Created log entry: {'time': '2025-04-15 09:41:57.645491', 'event': 'Face detected', 'event_type': 'face_detected'}
2025-04-15 09:41:57,766 - proctoring - DEBUG - [log_service.py:26] - Created log entry: {'time': '2025-04-15 09:41:57.649763', 'event': 'Mouth movement detected'}
2025-04-15 09:41:57,768 - proctoring - INFO - [log_service.py:40] - Successfully stored 2 logs
2025-04-15 09:41:57,769 - proctoring - DEBUG - [image_utils.py:43] - Decoded base64 data length: 22411
2025-04-15 09:41:57,770 - proctoring - INFO - [detection_service.py:16] - Processing new frame
2025-04-15 09:41:57,788 - proctoring - INFO - [detection_service.py:34] - Face detection found 1 events
2025-04-15 09:41:57,804 - proctoring - DEBUG - [detection_service.py:37] - No Face Mesh detections
2025-04-15 09:41:57,812 - proctoring - DEBUG - [detection_service.py:37] - No Hand detections
2025-04-15 09:41:57,896 - proctoring - DEBUG - [detection_service.py:37] - No YOLO detections
2025-04-15 09:41:57,896 - proctoring - INFO - [detection_service.py:42] - Total events detected: 1
2025-04-15 09:41:57,896 - proctoring - INFO - [log_service.py:12] - Attempting to store 1 logs for user 2
2025-04-15 09:41:57,896 - proctoring - DEBUG - [log_service.py:26] - Created log entry: {'time': '2025-04-15 09:41:57.770679', 'event': 'Face detected', 'event_type': 'face_detected'}
2025-04-15 09:41:57,898 - proctoring - INFO - [log_service.py:40] - Successfully stored 1 logs
2025-04-15 09:41:57,899 - proctoring - DEBUG - [image_utils.py:43] - Decoded base64 data length: 22747
2025-04-15 09:41:57,900 - proctoring - INFO - [detection_service.py:16] - Processing new frame
2025-04-15 09:41:57,914 - proctoring - INFO - [detection_service.py:34] - Face detection found 1 events
2025-04-15 09:41:57,931 - proctoring - DEBUG - [detection_service.py:37] - No Face Mesh detections
2025-04-15 09:41:57,935 - proctoring - DEBUG - [detection_service.py:37] - No Hand detections
2025-04-15 09:41:58,014 - proctoring - DEBUG - [detection_service.py:37] - No YOLO detections
2025-04-15 09:41:58,014 - proctoring - INFO - [detection_service.py:42] - Total events detected: 1
2025-04-15 09:41:58,014 - proctoring - INFO - [log_service.py:12] - Attempting to store 1 logs for user 2
2025-04-15 09:41:58,014 - proctoring - DEBUG - [log_service.py:26] - Created log entry: {'time': '2025-04-15 09:41:57.900213', 'event': 'Face detected', 'event_type': 'face_detected'}
2025-04-15 09:41:58,016 - proctoring - INFO - [log_service.py:40] - Successfully stored 1 logs
2025-04-15 09:41:58,017 - proctoring - DEBUG - [image_utils.py:43] - Decoded base64 data length: 22935
2025-04-15 09:41:58,017 - proctoring - INFO - [detection_service.py:16] - Processing new frame
2025-04-15 09:41:58,032 - proctoring - INFO - [detection_service.py:34] - Face detection found 1 events
2025-04-15 09:41:58,046 - proctoring - DEBUG - [detection_service.py:37] - No Face Mesh detections
2025-04-15 09:41:58,050 - proctoring - DEBUG - [detection_service.py:37] - No Hand detections
2025-04-15 09:41:58,159 - proctoring - DEBUG - [detection_service.py:37] - No YOLO detections
2025-04-15 09:41:58,160 - proctoring - INFO - [detection_service.py:42] - Total events detected: 1
2025-04-15 09:41:58,160 - proctoring - INFO - [log_service.py:12] - Attempting to store 1 logs for user 2
2025-04-15 09:41:58,160 - proctoring - DEBUG - [log_service.py:26] - Created log entry: {'time': '2025-04-15 09:41:58.017932', 'event': 'Face detected', 'event_type': 'face_detected'}
2025-04-15 09:41:58,163 - proctoring - INFO - [log_service.py:40] - Successfully stored 1 logs
2025-04-15 09:41:58,165 - proctoring - DEBUG - [image_utils.py:43] - Decoded base64 data length: 22819
2025-04-15 09:41:58,166 - proctoring - INFO - [detection_service.py:16] - Processing new frame
2025-04-15 09:41:58,180 - proctoring - INFO - [detection_service.py:34] - Face detection found 1 events
2025-04-15 09:41:58,207 - proctoring - DEBUG - [detection_service.py:37] - No Face Mesh detections
2025-04-15 09:41:58,212 - proctoring - DEBUG - [detection_service.py:37] - No Hand detections
2025-04-15 09:41:58,293 - proctoring - INFO - [detection_service.py:34] - YOLO detection found 1 events
2025-04-15 09:41:58,293 - proctoring - INFO - [detection_service.py:42] - Total events detected: 2
2025-04-15 09:41:58,293 - proctoring - INFO - [log_service.py:12] - Attempting to store 2 logs for user 2
2025-04-15 09:41:58,293 - proctoring - DEBUG - [log_service.py:26] - Created log entry: {'time': '2025-04-15 09:41:58.166948', 'event': 'Face detected', 'event_type': 'face_detected'}
2025-04-15 09:41:58,293 - proctoring - DEBUG - [log_service.py:26] - Created log entry: {'time': '2025-04-15 09:41:58.179722', 'event': 'Multiple people detected', 'event_type': 'multiple_people', 'details': ''}
2025-04-15 09:41:58,295 - proctoring - INFO - [log_service.py:40] - Successfully stored 2 logs
2025-04-15 09:41:58,297 - proctoring - DEBUG - [image_utils.py:43] - Decoded base64 data length: 22705
2025-04-15 09:41:58,297 - proctoring - INFO - [detection_service.py:16] - Processing new frame
2025-04-15 09:41:58,312 - proctoring - INFO - [detection_service.py:34] - Face detection found 1 events
2025-04-15 09:41:58,331 - proctoring - INFO - [detection_service.py:34] - Face Mesh detection found 1 events
2025-04-15 09:41:58,337 - proctoring - DEBUG - [detection_service.py:37] - No Hand detections
2025-04-15 09:41:58,417 - proctoring - INFO - [detection_service.py:34] - YOLO detection found 1 events
2025-04-15 09:41:58,417 - proctoring - INFO - [detection_service.py:42] - Total events detected: 3
2025-04-15 09:41:58,417 - proctoring - INFO - [log_service.py:12] - Attempting to store 3 logs for user 2
2025-04-15 09:41:58,417 - proctoring - DEBUG - [log_service.py:26] - Created log entry: {'time': '2025-04-15 09:41:58.297983', 'event': 'Face detected', 'event_type': 'face_detected'}
2025-04-15 09:41:58,417 - proctoring - DEBUG - [log_service.py:26] - Created log entry: {'time': '2025-04-15 09:41:58.304075', 'event': 'Mouth movement detected'}
2025-04-15 09:41:58,417 - proctoring - DEBUG - [log_service.py:26] - Created log entry: {'time': '2025-04-15 09:41:58.311138', 'event': 'Multiple people detected', 'event_type': 'multiple_people', 'details': ''}
2025-04-15 09:41:58,420 - proctoring - INFO - [log_service.py:40] - Successfully stored 3 logs
2025-04-15 09:41:58,423 - proctoring - DEBUG - [image_utils.py:43] - Decoded base64 data length: 22522
2025-04-15 09:41:58,423 - proctoring - INFO - [detection_service.py:16] - Processing new frame
2025-04-15 09:41:58,440 - proctoring - INFO - [detection_service.py:34] - Face detection found 1 events
2025-04-15 09:41:58,452 - proctoring - DEBUG - [detection_service.py:37] - No Hand detections
2025-04-15 09:41:58,458 - proctoring - DEBUG - [detection_service.py:37] - No Face Mesh detections
2025-04-15 09:41:58,531 - proctoring - INFO - [detection_service.py:34] - YOLO detection found 1 events
2025-04-15 09:41:58,531 - proctoring - INFO - [detection_service.py:42] - Total events detected: 2
2025-04-15 09:41:58,531 - proctoring - INFO - [log_service.py:12] - Attempting to store 2 logs for user 2
2025-04-15 09:41:58,531 - proctoring - DEBUG - [log_service.py:26] - Created log entry: {'time': '2025-04-15 09:41:58.423669', 'event': 'Face detected', 'event_type': 'face_detected'}
2025-04-15 09:41:58,531 - proctoring - DEBUG - [log_service.py:26] - Created log entry: {'time': '2025-04-15 09:41:58.439877', 'event': 'Multiple people detected', 'event_type': 'multiple_people', 'details': ''}
2025-04-15 09:41:58,533 - proctoring - INFO - [log_service.py:40] - Successfully stored 2 logs
2025-04-15 09:41:58,535 - proctoring - DEBUG - [image_utils.py:43] - Decoded base64 data length: 22462
2025-04-15 09:41:58,535 - proctoring - INFO - [detection_service.py:16] - Processing new frame
2025-04-15 09:41:58,549 - proctoring - INFO - [detection_service.py:34] - Face detection found 1 events
2025-04-15 09:41:58,566 - proctoring - DEBUG - [detection_service.py:37] - No Face Mesh detections
2025-04-15 09:41:58,571 - proctoring - DEBUG - [detection_service.py:37] - No Hand detections
2025-04-15 09:41:58,654 - proctoring - DEBUG - [detection_service.py:37] - No YOLO detections
2025-04-15 09:41:58,654 - proctoring - INFO - [detection_service.py:42] - Total events detected: 1
2025-04-15 09:41:58,654 - proctoring - INFO - [log_service.py:12] - Attempting to store 1 logs for user 2
2025-04-15 09:41:58,654 - proctoring - DEBUG - [log_service.py:26] - Created log entry: {'time': '2025-04-15 09:41:58.535673', 'event': 'Face detected', 'event_type': 'face_detected'}
2025-04-15 09:41:58,655 - proctoring - INFO - [log_service.py:40] - Successfully stored 1 logs
2025-04-15 09:41:58,657 - proctoring - DEBUG - [image_utils.py:43] - Decoded base64 data length: 22312
2025-04-15 09:41:58,657 - proctoring - INFO - [detection_service.py:16] - Processing new frame
2025-04-15 09:41:58,674 - proctoring - INFO - [detection_service.py:34] - Face detection found 1 events
2025-04-15 09:41:58,693 - proctoring - INFO - [detection_service.py:34] - Face Mesh detection found 1 events
2025-04-15 09:41:58,699 - proctoring - DEBUG - [detection_service.py:37] - No Hand detections
2025-04-15 09:41:58,773 - proctoring - DEBUG - [detection_service.py:37] - No YOLO detections
2025-04-15 09:41:58,773 - proctoring - INFO - [detection_service.py:42] - Total events detected: 2
2025-04-15 09:41:58,773 - proctoring - INFO - [log_service.py:12] - Attempting to store 2 logs for user 2
2025-04-15 09:41:58,773 - proctoring - DEBUG - [log_service.py:26] - Created log entry: {'time': '2025-04-15 09:41:58.658037', 'event': 'Face detected', 'event_type': 'face_detected'}
2025-04-15 09:41:58,773 - proctoring - DEBUG - [log_service.py:26] - Created log entry: {'time': '2025-04-15 09:41:58.663451', 'event': 'Mouth movement detected'}
2025-04-15 09:41:58,775 - proctoring - INFO - [log_service.py:40] - Successfully stored 2 logs
2025-04-15 09:41:58,777 - proctoring - DEBUG - [image_utils.py:43] - Decoded base64 data length: 22424
2025-04-15 09:41:58,777 - proctoring - INFO - [detection_service.py:16] - Processing new frame
2025-04-15 09:41:58,791 - proctoring - INFO - [detection_service.py:34] - Face detection found 1 events
2025-04-15 09:41:58,807 - proctoring - INFO - [detection_service.py:34] - Face Mesh detection found 1 events
2025-04-15 09:41:58,813 - proctoring - DEBUG - [detection_service.py:37] - No Hand detections
2025-04-15 09:41:58,894 - proctoring - DEBUG - [detection_service.py:37] - No YOLO detections
2025-04-15 09:41:58,894 - proctoring - INFO - [detection_service.py:42] - Total events detected: 2
2025-04-15 09:41:58,894 - proctoring - INFO - [log_service.py:12] - Attempting to store 2 logs for user 2
2025-04-15 09:41:58,894 - proctoring - DEBUG - [log_service.py:26] - Created log entry: {'time': '2025-04-15 09:41:58.777983', 'event': 'Face detected', 'event_type': 'face_detected'}
2025-04-15 09:41:58,894 - proctoring - DEBUG - [log_service.py:26] - Created log entry: {'time': '2025-04-15 09:41:58.783565', 'event': 'Mouth movement detected'}
2025-04-15 09:41:58,896 - proctoring - INFO - [log_service.py:40] - Successfully stored 2 logs
2025-04-15 09:41:58,898 - proctoring - DEBUG - [image_utils.py:43] - Decoded base64 data length: 22475
2025-04-15 09:41:58,898 - proctoring - INFO - [detection_service.py:16] - Processing new frame
2025-04-15 09:41:58,912 - proctoring - INFO - [detection_service.py:34] - Face detection found 1 events
2025-04-15 09:41:58,935 - proctoring - INFO - [detection_service.py:34] - Face Mesh detection found 1 events
2025-04-15 09:41:58,935 - proctoring - DEBUG - [detection_service.py:37] - No Hand detections
2025-04-15 09:41:59,019 - proctoring - DEBUG - [detection_service.py:37] - No YOLO detections
2025-04-15 09:41:59,019 - proctoring - INFO - [detection_service.py:42] - Total events detected: 2
2025-04-15 09:41:59,019 - proctoring - INFO - [log_service.py:12] - Attempting to store 2 logs for user 2
2025-04-15 09:41:59,019 - proctoring - DEBUG - [log_service.py:26] - Created log entry: {'time': '2025-04-15 09:41:58.898609', 'event': 'Face detected', 'event_type': 'face_detected'}
2025-04-15 09:41:59,019 - proctoring - DEBUG - [log_service.py:26] - Created log entry: {'time': '2025-04-15 09:41:58.904189', 'event': 'Mouth movement detected'}
2025-04-15 09:41:59,021 - proctoring - INFO - [log_service.py:40] - Successfully stored 2 logs
2025-04-15 09:41:59,024 - proctoring - DEBUG - [image_utils.py:43] - Decoded base64 data length: 22312
2025-04-15 09:41:59,025 - proctoring - INFO - [detection_service.py:16] - Processing new frame
2025-04-15 09:41:59,038 - proctoring - INFO - [detection_service.py:34] - Face detection found 1 events
2025-04-15 09:41:59,055 - proctoring - DEBUG - [detection_service.py:37] - No Hand detections
2025-04-15 09:41:59,058 - proctoring - INFO - [detection_service.py:34] - Face Mesh detection found 1 events
2025-04-15 09:41:59,137 - proctoring - DEBUG - [detection_service.py:37] - No YOLO detections
2025-04-15 09:41:59,137 - proctoring - INFO - [detection_service.py:42] - Total events detected: 2
2025-04-15 09:41:59,137 - proctoring - INFO - [log_service.py:12] - Attempting to store 2 logs for user 2
2025-04-15 09:41:59,138 - proctoring - DEBUG - [log_service.py:26] - Created log entry: {'time': '2025-04-15 09:41:59.025098', 'event': 'Face detected', 'event_type': 'face_detected'}
2025-04-15 09:41:59,138 - proctoring - DEBUG - [log_service.py:26] - Created log entry: {'time': '2025-04-15 09:41:59.029772', 'event': 'Mouth movement detected'}
2025-04-15 09:41:59,139 - proctoring - INFO - [log_service.py:40] - Successfully stored 2 logs
2025-04-15 09:41:59,141 - proctoring - DEBUG - [image_utils.py:43] - Decoded base64 data length: 21999
2025-04-15 09:41:59,141 - proctoring - INFO - [detection_service.py:16] - Processing new frame
2025-04-15 09:41:59,157 - proctoring - INFO - [detection_service.py:34] - Face detection found 1 events
2025-04-15 09:41:59,171 - proctoring - DEBUG - [detection_service.py:37] - No Hand detections
2025-04-15 09:41:59,178 - proctoring - INFO - [detection_service.py:34] - Face Mesh detection found 1 events
2025-04-15 09:41:59,258 - proctoring - DEBUG - [detection_service.py:37] - No YOLO detections
2025-04-15 09:41:59,258 - proctoring - INFO - [detection_service.py:42] - Total events detected: 2
2025-04-15 09:41:59,258 - proctoring - INFO - [log_service.py:12] - Attempting to store 2 logs for user 2
2025-04-15 09:41:59,259 - proctoring - DEBUG - [log_service.py:26] - Created log entry: {'time': '2025-04-15 09:41:59.141874', 'event': 'Face detected', 'event_type': 'face_detected'}
2025-04-15 09:41:59,259 - proctoring - DEBUG - [log_service.py:26] - Created log entry: {'time': '2025-04-15 09:41:59.146392', 'event': 'Mouth movement detected'}
2025-04-15 09:41:59,261 - proctoring - INFO - [log_service.py:40] - Successfully stored 2 logs
2025-04-15 09:41:59,262 - proctoring - DEBUG - [image_utils.py:43] - Decoded base64 data length: 21622
2025-04-15 09:41:59,263 - proctoring - INFO - [detection_service.py:16] - Processing new frame
2025-04-15 09:41:59,279 - proctoring - INFO - [detection_service.py:34] - Face detection found 1 events
2025-04-15 09:41:59,295 - proctoring - INFO - [detection_service.py:34] - Face Mesh detection found 1 events
2025-04-15 09:41:59,300 - proctoring - DEBUG - [detection_service.py:37] - No Hand detections
2025-04-15 09:41:59,376 - proctoring - DEBUG - [detection_service.py:37] - No YOLO detections
2025-04-15 09:41:59,376 - proctoring - INFO - [detection_service.py:42] - Total events detected: 2
2025-04-15 09:41:59,376 - proctoring - INFO - [log_service.py:12] - Attempting to store 2 logs for user 2
2025-04-15 09:41:59,376 - proctoring - DEBUG - [log_service.py:26] - Created log entry: {'time': '2025-04-15 09:41:59.263329', 'event': 'Face detected', 'event_type': 'face_detected'}
2025-04-15 09:41:59,376 - proctoring - DEBUG - [log_service.py:26] - Created log entry: {'time': '2025-04-15 09:41:59.269528', 'event': 'Mouth movement detected'}
2025-04-15 09:41:59,378 - proctoring - INFO - [log_service.py:40] - Successfully stored 2 logs
2025-04-15 09:41:59,379 - proctoring - DEBUG - [image_utils.py:43] - Decoded base64 data length: 21337
2025-04-15 09:41:59,380 - proctoring - INFO - [detection_service.py:16] - Processing new frame
2025-04-15 09:41:59,396 - proctoring - INFO - [detection_service.py:34] - Face detection found 1 events
2025-04-15 09:41:59,413 - proctoring - DEBUG - [detection_service.py:37] - No Hand detections
2025-04-15 09:41:59,416 - proctoring - INFO - [detection_service.py:34] - Face Mesh detection found 1 events
2025-04-15 09:41:59,509 - proctoring - DEBUG - [detection_service.py:37] - No YOLO detections
2025-04-15 09:41:59,509 - proctoring - INFO - [detection_service.py:42] - Total events detected: 2
2025-04-15 09:41:59,509 - proctoring - INFO - [log_service.py:12] - Attempting to store 2 logs for user 2
2025-04-15 09:41:59,509 - proctoring - DEBUG - [log_service.py:26] - Created log entry: {'time': '2025-04-15 09:41:59.380555', 'event': 'Face detected', 'event_type': 'face_detected'}
2025-04-15 09:41:59,509 - proctoring - DEBUG - [log_service.py:26] - Created log entry: {'time': '2025-04-15 09:41:59.387528', 'event': 'Mouth movement detected'}
2025-04-15 09:41:59,511 - proctoring - INFO - [log_service.py:40] - Successfully stored 2 logs
2025-04-15 09:41:59,512 - proctoring - DEBUG - [image_utils.py:43] - Decoded base64 data length: 21095
2025-04-15 09:41:59,513 - proctoring - INFO - [detection_service.py:16] - Processing new frame
2025-04-15 09:41:59,525 - proctoring - INFO - [detection_service.py:34] - Face detection found 1 events
2025-04-15 09:41:59,540 - proctoring - INFO - [detection_service.py:34] - Face Mesh detection found 1 events
2025-04-15 09:41:59,549 - proctoring - DEBUG - [detection_service.py:37] - No Hand detections
2025-04-15 09:41:59,621 - proctoring - DEBUG - [detection_service.py:37] - No YOLO detections
2025-04-15 09:41:59,621 - proctoring - INFO - [detection_service.py:42] - Total events detected: 2
2025-04-15 09:41:59,621 - proctoring - INFO - [log_service.py:12] - Attempting to store 2 logs for user 2
2025-04-15 09:41:59,621 - proctoring - DEBUG - [log_service.py:26] - Created log entry: {'time': '2025-04-15 09:41:59.513414', 'event': 'Face detected', 'event_type': 'face_detected'}
2025-04-15 09:41:59,621 - proctoring - DEBUG - [log_service.py:26] - Created log entry: {'time': '2025-04-15 09:41:59.519388', 'event': 'Mouth movement detected'}
2025-04-15 09:41:59,623 - proctoring - INFO - [log_service.py:40] - Successfully stored 2 logs
2025-04-15 09:41:59,624 - proctoring - DEBUG - [image_utils.py:43] - Decoded base64 data length: 20850
2025-04-15 09:41:59,625 - proctoring - INFO - [detection_service.py:16] - Processing new frame
2025-04-15 09:41:59,643 - proctoring - INFO - [detection_service.py:34] - Face detection found 1 events
2025-04-15 09:41:59,658 - proctoring - INFO - [detection_service.py:34] - Face Mesh detection found 1 events
2025-04-15 09:41:59,664 - proctoring - DEBUG - [detection_service.py:37] - No Hand detections
2025-04-15 09:41:59,738 - proctoring - DEBUG - [detection_service.py:37] - No YOLO detections
2025-04-15 09:41:59,738 - proctoring - INFO - [detection_service.py:42] - Total events detected: 2
2025-04-15 09:41:59,738 - proctoring - INFO - [log_service.py:12] - Attempting to store 2 logs for user 2
2025-04-15 09:41:59,738 - proctoring - DEBUG - [log_service.py:26] - Created log entry: {'time': '2025-04-15 09:41:59.625828', 'event': 'Face detected', 'event_type': 'face_detected'}
2025-04-15 09:41:59,738 - proctoring - DEBUG - [log_service.py:26] - Created log entry: {'time': '2025-04-15 09:41:59.631352', 'event': 'Mouth movement detected'}
2025-04-15 09:41:59,740 - proctoring - INFO - [log_service.py:40] - Successfully stored 2 logs
2025-04-15 09:41:59,742 - proctoring - DEBUG - [image_utils.py:43] - Decoded base64 data length: 20392
2025-04-15 09:41:59,742 - proctoring - INFO - [detection_service.py:16] - Processing new frame
2025-04-15 09:41:59,758 - proctoring - INFO - [detection_service.py:34] - Face detection found 1 events
2025-04-15 09:41:59,773 - proctoring - INFO - [detection_service.py:34] - Face Mesh detection found 1 events
2025-04-15 09:41:59,779 - proctoring - DEBUG - [detection_service.py:37] - No Hand detections
2025-04-15 09:41:59,862 - proctoring - DEBUG - [detection_service.py:37] - No YOLO detections
2025-04-15 09:41:59,862 - proctoring - INFO - [detection_service.py:42] - Total events detected: 2
2025-04-15 09:41:59,862 - proctoring - INFO - [log_service.py:12] - Attempting to store 2 logs for user 2
2025-04-15 09:41:59,862 - proctoring - DEBUG - [log_service.py:26] - Created log entry: {'time': '2025-04-15 09:41:59.742885', 'event': 'Face detected', 'event_type': 'face_detected'}
2025-04-15 09:41:59,862 - proctoring - DEBUG - [log_service.py:26] - Created log entry: {'time': '2025-04-15 09:41:59.748408', 'event': 'Mouth movement detected'}
2025-04-15 09:41:59,867 - proctoring - INFO - [log_service.py:40] - Successfully stored 2 logs
2025-04-15 09:41:59,869 - proctoring - DEBUG - [image_utils.py:43] - Decoded base64 data length: 20107
2025-04-15 09:41:59,869 - proctoring - INFO - [detection_service.py:16] - Processing new frame
2025-04-15 09:41:59,882 - proctoring - INFO - [detection_service.py:34] - Face detection found 1 events
2025-04-15 09:41:59,900 - proctoring - INFO - [detection_service.py:34] - Face Mesh detection found 1 events
2025-04-15 09:41:59,906 - proctoring - DEBUG - [detection_service.py:37] - No Hand detections
2025-04-15 09:41:59,993 - proctoring - DEBUG - [detection_service.py:37] - No YOLO detections
2025-04-15 09:41:59,993 - proctoring - INFO - [detection_service.py:42] - Total events detected: 2
2025-04-15 09:41:59,993 - proctoring - INFO - [log_service.py:12] - Attempting to store 2 logs for user 2
2025-04-15 09:41:59,994 - proctoring - DEBUG - [log_service.py:26] - Created log entry: {'time': '2025-04-15 09:41:59.869738', 'event': 'Face detected', 'event_type': 'face_detected'}
2025-04-15 09:41:59,994 - proctoring - DEBUG - [log_service.py:26] - Created log entry: {'time': '2025-04-15 09:41:59.874046', 'event': 'Mouth movement detected'}
2025-04-15 09:41:59,995 - proctoring - INFO - [log_service.py:40] - Successfully stored 2 logs
2025-04-15 09:41:59,997 - proctoring - DEBUG - [image_utils.py:43] - Decoded base64 data length: 19849
2025-04-15 09:41:59,997 - proctoring - INFO - [detection_service.py:16] - Processing new frame
2025-04-15 09:42:00,012 - proctoring - INFO - [detection_service.py:34] - Face detection found 1 events
2025-04-15 09:42:00,033 - proctoring - INFO - [detection_service.py:34] - Face Mesh detection found 1 events
2025-04-15 09:42:00,039 - proctoring - DEBUG - [detection_service.py:37] - No Hand detections
2025-04-15 09:42:00,120 - proctoring - DEBUG - [detection_service.py:37] - No YOLO detections
2025-04-15 09:42:00,120 - proctoring - INFO - [detection_service.py:42] - Total events detected: 2
2025-04-15 09:42:00,120 - proctoring - INFO - [log_service.py:12] - Attempting to store 2 logs for user 2
2025-04-15 09:42:00,121 - proctoring - DEBUG - [log_service.py:26] - Created log entry: {'time': '2025-04-15 09:41:59.997936', 'event': 'Face detected', 'event_type': 'face_detected'}
2025-04-15 09:42:00,121 - proctoring - DEBUG - [log_service.py:26] - Created log entry: {'time': '2025-04-15 09:42:00.006204', 'event': 'Mouth movement detected'}
2025-04-15 09:42:00,125 - proctoring - INFO - [log_service.py:40] - Successfully stored 2 logs
2025-04-15 09:42:00,127 - proctoring - DEBUG - [image_utils.py:43] - Decoded base64 data length: 19888
2025-04-15 09:42:00,128 - proctoring - INFO - [detection_service.py:16] - Processing new frame
2025-04-15 09:42:00,142 - proctoring - INFO - [detection_service.py:34] - Face detection found 1 events
2025-04-15 09:42:00,161 - proctoring - INFO - [detection_service.py:34] - Face Mesh detection found 1 events
2025-04-15 09:42:00,165 - proctoring - DEBUG - [detection_service.py:37] - No Hand detections
2025-04-15 09:42:00,239 - proctoring - DEBUG - [detection_service.py:37] - No YOLO detections
2025-04-15 09:42:00,239 - proctoring - INFO - [detection_service.py:42] - Total events detected: 2
2025-04-15 09:42:00,239 - proctoring - INFO - [log_service.py:12] - Attempting to store 2 logs for user 2
2025-04-15 09:42:00,239 - proctoring - DEBUG - [log_service.py:26] - Created log entry: {'time': '2025-04-15 09:42:00.128574', 'event': 'Face detected', 'event_type': 'face_detected'}
2025-04-15 09:42:00,240 - proctoring - DEBUG - [log_service.py:26] - Created log entry: {'time': '2025-04-15 09:42:00.133477', 'event': 'Mouth movement detected'}
2025-04-15 09:42:00,242 - proctoring - INFO - [log_service.py:40] - Successfully stored 2 logs
2025-04-15 09:42:00,243 - proctoring - DEBUG - [image_utils.py:43] - Decoded base64 data length: 19698
2025-04-15 09:42:00,244 - proctoring - INFO - [detection_service.py:16] - Processing new frame
2025-04-15 09:42:00,257 - proctoring - INFO - [detection_service.py:34] - Face detection found 1 events
2025-04-15 09:42:00,276 - proctoring - INFO - [detection_service.py:34] - Face Mesh detection found 1 events
2025-04-15 09:42:00,282 - proctoring - DEBUG - [detection_service.py:37] - No Hand detections
2025-04-15 09:42:00,361 - proctoring - DEBUG - [detection_service.py:37] - No YOLO detections
2025-04-15 09:42:00,361 - proctoring - INFO - [detection_service.py:42] - Total events detected: 2
2025-04-15 09:42:00,361 - proctoring - INFO - [log_service.py:12] - Attempting to store 2 logs for user 2
2025-04-15 09:42:00,361 - proctoring - DEBUG - [log_service.py:26] - Created log entry: {'time': '2025-04-15 09:42:00.244406', 'event': 'Face detected', 'event_type': 'face_detected'}
2025-04-15 09:42:00,361 - proctoring - DEBUG - [log_service.py:26] - Created log entry: {'time': '2025-04-15 09:42:00.249206', 'event': 'Mouth movement detected'}
2025-04-15 09:42:00,363 - proctoring - INFO - [log_service.py:40] - Successfully stored 2 logs
2025-04-15 09:42:00,365 - proctoring - DEBUG - [image_utils.py:43] - Decoded base64 data length: 19668
2025-04-15 09:42:00,365 - proctoring - INFO - [detection_service.py:16] - Processing new frame
2025-04-15 09:42:00,380 - proctoring - INFO - [detection_service.py:34] - Face detection found 1 events
2025-04-15 09:42:00,399 - proctoring - INFO - [detection_service.py:34] - Face Mesh detection found 1 events
2025-04-15 09:42:00,404 - proctoring - DEBUG - [detection_service.py:37] - No Hand detections
2025-04-15 09:42:00,482 - proctoring - DEBUG - [detection_service.py:37] - No YOLO detections
2025-04-15 09:42:00,482 - proctoring - INFO - [detection_service.py:42] - Total events detected: 2
2025-04-15 09:42:00,483 - proctoring - INFO - [log_service.py:12] - Attempting to store 2 logs for user 2
2025-04-15 09:42:00,483 - proctoring - DEBUG - [log_service.py:26] - Created log entry: {'time': '2025-04-15 09:42:00.365768', 'event': 'Face detected', 'event_type': 'face_detected'}
2025-04-15 09:42:00,483 - proctoring - DEBUG - [log_service.py:26] - Created log entry: {'time': '2025-04-15 09:42:00.371314', 'event': 'Mouth movement detected'}
2025-04-15 09:42:00,485 - proctoring - INFO - [log_service.py:40] - Successfully stored 2 logs
2025-04-15 09:42:00,486 - proctoring - DEBUG - [image_utils.py:43] - Decoded base64 data length: 19602
2025-04-15 09:42:00,487 - proctoring - INFO - [detection_service.py:16] - Processing new frame
2025-04-15 09:42:00,499 - proctoring - INFO - [detection_service.py:34] - Face detection found 1 events
2025-04-15 09:42:00,512 - proctoring - INFO - [detection_service.py:34] - Face Mesh detection found 1 events
2025-04-15 09:42:00,518 - proctoring - DEBUG - [detection_service.py:37] - No Hand detections
2025-04-15 09:42:00,585 - proctoring - DEBUG - [detection_service.py:37] - No YOLO detections
2025-04-15 09:42:00,585 - proctoring - INFO - [detection_service.py:42] - Total events detected: 2
2025-04-15 09:42:00,585 - proctoring - INFO - [log_service.py:12] - Attempting to store 2 logs for user 2
2025-04-15 09:42:00,585 - proctoring - DEBUG - [log_service.py:26] - Created log entry: {'time': '2025-04-15 09:42:00.487297', 'event': 'Face detected', 'event_type': 'face_detected'}
2025-04-15 09:42:00,585 - proctoring - DEBUG - [log_service.py:26] - Created log entry: {'time': '2025-04-15 09:42:00.491339', 'event': 'Mouth movement detected'}
2025-04-15 09:42:00,587 - proctoring - INFO - [log_service.py:40] - Successfully stored 2 logs
2025-04-15 09:42:00,589 - proctoring - DEBUG - [image_utils.py:43] - Decoded base64 data length: 19726
2025-04-15 09:42:00,589 - proctoring - INFO - [detection_service.py:16] - Processing new frame
2025-04-15 09:42:00,605 - proctoring - INFO - [detection_service.py:34] - Face detection found 1 events
2025-04-15 09:42:00,621 - proctoring - INFO - [detection_service.py:34] - Face Mesh detection found 1 events
2025-04-15 09:42:00,626 - proctoring - DEBUG - [detection_service.py:37] - No Hand detections
2025-04-15 09:42:00,700 - proctoring - DEBUG - [detection_service.py:37] - No YOLO detections
2025-04-15 09:42:00,700 - proctoring - INFO - [detection_service.py:42] - Total events detected: 2
2025-04-15 09:42:00,700 - proctoring - INFO - [log_service.py:12] - Attempting to store 2 logs for user 2
2025-04-15 09:42:00,701 - proctoring - DEBUG - [log_service.py:26] - Created log entry: {'time': '2025-04-15 09:42:00.589919', 'event': 'Face detected', 'event_type': 'face_detected'}
2025-04-15 09:42:00,701 - proctoring - DEBUG - [log_service.py:26] - Created log entry: {'time': '2025-04-15 09:42:00.594432', 'event': 'Mouth movement detected'}
2025-04-15 09:42:00,702 - proctoring - INFO - [log_service.py:40] - Successfully stored 2 logs
2025-04-15 09:42:00,704 - proctoring - DEBUG - [image_utils.py:43] - Decoded base64 data length: 19824
2025-04-15 09:42:00,704 - proctoring - INFO - [detection_service.py:16] - Processing new frame
2025-04-15 09:42:00,719 - proctoring - INFO - [detection_service.py:34] - Face detection found 1 events
2025-04-15 09:42:00,734 - proctoring - DEBUG - [detection_service.py:37] - No Hand detections
2025-04-15 09:42:00,737 - proctoring - INFO - [detection_service.py:34] - Face Mesh detection found 1 events
2025-04-15 09:42:00,819 - proctoring - DEBUG - [detection_service.py:37] - No YOLO detections
2025-04-15 09:42:00,819 - proctoring - INFO - [detection_service.py:42] - Total events detected: 2
2025-04-15 09:42:00,819 - proctoring - INFO - [log_service.py:12] - Attempting to store 2 logs for user 2
2025-04-15 09:42:00,819 - proctoring - DEBUG - [log_service.py:26] - Created log entry: {'time': '2025-04-15 09:42:00.704878', 'event': 'Face detected', 'event_type': 'face_detected'}
2025-04-15 09:42:00,819 - proctoring - DEBUG - [log_service.py:26] - Created log entry: {'time': '2025-04-15 09:42:00.709709', 'event': 'Mouth movement detected'}
2025-04-15 09:42:00,821 - proctoring - INFO - [log_service.py:40] - Successfully stored 2 logs
2025-04-15 09:42:00,823 - proctoring - DEBUG - [image_utils.py:43] - Decoded base64 data length: 19836
2025-04-15 09:42:00,823 - proctoring - INFO - [detection_service.py:16] - Processing new frame
2025-04-15 09:42:00,843 - proctoring - INFO - [detection_service.py:34] - Face detection found 1 events
2025-04-15 09:42:00,857 - proctoring - DEBUG - [detection_service.py:37] - No Hand detections
2025-04-15 09:42:00,864 - proctoring - INFO - [detection_service.py:34] - Face Mesh detection found 1 events
2025-04-15 09:42:00,964 - proctoring - DEBUG - [detection_service.py:37] - No YOLO detections
2025-04-15 09:42:00,964 - proctoring - INFO - [detection_service.py:42] - Total events detected: 2
2025-04-15 09:42:00,964 - proctoring - INFO - [log_service.py:12] - Attempting to store 2 logs for user 2
2025-04-15 09:42:00,964 - proctoring - DEBUG - [log_service.py:26] - Created log entry: {'time': '2025-04-15 09:42:00.824024', 'event': 'Face detected', 'event_type': 'face_detected'}
2025-04-15 09:42:00,964 - proctoring - DEBUG - [log_service.py:26] - Created log entry: {'time': '2025-04-15 09:42:00.829714', 'event': 'Mouth movement detected'}
2025-04-15 09:42:00,966 - proctoring - INFO - [log_service.py:40] - Successfully stored 2 logs
2025-04-15 09:42:00,967 - proctoring - DEBUG - [image_utils.py:43] - Decoded base64 data length: 19637
2025-04-15 09:42:00,968 - proctoring - INFO - [detection_service.py:16] - Processing new frame
2025-04-15 09:42:00,985 - proctoring - INFO - [detection_service.py:34] - Face detection found 1 events
2025-04-15 09:42:01,010 - proctoring - DEBUG - [detection_service.py:37] - No Hand detections
2025-04-15 09:42:01,010 - proctoring - INFO - [detection_service.py:34] - Face Mesh detection found 1 events
2025-04-15 09:42:01,088 - proctoring - DEBUG - [detection_service.py:37] - No YOLO detections
2025-04-15 09:42:01,088 - proctoring - INFO - [detection_service.py:42] - Total events detected: 2
2025-04-15 09:42:01,088 - proctoring - INFO - [log_service.py:12] - Attempting to store 2 logs for user 2
2025-04-15 09:42:01,088 - proctoring - DEBUG - [log_service.py:26] - Created log entry: {'time': '2025-04-15 09:42:00.968450', 'event': 'Face detected', 'event_type': 'face_detected'}
2025-04-15 09:42:01,088 - proctoring - DEBUG - [log_service.py:26] - Created log entry: {'time': '2025-04-15 09:42:00.973431', 'event': 'Mouth movement detected'}
2025-04-15 09:42:01,090 - proctoring - INFO - [log_service.py:40] - Successfully stored 2 logs
2025-04-15 09:42:01,092 - proctoring - DEBUG - [image_utils.py:43] - Decoded base64 data length: 19673
2025-04-15 09:42:01,092 - proctoring - INFO - [detection_service.py:16] - Processing new frame
2025-04-15 09:42:01,106 - proctoring - INFO - [detection_service.py:34] - Face detection found 1 events
2025-04-15 09:42:01,267 - proctoring - INFO - [detection_service.py:34] - Face Mesh detection found 1 events
2025-04-15 09:42:01,271 - proctoring - DEBUG - [detection_service.py:37] - No Hand detections
2025-04-15 09:42:01,355 - proctoring - DEBUG - [detection_service.py:37] - No YOLO detections
2025-04-15 09:42:01,355 - proctoring - INFO - [detection_service.py:42] - Total events detected: 2
2025-04-15 09:42:01,355 - proctoring - INFO - [log_service.py:12] - Attempting to store 2 logs for user 2
2025-04-15 09:42:01,355 - proctoring - DEBUG - [log_service.py:26] - Created log entry: {'time': '2025-04-15 09:42:01.092840', 'event': 'Face detected', 'event_type': 'face_detected'}
2025-04-15 09:42:01,355 - proctoring - DEBUG - [log_service.py:26] - Created log entry: {'time': '2025-04-15 09:42:01.097192', 'event': 'Mouth movement detected'}
2025-04-15 09:42:01,357 - proctoring - INFO - [log_service.py:40] - Successfully stored 2 logs
2025-04-15 09:42:01,358 - proctoring - DEBUG - [image_utils.py:43] - Decoded base64 data length: 19870
2025-04-15 09:42:01,359 - proctoring - INFO - [detection_service.py:16] - Processing new frame
2025-04-15 09:42:01,372 - proctoring - INFO - [detection_service.py:34] - Face detection found 1 events
2025-04-15 09:42:01,389 - proctoring - INFO - [detection_service.py:34] - Face Mesh detection found 1 events
2025-04-15 09:42:01,396 - proctoring - DEBUG - [detection_service.py:37] - No Hand detections
2025-04-15 09:42:01,472 - proctoring - DEBUG - [detection_service.py:37] - No YOLO detections
2025-04-15 09:42:01,472 - proctoring - INFO - [detection_service.py:42] - Total events detected: 2
2025-04-15 09:42:01,472 - proctoring - INFO - [log_service.py:12] - Attempting to store 2 logs for user 2
2025-04-15 09:42:01,472 - proctoring - DEBUG - [log_service.py:26] - Created log entry: {'time': '2025-04-15 09:42:01.359514', 'event': 'Face detected', 'event_type': 'face_detected'}
2025-04-15 09:42:01,472 - proctoring - DEBUG - [log_service.py:26] - Created log entry: {'time': '2025-04-15 09:42:01.365570', 'event': 'Mouth movement detected'}
2025-04-15 09:42:01,474 - proctoring - INFO - [log_service.py:40] - Successfully stored 2 logs
2025-04-15 09:42:01,477 - proctoring - DEBUG - [image_utils.py:43] - Decoded base64 data length: 20010
2025-04-15 09:42:01,478 - proctoring - INFO - [detection_service.py:16] - Processing new frame
2025-04-15 09:42:01,494 - proctoring - INFO - [detection_service.py:34] - Face detection found 1 events
2025-04-15 09:42:01,509 - proctoring - INFO - [detection_service.py:34] - Face Mesh detection found 1 events
2025-04-15 09:42:01,514 - proctoring - DEBUG - [detection_service.py:37] - No Hand detections
2025-04-15 09:42:01,591 - proctoring - DEBUG - [detection_service.py:37] - No YOLO detections
2025-04-15 09:42:01,591 - proctoring - INFO - [detection_service.py:42] - Total events detected: 2
2025-04-15 09:42:01,591 - proctoring - INFO - [log_service.py:12] - Attempting to store 2 logs for user 2
2025-04-15 09:42:01,591 - proctoring - DEBUG - [log_service.py:26] - Created log entry: {'time': '2025-04-15 09:42:01.478538', 'event': 'Face detected', 'event_type': 'face_detected'}
2025-04-15 09:42:01,591 - proctoring - DEBUG - [log_service.py:26] - Created log entry: {'time': '2025-04-15 09:42:01.484557', 'event': 'Mouth movement detected'}
2025-04-15 09:42:01,593 - proctoring - INFO - [log_service.py:40] - Successfully stored 2 logs
2025-04-15 09:42:01,594 - proctoring - DEBUG - [image_utils.py:43] - Decoded base64 data length: 20029
2025-04-15 09:42:01,595 - proctoring - INFO - [detection_service.py:16] - Processing new frame
2025-04-15 09:42:01,608 - proctoring - INFO - [detection_service.py:34] - Face detection found 1 events
2025-04-15 09:42:01,624 - proctoring - INFO - [detection_service.py:34] - Face Mesh detection found 1 events
2025-04-15 09:42:01,629 - proctoring - DEBUG - [detection_service.py:37] - No Hand detections
2025-04-15 09:42:01,703 - proctoring - DEBUG - [detection_service.py:37] - No YOLO detections
2025-04-15 09:42:01,703 - proctoring - INFO - [detection_service.py:42] - Total events detected: 2
2025-04-15 09:42:01,703 - proctoring - INFO - [log_service.py:12] - Attempting to store 2 logs for user 2
2025-04-15 09:42:01,703 - proctoring - DEBUG - [log_service.py:26] - Created log entry: {'time': '2025-04-15 09:42:01.595461', 'event': 'Face detected', 'event_type': 'face_detected'}
2025-04-15 09:42:01,703 - proctoring - DEBUG - [log_service.py:26] - Created log entry: {'time': '2025-04-15 09:42:01.600728', 'event': 'Mouth movement detected'}
2025-04-15 09:42:01,705 - proctoring - INFO - [log_service.py:40] - Successfully stored 2 logs
2025-04-15 09:42:01,706 - proctoring - DEBUG - [image_utils.py:43] - Decoded base64 data length: 20086
2025-04-15 09:42:01,707 - proctoring - INFO - [detection_service.py:16] - Processing new frame
2025-04-15 09:42:01,722 - proctoring - INFO - [detection_service.py:34] - Face detection found 1 events
2025-04-15 09:42:01,734 - proctoring - INFO - [detection_service.py:34] - Face Mesh detection found 1 events
2025-04-15 09:42:01,746 - proctoring - DEBUG - [detection_service.py:37] - No Hand detections
2025-04-15 09:42:01,817 - proctoring - DEBUG - [detection_service.py:37] - No YOLO detections
2025-04-15 09:42:01,818 - proctoring - INFO - [detection_service.py:42] - Total events detected: 2
2025-04-15 09:42:01,818 - proctoring - INFO - [log_service.py:12] - Attempting to store 2 logs for user 2
2025-04-15 09:42:01,818 - proctoring - DEBUG - [log_service.py:26] - Created log entry: {'time': '2025-04-15 09:42:01.707351', 'event': 'Face detected', 'event_type': 'face_detected'}
2025-04-15 09:42:01,818 - proctoring - DEBUG - [log_service.py:26] - Created log entry: {'time': '2025-04-15 09:42:01.713588', 'event': 'Mouth movement detected'}
2025-04-15 09:42:01,820 - proctoring - INFO - [log_service.py:40] - Successfully stored 2 logs
2025-04-15 09:42:01,821 - proctoring - DEBUG - [image_utils.py:43] - Decoded base64 data length: 20146
2025-04-15 09:42:01,822 - proctoring - INFO - [detection_service.py:16] - Processing new frame
2025-04-15 09:42:01,836 - proctoring - INFO - [detection_service.py:34] - Face detection found 1 events
2025-04-15 09:42:01,852 - proctoring - DEBUG - [detection_service.py:37] - No Hand detections
2025-04-15 09:42:01,854 - proctoring - INFO - [detection_service.py:34] - Face Mesh detection found 1 events
2025-04-15 09:42:01,954 - proctoring - DEBUG - [detection_service.py:37] - No YOLO detections
2025-04-15 09:42:01,954 - proctoring - INFO - [detection_service.py:42] - Total events detected: 2
2025-04-15 09:42:01,954 - proctoring - INFO - [log_service.py:12] - Attempting to store 2 logs for user 2
2025-04-15 09:42:01,954 - proctoring - DEBUG - [log_service.py:26] - Created log entry: {'time': '2025-04-15 09:42:01.822156', 'event': 'Face detected', 'event_type': 'face_detected'}
2025-04-15 09:42:01,954 - proctoring - DEBUG - [log_service.py:26] - Created log entry: {'time': '2025-04-15 09:42:01.827724', 'event': 'Mouth movement detected'}
2025-04-15 09:42:01,956 - proctoring - INFO - [log_service.py:40] - Successfully stored 2 logs
2025-04-15 09:42:01,958 - proctoring - DEBUG - [image_utils.py:43] - Decoded base64 data length: 20086
2025-04-15 09:42:01,958 - proctoring - INFO - [detection_service.py:16] - Processing new frame
2025-04-15 09:42:01,973 - proctoring - INFO - [detection_service.py:34] - Face detection found 1 events
2025-04-15 09:42:01,988 - proctoring - INFO - [detection_service.py:34] - Face Mesh detection found 1 events
2025-04-15 09:42:01,994 - proctoring - DEBUG - [detection_service.py:37] - No Hand detections
2025-04-15 09:42:02,071 - proctoring - DEBUG - [detection_service.py:37] - No YOLO detections
2025-04-15 09:42:02,071 - proctoring - INFO - [detection_service.py:42] - Total events detected: 2
2025-04-15 09:42:02,072 - proctoring - INFO - [log_service.py:12] - Attempting to store 2 logs for user 2
2025-04-15 09:42:02,072 - proctoring - DEBUG - [log_service.py:26] - Created log entry: {'time': '2025-04-15 09:42:01.958799', 'event': 'Face detected', 'event_type': 'face_detected'}
2025-04-15 09:42:02,072 - proctoring - DEBUG - [log_service.py:26] - Created log entry: {'time': '2025-04-15 09:42:01.965114', 'event': 'Mouth movement detected'}
2025-04-15 09:42:02,074 - proctoring - INFO - [log_service.py:40] - Successfully stored 2 logs
2025-04-15 09:42:02,075 - proctoring - DEBUG - [image_utils.py:43] - Decoded base64 data length: 20040
2025-04-15 09:42:02,076 - proctoring - INFO - [detection_service.py:16] - Processing new frame
2025-04-15 09:42:02,091 - proctoring - INFO - [detection_service.py:34] - Face detection found 1 events
2025-04-15 09:42:02,102 - proctoring - INFO - [detection_service.py:34] - Face Mesh detection found 1 events
2025-04-15 09:42:02,111 - proctoring - DEBUG - [detection_service.py:37] - No Hand detections
2025-04-15 09:42:02,192 - proctoring - DEBUG - [detection_service.py:37] - No YOLO detections
2025-04-15 09:42:02,192 - proctoring - INFO - [detection_service.py:42] - Total events detected: 2
2025-04-15 09:42:02,192 - proctoring - INFO - [log_service.py:12] - Attempting to store 2 logs for user 2
2025-04-15 09:42:02,192 - proctoring - DEBUG - [log_service.py:26] - Created log entry: {'time': '2025-04-15 09:42:02.076153', 'event': 'Face detected', 'event_type': 'face_detected'}
2025-04-15 09:42:02,192 - proctoring - DEBUG - [log_service.py:26] - Created log entry: {'time': '2025-04-15 09:42:02.081164', 'event': 'Mouth movement detected'}
2025-04-15 09:42:02,194 - proctoring - INFO - [log_service.py:40] - Successfully stored 2 logs
2025-04-15 09:42:02,196 - proctoring - DEBUG - [image_utils.py:43] - Decoded base64 data length: 19785
2025-04-15 09:42:02,196 - proctoring - INFO - [detection_service.py:16] - Processing new frame
2025-04-15 09:42:02,211 - proctoring - INFO - [detection_service.py:34] - Face detection found 1 events
2025-04-15 09:42:02,228 - proctoring - INFO - [detection_service.py:34] - Face Mesh detection found 1 events
2025-04-15 09:42:02,233 - proctoring - DEBUG - [detection_service.py:37] - No Hand detections
2025-04-15 09:42:02,309 - proctoring - DEBUG - [detection_service.py:37] - No YOLO detections
2025-04-15 09:42:02,309 - proctoring - INFO - [detection_service.py:42] - Total events detected: 2
2025-04-15 09:42:02,309 - proctoring - INFO - [log_service.py:12] - Attempting to store 2 logs for user 2
2025-04-15 09:42:02,309 - proctoring - DEBUG - [log_service.py:26] - Created log entry: {'time': '2025-04-15 09:42:02.196794', 'event': 'Face detected', 'event_type': 'face_detected'}
2025-04-15 09:42:02,309 - proctoring - DEBUG - [log_service.py:26] - Created log entry: {'time': '2025-04-15 09:42:02.202756', 'event': 'Mouth movement detected'}
2025-04-15 09:42:02,311 - proctoring - INFO - [log_service.py:40] - Successfully stored 2 logs
2025-04-15 09:42:02,312 - proctoring - DEBUG - [image_utils.py:43] - Decoded base64 data length: 19776
2025-04-15 09:42:02,313 - proctoring - INFO - [detection_service.py:16] - Processing new frame
2025-04-15 09:42:02,328 - proctoring - INFO - [detection_service.py:34] - Face detection found 1 events
2025-04-15 09:42:02,343 - proctoring - INFO - [detection_service.py:34] - Face Mesh detection found 1 events
2025-04-15 09:42:02,349 - proctoring - DEBUG - [detection_service.py:37] - No Hand detections
2025-04-15 09:42:02,448 - proctoring - DEBUG - [detection_service.py:37] - No YOLO detections
2025-04-15 09:42:02,448 - proctoring - INFO - [detection_service.py:42] - Total events detected: 2
2025-04-15 09:42:02,448 - proctoring - INFO - [log_service.py:12] - Attempting to store 2 logs for user 2
2025-04-15 09:42:02,448 - proctoring - DEBUG - [log_service.py:26] - Created log entry: {'time': '2025-04-15 09:42:02.313508', 'event': 'Face detected', 'event_type': 'face_detected'}
2025-04-15 09:42:02,448 - proctoring - DEBUG - [log_service.py:26] - Created log entry: {'time': '2025-04-15 09:42:02.319905', 'event': 'Mouth movement detected'}
2025-04-15 09:42:02,450 - proctoring - INFO - [log_service.py:40] - Successfully stored 2 logs
2025-04-15 09:42:02,452 - proctoring - DEBUG - [image_utils.py:43] - Decoded base64 data length: 19849
2025-04-15 09:42:02,452 - proctoring - INFO - [detection_service.py:16] - Processing new frame
2025-04-15 09:42:02,466 - proctoring - INFO - [detection_service.py:34] - Face detection found 1 events
2025-04-15 09:42:02,481 - proctoring - INFO - [detection_service.py:34] - Face Mesh detection found 1 events
2025-04-15 09:42:02,487 - proctoring - DEBUG - [detection_service.py:37] - No Hand detections
2025-04-15 09:42:02,565 - proctoring - DEBUG - [detection_service.py:37] - No YOLO detections
2025-04-15 09:42:02,565 - proctoring - INFO - [detection_service.py:42] - Total events detected: 2
2025-04-15 09:42:02,565 - proctoring - INFO - [log_service.py:12] - Attempting to store 2 logs for user 2
2025-04-15 09:42:02,565 - proctoring - DEBUG - [log_service.py:26] - Created log entry: {'time': '2025-04-15 09:42:02.453024', 'event': 'Face detected', 'event_type': 'face_detected'}
2025-04-15 09:42:02,566 - proctoring - DEBUG - [log_service.py:26] - Created log entry: {'time': '2025-04-15 09:42:02.458127', 'event': 'Mouth movement detected'}
2025-04-15 09:42:02,568 - proctoring - INFO - [log_service.py:40] - Successfully stored 2 logs
2025-04-15 09:42:02,569 - proctoring - DEBUG - [image_utils.py:43] - Decoded base64 data length: 19838
2025-04-15 09:42:02,570 - proctoring - INFO - [detection_service.py:16] - Processing new frame
2025-04-15 09:42:02,584 - proctoring - INFO - [detection_service.py:34] - Face detection found 1 events
2025-04-15 09:42:02,595 - proctoring - INFO - [detection_service.py:34] - Face Mesh detection found 1 events
2025-04-15 09:42:02,600 - proctoring - DEBUG - [detection_service.py:37] - No Hand detections
2025-04-15 09:42:02,672 - proctoring - DEBUG - [detection_service.py:37] - No YOLO detections
2025-04-15 09:42:02,673 - proctoring - INFO - [detection_service.py:42] - Total events detected: 2
2025-04-15 09:42:02,673 - proctoring - INFO - [log_service.py:12] - Attempting to store 2 logs for user 2
2025-04-15 09:42:02,673 - proctoring - DEBUG - [log_service.py:26] - Created log entry: {'time': '2025-04-15 09:42:02.570430', 'event': 'Face detected', 'event_type': 'face_detected'}
2025-04-15 09:42:02,673 - proctoring - DEBUG - [log_service.py:26] - Created log entry: {'time': '2025-04-15 09:42:02.575748', 'event': 'Mouth movement detected'}
2025-04-15 09:42:02,674 - proctoring - INFO - [log_service.py:40] - Successfully stored 2 logs
2025-04-15 09:42:02,676 - proctoring - DEBUG - [image_utils.py:43] - Decoded base64 data length: 19834
2025-04-15 09:42:02,677 - proctoring - INFO - [detection_service.py:16] - Processing new frame
2025-04-15 09:42:02,690 - proctoring - INFO - [detection_service.py:34] - Face detection found 1 events
2025-04-15 09:42:02,703 - proctoring - INFO - [detection_service.py:34] - Face Mesh detection found 1 events
2025-04-15 09:42:02,708 - proctoring - DEBUG - [detection_service.py:37] - No Hand detections
2025-04-15 09:42:02,775 - proctoring - DEBUG - [detection_service.py:37] - No YOLO detections
2025-04-15 09:42:02,775 - proctoring - INFO - [detection_service.py:42] - Total events detected: 2
2025-04-15 09:42:02,775 - proctoring - INFO - [log_service.py:12] - Attempting to store 2 logs for user 2
2025-04-15 09:42:02,775 - proctoring - DEBUG - [log_service.py:26] - Created log entry: {'time': '2025-04-15 09:42:02.677085', 'event': 'Face detected', 'event_type': 'face_detected'}
2025-04-15 09:42:02,775 - proctoring - DEBUG - [log_service.py:26] - Created log entry: {'time': '2025-04-15 09:42:02.682155', 'event': 'Mouth movement detected'}
2025-04-15 09:42:02,778 - proctoring - INFO - [log_service.py:40] - Successfully stored 2 logs
2025-04-15 09:42:02,779 - proctoring - DEBUG - [image_utils.py:43] - Decoded base64 data length: 19852
2025-04-15 09:42:02,780 - proctoring - INFO - [detection_service.py:16] - Processing new frame
2025-04-15 09:42:02,796 - proctoring - INFO - [detection_service.py:34] - Face detection found 1 events
2025-04-15 09:42:02,814 - proctoring - INFO - [detection_service.py:34] - Face Mesh detection found 1 events
2025-04-15 09:42:02,820 - proctoring - DEBUG - [detection_service.py:37] - No Hand detections
2025-04-15 09:42:02,900 - proctoring - DEBUG - [detection_service.py:37] - No YOLO detections
2025-04-15 09:42:02,900 - proctoring - INFO - [detection_service.py:42] - Total events detected: 2
2025-04-15 09:42:02,900 - proctoring - INFO - [log_service.py:12] - Attempting to store 2 logs for user 2
2025-04-15 09:42:02,900 - proctoring - DEBUG - [log_service.py:26] - Created log entry: {'time': '2025-04-15 09:42:02.780310', 'event': 'Face detected', 'event_type': 'face_detected'}
2025-04-15 09:42:02,900 - proctoring - DEBUG - [log_service.py:26] - Created log entry: {'time': '2025-04-15 09:42:02.787542', 'event': 'Mouth movement detected'}
2025-04-15 09:42:02,902 - proctoring - INFO - [log_service.py:40] - Successfully stored 2 logs
2025-04-15 09:42:02,904 - proctoring - DEBUG - [image_utils.py:43] - Decoded base64 data length: 19856
2025-04-15 09:42:02,904 - proctoring - INFO - [detection_service.py:16] - Processing new frame
2025-04-15 09:42:02,917 - proctoring - INFO - [detection_service.py:34] - Face detection found 1 events
2025-04-15 09:42:02,933 - proctoring - INFO - [detection_service.py:34] - Face Mesh detection found 1 events
2025-04-15 09:42:02,938 - proctoring - DEBUG - [detection_service.py:37] - No Hand detections
2025-04-15 09:42:03,021 - proctoring - DEBUG - [detection_service.py:37] - No YOLO detections
2025-04-15 09:42:03,021 - proctoring - INFO - [detection_service.py:42] - Total events detected: 2
2025-04-15 09:42:03,021 - proctoring - INFO - [log_service.py:12] - Attempting to store 2 logs for user 2
2025-04-15 09:42:03,022 - proctoring - DEBUG - [log_service.py:26] - Created log entry: {'time': '2025-04-15 09:42:02.904990', 'event': 'Face detected', 'event_type': 'face_detected'}
2025-04-15 09:42:03,022 - proctoring - DEBUG - [log_service.py:26] - Created log entry: {'time': '2025-04-15 09:42:02.910328', 'event': 'Mouth movement detected'}
2025-04-15 09:42:03,024 - proctoring - INFO - [log_service.py:40] - Successfully stored 2 logs
2025-04-15 09:42:03,026 - proctoring - DEBUG - [image_utils.py:43] - Decoded base64 data length: 19901
2025-04-15 09:42:03,026 - proctoring - INFO - [detection_service.py:16] - Processing new frame
2025-04-15 09:42:03,038 - proctoring - INFO - [detection_service.py:34] - Face detection found 1 events
2025-04-15 09:42:03,054 - proctoring - INFO - [detection_service.py:34] - Face Mesh detection found 1 events
2025-04-15 09:42:03,059 - proctoring - DEBUG - [detection_service.py:37] - No Hand detections
2025-04-15 09:42:03,137 - proctoring - DEBUG - [detection_service.py:37] - No YOLO detections
2025-04-15 09:42:03,137 - proctoring - INFO - [detection_service.py:42] - Total events detected: 2
2025-04-15 09:42:03,137 - proctoring - INFO - [log_service.py:12] - Attempting to store 2 logs for user 2
2025-04-15 09:42:03,138 - proctoring - DEBUG - [log_service.py:26] - Created log entry: {'time': '2025-04-15 09:42:03.027092', 'event': 'Face detected', 'event_type': 'face_detected'}
2025-04-15 09:42:03,138 - proctoring - DEBUG - [log_service.py:26] - Created log entry: {'time': '2025-04-15 09:42:03.031138', 'event': 'Mouth movement detected'}
2025-04-15 09:42:03,140 - proctoring - INFO - [log_service.py:40] - Successfully stored 2 logs
2025-04-15 09:42:03,142 - proctoring - INFO - [exam.py:158] - Closed WebSocket connection for user 2
2025-04-15 09:42:03,198 - proctoring - INFO - [main.py:217] - Cleaning up connection for user 2
2025-04-15 09:42:20,732 - proctoring - INFO - [exam.py:384] - Cleared 762 logs for user 2
2025-04-15 09:44:51,146 - proctoring - INFO - [auth.py:189] - Comparing face against 2 users
2025-04-15 09:44:51,645 - proctoring - INFO - [face_auth.py:48] - Face comparison: distance=0.293, threshold=0.6, verified=True
2025-04-15 09:44:51,646 - proctoring - INFO - [auth.py:200] - Face comparison with sharath@gmail.com: confidence=70.72
2025-04-15 09:44:52,013 - proctoring - INFO - [face_auth.py:48] - Face comparison: distance=0.110, threshold=0.6, verified=True
2025-04-15 09:44:52,014 - proctoring - INFO - [auth.py:200] - Face comparison with poojas410@gmail.com: confidence=88.97
2025-04-15 09:44:52,014 - proctoring - INFO - [auth.py:208] - Face login successful for poojas410@gmail.com with confidence 88.97
2025-04-15 09:44:53,665 - proctoring - INFO - [main.py:133] - WebSocket connection attempt for user 2
2025-04-15 09:44:53,668 - proctoring - INFO - [connection.py:31] - WebSocket connection accepted for user 2
2025-04-15 09:44:53,668 - proctoring - INFO - [main.py:162] - WebSocket connection established for user 2
2025-04-15 09:44:53,678 - proctoring - DEBUG - [image_utils.py:43] - Decoded base64 data length: 20019
2025-04-15 09:44:53,679 - proctoring - INFO - [detection_service.py:16] - Processing new frame
2025-04-15 09:44:53,694 - proctoring - DEBUG - [detection_service.py:37] - No Face detections
2025-04-15 09:44:53,718 - proctoring - INFO - [detection_service.py:34] - Face Mesh detection found 1 events
2025-04-15 09:44:53,721 - proctoring - DEBUG - [detection_service.py:37] - No Hand detections
2025-04-15 09:44:53,803 - proctoring - DEBUG - [detection_service.py:37] - No YOLO detections
2025-04-15 09:44:53,803 - proctoring - INFO - [detection_service.py:42] - Total events detected: 1
2025-04-15 09:44:53,803 - proctoring - INFO - [log_service.py:12] - Attempting to store 1 logs for user 2
2025-04-15 09:44:53,803 - proctoring - DEBUG - [log_service.py:26] - Created log entry: {'time': '2025-04-15 09:44:53.686688', 'event': 'Mouth movement detected'}
2025-04-15 09:44:53,805 - proctoring - INFO - [log_service.py:40] - Successfully stored 1 logs
2025-04-15 09:44:53,807 - proctoring - DEBUG - [image_utils.py:43] - Decoded base64 data length: 20011
2025-04-15 09:44:53,807 - proctoring - INFO - [detection_service.py:16] - Processing new frame
2025-04-15 09:44:53,822 - proctoring - INFO - [detection_service.py:34] - Face detection found 3 events
2025-04-15 09:44:53,836 - proctoring - INFO - [detection_service.py:34] - Face Mesh detection found 1 events
2025-04-15 09:44:53,843 - proctoring - INFO - [hand_detection.py:25] - Hand detected
2025-04-15 09:44:53,848 - proctoring - INFO - [detection_service.py:34] - Hand detection found 1 events
2025-04-15 09:44:53,918 - proctoring - DEBUG - [detection_service.py:37] - No YOLO detections
2025-04-15 09:44:53,918 - proctoring - INFO - [detection_service.py:42] - Total events detected: 5
2025-04-15 09:44:53,918 - proctoring - INFO - [log_service.py:12] - Attempting to store 5 logs for user 2
2025-04-15 09:44:53,918 - proctoring - DEBUG - [log_service.py:26] - Created log entry: {'time': '2025-04-15 09:44:53.807725', 'event': 'Face detected', 'event_type': 'face_detected'}
2025-04-15 09:44:53,918 - proctoring - DEBUG - [log_service.py:26] - Created log entry: {'time': '2025-04-15 09:44:53.807725', 'event': 'Eye movement detected', 'event_type': 'eye_movement'}
2025-04-15 09:44:53,918 - proctoring - DEBUG - [log_service.py:26] - Created log entry: {'time': '2025-04-15 09:44:53.807725', 'event': 'Mouth movement detected', 'event_type': 'mouth_movement'}
2025-04-15 09:44:53,918 - proctoring - DEBUG - [log_service.py:26] - Created log entry: {'time': '2025-04-15 09:44:53.811831', 'event': 'Mouth movement detected'}
2025-04-15 09:44:53,918 - proctoring - DEBUG - [log_service.py:26] - Created log entry: {'time': '2025-04-15 09:44:53.807784', 'event': 'Hand detected'}
2025-04-15 09:44:53,921 - proctoring - INFO - [log_service.py:40] - Successfully stored 5 logs
2025-04-15 09:44:53,924 - proctoring - DEBUG - [image_utils.py:43] - Decoded base64 data length: 20148
2025-04-15 09:44:53,924 - proctoring - INFO - [detection_service.py:16] - Processing new frame
2025-04-15 09:44:53,941 - proctoring - INFO - [detection_service.py:34] - Face detection found 1 events
2025-04-15 09:44:53,957 - proctoring - INFO - [detection_service.py:34] - Face Mesh detection found 1 events
2025-04-15 09:44:53,970 - proctoring - INFO - [hand_detection.py:25] - Hand detected
2025-04-15 09:44:53,974 - proctoring - INFO - [detection_service.py:34] - Hand detection found 1 events
2025-04-15 09:44:54,026 - proctoring - DEBUG - [detection_service.py:37] - No YOLO detections
2025-04-15 09:44:54,026 - proctoring - INFO - [detection_service.py:42] - Total events detected: 3
2025-04-15 09:44:54,026 - proctoring - INFO - [log_service.py:12] - Attempting to store 3 logs for user 2
2025-04-15 09:44:54,026 - proctoring - DEBUG - [log_service.py:26] - Created log entry: {'time': '2025-04-15 09:44:53.924606', 'event': 'Face detected', 'event_type': 'face_detected'}
2025-04-15 09:44:54,026 - proctoring - DEBUG - [log_service.py:26] - Created log entry: {'time': '2025-04-15 09:44:53.932943', 'event': 'Mouth movement detected'}
2025-04-15 09:44:54,027 - proctoring - DEBUG - [log_service.py:26] - Created log entry: {'time': '2025-04-15 09:44:53.924678', 'event': 'Hand detected'}
2025-04-15 09:44:54,029 - proctoring - INFO - [log_service.py:40] - Successfully stored 3 logs
2025-04-15 09:44:54,030 - proctoring - DEBUG - [image_utils.py:43] - Decoded base64 data length: 20281
2025-04-15 09:44:54,031 - proctoring - INFO - [detection_service.py:16] - Processing new frame
2025-04-15 09:44:54,042 - proctoring - INFO - [detection_service.py:34] - Face detection found 1 events
2025-04-15 09:44:54,055 - proctoring - INFO - [detection_service.py:34] - Face Mesh detection found 1 events
2025-04-15 09:44:54,076 - proctoring - INFO - [hand_detection.py:25] - Hand detected
2025-04-15 09:44:54,080 - proctoring - INFO - [detection_service.py:34] - Hand detection found 1 events
2025-04-15 09:44:54,129 - proctoring - DEBUG - [detection_service.py:37] - No YOLO detections
2025-04-15 09:44:54,129 - proctoring - INFO - [detection_service.py:42] - Total events detected: 3
2025-04-15 09:44:54,129 - proctoring - INFO - [log_service.py:12] - Attempting to store 3 logs for user 2
2025-04-15 09:44:54,130 - proctoring - DEBUG - [log_service.py:26] - Created log entry: {'time': '2025-04-15 09:44:54.031480', 'event': 'Face detected', 'event_type': 'face_detected'}
2025-04-15 09:44:54,130 - proctoring - DEBUG - [log_service.py:26] - Created log entry: {'time': '2025-04-15 09:44:54.035497', 'event': 'Mouth movement detected'}
2025-04-15 09:44:54,130 - proctoring - DEBUG - [log_service.py:26] - Created log entry: {'time': '2025-04-15 09:44:54.031565', 'event': 'Hand detected'}
2025-04-15 09:44:54,131 - proctoring - INFO - [log_service.py:40] - Successfully stored 3 logs
2025-04-15 09:44:54,133 - proctoring - DEBUG - [image_utils.py:43] - Decoded base64 data length: 20600
2025-04-15 09:44:54,134 - proctoring - INFO - [detection_service.py:16] - Processing new frame
2025-04-15 09:44:54,145 - proctoring - INFO - [detection_service.py:34] - Face detection found 1 events
2025-04-15 09:44:54,157 - proctoring - INFO - [detection_service.py:34] - Face Mesh detection found 1 events
2025-04-15 09:44:54,171 - proctoring - INFO - [hand_detection.py:25] - Hand detected
2025-04-15 09:44:54,177 - proctoring - INFO - [detection_service.py:34] - Hand detection found 1 events
2025-04-15 09:44:54,230 - proctoring - DEBUG - [detection_service.py:37] - No YOLO detections
2025-04-15 09:44:54,230 - proctoring - INFO - [detection_service.py:42] - Total events detected: 3
2025-04-15 09:44:54,230 - proctoring - INFO - [log_service.py:12] - Attempting to store 3 logs for user 2
2025-04-15 09:44:54,230 - proctoring - DEBUG - [log_service.py:26] - Created log entry: {'time': '2025-04-15 09:44:54.134450', 'event': 'Face detected', 'event_type': 'face_detected'}
2025-04-15 09:44:54,230 - proctoring - DEBUG - [log_service.py:26] - Created log entry: {'time': '2025-04-15 09:44:54.138160', 'event': 'Mouth movement detected'}
2025-04-15 09:44:54,230 - proctoring - DEBUG - [log_service.py:26] - Created log entry: {'time': '2025-04-15 09:44:54.134514', 'event': 'Hand detected'}
2025-04-15 09:44:54,232 - proctoring - INFO - [log_service.py:40] - Successfully stored 3 logs
2025-04-15 09:44:54,235 - proctoring - DEBUG - [image_utils.py:43] - Decoded base64 data length: 20768
2025-04-15 09:44:54,236 - proctoring - INFO - [detection_service.py:16] - Processing new frame
2025-04-15 09:44:54,251 - proctoring - INFO - [detection_service.py:34] - Face detection found 1 events
2025-04-15 09:44:54,264 - proctoring - INFO - [detection_service.py:34] - Face Mesh detection found 1 events
2025-04-15 09:44:54,276 - proctoring - INFO - [hand_detection.py:25] - Hand detected
2025-04-15 09:44:54,281 - proctoring - INFO - [detection_service.py:34] - Hand detection found 1 events
2025-04-15 09:44:54,345 - proctoring - DEBUG - [detection_service.py:37] - No YOLO detections
2025-04-15 09:44:54,345 - proctoring - INFO - [detection_service.py:42] - Total events detected: 3
2025-04-15 09:44:54,345 - proctoring - INFO - [log_service.py:12] - Attempting to store 3 logs for user 2
2025-04-15 09:44:54,345 - proctoring - DEBUG - [log_service.py:26] - Created log entry: {'time': '2025-04-15 09:44:54.236292', 'event': 'Face detected', 'event_type': 'face_detected'}
2025-04-15 09:44:54,345 - proctoring - DEBUG - [log_service.py:26] - Created log entry: {'time': '2025-04-15 09:44:54.241927', 'event': 'Mouth movement detected'}
2025-04-15 09:44:54,345 - proctoring - DEBUG - [log_service.py:26] - Created log entry: {'time': '2025-04-15 09:44:54.236378', 'event': 'Hand detected'}
2025-04-15 09:44:54,347 - proctoring - INFO - [log_service.py:40] - Successfully stored 3 logs
2025-04-15 09:44:54,349 - proctoring - DEBUG - [image_utils.py:43] - Decoded base64 data length: 20766
2025-04-15 09:44:54,349 - proctoring - INFO - [detection_service.py:16] - Processing new frame
2025-04-15 09:44:54,362 - proctoring - INFO - [detection_service.py:34] - Face detection found 1 events
2025-04-15 09:44:54,376 - proctoring - INFO - [detection_service.py:34] - Face Mesh detection found 1 events
2025-04-15 09:44:54,386 - proctoring - INFO - [hand_detection.py:25] - Hand detected
2025-04-15 09:44:54,393 - proctoring - INFO - [detection_service.py:34] - Hand detection found 1 events
2025-04-15 09:44:54,448 - proctoring - DEBUG - [detection_service.py:37] - No YOLO detections
2025-04-15 09:44:54,448 - proctoring - INFO - [detection_service.py:42] - Total events detected: 3
2025-04-15 09:44:54,448 - proctoring - INFO - [log_service.py:12] - Attempting to store 3 logs for user 2
2025-04-15 09:44:54,449 - proctoring - DEBUG - [log_service.py:26] - Created log entry: {'time': '2025-04-15 09:44:54.350057', 'event': 'Face detected', 'event_type': 'face_detected'}
2025-04-15 09:44:54,449 - proctoring - DEBUG - [log_service.py:26] - Created log entry: {'time': '2025-04-15 09:44:54.355203', 'event': 'Mouth movement detected'}
2025-04-15 09:44:54,449 - proctoring - DEBUG - [log_service.py:26] - Created log entry: {'time': '2025-04-15 09:44:54.350160', 'event': 'Hand detected'}
2025-04-15 09:44:54,451 - proctoring - INFO - [log_service.py:40] - Successfully stored 3 logs
2025-04-15 09:44:54,453 - proctoring - DEBUG - [image_utils.py:43] - Decoded base64 data length: 20644
2025-04-15 09:44:54,453 - proctoring - INFO - [detection_service.py:16] - Processing new frame
2025-04-15 09:44:54,468 - proctoring - INFO - [detection_service.py:34] - Face detection found 1 events
2025-04-15 09:44:54,481 - proctoring - INFO - [detection_service.py:34] - Face Mesh detection found 1 events
2025-04-15 09:44:54,491 - proctoring - INFO - [hand_detection.py:25] - Hand detected
2025-04-15 09:44:54,497 - proctoring - INFO - [detection_service.py:34] - Hand detection found 1 events
2025-04-15 09:44:54,557 - proctoring - DEBUG - [detection_service.py:37] - No YOLO detections
2025-04-15 09:44:54,557 - proctoring - INFO - [detection_service.py:42] - Total events detected: 3
2025-04-15 09:44:54,557 - proctoring - INFO - [log_service.py:12] - Attempting to store 3 logs for user 2
2025-04-15 09:44:54,557 - proctoring - DEBUG - [log_service.py:26] - Created log entry: {'time': '2025-04-15 09:44:54.453871', 'event': 'Face detected', 'event_type': 'face_detected'}
2025-04-15 09:44:54,557 - proctoring - DEBUG - [log_service.py:26] - Created log entry: {'time': '2025-04-15 09:44:54.458613', 'event': 'Mouth movement detected'}
2025-04-15 09:44:54,558 - proctoring - DEBUG - [log_service.py:26] - Created log entry: {'time': '2025-04-15 09:44:54.453940', 'event': 'Hand detected'}
2025-04-15 09:44:54,559 - proctoring - INFO - [log_service.py:40] - Successfully stored 3 logs
2025-04-15 09:44:54,562 - proctoring - DEBUG - [image_utils.py:43] - Decoded base64 data length: 20612
2025-04-15 09:44:54,562 - proctoring - INFO - [detection_service.py:16] - Processing new frame
2025-04-15 09:44:54,574 - proctoring - INFO - [detection_service.py:34] - Face detection found 1 events
2025-04-15 09:44:54,588 - proctoring - INFO - [detection_service.py:34] - Face Mesh detection found 1 events
2025-04-15 09:44:54,601 - proctoring - INFO - [hand_detection.py:25] - Hand detected
2025-04-15 09:44:54,606 - proctoring - INFO - [detection_service.py:34] - Hand detection found 1 events
2025-04-15 09:44:54,669 - proctoring - DEBUG - [detection_service.py:37] - No YOLO detections
2025-04-15 09:44:54,669 - proctoring - INFO - [detection_service.py:42] - Total events detected: 3
2025-04-15 09:44:54,669 - proctoring - INFO - [log_service.py:12] - Attempting to store 3 logs for user 2
2025-04-15 09:44:54,669 - proctoring - DEBUG - [log_service.py:26] - Created log entry: {'time': '2025-04-15 09:44:54.562624', 'event': 'Face detected', 'event_type': 'face_detected'}
2025-04-15 09:44:54,669 - proctoring - DEBUG - [log_service.py:26] - Created log entry: {'time': '2025-04-15 09:44:54.567798', 'event': 'Mouth movement detected'}
2025-04-15 09:44:54,669 - proctoring - DEBUG - [log_service.py:26] - Created log entry: {'time': '2025-04-15 09:44:54.562838', 'event': 'Hand detected'}
2025-04-15 09:44:54,671 - proctoring - INFO - [log_service.py:40] - Successfully stored 3 logs
2025-04-15 09:44:54,673 - proctoring - DEBUG - [image_utils.py:43] - Decoded base64 data length: 20328
2025-04-15 09:44:54,673 - proctoring - INFO - [detection_service.py:16] - Processing new frame
2025-04-15 09:44:54,687 - proctoring - INFO - [detection_service.py:34] - Face detection found 1 events
2025-04-15 09:44:54,702 - proctoring - INFO - [detection_service.py:34] - Face Mesh detection found 1 events
2025-04-15 09:44:54,713 - proctoring - INFO - [hand_detection.py:25] - Hand detected
2025-04-15 09:44:54,719 - proctoring - INFO - [detection_service.py:34] - Hand detection found 1 events
2025-04-15 09:44:54,781 - proctoring - DEBUG - [detection_service.py:37] - No YOLO detections
2025-04-15 09:44:54,781 - proctoring - INFO - [detection_service.py:42] - Total events detected: 3
2025-04-15 09:44:54,781 - proctoring - INFO - [log_service.py:12] - Attempting to store 3 logs for user 2
2025-04-15 09:44:54,781 - proctoring - DEBUG - [log_service.py:26] - Created log entry: {'time': '2025-04-15 09:44:54.674027', 'event': 'Face detected', 'event_type': 'face_detected'}
2025-04-15 09:44:54,781 - proctoring - DEBUG - [log_service.py:26] - Created log entry: {'time': '2025-04-15 09:44:54.678186', 'event': 'Mouth movement detected'}
2025-04-15 09:44:54,781 - proctoring - DEBUG - [log_service.py:26] - Created log entry: {'time': '2025-04-15 09:44:54.674111', 'event': 'Hand detected'}
2025-04-15 09:44:54,783 - proctoring - INFO - [log_service.py:40] - Successfully stored 3 logs
2025-04-15 09:44:54,785 - proctoring - DEBUG - [image_utils.py:43] - Decoded base64 data length: 19715
2025-04-15 09:44:54,786 - proctoring - INFO - [detection_service.py:16] - Processing new frame
2025-04-15 09:44:54,796 - proctoring - INFO - [detection_service.py:34] - Face detection found 1 events
2025-04-15 09:44:54,810 - proctoring - INFO - [detection_service.py:34] - Face Mesh detection found 1 events
2025-04-15 09:44:54,819 - proctoring - INFO - [hand_detection.py:25] - Hand detected
2025-04-15 09:44:54,822 - proctoring - INFO - [detection_service.py:34] - Hand detection found 1 events
2025-04-15 09:44:54,883 - proctoring - DEBUG - [detection_service.py:37] - No YOLO detections
2025-04-15 09:44:54,883 - proctoring - INFO - [detection_service.py:42] - Total events detected: 3
2025-04-15 09:44:54,883 - proctoring - INFO - [log_service.py:12] - Attempting to store 3 logs for user 2
2025-04-15 09:44:54,883 - proctoring - DEBUG - [log_service.py:26] - Created log entry: {'time': '2025-04-15 09:44:54.786096', 'event': 'Face detected', 'event_type': 'face_detected'}
2025-04-15 09:44:54,883 - proctoring - DEBUG - [log_service.py:26] - Created log entry: {'time': '2025-04-15 09:44:54.789992', 'event': 'Mouth movement detected'}
2025-04-15 09:44:54,883 - proctoring - DEBUG - [log_service.py:26] - Created log entry: {'time': '2025-04-15 09:44:54.786178', 'event': 'Hand detected'}
2025-04-15 09:44:54,885 - proctoring - INFO - [log_service.py:40] - Successfully stored 3 logs
2025-04-15 09:44:54,887 - proctoring - DEBUG - [image_utils.py:43] - Decoded base64 data length: 19167
2025-04-15 09:44:54,887 - proctoring - INFO - [detection_service.py:16] - Processing new frame
2025-04-15 09:44:54,900 - proctoring - INFO - [detection_service.py:34] - Face detection found 1 events
2025-04-15 09:44:54,912 - proctoring - INFO - [detection_service.py:34] - Face Mesh detection found 1 events
2025-04-15 09:44:54,925 - proctoring - INFO - [hand_detection.py:25] - Hand detected
2025-04-15 09:44:54,929 - proctoring - INFO - [detection_service.py:34] - Hand detection found 1 events
2025-04-15 09:44:54,974 - proctoring - DEBUG - [detection_service.py:37] - No YOLO detections
2025-04-15 09:44:54,974 - proctoring - INFO - [detection_service.py:42] - Total events detected: 3
2025-04-15 09:44:54,974 - proctoring - INFO - [log_service.py:12] - Attempting to store 3 logs for user 2
2025-04-15 09:44:54,974 - proctoring - DEBUG - [log_service.py:26] - Created log entry: {'time': '2025-04-15 09:44:54.888083', 'event': 'Face detected', 'event_type': 'face_detected'}
2025-04-15 09:44:54,974 - proctoring - DEBUG - [log_service.py:26] - Created log entry: {'time': '2025-04-15 09:44:54.891893', 'event': 'Mouth movement detected'}
2025-04-15 09:44:54,974 - proctoring - DEBUG - [log_service.py:26] - Created log entry: {'time': '2025-04-15 09:44:54.888157', 'event': 'Hand detected'}
2025-04-15 09:44:54,976 - proctoring - INFO - [log_service.py:40] - Successfully stored 3 logs
2025-04-15 09:44:54,978 - proctoring - DEBUG - [image_utils.py:43] - Decoded base64 data length: 19074
2025-04-15 09:44:54,978 - proctoring - INFO - [detection_service.py:16] - Processing new frame
2025-04-15 09:44:54,989 - proctoring - INFO - [detection_service.py:34] - Face detection found 1 events
2025-04-15 09:44:55,000 - proctoring - INFO - [detection_service.py:34] - Face Mesh detection found 1 events
2025-04-15 09:44:55,012 - proctoring - INFO - [hand_detection.py:25] - Hand detected
2025-04-15 09:44:55,018 - proctoring - INFO - [detection_service.py:34] - Hand detection found 1 events
2025-04-15 09:44:55,080 - proctoring - DEBUG - [detection_service.py:37] - No YOLO detections
2025-04-15 09:44:55,080 - proctoring - INFO - [detection_service.py:42] - Total events detected: 3
2025-04-15 09:44:55,080 - proctoring - INFO - [log_service.py:12] - Attempting to store 3 logs for user 2
2025-04-15 09:44:55,080 - proctoring - DEBUG - [log_service.py:26] - Created log entry: {'time': '2025-04-15 09:44:54.978725', 'event': 'Face detected', 'event_type': 'face_detected'}
2025-04-15 09:44:55,080 - proctoring - DEBUG - [log_service.py:26] - Created log entry: {'time': '2025-04-15 09:44:54.983291', 'event': 'Mouth movement detected'}
2025-04-15 09:44:55,080 - proctoring - DEBUG - [log_service.py:26] - Created log entry: {'time': '2025-04-15 09:44:54.978802', 'event': 'Hand detected'}
2025-04-15 09:44:55,082 - proctoring - INFO - [log_service.py:40] - Successfully stored 3 logs
2025-04-15 09:44:55,085 - proctoring - DEBUG - [image_utils.py:43] - Decoded base64 data length: 19278
2025-04-15 09:44:55,085 - proctoring - INFO - [detection_service.py:16] - Processing new frame
2025-04-15 09:44:55,097 - proctoring - INFO - [detection_service.py:34] - Face detection found 1 events
2025-04-15 09:44:55,113 - proctoring - INFO - [detection_service.py:34] - Face Mesh detection found 1 events
2025-04-15 09:44:55,123 - proctoring - INFO - [hand_detection.py:25] - Hand detected
2025-04-15 09:44:55,129 - proctoring - INFO - [detection_service.py:34] - Hand detection found 1 events
2025-04-15 09:44:55,188 - proctoring - DEBUG - [detection_service.py:37] - No YOLO detections
2025-04-15 09:44:55,188 - proctoring - INFO - [detection_service.py:42] - Total events detected: 3
2025-04-15 09:44:55,188 - proctoring - INFO - [log_service.py:12] - Attempting to store 3 logs for user 2
2025-04-15 09:44:55,188 - proctoring - DEBUG - [log_service.py:26] - Created log entry: {'time': '2025-04-15 09:44:55.085779', 'event': 'Face detected', 'event_type': 'face_detected'}
2025-04-15 09:44:55,189 - proctoring - DEBUG - [log_service.py:26] - Created log entry: {'time': '2025-04-15 09:44:55.089811', 'event': 'Mouth movement detected'}
2025-04-15 09:44:55,189 - proctoring - DEBUG - [log_service.py:26] - Created log entry: {'time': '2025-04-15 09:44:55.085923', 'event': 'Hand detected'}
2025-04-15 09:44:55,190 - proctoring - INFO - [log_service.py:40] - Successfully stored 3 logs
2025-04-15 09:44:55,192 - proctoring - DEBUG - [image_utils.py:43] - Decoded base64 data length: 19376
2025-04-15 09:44:55,193 - proctoring - INFO - [detection_service.py:16] - Processing new frame
2025-04-15 09:44:55,204 - proctoring - INFO - [detection_service.py:34] - Face detection found 1 events
2025-04-15 09:44:55,220 - proctoring - INFO - [detection_service.py:34] - Face Mesh detection found 1 events
2025-04-15 09:44:55,230 - proctoring - INFO - [hand_detection.py:25] - Hand detected
2025-04-15 09:44:55,236 - proctoring - INFO - [detection_service.py:34] - Hand detection found 1 events
2025-04-15 09:44:55,296 - proctoring - DEBUG - [detection_service.py:37] - No YOLO detections
2025-04-15 09:44:55,296 - proctoring - INFO - [detection_service.py:42] - Total events detected: 3
2025-04-15 09:44:55,296 - proctoring - INFO - [log_service.py:12] - Attempting to store 3 logs for user 2
2025-04-15 09:44:55,296 - proctoring - DEBUG - [log_service.py:26] - Created log entry: {'time': '2025-04-15 09:44:55.193416', 'event': 'Face detected', 'event_type': 'face_detected'}
2025-04-15 09:44:55,296 - proctoring - DEBUG - [log_service.py:26] - Created log entry: {'time': '2025-04-15 09:44:55.197187', 'event': 'Mouth movement detected'}
2025-04-15 09:44:55,296 - proctoring - DEBUG - [log_service.py:26] - Created log entry: {'time': '2025-04-15 09:44:55.193502', 'event': 'Hand detected'}
2025-04-15 09:44:55,298 - proctoring - INFO - [log_service.py:40] - Successfully stored 3 logs
2025-04-15 09:44:55,300 - proctoring - DEBUG - [image_utils.py:43] - Decoded base64 data length: 19541
2025-04-15 09:44:55,300 - proctoring - INFO - [detection_service.py:16] - Processing new frame
2025-04-15 09:44:55,310 - proctoring - INFO - [detection_service.py:34] - Face detection found 1 events
2025-04-15 09:44:55,323 - proctoring - INFO - [detection_service.py:34] - Face Mesh detection found 1 events
2025-04-15 09:44:55,339 - proctoring - INFO - [hand_detection.py:25] - Hand detected
2025-04-15 09:44:55,343 - proctoring - INFO - [detection_service.py:34] - Hand detection found 1 events
2025-04-15 09:44:55,397 - proctoring - DEBUG - [detection_service.py:37] - No YOLO detections
2025-04-15 09:44:55,398 - proctoring - INFO - [detection_service.py:42] - Total events detected: 3
2025-04-15 09:44:55,398 - proctoring - INFO - [log_service.py:12] - Attempting to store 3 logs for user 2
2025-04-15 09:44:55,398 - proctoring - DEBUG - [log_service.py:26] - Created log entry: {'time': '2025-04-15 09:44:55.300719', 'event': 'Face detected', 'event_type': 'face_detected'}
2025-04-15 09:44:55,398 - proctoring - DEBUG - [log_service.py:26] - Created log entry: {'time': '2025-04-15 09:44:55.304606', 'event': 'Mouth movement detected'}
2025-04-15 09:44:55,398 - proctoring - DEBUG - [log_service.py:26] - Created log entry: {'time': '2025-04-15 09:44:55.300799', 'event': 'Hand detected'}
2025-04-15 09:44:55,400 - proctoring - INFO - [log_service.py:40] - Successfully stored 3 logs
2025-04-15 09:44:55,402 - proctoring - DEBUG - [image_utils.py:43] - Decoded base64 data length: 19450
2025-04-15 09:44:55,402 - proctoring - INFO - [detection_service.py:16] - Processing new frame
2025-04-15 09:44:55,413 - proctoring - INFO - [detection_service.py:34] - Face detection found 1 events
2025-04-15 09:44:55,425 - proctoring - INFO - [detection_service.py:34] - Face Mesh detection found 1 events
2025-04-15 09:44:55,438 - proctoring - INFO - [hand_detection.py:25] - Hand detected
2025-04-15 09:44:55,445 - proctoring - INFO - [detection_service.py:34] - Hand detection found 1 events
2025-04-15 09:44:55,504 - proctoring - DEBUG - [detection_service.py:37] - No YOLO detections
2025-04-15 09:44:55,504 - proctoring - INFO - [detection_service.py:42] - Total events detected: 3
2025-04-15 09:44:55,504 - proctoring - INFO - [log_service.py:12] - Attempting to store 3 logs for user 2
2025-04-15 09:44:55,504 - proctoring - DEBUG - [log_service.py:26] - Created log entry: {'time': '2025-04-15 09:44:55.402657', 'event': 'Face detected', 'event_type': 'face_detected'}
2025-04-15 09:44:55,504 - proctoring - DEBUG - [log_service.py:26] - Created log entry: {'time': '2025-04-15 09:44:55.406723', 'event': 'Mouth movement detected'}
2025-04-15 09:44:55,504 - proctoring - DEBUG - [log_service.py:26] - Created log entry: {'time': '2025-04-15 09:44:55.402746', 'event': 'Hand detected'}
2025-04-15 09:44:55,506 - proctoring - INFO - [log_service.py:40] - Successfully stored 3 logs
2025-04-15 09:44:55,508 - proctoring - DEBUG - [image_utils.py:43] - Decoded base64 data length: 19502
2025-04-15 09:44:55,509 - proctoring - INFO - [detection_service.py:16] - Processing new frame
2025-04-15 09:44:55,520 - proctoring - INFO - [detection_service.py:34] - Face detection found 1 events
2025-04-15 09:44:55,532 - proctoring - INFO - [detection_service.py:34] - Face Mesh detection found 1 events
2025-04-15 09:44:55,546 - proctoring - INFO - [hand_detection.py:25] - Hand detected
2025-04-15 09:44:55,551 - proctoring - INFO - [detection_service.py:34] - Hand detection found 1 events
2025-04-15 09:44:55,608 - proctoring - DEBUG - [detection_service.py:37] - No YOLO detections
2025-04-15 09:44:55,609 - proctoring - INFO - [detection_service.py:42] - Total events detected: 3
2025-04-15 09:44:55,609 - proctoring - INFO - [log_service.py:12] - Attempting to store 3 logs for user 2
2025-04-15 09:44:55,609 - proctoring - DEBUG - [log_service.py:26] - Created log entry: {'time': '2025-04-15 09:44:55.509427', 'event': 'Face detected', 'event_type': 'face_detected'}
2025-04-15 09:44:55,609 - proctoring - DEBUG - [log_service.py:26] - Created log entry: {'time': '2025-04-15 09:44:55.514491', 'event': 'Mouth movement detected'}
2025-04-15 09:44:55,609 - proctoring - DEBUG - [log_service.py:26] - Created log entry: {'time': '2025-04-15 09:44:55.509526', 'event': 'Hand detected'}
2025-04-15 09:44:55,611 - proctoring - INFO - [log_service.py:40] - Successfully stored 3 logs
2025-04-15 09:44:55,614 - proctoring - DEBUG - [image_utils.py:43] - Decoded base64 data length: 19652
2025-04-15 09:44:55,615 - proctoring - INFO - [detection_service.py:16] - Processing new frame
2025-04-15 09:44:55,627 - proctoring - INFO - [detection_service.py:34] - Face detection found 1 events
2025-04-15 09:44:55,647 - proctoring - INFO - [detection_service.py:34] - Face Mesh detection found 1 events
2025-04-15 09:44:55,656 - proctoring - INFO - [hand_detection.py:25] - Hand detected
2025-04-15 09:44:55,661 - proctoring - INFO - [detection_service.py:34] - Hand detection found 1 events
2025-04-15 09:44:55,718 - proctoring - DEBUG - [detection_service.py:37] - No YOLO detections
2025-04-15 09:44:55,718 - proctoring - INFO - [detection_service.py:42] - Total events detected: 3
2025-04-15 09:44:55,718 - proctoring - INFO - [log_service.py:12] - Attempting to store 3 logs for user 2
2025-04-15 09:44:55,719 - proctoring - DEBUG - [log_service.py:26] - Created log entry: {'time': '2025-04-15 09:44:55.615238', 'event': 'Face detected', 'event_type': 'face_detected'}
2025-04-15 09:44:55,719 - proctoring - DEBUG - [log_service.py:26] - Created log entry: {'time': '2025-04-15 09:44:55.620003', 'event': 'Mouth movement detected'}
2025-04-15 09:44:55,719 - proctoring - DEBUG - [log_service.py:26] - Created log entry: {'time': '2025-04-15 09:44:55.615359', 'event': 'Hand detected'}
2025-04-15 09:44:55,721 - proctoring - INFO - [log_service.py:40] - Successfully stored 3 logs
2025-04-15 09:44:55,722 - proctoring - DEBUG - [image_utils.py:43] - Decoded base64 data length: 19712
2025-04-15 09:44:55,723 - proctoring - INFO - [detection_service.py:16] - Processing new frame
2025-04-15 09:44:55,737 - proctoring - INFO - [detection_service.py:34] - Face detection found 1 events
2025-04-15 09:44:55,752 - proctoring - INFO - [detection_service.py:34] - Face Mesh detection found 1 events
2025-04-15 09:44:55,761 - proctoring - INFO - [hand_detection.py:25] - Hand detected
2025-04-15 09:44:55,765 - proctoring - INFO - [detection_service.py:34] - Hand detection found 1 events
2025-04-15 09:44:55,819 - proctoring - DEBUG - [detection_service.py:37] - No YOLO detections
2025-04-15 09:44:55,819 - proctoring - INFO - [detection_service.py:42] - Total events detected: 3
2025-04-15 09:44:55,819 - proctoring - INFO - [log_service.py:12] - Attempting to store 3 logs for user 2
2025-04-15 09:44:55,819 - proctoring - DEBUG - [log_service.py:26] - Created log entry: {'time': '2025-04-15 09:44:55.723468', 'event': 'Face detected', 'event_type': 'face_detected'}
2025-04-15 09:44:55,819 - proctoring - DEBUG - [log_service.py:26] - Created log entry: {'time': '2025-04-15 09:44:55.728044', 'event': 'Mouth movement detected'}
2025-04-15 09:44:55,819 - proctoring - DEBUG - [log_service.py:26] - Created log entry: {'time': '2025-04-15 09:44:55.723559', 'event': 'Hand detected'}
2025-04-15 09:44:55,821 - proctoring - INFO - [log_service.py:40] - Successfully stored 3 logs
2025-04-15 09:44:55,830 - proctoring - DEBUG - [image_utils.py:43] - Decoded base64 data length: 19811
2025-04-15 09:44:55,830 - proctoring - INFO - [detection_service.py:16] - Processing new frame
2025-04-15 09:44:55,841 - proctoring - INFO - [detection_service.py:34] - Face detection found 1 events
2025-04-15 09:44:55,856 - proctoring - INFO - [detection_service.py:34] - Face Mesh detection found 1 events
2025-04-15 09:44:55,870 - proctoring - INFO - [hand_detection.py:25] - Hand detected
2025-04-15 09:44:55,875 - proctoring - INFO - [detection_service.py:34] - Hand detection found 1 events
2025-04-15 09:44:55,934 - proctoring - DEBUG - [detection_service.py:37] - No YOLO detections
2025-04-15 09:44:55,934 - proctoring - INFO - [detection_service.py:42] - Total events detected: 3
2025-04-15 09:44:55,934 - proctoring - INFO - [log_service.py:12] - Attempting to store 3 logs for user 2
2025-04-15 09:44:55,934 - proctoring - DEBUG - [log_service.py:26] - Created log entry: {'time': '2025-04-15 09:44:55.830611', 'event': 'Face detected', 'event_type': 'face_detected'}
2025-04-15 09:44:55,935 - proctoring - DEBUG - [log_service.py:26] - Created log entry: {'time': '2025-04-15 09:44:55.835672', 'event': 'Mouth movement detected'}
2025-04-15 09:44:55,935 - proctoring - DEBUG - [log_service.py:26] - Created log entry: {'time': '2025-04-15 09:44:55.830679', 'event': 'Hand detected'}
2025-04-15 09:44:55,936 - proctoring - INFO - [log_service.py:40] - Successfully stored 3 logs
2025-04-15 09:44:55,939 - proctoring - DEBUG - [image_utils.py:43] - Decoded base64 data length: 19917
2025-04-15 09:44:55,939 - proctoring - INFO - [detection_service.py:16] - Processing new frame
2025-04-15 09:44:55,948 - proctoring - INFO - [detection_service.py:34] - Face detection found 1 events
2025-04-15 09:44:55,964 - proctoring - INFO - [detection_service.py:34] - Face Mesh detection found 1 events
2025-04-15 09:44:55,975 - proctoring - INFO - [hand_detection.py:25] - Hand detected
2025-04-15 09:44:55,980 - proctoring - INFO - [detection_service.py:34] - Hand detection found 1 events
2025-04-15 09:44:56,032 - proctoring - DEBUG - [detection_service.py:37] - No YOLO detections
2025-04-15 09:44:56,032 - proctoring - INFO - [detection_service.py:42] - Total events detected: 3
2025-04-15 09:44:56,032 - proctoring - INFO - [log_service.py:12] - Attempting to store 3 logs for user 2
2025-04-15 09:44:56,032 - proctoring - DEBUG - [log_service.py:26] - Created log entry: {'time': '2025-04-15 09:44:55.939529', 'event': 'Face detected', 'event_type': 'face_detected'}
2025-04-15 09:44:56,032 - proctoring - DEBUG - [log_service.py:26] - Created log entry: {'time': '2025-04-15 09:44:55.943211', 'event': 'Mouth movement detected'}
2025-04-15 09:44:56,032 - proctoring - DEBUG - [log_service.py:26] - Created log entry: {'time': '2025-04-15 09:44:55.939599', 'event': 'Hand detected'}
2025-04-15 09:44:56,034 - proctoring - INFO - [log_service.py:40] - Successfully stored 3 logs
2025-04-15 09:44:56,042 - proctoring - DEBUG - [image_utils.py:43] - Decoded base64 data length: 19958
2025-04-15 09:44:56,043 - proctoring - INFO - [detection_service.py:16] - Processing new frame
2025-04-15 09:44:56,054 - proctoring - INFO - [detection_service.py:34] - Face detection found 1 events
2025-04-15 09:44:56,068 - proctoring - INFO - [detection_service.py:34] - Face Mesh detection found 1 events
2025-04-15 09:44:56,080 - proctoring - INFO - [hand_detection.py:25] - Hand detected
2025-04-15 09:44:56,088 - proctoring - INFO - [detection_service.py:34] - Hand detection found 1 events
2025-04-15 09:44:56,141 - proctoring - DEBUG - [detection_service.py:37] - No YOLO detections
2025-04-15 09:44:56,141 - proctoring - INFO - [detection_service.py:42] - Total events detected: 3
2025-04-15 09:44:56,141 - proctoring - INFO - [log_service.py:12] - Attempting to store 3 logs for user 2
2025-04-15 09:44:56,141 - proctoring - DEBUG - [log_service.py:26] - Created log entry: {'time': '2025-04-15 09:44:56.043219', 'event': 'Face detected', 'event_type': 'face_detected'}
2025-04-15 09:44:56,141 - proctoring - DEBUG - [log_service.py:26] - Created log entry: {'time': '2025-04-15 09:44:56.047620', 'event': 'Mouth movement detected'}
2025-04-15 09:44:56,141 - proctoring - DEBUG - [log_service.py:26] - Created log entry: {'time': '2025-04-15 09:44:56.043293', 'event': 'Hand detected'}
2025-04-15 09:44:56,143 - proctoring - INFO - [log_service.py:40] - Successfully stored 3 logs
2025-04-15 09:44:56,149 - proctoring - DEBUG - [image_utils.py:43] - Decoded base64 data length: 20035
2025-04-15 09:44:56,149 - proctoring - INFO - [detection_service.py:16] - Processing new frame
2025-04-15 09:44:56,161 - proctoring - INFO - [detection_service.py:34] - Face detection found 1 events
2025-04-15 09:44:56,176 - proctoring - INFO - [detection_service.py:34] - Face Mesh detection found 1 events
2025-04-15 09:44:56,181 - proctoring - INFO - [hand_detection.py:25] - Hand detected
2025-04-15 09:44:56,189 - proctoring - INFO - [detection_service.py:34] - Hand detection found 1 events
2025-04-15 09:44:56,244 - proctoring - DEBUG - [detection_service.py:37] - No YOLO detections
2025-04-15 09:44:56,244 - proctoring - INFO - [detection_service.py:42] - Total events detected: 3
2025-04-15 09:44:56,244 - proctoring - INFO - [log_service.py:12] - Attempting to store 3 logs for user 2
2025-04-15 09:44:56,244 - proctoring - DEBUG - [log_service.py:26] - Created log entry: {'time': '2025-04-15 09:44:56.150051', 'event': 'Face detected', 'event_type': 'face_detected'}
2025-04-15 09:44:56,244 - proctoring - DEBUG - [log_service.py:26] - Created log entry: {'time': '2025-04-15 09:44:56.154850', 'event': 'Mouth movement detected'}
2025-04-15 09:44:56,244 - proctoring - DEBUG - [log_service.py:26] - Created log entry: {'time': '2025-04-15 09:44:56.150150', 'event': 'Hand detected'}
2025-04-15 09:44:56,246 - proctoring - INFO - [log_service.py:40] - Successfully stored 3 logs
2025-04-15 09:44:56,255 - proctoring - DEBUG - [image_utils.py:43] - Decoded base64 data length: 20073
2025-04-15 09:44:56,255 - proctoring - INFO - [detection_service.py:16] - Processing new frame
2025-04-15 09:44:56,267 - proctoring - INFO - [detection_service.py:34] - Face detection found 1 events
2025-04-15 09:44:56,289 - proctoring - INFO - [detection_service.py:34] - Face Mesh detection found 1 events
2025-04-15 09:44:56,289 - proctoring - INFO - [hand_detection.py:25] - Hand detected
2025-04-15 09:44:56,298 - proctoring - INFO - [detection_service.py:34] - Hand detection found 1 events
2025-04-15 09:44:56,358 - proctoring - DEBUG - [detection_service.py:37] - No YOLO detections
2025-04-15 09:44:56,358 - proctoring - INFO - [detection_service.py:42] - Total events detected: 3
2025-04-15 09:44:56,358 - proctoring - INFO - [log_service.py:12] - Attempting to store 3 logs for user 2
2025-04-15 09:44:56,358 - proctoring - DEBUG - [log_service.py:26] - Created log entry: {'time': '2025-04-15 09:44:56.256021', 'event': 'Face detected', 'event_type': 'face_detected'}
2025-04-15 09:44:56,358 - proctoring - DEBUG - [log_service.py:26] - Created log entry: {'time': '2025-04-15 09:44:56.260414', 'event': 'Mouth movement detected'}
2025-04-15 09:44:56,358 - proctoring - DEBUG - [log_service.py:26] - Created log entry: {'time': '2025-04-15 09:44:56.256111', 'event': 'Hand detected'}
2025-04-15 09:44:56,361 - proctoring - INFO - [log_service.py:40] - Successfully stored 3 logs
2025-04-15 09:44:56,365 - proctoring - DEBUG - [image_utils.py:43] - Decoded base64 data length: 20053
2025-04-15 09:44:56,365 - proctoring - INFO - [detection_service.py:16] - Processing new frame
2025-04-15 09:44:56,379 - proctoring - INFO - [detection_service.py:34] - Face detection found 1 events
2025-04-15 09:44:56,390 - proctoring - INFO - [detection_service.py:34] - Face Mesh detection found 1 events
2025-04-15 09:44:56,403 - proctoring - INFO - [hand_detection.py:25] - Hand detected
2025-04-15 09:44:56,410 - proctoring - INFO - [detection_service.py:34] - Hand detection found 1 events
2025-04-15 09:44:56,467 - proctoring - DEBUG - [detection_service.py:37] - No YOLO detections
2025-04-15 09:44:56,467 - proctoring - INFO - [detection_service.py:42] - Total events detected: 3
2025-04-15 09:44:56,467 - proctoring - INFO - [log_service.py:12] - Attempting to store 3 logs for user 2
2025-04-15 09:44:56,468 - proctoring - DEBUG - [log_service.py:26] - Created log entry: {'time': '2025-04-15 09:44:56.365875', 'event': 'Face detected', 'event_type': 'face_detected'}
2025-04-15 09:44:56,468 - proctoring - DEBUG - [log_service.py:26] - Created log entry: {'time': '2025-04-15 09:44:56.371170', 'event': 'Mouth movement detected'}
2025-04-15 09:44:56,468 - proctoring - DEBUG - [log_service.py:26] - Created log entry: {'time': '2025-04-15 09:44:56.365960', 'event': 'Hand detected'}
2025-04-15 09:44:56,469 - proctoring - INFO - [log_service.py:40] - Successfully stored 3 logs
2025-04-15 09:44:56,471 - proctoring - DEBUG - [image_utils.py:43] - Decoded base64 data length: 19572
2025-04-15 09:44:56,472 - proctoring - INFO - [detection_service.py:16] - Processing new frame
2025-04-15 09:44:56,483 - proctoring - INFO - [detection_service.py:34] - Face detection found 1 events
2025-04-15 09:44:56,497 - proctoring - INFO - [detection_service.py:34] - Face Mesh detection found 1 events
2025-04-15 09:44:56,510 - proctoring - INFO - [hand_detection.py:25] - Hand detected
2025-04-15 09:44:56,516 - proctoring - INFO - [detection_service.py:34] - Hand detection found 1 events
2025-04-15 09:44:56,567 - proctoring - DEBUG - [detection_service.py:37] - No YOLO detections
2025-04-15 09:44:56,567 - proctoring - INFO - [detection_service.py:42] - Total events detected: 3
2025-04-15 09:44:56,567 - proctoring - INFO - [log_service.py:12] - Attempting to store 3 logs for user 2
2025-04-15 09:44:56,567 - proctoring - DEBUG - [log_service.py:26] - Created log entry: {'time': '2025-04-15 09:44:56.472523', 'event': 'Face detected', 'event_type': 'face_detected'}
2025-04-15 09:44:56,567 - proctoring - DEBUG - [log_service.py:26] - Created log entry: {'time': '2025-04-15 09:44:56.476982', 'event': 'Mouth movement detected'}
2025-04-15 09:44:56,567 - proctoring - DEBUG - [log_service.py:26] - Created log entry: {'time': '2025-04-15 09:44:56.472594', 'event': 'Hand detected'}
2025-04-15 09:44:56,569 - proctoring - INFO - [log_service.py:40] - Successfully stored 3 logs
2025-04-15 09:44:56,578 - proctoring - DEBUG - [image_utils.py:43] - Decoded base64 data length: 19545
2025-04-15 09:44:56,578 - proctoring - INFO - [detection_service.py:16] - Processing new frame
2025-04-15 09:44:56,592 - proctoring - INFO - [detection_service.py:34] - Face detection found 1 events
2025-04-15 09:44:56,605 - proctoring - INFO - [detection_service.py:34] - Face Mesh detection found 1 events
2025-04-15 09:44:56,610 - proctoring - INFO - [hand_detection.py:25] - Hand detected
2025-04-15 09:44:56,616 - proctoring - INFO - [detection_service.py:34] - Hand detection found 1 events
2025-04-15 09:44:56,679 - proctoring - DEBUG - [detection_service.py:37] - No YOLO detections
2025-04-15 09:44:56,679 - proctoring - INFO - [detection_service.py:42] - Total events detected: 3
2025-04-15 09:44:56,679 - proctoring - INFO - [log_service.py:12] - Attempting to store 3 logs for user 2
2025-04-15 09:44:56,679 - proctoring - DEBUG - [log_service.py:26] - Created log entry: {'time': '2025-04-15 09:44:56.579065', 'event': 'Face detected', 'event_type': 'face_detected'}
2025-04-15 09:44:56,679 - proctoring - DEBUG - [log_service.py:26] - Created log entry: {'time': '2025-04-15 09:44:56.585054', 'event': 'Mouth movement detected'}
2025-04-15 09:44:56,679 - proctoring - DEBUG - [log_service.py:26] - Created log entry: {'time': '2025-04-15 09:44:56.579145', 'event': 'Hand detected'}
2025-04-15 09:44:56,683 - proctoring - INFO - [log_service.py:40] - Successfully stored 3 logs
2025-04-15 09:44:56,687 - proctoring - DEBUG - [image_utils.py:43] - Decoded base64 data length: 19553
2025-04-15 09:44:56,688 - proctoring - INFO - [detection_service.py:16] - Processing new frame
2025-04-15 09:44:56,702 - proctoring - INFO - [detection_service.py:34] - Face detection found 1 events
2025-04-15 09:44:56,716 - proctoring - INFO - [detection_service.py:34] - Face Mesh detection found 1 events
2025-04-15 09:44:56,730 - proctoring - INFO - [hand_detection.py:25] - Hand detected
2025-04-15 09:44:56,737 - proctoring - INFO - [detection_service.py:34] - Hand detection found 1 events
2025-04-15 09:44:56,797 - proctoring - DEBUG - [detection_service.py:37] - No YOLO detections
2025-04-15 09:44:56,797 - proctoring - INFO - [detection_service.py:42] - Total events detected: 3
2025-04-15 09:44:56,797 - proctoring - INFO - [log_service.py:12] - Attempting to store 3 logs for user 2
2025-04-15 09:44:56,797 - proctoring - DEBUG - [log_service.py:26] - Created log entry: {'time': '2025-04-15 09:44:56.688102', 'event': 'Face detected', 'event_type': 'face_detected'}
2025-04-15 09:44:56,797 - proctoring - DEBUG - [log_service.py:26] - Created log entry: {'time': '2025-04-15 09:44:56.693205', 'event': 'Mouth movement detected'}
2025-04-15 09:44:56,797 - proctoring - DEBUG - [log_service.py:26] - Created log entry: {'time': '2025-04-15 09:44:56.688254', 'event': 'Hand detected'}
2025-04-15 09:44:56,799 - proctoring - INFO - [log_service.py:40] - Successfully stored 3 logs
2025-04-15 09:44:56,801 - proctoring - DEBUG - [image_utils.py:43] - Decoded base64 data length: 19434
2025-04-15 09:44:56,802 - proctoring - INFO - [detection_service.py:16] - Processing new frame
2025-04-15 09:44:56,813 - proctoring - INFO - [detection_service.py:34] - Face detection found 1 events
2025-04-15 09:44:56,823 - proctoring - INFO - [detection_service.py:34] - Face Mesh detection found 1 events
2025-04-15 09:44:56,839 - proctoring - INFO - [hand_detection.py:25] - Hand detected
2025-04-15 09:44:56,844 - proctoring - INFO - [detection_service.py:34] - Hand detection found 1 events
2025-04-15 09:44:56,892 - proctoring - DEBUG - [detection_service.py:37] - No YOLO detections
2025-04-15 09:44:56,892 - proctoring - INFO - [detection_service.py:42] - Total events detected: 3
2025-04-15 09:44:56,892 - proctoring - INFO - [log_service.py:12] - Attempting to store 3 logs for user 2
2025-04-15 09:44:56,892 - proctoring - DEBUG - [log_service.py:26] - Created log entry: {'time': '2025-04-15 09:44:56.802260', 'event': 'Face detected', 'event_type': 'face_detected'}
2025-04-15 09:44:56,892 - proctoring - DEBUG - [log_service.py:26] - Created log entry: {'time': '2025-04-15 09:44:56.805946', 'event': 'Mouth movement detected'}
2025-04-15 09:44:56,892 - proctoring - DEBUG - [log_service.py:26] - Created log entry: {'time': '2025-04-15 09:44:56.802325', 'event': 'Hand detected'}
2025-04-15 09:44:56,894 - proctoring - INFO - [log_service.py:40] - Successfully stored 3 logs
2025-04-15 09:44:56,902 - proctoring - DEBUG - [image_utils.py:43] - Decoded base64 data length: 19396
2025-04-15 09:44:56,902 - proctoring - INFO - [detection_service.py:16] - Processing new frame
2025-04-15 09:44:56,914 - proctoring - INFO - [detection_service.py:34] - Face detection found 1 events
2025-04-15 09:44:56,924 - proctoring - INFO - [detection_service.py:34] - Face Mesh detection found 1 events
2025-04-15 09:44:56,935 - proctoring - INFO - [hand_detection.py:25] - Hand detected
2025-04-15 09:44:56,939 - proctoring - INFO - [detection_service.py:34] - Hand detection found 1 events
2025-04-15 09:44:56,988 - proctoring - DEBUG - [detection_service.py:37] - No YOLO detections
2025-04-15 09:44:56,988 - proctoring - INFO - [detection_service.py:42] - Total events detected: 3
2025-04-15 09:44:56,988 - proctoring - INFO - [log_service.py:12] - Attempting to store 3 logs for user 2
2025-04-15 09:44:56,988 - proctoring - DEBUG - [log_service.py:26] - Created log entry: {'time': '2025-04-15 09:44:56.902586', 'event': 'Face detected', 'event_type': 'face_detected'}
2025-04-15 09:44:56,988 - proctoring - DEBUG - [log_service.py:26] - Created log entry: {'time': '2025-04-15 09:44:56.906473', 'event': 'Mouth movement detected'}
2025-04-15 09:44:56,988 - proctoring - DEBUG - [log_service.py:26] - Created log entry: {'time': '2025-04-15 09:44:56.902664', 'event': 'Hand detected'}
2025-04-15 09:44:56,990 - proctoring - INFO - [log_service.py:40] - Successfully stored 3 logs
2025-04-15 09:44:57,009 - proctoring - DEBUG - [image_utils.py:43] - Decoded base64 data length: 19464
2025-04-15 09:44:57,009 - proctoring - INFO - [detection_service.py:16] - Processing new frame
2025-04-15 09:44:57,023 - proctoring - INFO - [detection_service.py:34] - Face detection found 1 events
2025-04-15 09:44:57,034 - proctoring - INFO - [detection_service.py:34] - Face Mesh detection found 1 events
2025-04-15 09:44:57,049 - proctoring - INFO - [hand_detection.py:25] - Hand detected
2025-04-15 09:44:57,054 - proctoring - INFO - [detection_service.py:34] - Hand detection found 1 events
2025-04-15 09:44:57,107 - proctoring - DEBUG - [detection_service.py:37] - No YOLO detections
2025-04-15 09:44:57,107 - proctoring - INFO - [detection_service.py:42] - Total events detected: 3
2025-04-15 09:44:57,107 - proctoring - INFO - [log_service.py:12] - Attempting to store 3 logs for user 2
2025-04-15 09:44:57,107 - proctoring - DEBUG - [log_service.py:26] - Created log entry: {'time': '2025-04-15 09:44:57.009767', 'event': 'Face detected', 'event_type': 'face_detected'}
2025-04-15 09:44:57,107 - proctoring - DEBUG - [log_service.py:26] - Created log entry: {'time': '2025-04-15 09:44:57.013561', 'event': 'Mouth movement detected'}
2025-04-15 09:44:57,107 - proctoring - DEBUG - [log_service.py:26] - Created log entry: {'time': '2025-04-15 09:44:57.009848', 'event': 'Hand detected'}
2025-04-15 09:44:57,109 - proctoring - INFO - [log_service.py:40] - Successfully stored 3 logs
2025-04-15 09:44:57,115 - proctoring - DEBUG - [image_utils.py:43] - Decoded base64 data length: 19532
2025-04-15 09:44:57,116 - proctoring - INFO - [detection_service.py:16] - Processing new frame
2025-04-15 09:44:57,128 - proctoring - INFO - [detection_service.py:34] - Face detection found 1 events
2025-04-15 09:44:57,142 - proctoring - INFO - [detection_service.py:34] - Face Mesh detection found 1 events
2025-04-15 09:44:57,147 - proctoring - INFO - [hand_detection.py:25] - Hand detected
2025-04-15 09:44:57,156 - proctoring - INFO - [detection_service.py:34] - Hand detection found 1 events
2025-04-15 09:44:57,215 - proctoring - DEBUG - [detection_service.py:37] - No YOLO detections
2025-04-15 09:44:57,215 - proctoring - INFO - [detection_service.py:42] - Total events detected: 3
2025-04-15 09:44:57,215 - proctoring - INFO - [log_service.py:12] - Attempting to store 3 logs for user 2
2025-04-15 09:44:57,215 - proctoring - DEBUG - [log_service.py:26] - Created log entry: {'time': '2025-04-15 09:44:57.116328', 'event': 'Face detected', 'event_type': 'face_detected'}
2025-04-15 09:44:57,215 - proctoring - DEBUG - [log_service.py:26] - Created log entry: {'time': '2025-04-15 09:44:57.121670', 'event': 'Mouth movement detected'}
2025-04-15 09:44:57,215 - proctoring - DEBUG - [log_service.py:26] - Created log entry: {'time': '2025-04-15 09:44:57.116412', 'event': 'Hand detected'}
2025-04-15 09:44:57,217 - proctoring - INFO - [log_service.py:40] - Successfully stored 3 logs
2025-04-15 09:44:57,223 - proctoring - DEBUG - [image_utils.py:43] - Decoded base64 data length: 19518
2025-04-15 09:44:57,223 - proctoring - INFO - [detection_service.py:16] - Processing new frame
2025-04-15 09:44:57,236 - proctoring - INFO - [detection_service.py:34] - Face detection found 1 events
2025-04-15 09:44:57,250 - proctoring - INFO - [detection_service.py:34] - Face Mesh detection found 1 events
2025-04-15 09:44:57,255 - proctoring - INFO - [hand_detection.py:25] - Hand detected
2025-04-15 09:44:57,264 - proctoring - INFO - [detection_service.py:34] - Hand detection found 1 events
2025-04-15 09:44:57,323 - proctoring - DEBUG - [detection_service.py:37] - No YOLO detections
2025-04-15 09:44:57,323 - proctoring - INFO - [detection_service.py:42] - Total events detected: 3
2025-04-15 09:44:57,323 - proctoring - INFO - [log_service.py:12] - Attempting to store 3 logs for user 2
2025-04-15 09:44:57,323 - proctoring - DEBUG - [log_service.py:26] - Created log entry: {'time': '2025-04-15 09:44:57.224076', 'event': 'Face detected', 'event_type': 'face_detected'}
2025-04-15 09:44:57,323 - proctoring - DEBUG - [log_service.py:26] - Created log entry: {'time': '2025-04-15 09:44:57.228300', 'event': 'Mouth movement detected'}
2025-04-15 09:44:57,323 - proctoring - DEBUG - [log_service.py:26] - Created log entry: {'time': '2025-04-15 09:44:57.224157', 'event': 'Hand detected'}
2025-04-15 09:44:57,326 - proctoring - INFO - [log_service.py:40] - Successfully stored 3 logs
2025-04-15 09:44:57,331 - proctoring - DEBUG - [image_utils.py:43] - Decoded base64 data length: 19521
2025-04-15 09:44:57,332 - proctoring - INFO - [detection_service.py:16] - Processing new frame
2025-04-15 09:44:57,345 - proctoring - INFO - [detection_service.py:34] - Face detection found 1 events
2025-04-15 09:44:57,360 - proctoring - INFO - [detection_service.py:34] - Face Mesh detection found 1 events
2025-04-15 09:44:57,364 - proctoring - INFO - [hand_detection.py:25] - Hand detected
2025-04-15 09:44:57,368 - proctoring - INFO - [detection_service.py:34] - Hand detection found 1 events
2025-04-15 09:44:57,426 - proctoring - DEBUG - [detection_service.py:37] - No YOLO detections
2025-04-15 09:44:57,426 - proctoring - INFO - [detection_service.py:42] - Total events detected: 3
2025-04-15 09:44:57,426 - proctoring - INFO - [log_service.py:12] - Attempting to store 3 logs for user 2
2025-04-15 09:44:57,426 - proctoring - DEBUG - [log_service.py:26] - Created log entry: {'time': '2025-04-15 09:44:57.332278', 'event': 'Face detected', 'event_type': 'face_detected'}
2025-04-15 09:44:57,426 - proctoring - DEBUG - [log_service.py:26] - Created log entry: {'time': '2025-04-15 09:44:57.336454', 'event': 'Mouth movement detected'}
2025-04-15 09:44:57,426 - proctoring - DEBUG - [log_service.py:26] - Created log entry: {'time': '2025-04-15 09:44:57.332356', 'event': 'Hand detected'}
2025-04-15 09:44:57,428 - proctoring - INFO - [log_service.py:40] - Successfully stored 3 logs
2025-04-15 09:44:57,437 - proctoring - DEBUG - [image_utils.py:43] - Decoded base64 data length: 19271
2025-04-15 09:44:57,437 - proctoring - INFO - [detection_service.py:16] - Processing new frame
2025-04-15 09:44:57,451 - proctoring - INFO - [detection_service.py:34] - Face detection found 1 events
2025-04-15 09:44:57,464 - proctoring - INFO - [detection_service.py:34] - Face Mesh detection found 1 events
2025-04-15 09:44:57,478 - proctoring - INFO - [hand_detection.py:25] - Hand detected
2025-04-15 09:44:57,483 - proctoring - INFO - [detection_service.py:34] - Hand detection found 1 events
2025-04-15 09:44:57,538 - proctoring - DEBUG - [detection_service.py:37] - No YOLO detections
2025-04-15 09:44:57,539 - proctoring - INFO - [detection_service.py:42] - Total events detected: 3
2025-04-15 09:44:57,539 - proctoring - INFO - [log_service.py:12] - Attempting to store 3 logs for user 2
2025-04-15 09:44:57,539 - proctoring - DEBUG - [log_service.py:26] - Created log entry: {'time': '2025-04-15 09:44:57.437689', 'event': 'Face detected', 'event_type': 'face_detected'}
2025-04-15 09:44:57,539 - proctoring - DEBUG - [log_service.py:26] - Created log entry: {'time': '2025-04-15 09:44:57.441562', 'event': 'Mouth movement detected'}
2025-04-15 09:44:57,539 - proctoring - DEBUG - [log_service.py:26] - Created log entry: {'time': '2025-04-15 09:44:57.437770', 'event': 'Hand detected'}
2025-04-15 09:44:57,541 - proctoring - INFO - [log_service.py:40] - Successfully stored 3 logs
2025-04-15 09:44:57,544 - proctoring - DEBUG - [image_utils.py:43] - Decoded base64 data length: 19054
2025-04-15 09:44:57,544 - proctoring - INFO - [detection_service.py:16] - Processing new frame
2025-04-15 09:44:57,557 - proctoring - INFO - [detection_service.py:34] - Face detection found 2 events
2025-04-15 09:44:57,574 - proctoring - INFO - [detection_service.py:34] - Face Mesh detection found 1 events
2025-04-15 09:44:57,583 - proctoring - INFO - [hand_detection.py:25] - Hand detected
2025-04-15 09:44:57,588 - proctoring - INFO - [detection_service.py:34] - Hand detection found 1 events
2025-04-15 09:44:57,639 - proctoring - DEBUG - [detection_service.py:37] - No YOLO detections
2025-04-15 09:44:57,640 - proctoring - INFO - [detection_service.py:42] - Total events detected: 4
2025-04-15 09:44:57,640 - proctoring - INFO - [log_service.py:12] - Attempting to store 4 logs for user 2
2025-04-15 09:44:57,640 - proctoring - DEBUG - [log_service.py:26] - Created log entry: {'time': '2025-04-15 09:44:57.544893', 'event': 'Face detected', 'event_type': 'face_detected'}
2025-04-15 09:44:57,640 - proctoring - DEBUG - [log_service.py:26] - Created log entry: {'time': '2025-04-15 09:44:57.544893', 'event': 'Eye movement detected', 'event_type': 'eye_movement'}
2025-04-15 09:44:57,640 - proctoring - DEBUG - [log_service.py:26] - Created log entry: {'time': '2025-04-15 09:44:57.549221', 'event': 'Mouth movement detected'}
2025-04-15 09:44:57,640 - proctoring - DEBUG - [log_service.py:26] - Created log entry: {'time': '2025-04-15 09:44:57.544983', 'event': 'Hand detected'}
2025-04-15 09:44:57,642 - proctoring - INFO - [log_service.py:40] - Successfully stored 4 logs
2025-04-15 09:44:57,650 - proctoring - DEBUG - [image_utils.py:43] - Decoded base64 data length: 18598
2025-04-15 09:44:57,651 - proctoring - INFO - [detection_service.py:16] - Processing new frame
2025-04-15 09:44:57,663 - proctoring - INFO - [detection_service.py:34] - Face detection found 1 events
2025-04-15 09:44:57,675 - proctoring - INFO - [detection_service.py:34] - Face Mesh detection found 1 events
2025-04-15 09:44:57,680 - proctoring - DEBUG - [detection_service.py:37] - No Hand detections
2025-04-15 09:44:57,915 - proctoring - DEBUG - [detection_service.py:37] - No YOLO detections
2025-04-15 09:44:57,915 - proctoring - INFO - [detection_service.py:42] - Total events detected: 2
2025-04-15 09:44:57,915 - proctoring - INFO - [log_service.py:12] - Attempting to store 2 logs for user 2
2025-04-15 09:44:57,915 - proctoring - DEBUG - [log_service.py:26] - Created log entry: {'time': '2025-04-15 09:44:57.651129', 'event': 'Face detected', 'event_type': 'face_detected'}
2025-04-15 09:44:57,915 - proctoring - DEBUG - [log_service.py:26] - Created log entry: {'time': '2025-04-15 09:44:57.654922', 'event': 'Mouth movement detected'}
2025-04-15 09:44:57,917 - proctoring - INFO - [log_service.py:40] - Successfully stored 2 logs
2025-04-15 09:44:57,918 - proctoring - DEBUG - [image_utils.py:43] - Decoded base64 data length: 18429
2025-04-15 09:44:57,919 - proctoring - INFO - [detection_service.py:16] - Processing new frame
2025-04-15 09:44:57,932 - proctoring - INFO - [detection_service.py:34] - Face detection found 1 events
2025-04-15 09:44:57,944 - proctoring - INFO - [detection_service.py:34] - Face Mesh detection found 1 events
2025-04-15 09:44:57,950 - proctoring - DEBUG - [detection_service.py:37] - No Hand detections
2025-04-15 09:44:58,006 - proctoring - DEBUG - [detection_service.py:37] - No YOLO detections
2025-04-15 09:44:58,006 - proctoring - INFO - [detection_service.py:42] - Total events detected: 2
2025-04-15 09:44:58,006 - proctoring - INFO - [log_service.py:12] - Attempting to store 2 logs for user 2
2025-04-15 09:44:58,006 - proctoring - DEBUG - [log_service.py:26] - Created log entry: {'time': '2025-04-15 09:44:57.919467', 'event': 'Face detected', 'event_type': 'face_detected'}
2025-04-15 09:44:58,006 - proctoring - DEBUG - [log_service.py:26] - Created log entry: {'time': '2025-04-15 09:44:57.924671', 'event': 'Mouth movement detected'}
2025-04-15 09:44:58,008 - proctoring - INFO - [log_service.py:40] - Successfully stored 2 logs
2025-04-15 09:44:58,009 - proctoring - DEBUG - [image_utils.py:43] - Decoded base64 data length: 18531
2025-04-15 09:44:58,010 - proctoring - INFO - [detection_service.py:16] - Processing new frame
2025-04-15 09:44:58,022 - proctoring - INFO - [detection_service.py:34] - Face detection found 1 events
2025-04-15 09:44:58,033 - proctoring - INFO - [detection_service.py:34] - Face Mesh detection found 1 events
2025-04-15 09:44:58,040 - proctoring - DEBUG - [detection_service.py:37] - No Hand detections
2025-04-15 09:44:58,103 - proctoring - DEBUG - [detection_service.py:37] - No YOLO detections
2025-04-15 09:44:58,103 - proctoring - INFO - [detection_service.py:42] - Total events detected: 2
2025-04-15 09:44:58,104 - proctoring - INFO - [log_service.py:12] - Attempting to store 2 logs for user 2
2025-04-15 09:44:58,104 - proctoring - DEBUG - [log_service.py:26] - Created log entry: {'time': '2025-04-15 09:44:58.010155', 'event': 'Face detected', 'event_type': 'face_detected'}
2025-04-15 09:44:58,104 - proctoring - DEBUG - [log_service.py:26] - Created log entry: {'time': '2025-04-15 09:44:58.014265', 'event': 'Mouth movement detected'}
2025-04-15 09:44:58,105 - proctoring - INFO - [log_service.py:40] - Successfully stored 2 logs
2025-04-15 09:44:58,107 - proctoring - DEBUG - [image_utils.py:43] - Decoded base64 data length: 18991
2025-04-15 09:44:58,107 - proctoring - INFO - [detection_service.py:16] - Processing new frame
2025-04-15 09:44:58,121 - proctoring - INFO - [detection_service.py:34] - Face detection found 2 events
2025-04-15 09:44:58,134 - proctoring - INFO - [detection_service.py:34] - Face Mesh detection found 1 events
2025-04-15 09:44:58,138 - proctoring - DEBUG - [detection_service.py:37] - No Hand detections
2025-04-15 09:44:58,201 - proctoring - DEBUG - [detection_service.py:37] - No YOLO detections
2025-04-15 09:44:58,201 - proctoring - INFO - [detection_service.py:42] - Total events detected: 3
2025-04-15 09:44:58,201 - proctoring - INFO - [log_service.py:12] - Attempting to store 3 logs for user 2
2025-04-15 09:44:58,201 - proctoring - DEBUG - [log_service.py:26] - Created log entry: {'time': '2025-04-15 09:44:58.107742', 'event': 'Face detected', 'event_type': 'face_detected'}
2025-04-15 09:44:58,201 - proctoring - DEBUG - [log_service.py:26] - Created log entry: {'time': '2025-04-15 09:44:58.107742', 'event': 'Eye movement detected', 'event_type': 'eye_movement'}
2025-04-15 09:44:58,201 - proctoring - DEBUG - [log_service.py:26] - Created log entry: {'time': '2025-04-15 09:44:58.111997', 'event': 'Mouth movement detected'}
2025-04-15 09:44:58,203 - proctoring - INFO - [log_service.py:40] - Successfully stored 3 logs
2025-04-15 09:44:58,204 - proctoring - DEBUG - [image_utils.py:43] - Decoded base64 data length: 19086
2025-04-15 09:44:58,205 - proctoring - INFO - [detection_service.py:16] - Processing new frame
2025-04-15 09:44:58,218 - proctoring - INFO - [detection_service.py:34] - Face detection found 1 events
2025-04-15 09:44:58,230 - proctoring - INFO - [detection_service.py:34] - Face Mesh detection found 1 events
2025-04-15 09:44:58,236 - proctoring - DEBUG - [detection_service.py:37] - No Hand detections
2025-04-15 09:44:58,301 - proctoring - DEBUG - [detection_service.py:37] - No YOLO detections
2025-04-15 09:44:58,301 - proctoring - INFO - [detection_service.py:42] - Total events detected: 2
2025-04-15 09:44:58,302 - proctoring - INFO - [log_service.py:12] - Attempting to store 2 logs for user 2
2025-04-15 09:44:58,302 - proctoring - DEBUG - [log_service.py:26] - Created log entry: {'time': '2025-04-15 09:44:58.205401', 'event': 'Face detected', 'event_type': 'face_detected'}
2025-04-15 09:44:58,302 - proctoring - DEBUG - [log_service.py:26] - Created log entry: {'time': '2025-04-15 09:44:58.209411', 'event': 'Mouth movement detected'}
2025-04-15 09:44:58,303 - proctoring - INFO - [log_service.py:40] - Successfully stored 2 logs
2025-04-15 09:44:58,305 - proctoring - DEBUG - [image_utils.py:43] - Decoded base64 data length: 18879
2025-04-15 09:44:58,305 - proctoring - INFO - [detection_service.py:16] - Processing new frame
2025-04-15 09:44:58,319 - proctoring - INFO - [detection_service.py:34] - Face detection found 3 events
2025-04-15 09:44:58,331 - proctoring - INFO - [detection_service.py:34] - Face Mesh detection found 1 events
2025-04-15 09:44:58,337 - proctoring - DEBUG - [detection_service.py:37] - No Hand detections
2025-04-15 09:44:58,420 - proctoring - DEBUG - [detection_service.py:37] - No YOLO detections
2025-04-15 09:44:58,420 - proctoring - INFO - [detection_service.py:42] - Total events detected: 4
2025-04-15 09:44:58,420 - proctoring - INFO - [log_service.py:12] - Attempting to store 4 logs for user 2
2025-04-15 09:44:58,420 - proctoring - DEBUG - [log_service.py:26] - Created log entry: {'time': '2025-04-15 09:44:58.305881', 'event': 'Face detected', 'event_type': 'face_detected'}
2025-04-15 09:44:58,420 - proctoring - DEBUG - [log_service.py:26] - Created log entry: {'time': '2025-04-15 09:44:58.305881', 'event': 'Eye movement detected', 'event_type': 'eye_movement'}
2025-04-15 09:44:58,420 - proctoring - DEBUG - [log_service.py:26] - Created log entry: {'time': '2025-04-15 09:44:58.305881', 'event': 'Mouth movement detected', 'event_type': 'mouth_movement'}
2025-04-15 09:44:58,420 - proctoring - DEBUG - [log_service.py:26] - Created log entry: {'time': '2025-04-15 09:44:58.310392', 'event': 'Mouth movement detected'}
2025-04-15 09:44:58,422 - proctoring - INFO - [log_service.py:40] - Successfully stored 4 logs
2025-04-15 09:44:58,424 - proctoring - DEBUG - [image_utils.py:43] - Decoded base64 data length: 18930
2025-04-15 09:44:58,425 - proctoring - INFO - [detection_service.py:16] - Processing new frame
2025-04-15 09:44:58,437 - proctoring - INFO - [detection_service.py:34] - Face detection found 2 events
2025-04-15 09:44:58,448 - proctoring - INFO - [detection_service.py:34] - Face Mesh detection found 1 events
2025-04-15 09:44:58,455 - proctoring - DEBUG - [detection_service.py:37] - No Hand detections
2025-04-15 09:44:58,518 - proctoring - DEBUG - [detection_service.py:37] - No YOLO detections
2025-04-15 09:44:58,518 - proctoring - INFO - [detection_service.py:42] - Total events detected: 3
2025-04-15 09:44:58,518 - proctoring - INFO - [log_service.py:12] - Attempting to store 3 logs for user 2
2025-04-15 09:44:58,518 - proctoring - DEBUG - [log_service.py:26] - Created log entry: {'time': '2025-04-15 09:44:58.425421', 'event': 'Face detected', 'event_type': 'face_detected'}
2025-04-15 09:44:58,518 - proctoring - DEBUG - [log_service.py:26] - Created log entry: {'time': '2025-04-15 09:44:58.425421', 'event': 'Mouth movement detected', 'event_type': 'mouth_movement'}
2025-04-15 09:44:58,518 - proctoring - DEBUG - [log_service.py:26] - Created log entry: {'time': '2025-04-15 09:44:58.429387', 'event': 'Mouth movement detected'}
2025-04-15 09:44:58,520 - proctoring - INFO - [log_service.py:40] - Successfully stored 3 logs
2025-04-15 09:44:58,523 - proctoring - DEBUG - [image_utils.py:43] - Decoded base64 data length: 19077
2025-04-15 09:44:58,523 - proctoring - INFO - [detection_service.py:16] - Processing new frame
2025-04-15 09:44:58,538 - proctoring - INFO - [detection_service.py:34] - Face detection found 1 events
2025-04-15 09:44:58,554 - proctoring - DEBUG - [detection_service.py:37] - No Hand detections
2025-04-15 09:44:58,558 - proctoring - INFO - [detection_service.py:34] - Face Mesh detection found 1 events
2025-04-15 09:44:58,622 - proctoring - DEBUG - [detection_service.py:37] - No YOLO detections
2025-04-15 09:44:58,622 - proctoring - INFO - [detection_service.py:42] - Total events detected: 2
2025-04-15 09:44:58,622 - proctoring - INFO - [log_service.py:12] - Attempting to store 2 logs for user 2
2025-04-15 09:44:58,622 - proctoring - DEBUG - [log_service.py:26] - Created log entry: {'time': '2025-04-15 09:44:58.524004', 'event': 'Face detected', 'event_type': 'face_detected'}
2025-04-15 09:44:58,622 - proctoring - DEBUG - [log_service.py:26] - Created log entry: {'time': '2025-04-15 09:44:58.528330', 'event': 'Mouth movement detected'}
2025-04-15 09:44:58,624 - proctoring - INFO - [log_service.py:40] - Successfully stored 2 logs
2025-04-15 09:44:58,625 - proctoring - DEBUG - [image_utils.py:43] - Decoded base64 data length: 18974
2025-04-15 09:44:58,626 - proctoring - INFO - [detection_service.py:16] - Processing new frame
2025-04-15 09:44:58,638 - proctoring - INFO - [detection_service.py:34] - Face detection found 1 events
2025-04-15 09:44:58,651 - proctoring - INFO - [detection_service.py:34] - Face Mesh detection found 1 events
2025-04-15 09:44:58,656 - proctoring - DEBUG - [detection_service.py:37] - No Hand detections
2025-04-15 09:44:58,710 - proctoring - DEBUG - [detection_service.py:37] - No YOLO detections
2025-04-15 09:44:58,710 - proctoring - INFO - [detection_service.py:42] - Total events detected: 2
2025-04-15 09:44:58,710 - proctoring - INFO - [log_service.py:12] - Attempting to store 2 logs for user 2
2025-04-15 09:44:58,710 - proctoring - DEBUG - [log_service.py:26] - Created log entry: {'time': '2025-04-15 09:44:58.626233', 'event': 'Face detected', 'event_type': 'face_detected'}
2025-04-15 09:44:58,710 - proctoring - DEBUG - [log_service.py:26] - Created log entry: {'time': '2025-04-15 09:44:58.631363', 'event': 'Mouth movement detected'}
2025-04-15 09:44:58,712 - proctoring - INFO - [log_service.py:40] - Successfully stored 2 logs
2025-04-15 09:44:58,714 - proctoring - DEBUG - [image_utils.py:43] - Decoded base64 data length: 18909
2025-04-15 09:44:58,715 - proctoring - INFO - [detection_service.py:16] - Processing new frame
2025-04-15 09:44:58,728 - proctoring - INFO - [detection_service.py:34] - Face detection found 1 events
2025-04-15 09:44:58,738 - proctoring - INFO - [detection_service.py:34] - Face Mesh detection found 1 events
2025-04-15 09:44:58,745 - proctoring - DEBUG - [detection_service.py:37] - No Hand detections
2025-04-15 09:44:58,805 - proctoring - DEBUG - [detection_service.py:37] - No YOLO detections
2025-04-15 09:44:58,805 - proctoring - INFO - [detection_service.py:42] - Total events detected: 2
2025-04-15 09:44:58,805 - proctoring - INFO - [log_service.py:12] - Attempting to store 2 logs for user 2
2025-04-15 09:44:58,805 - proctoring - DEBUG - [log_service.py:26] - Created log entry: {'time': '2025-04-15 09:44:58.715165', 'event': 'Face detected', 'event_type': 'face_detected'}
2025-04-15 09:44:58,805 - proctoring - DEBUG - [log_service.py:26] - Created log entry: {'time': '2025-04-15 09:44:58.719505', 'event': 'Mouth movement detected'}
2025-04-15 09:44:58,807 - proctoring - INFO - [log_service.py:40] - Successfully stored 2 logs
2025-04-15 09:44:58,809 - proctoring - DEBUG - [image_utils.py:43] - Decoded base64 data length: 18965
2025-04-15 09:44:58,809 - proctoring - INFO - [detection_service.py:16] - Processing new frame
2025-04-15 09:44:58,820 - proctoring - INFO - [detection_service.py:34] - Face detection found 2 events
2025-04-15 09:44:58,837 - proctoring - INFO - [detection_service.py:34] - Face Mesh detection found 1 events
2025-04-15 09:44:58,841 - proctoring - DEBUG - [detection_service.py:37] - No Hand detections
2025-04-15 09:44:58,896 - proctoring - DEBUG - [detection_service.py:37] - No YOLO detections
2025-04-15 09:44:58,896 - proctoring - INFO - [detection_service.py:42] - Total events detected: 3
2025-04-15 09:44:58,896 - proctoring - INFO - [log_service.py:12] - Attempting to store 3 logs for user 2
2025-04-15 09:44:58,896 - proctoring - DEBUG - [log_service.py:26] - Created log entry: {'time': '2025-04-15 09:44:58.809579', 'event': 'Face detected', 'event_type': 'face_detected'}
2025-04-15 09:44:58,896 - proctoring - DEBUG - [log_service.py:26] - Created log entry: {'time': '2025-04-15 09:44:58.809579', 'event': 'Eye movement detected', 'event_type': 'eye_movement'}
2025-04-15 09:44:58,896 - proctoring - DEBUG - [log_service.py:26] - Created log entry: {'time': '2025-04-15 09:44:58.814041', 'event': 'Mouth movement detected'}
2025-04-15 09:44:58,898 - proctoring - INFO - [log_service.py:40] - Successfully stored 3 logs
2025-04-15 09:44:58,900 - proctoring - DEBUG - [image_utils.py:43] - Decoded base64 data length: 18941
2025-04-15 09:44:58,900 - proctoring - INFO - [detection_service.py:16] - Processing new frame
2025-04-15 09:44:58,914 - proctoring - INFO - [detection_service.py:34] - Face detection found 1 events
2025-04-15 09:44:58,926 - proctoring - DEBUG - [detection_service.py:37] - No Hand detections
2025-04-15 09:44:58,930 - proctoring - INFO - [detection_service.py:34] - Face Mesh detection found 1 events
2025-04-15 09:44:58,994 - proctoring - DEBUG - [detection_service.py:37] - No YOLO detections
2025-04-15 09:44:58,994 - proctoring - INFO - [detection_service.py:42] - Total events detected: 2
2025-04-15 09:44:58,994 - proctoring - INFO - [log_service.py:12] - Attempting to store 2 logs for user 2
2025-04-15 09:44:58,994 - proctoring - DEBUG - [log_service.py:26] - Created log entry: {'time': '2025-04-15 09:44:58.900958', 'event': 'Face detected', 'event_type': 'face_detected'}
2025-04-15 09:44:58,994 - proctoring - DEBUG - [log_service.py:26] - Created log entry: {'time': '2025-04-15 09:44:58.905160', 'event': 'Mouth movement detected'}
2025-04-15 09:44:58,996 - proctoring - INFO - [log_service.py:40] - Successfully stored 2 logs
2025-04-15 09:44:58,997 - proctoring - DEBUG - [image_utils.py:43] - Decoded base64 data length: 18982
2025-04-15 09:44:58,998 - proctoring - INFO - [detection_service.py:16] - Processing new frame
2025-04-15 09:44:59,009 - proctoring - INFO - [detection_service.py:34] - Face detection found 1 events
2025-04-15 09:44:59,031 - proctoring - INFO - [detection_service.py:34] - Face Mesh detection found 1 events
2025-04-15 09:44:59,033 - proctoring - DEBUG - [detection_service.py:37] - No Hand detections
2025-04-15 09:44:59,099 - proctoring - DEBUG - [detection_service.py:37] - No YOLO detections
2025-04-15 09:44:59,099 - proctoring - INFO - [detection_service.py:42] - Total events detected: 2
2025-04-15 09:44:59,099 - proctoring - INFO - [log_service.py:12] - Attempting to store 2 logs for user 2
2025-04-15 09:44:59,099 - proctoring - DEBUG - [log_service.py:26] - Created log entry: {'time': '2025-04-15 09:44:58.998125', 'event': 'Face detected', 'event_type': 'face_detected'}
2025-04-15 09:44:59,100 - proctoring - DEBUG - [log_service.py:26] - Created log entry: {'time': '2025-04-15 09:44:59.002403', 'event': 'Mouth movement detected'}
2025-04-15 09:44:59,101 - proctoring - INFO - [log_service.py:40] - Successfully stored 2 logs
2025-04-15 09:44:59,103 - proctoring - DEBUG - [image_utils.py:43] - Decoded base64 data length: 18793
2025-04-15 09:44:59,103 - proctoring - INFO - [detection_service.py:16] - Processing new frame
2025-04-15 09:44:59,114 - proctoring - INFO - [detection_service.py:34] - Face detection found 2 events
2025-04-15 09:44:59,130 - proctoring - INFO - [detection_service.py:34] - Face Mesh detection found 1 events
2025-04-15 09:44:59,144 - proctoring - DEBUG - [detection_service.py:37] - No Hand detections
2025-04-15 09:44:59,198 - proctoring - DEBUG - [detection_service.py:37] - No YOLO detections
2025-04-15 09:44:59,198 - proctoring - INFO - [detection_service.py:42] - Total events detected: 3
2025-04-15 09:44:59,198 - proctoring - INFO - [log_service.py:12] - Attempting to store 3 logs for user 2
2025-04-15 09:44:59,198 - proctoring - DEBUG - [log_service.py:26] - Created log entry: {'time': '2025-04-15 09:44:59.103828', 'event': 'Face detected', 'event_type': 'face_detected'}
2025-04-15 09:44:59,198 - proctoring - DEBUG - [log_service.py:26] - Created log entry: {'time': '2025-04-15 09:44:59.103828', 'event': 'Eye movement detected', 'event_type': 'eye_movement'}
2025-04-15 09:44:59,198 - proctoring - DEBUG - [log_service.py:26] - Created log entry: {'time': '2025-04-15 09:44:59.109280', 'event': 'Mouth movement detected'}
2025-04-15 09:44:59,200 - proctoring - INFO - [log_service.py:40] - Successfully stored 3 logs
2025-04-15 09:44:59,202 - proctoring - DEBUG - [image_utils.py:43] - Decoded base64 data length: 18782
2025-04-15 09:44:59,202 - proctoring - INFO - [detection_service.py:16] - Processing new frame
2025-04-15 09:44:59,213 - proctoring - INFO - [detection_service.py:34] - Face detection found 1 events
2025-04-15 09:44:59,228 - proctoring - INFO - [detection_service.py:34] - Face Mesh detection found 1 events
2025-04-15 09:44:59,233 - proctoring - DEBUG - [detection_service.py:37] - No Hand detections
2025-04-15 09:44:59,302 - proctoring - DEBUG - [detection_service.py:37] - No YOLO detections
2025-04-15 09:44:59,302 - proctoring - INFO - [detection_service.py:42] - Total events detected: 2
2025-04-15 09:44:59,302 - proctoring - INFO - [log_service.py:12] - Attempting to store 2 logs for user 2
2025-04-15 09:44:59,302 - proctoring - DEBUG - [log_service.py:26] - Created log entry: {'time': '2025-04-15 09:44:59.202753', 'event': 'Face detected', 'event_type': 'face_detected'}
2025-04-15 09:44:59,302 - proctoring - DEBUG - [log_service.py:26] - Created log entry: {'time': '2025-04-15 09:44:59.207554', 'event': 'Mouth movement detected'}
2025-04-15 09:44:59,304 - proctoring - INFO - [log_service.py:40] - Successfully stored 2 logs
2025-04-15 09:44:59,305 - proctoring - DEBUG - [image_utils.py:43] - Decoded base64 data length: 18832
2025-04-15 09:44:59,306 - proctoring - INFO - [detection_service.py:16] - Processing new frame
2025-04-15 09:44:59,320 - proctoring - INFO - [detection_service.py:34] - Face detection found 1 events
2025-04-15 09:44:59,331 - proctoring - INFO - [detection_service.py:34] - Face Mesh detection found 1 events
2025-04-15 09:44:59,340 - proctoring - DEBUG - [detection_service.py:37] - No Hand detections
2025-04-15 09:44:59,407 - proctoring - DEBUG - [detection_service.py:37] - No YOLO detections
2025-04-15 09:44:59,407 - proctoring - INFO - [detection_service.py:42] - Total events detected: 2
2025-04-15 09:44:59,407 - proctoring - INFO - [log_service.py:12] - Attempting to store 2 logs for user 2
2025-04-15 09:44:59,407 - proctoring - DEBUG - [log_service.py:26] - Created log entry: {'time': '2025-04-15 09:44:59.306077', 'event': 'Face detected', 'event_type': 'face_detected'}
2025-04-15 09:44:59,407 - proctoring - DEBUG - [log_service.py:26] - Created log entry: {'time': '2025-04-15 09:44:59.310196', 'event': 'Mouth movement detected'}
2025-04-15 09:44:59,408 - proctoring - INFO - [log_service.py:40] - Successfully stored 2 logs
2025-04-15 09:44:59,410 - proctoring - DEBUG - [image_utils.py:43] - Decoded base64 data length: 18875
2025-04-15 09:44:59,411 - proctoring - INFO - [detection_service.py:16] - Processing new frame
2025-04-15 09:44:59,422 - proctoring - INFO - [detection_service.py:34] - Face detection found 1 events
2025-04-15 09:44:59,438 - proctoring - INFO - [detection_service.py:34] - Face Mesh detection found 1 events
2025-04-15 09:44:59,443 - proctoring - DEBUG - [detection_service.py:37] - No Hand detections
2025-04-15 09:44:59,510 - proctoring - DEBUG - [detection_service.py:37] - No YOLO detections
2025-04-15 09:44:59,510 - proctoring - INFO - [detection_service.py:42] - Total events detected: 2
2025-04-15 09:44:59,510 - proctoring - INFO - [log_service.py:12] - Attempting to store 2 logs for user 2
2025-04-15 09:44:59,510 - proctoring - DEBUG - [log_service.py:26] - Created log entry: {'time': '2025-04-15 09:44:59.411489', 'event': 'Face detected', 'event_type': 'face_detected'}
2025-04-15 09:44:59,510 - proctoring - DEBUG - [log_service.py:26] - Created log entry: {'time': '2025-04-15 09:44:59.416451', 'event': 'Mouth movement detected'}
2025-04-15 09:44:59,512 - proctoring - INFO - [log_service.py:40] - Successfully stored 2 logs
2025-04-15 09:44:59,514 - proctoring - DEBUG - [image_utils.py:43] - Decoded base64 data length: 19271
2025-04-15 09:44:59,514 - proctoring - INFO - [detection_service.py:16] - Processing new frame
2025-04-15 09:44:59,528 - proctoring - INFO - [detection_service.py:34] - Face detection found 1 events
2025-04-15 09:44:59,544 - proctoring - INFO - [detection_service.py:34] - Face Mesh detection found 1 events
2025-04-15 09:44:59,547 - proctoring - DEBUG - [detection_service.py:37] - No Hand detections
2025-04-15 09:44:59,613 - proctoring - DEBUG - [detection_service.py:37] - No YOLO detections
2025-04-15 09:44:59,613 - proctoring - INFO - [detection_service.py:42] - Total events detected: 2
2025-04-15 09:44:59,613 - proctoring - INFO - [log_service.py:12] - Attempting to store 2 logs for user 2
2025-04-15 09:44:59,613 - proctoring - DEBUG - [log_service.py:26] - Created log entry: {'time': '2025-04-15 09:44:59.514667', 'event': 'Face detected', 'event_type': 'face_detected'}
2025-04-15 09:44:59,613 - proctoring - DEBUG - [log_service.py:26] - Created log entry: {'time': '2025-04-15 09:44:59.519641', 'event': 'Mouth movement detected'}
2025-04-15 09:44:59,615 - proctoring - INFO - [log_service.py:40] - Successfully stored 2 logs
2025-04-15 09:44:59,617 - proctoring - DEBUG - [image_utils.py:43] - Decoded base64 data length: 19708
2025-04-15 09:44:59,617 - proctoring - INFO - [detection_service.py:16] - Processing new frame
2025-04-15 09:44:59,629 - proctoring - INFO - [detection_service.py:34] - Face detection found 1 events
2025-04-15 09:44:59,643 - proctoring - INFO - [detection_service.py:34] - Face Mesh detection found 1 events
2025-04-15 09:44:59,647 - proctoring - DEBUG - [detection_service.py:37] - No Hand detections
2025-04-15 09:44:59,704 - proctoring - DEBUG - [detection_service.py:37] - No YOLO detections
2025-04-15 09:44:59,704 - proctoring - INFO - [detection_service.py:42] - Total events detected: 2
2025-04-15 09:44:59,704 - proctoring - INFO - [log_service.py:12] - Attempting to store 2 logs for user 2
2025-04-15 09:44:59,704 - proctoring - DEBUG - [log_service.py:26] - Created log entry: {'time': '2025-04-15 09:44:59.617933', 'event': 'Face detected', 'event_type': 'face_detected'}
2025-04-15 09:44:59,704 - proctoring - DEBUG - [log_service.py:26] - Created log entry: {'time': '2025-04-15 09:44:59.622020', 'event': 'Mouth movement detected'}
2025-04-15 09:44:59,705 - proctoring - INFO - [log_service.py:40] - Successfully stored 2 logs
2025-04-15 09:44:59,707 - proctoring - DEBUG - [image_utils.py:43] - Decoded base64 data length: 19882
2025-04-15 09:44:59,707 - proctoring - INFO - [detection_service.py:16] - Processing new frame
2025-04-15 09:44:59,721 - proctoring - INFO - [detection_service.py:34] - Face detection found 1 events
2025-04-15 09:44:59,732 - proctoring - DEBUG - [detection_service.py:37] - No Hand detections
2025-04-15 09:44:59,735 - proctoring - INFO - [detection_service.py:34] - Face Mesh detection found 1 events
2025-04-15 09:44:59,796 - proctoring - DEBUG - [detection_service.py:37] - No YOLO detections
2025-04-15 09:44:59,796 - proctoring - INFO - [detection_service.py:42] - Total events detected: 2
2025-04-15 09:44:59,796 - proctoring - INFO - [log_service.py:12] - Attempting to store 2 logs for user 2
2025-04-15 09:44:59,796 - proctoring - DEBUG - [log_service.py:26] - Created log entry: {'time': '2025-04-15 09:44:59.707955', 'event': 'Face detected', 'event_type': 'face_detected'}
2025-04-15 09:44:59,796 - proctoring - DEBUG - [log_service.py:26] - Created log entry: {'time': '2025-04-15 09:44:59.712159', 'event': 'Mouth movement detected'}
2025-04-15 09:44:59,798 - proctoring - INFO - [log_service.py:40] - Successfully stored 2 logs
2025-04-15 09:44:59,805 - proctoring - DEBUG - [image_utils.py:43] - Decoded base64 data length: 20041
2025-04-15 09:44:59,805 - proctoring - INFO - [detection_service.py:16] - Processing new frame
2025-04-15 09:44:59,818 - proctoring - INFO - [detection_service.py:34] - Face detection found 1 events
2025-04-15 09:44:59,832 - proctoring - INFO - [detection_service.py:34] - Face Mesh detection found 1 events
2025-04-15 09:44:59,840 - proctoring - DEBUG - [detection_service.py:37] - No Hand detections
2025-04-15 09:44:59,904 - proctoring - DEBUG - [detection_service.py:37] - No YOLO detections
2025-04-15 09:44:59,904 - proctoring - INFO - [detection_service.py:42] - Total events detected: 2
2025-04-15 09:44:59,904 - proctoring - INFO - [log_service.py:12] - Attempting to store 2 logs for user 2
2025-04-15 09:44:59,904 - proctoring - DEBUG - [log_service.py:26] - Created log entry: {'time': '2025-04-15 09:44:59.805614', 'event': 'Face detected', 'event_type': 'face_detected'}
2025-04-15 09:44:59,904 - proctoring - DEBUG - [log_service.py:26] - Created log entry: {'time': '2025-04-15 09:44:59.810660', 'event': 'Mouth movement detected'}
2025-04-15 09:44:59,906 - proctoring - INFO - [log_service.py:40] - Successfully stored 2 logs
2025-04-15 09:44:59,911 - proctoring - DEBUG - [image_utils.py:43] - Decoded base64 data length: 19949
2025-04-15 09:44:59,913 - proctoring - INFO - [detection_service.py:16] - Processing new frame
2025-04-15 09:44:59,926 - proctoring - INFO - [detection_service.py:34] - Face detection found 1 events
2025-04-15 09:44:59,936 - proctoring - INFO - [detection_service.py:34] - Face Mesh detection found 1 events
2025-04-15 09:44:59,946 - proctoring - DEBUG - [detection_service.py:37] - No Hand detections
2025-04-15 09:45:00,014 - proctoring - DEBUG - [detection_service.py:37] - No YOLO detections
2025-04-15 09:45:00,014 - proctoring - INFO - [detection_service.py:42] - Total events detected: 2
2025-04-15 09:45:00,014 - proctoring - INFO - [log_service.py:12] - Attempting to store 2 logs for user 2
2025-04-15 09:45:00,014 - proctoring - DEBUG - [log_service.py:26] - Created log entry: {'time': '2025-04-15 09:44:59.913676', 'event': 'Face detected', 'event_type': 'face_detected'}
2025-04-15 09:45:00,014 - proctoring - DEBUG - [log_service.py:26] - Created log entry: {'time': '2025-04-15 09:44:59.919344', 'event': 'Mouth movement detected'}
2025-04-15 09:45:00,016 - proctoring - INFO - [log_service.py:40] - Successfully stored 2 logs
2025-04-15 09:45:00,018 - proctoring - DEBUG - [image_utils.py:43] - Decoded base64 data length: 19716
2025-04-15 09:45:00,018 - proctoring - INFO - [detection_service.py:16] - Processing new frame
2025-04-15 09:45:00,029 - proctoring - INFO - [detection_service.py:34] - Face detection found 1 events
2025-04-15 09:45:00,044 - proctoring - INFO - [detection_service.py:34] - Face Mesh detection found 1 events
2025-04-15 09:45:00,063 - proctoring - DEBUG - [detection_service.py:37] - No Hand detections
2025-04-15 09:45:00,127 - proctoring - DEBUG - [detection_service.py:37] - No YOLO detections
2025-04-15 09:45:00,127 - proctoring - INFO - [detection_service.py:42] - Total events detected: 2
2025-04-15 09:45:00,127 - proctoring - INFO - [log_service.py:12] - Attempting to store 2 logs for user 2
2025-04-15 09:45:00,127 - proctoring - DEBUG - [log_service.py:26] - Created log entry: {'time': '2025-04-15 09:45:00.018797', 'event': 'Face detected', 'event_type': 'face_detected'}
2025-04-15 09:45:00,127 - proctoring - DEBUG - [log_service.py:26] - Created log entry: {'time': '2025-04-15 09:45:00.022652', 'event': 'Mouth movement detected'}
2025-04-15 09:45:00,129 - proctoring - INFO - [log_service.py:40] - Successfully stored 2 logs
2025-04-15 09:45:00,130 - proctoring - DEBUG - [image_utils.py:43] - Decoded base64 data length: 19321
2025-04-15 09:45:00,131 - proctoring - INFO - [detection_service.py:16] - Processing new frame
2025-04-15 09:45:00,143 - proctoring - INFO - [detection_service.py:34] - Face detection found 1 events
2025-04-15 09:45:00,155 - proctoring - INFO - [detection_service.py:34] - Face Mesh detection found 1 events
2025-04-15 09:45:00,160 - proctoring - DEBUG - [detection_service.py:37] - No Hand detections
2025-04-15 09:45:00,224 - proctoring - DEBUG - [detection_service.py:37] - No YOLO detections
2025-04-15 09:45:00,224 - proctoring - INFO - [detection_service.py:42] - Total events detected: 2
2025-04-15 09:45:00,224 - proctoring - INFO - [log_service.py:12] - Attempting to store 2 logs for user 2
2025-04-15 09:45:00,224 - proctoring - DEBUG - [log_service.py:26] - Created log entry: {'time': '2025-04-15 09:45:00.131139', 'event': 'Face detected', 'event_type': 'face_detected'}
2025-04-15 09:45:00,224 - proctoring - DEBUG - [log_service.py:26] - Created log entry: {'time': '2025-04-15 09:45:00.135072', 'event': 'Mouth movement detected'}
2025-04-15 09:45:00,226 - proctoring - INFO - [log_service.py:40] - Successfully stored 2 logs
2025-04-15 09:45:00,231 - proctoring - DEBUG - [image_utils.py:43] - Decoded base64 data length: 18911
2025-04-15 09:45:00,231 - proctoring - INFO - [detection_service.py:16] - Processing new frame
2025-04-15 09:45:00,241 - proctoring - INFO - [detection_service.py:34] - Face detection found 1 events
2025-04-15 09:45:00,255 - proctoring - INFO - [detection_service.py:34] - Face Mesh detection found 1 events
2025-04-15 09:45:00,267 - proctoring - DEBUG - [detection_service.py:37] - No Hand detections
2025-04-15 09:45:00,330 - proctoring - DEBUG - [detection_service.py:37] - No YOLO detections
2025-04-15 09:45:00,330 - proctoring - INFO - [detection_service.py:42] - Total events detected: 2
2025-04-15 09:45:00,330 - proctoring - INFO - [log_service.py:12] - Attempting to store 2 logs for user 2
2025-04-15 09:45:00,330 - proctoring - DEBUG - [log_service.py:26] - Created log entry: {'time': '2025-04-15 09:45:00.231696', 'event': 'Face detected', 'event_type': 'face_detected'}
2025-04-15 09:45:00,331 - proctoring - DEBUG - [log_service.py:26] - Created log entry: {'time': '2025-04-15 09:45:00.235827', 'event': 'Mouth movement detected'}
2025-04-15 09:45:00,332 - proctoring - INFO - [log_service.py:40] - Successfully stored 2 logs
2025-04-15 09:45:00,337 - proctoring - DEBUG - [image_utils.py:43] - Decoded base64 data length: 18762
2025-04-15 09:45:00,337 - proctoring - INFO - [detection_service.py:16] - Processing new frame
2025-04-15 09:45:00,352 - proctoring - INFO - [detection_service.py:34] - Face detection found 1 events
2025-04-15 09:45:00,364 - proctoring - INFO - [detection_service.py:34] - Face Mesh detection found 1 events
2025-04-15 09:45:00,370 - proctoring - DEBUG - [detection_service.py:37] - No Hand detections
2025-04-15 09:45:00,446 - proctoring - DEBUG - [detection_service.py:37] - No YOLO detections
2025-04-15 09:45:00,446 - proctoring - INFO - [detection_service.py:42] - Total events detected: 2
2025-04-15 09:45:00,446 - proctoring - INFO - [log_service.py:12] - Attempting to store 2 logs for user 2
2025-04-15 09:45:00,446 - proctoring - DEBUG - [log_service.py:26] - Created log entry: {'time': '2025-04-15 09:45:00.338151', 'event': 'Face detected', 'event_type': 'face_detected'}
2025-04-15 09:45:00,446 - proctoring - DEBUG - [log_service.py:26] - Created log entry: {'time': '2025-04-15 09:45:00.341847', 'event': 'Mouth movement detected'}
2025-04-15 09:45:00,447 - proctoring - INFO - [log_service.py:40] - Successfully stored 2 logs
2025-04-15 09:45:00,449 - proctoring - DEBUG - [image_utils.py:43] - Decoded base64 data length: 18755
2025-04-15 09:45:00,449 - proctoring - INFO - [detection_service.py:16] - Processing new frame
2025-04-15 09:45:00,461 - proctoring - INFO - [detection_service.py:34] - Face detection found 1 events
2025-04-15 09:45:00,478 - proctoring - INFO - [detection_service.py:34] - Face Mesh detection found 1 events
2025-04-15 09:45:00,479 - proctoring - DEBUG - [detection_service.py:37] - No Hand detections
2025-04-15 09:45:00,565 - proctoring - DEBUG - [detection_service.py:37] - No YOLO detections
2025-04-15 09:45:00,565 - proctoring - INFO - [detection_service.py:42] - Total events detected: 2
2025-04-15 09:45:00,565 - proctoring - INFO - [log_service.py:12] - Attempting to store 2 logs for user 2
2025-04-15 09:45:00,565 - proctoring - DEBUG - [log_service.py:26] - Created log entry: {'time': '2025-04-15 09:45:00.450035', 'event': 'Face detected', 'event_type': 'face_detected'}
2025-04-15 09:45:00,565 - proctoring - DEBUG - [log_service.py:26] - Created log entry: {'time': '2025-04-15 09:45:00.454749', 'event': 'Mouth movement detected'}
2025-04-15 09:45:00,567 - proctoring - INFO - [log_service.py:40] - Successfully stored 2 logs
2025-04-15 09:45:00,569 - proctoring - DEBUG - [image_utils.py:43] - Decoded base64 data length: 18775
2025-04-15 09:45:00,569 - proctoring - INFO - [detection_service.py:16] - Processing new frame
2025-04-15 09:45:00,581 - proctoring - INFO - [detection_service.py:34] - Face detection found 1 events
2025-04-15 09:45:00,595 - proctoring - INFO - [detection_service.py:34] - Face Mesh detection found 1 events
2025-04-15 09:45:00,603 - proctoring - DEBUG - [detection_service.py:37] - No Hand detections
2025-04-15 09:45:00,669 - proctoring - DEBUG - [detection_service.py:37] - No YOLO detections
2025-04-15 09:45:00,669 - proctoring - INFO - [detection_service.py:42] - Total events detected: 2
2025-04-15 09:45:00,669 - proctoring - INFO - [log_service.py:12] - Attempting to store 2 logs for user 2
2025-04-15 09:45:00,669 - proctoring - DEBUG - [log_service.py:26] - Created log entry: {'time': '2025-04-15 09:45:00.569705', 'event': 'Face detected', 'event_type': 'face_detected'}
2025-04-15 09:45:00,669 - proctoring - DEBUG - [log_service.py:26] - Created log entry: {'time': '2025-04-15 09:45:00.573681', 'event': 'Mouth movement detected'}
2025-04-15 09:45:00,671 - proctoring - INFO - [log_service.py:40] - Successfully stored 2 logs
2025-04-15 09:45:00,673 - proctoring - DEBUG - [image_utils.py:43] - Decoded base64 data length: 18913
2025-04-15 09:45:00,674 - proctoring - INFO - [detection_service.py:16] - Processing new frame
2025-04-15 09:45:00,687 - proctoring - INFO - [detection_service.py:34] - Face detection found 1 events
2025-04-15 09:45:00,698 - proctoring - DEBUG - [detection_service.py:37] - No Hand detections
2025-04-15 09:45:00,703 - proctoring - INFO - [detection_service.py:34] - Face Mesh detection found 1 events
2025-04-15 09:45:00,773 - proctoring - DEBUG - [detection_service.py:37] - No YOLO detections
2025-04-15 09:45:00,773 - proctoring - INFO - [detection_service.py:42] - Total events detected: 2
2025-04-15 09:45:00,773 - proctoring - INFO - [log_service.py:12] - Attempting to store 2 logs for user 2
2025-04-15 09:45:00,773 - proctoring - DEBUG - [log_service.py:26] - Created log entry: {'time': '2025-04-15 09:45:00.674259', 'event': 'Face detected', 'event_type': 'face_detected'}
2025-04-15 09:45:00,773 - proctoring - DEBUG - [log_service.py:26] - Created log entry: {'time': '2025-04-15 09:45:00.678412', 'event': 'Mouth movement detected'}
2025-04-15 09:45:00,775 - proctoring - INFO - [log_service.py:40] - Successfully stored 2 logs
2025-04-15 09:45:00,778 - proctoring - DEBUG - [image_utils.py:43] - Decoded base64 data length: 18935
2025-04-15 09:45:00,778 - proctoring - INFO - [detection_service.py:16] - Processing new frame
2025-04-15 09:45:00,792 - proctoring - INFO - [detection_service.py:34] - Face detection found 1 events
2025-04-15 09:45:00,803 - proctoring - INFO - [detection_service.py:34] - Face Mesh detection found 1 events
2025-04-15 09:45:00,809 - proctoring - DEBUG - [detection_service.py:37] - No Hand detections
2025-04-15 09:45:00,877 - proctoring - DEBUG - [detection_service.py:37] - No YOLO detections
2025-04-15 09:45:00,877 - proctoring - INFO - [detection_service.py:42] - Total events detected: 2
2025-04-15 09:45:00,877 - proctoring - INFO - [log_service.py:12] - Attempting to store 2 logs for user 2
2025-04-15 09:45:00,877 - proctoring - DEBUG - [log_service.py:26] - Created log entry: {'time': '2025-04-15 09:45:00.778734', 'event': 'Face detected', 'event_type': 'face_detected'}
2025-04-15 09:45:00,877 - proctoring - DEBUG - [log_service.py:26] - Created log entry: {'time': '2025-04-15 09:45:00.783210', 'event': 'Mouth movement detected'}
2025-04-15 09:45:00,878 - proctoring - INFO - [log_service.py:40] - Successfully stored 2 logs
2025-04-15 09:45:00,880 - proctoring - DEBUG - [image_utils.py:43] - Decoded base64 data length: 18952
2025-04-15 09:45:00,880 - proctoring - INFO - [detection_service.py:16] - Processing new frame
2025-04-15 09:45:00,891 - proctoring - INFO - [detection_service.py:34] - Face detection found 1 events
2025-04-15 09:45:00,907 - proctoring - INFO - [detection_service.py:34] - Face Mesh detection found 1 events
2025-04-15 09:45:00,910 - proctoring - DEBUG - [detection_service.py:37] - No Hand detections
2025-04-15 09:45:00,974 - proctoring - DEBUG - [detection_service.py:37] - No YOLO detections
2025-04-15 09:45:00,974 - proctoring - INFO - [detection_service.py:42] - Total events detected: 2
2025-04-15 09:45:00,974 - proctoring - INFO - [log_service.py:12] - Attempting to store 2 logs for user 2
2025-04-15 09:45:00,974 - proctoring - DEBUG - [log_service.py:26] - Created log entry: {'time': '2025-04-15 09:45:00.881048', 'event': 'Face detected', 'event_type': 'face_detected'}
2025-04-15 09:45:00,974 - proctoring - DEBUG - [log_service.py:26] - Created log entry: {'time': '2025-04-15 09:45:00.885372', 'event': 'Mouth movement detected'}
2025-04-15 09:45:00,976 - proctoring - INFO - [log_service.py:40] - Successfully stored 2 logs
2025-04-15 09:45:00,981 - proctoring - DEBUG - [image_utils.py:43] - Decoded base64 data length: 18950
2025-04-15 09:45:00,982 - proctoring - INFO - [detection_service.py:16] - Processing new frame
2025-04-15 09:45:00,993 - proctoring - INFO - [detection_service.py:34] - Face detection found 1 events
2025-04-15 09:45:01,007 - proctoring - INFO - [detection_service.py:34] - Face Mesh detection found 1 events
2025-04-15 09:45:01,012 - proctoring - DEBUG - [detection_service.py:37] - No Hand detections
2025-04-15 09:45:01,082 - proctoring - DEBUG - [detection_service.py:37] - No YOLO detections
2025-04-15 09:45:01,082 - proctoring - INFO - [detection_service.py:42] - Total events detected: 2
2025-04-15 09:45:01,082 - proctoring - INFO - [log_service.py:12] - Attempting to store 2 logs for user 2
2025-04-15 09:45:01,082 - proctoring - DEBUG - [log_service.py:26] - Created log entry: {'time': '2025-04-15 09:45:00.982244', 'event': 'Face detected', 'event_type': 'face_detected'}
2025-04-15 09:45:01,082 - proctoring - DEBUG - [log_service.py:26] - Created log entry: {'time': '2025-04-15 09:45:00.986685', 'event': 'Mouth movement detected'}
2025-04-15 09:45:01,084 - proctoring - INFO - [log_service.py:40] - Successfully stored 2 logs
2025-04-15 09:45:01,089 - proctoring - DEBUG - [image_utils.py:43] - Decoded base64 data length: 18939
2025-04-15 09:45:01,089 - proctoring - INFO - [detection_service.py:16] - Processing new frame
2025-04-15 09:45:01,100 - proctoring - INFO - [detection_service.py:34] - Face detection found 1 events
2025-04-15 09:45:01,113 - proctoring - INFO - [detection_service.py:34] - Face Mesh detection found 1 events
2025-04-15 09:45:01,117 - proctoring - DEBUG - [detection_service.py:37] - No Hand detections
2025-04-15 09:45:01,182 - proctoring - DEBUG - [detection_service.py:37] - No YOLO detections
2025-04-15 09:45:01,182 - proctoring - INFO - [detection_service.py:42] - Total events detected: 2
2025-04-15 09:45:01,182 - proctoring - INFO - [log_service.py:12] - Attempting to store 2 logs for user 2
2025-04-15 09:45:01,182 - proctoring - DEBUG - [log_service.py:26] - Created log entry: {'time': '2025-04-15 09:45:01.089844', 'event': 'Face detected', 'event_type': 'face_detected'}
2025-04-15 09:45:01,182 - proctoring - DEBUG - [log_service.py:26] - Created log entry: {'time': '2025-04-15 09:45:01.093589', 'event': 'Mouth movement detected'}
2025-04-15 09:45:01,184 - proctoring - INFO - [log_service.py:40] - Successfully stored 2 logs
2025-04-15 09:45:01,195 - proctoring - DEBUG - [image_utils.py:43] - Decoded base64 data length: 18884
2025-04-15 09:45:01,196 - proctoring - INFO - [detection_service.py:16] - Processing new frame
2025-04-15 09:45:01,210 - proctoring - INFO - [detection_service.py:34] - Face detection found 1 events
2025-04-15 09:45:01,223 - proctoring - INFO - [detection_service.py:34] - Face Mesh detection found 1 events
2025-04-15 09:45:01,229 - proctoring - DEBUG - [detection_service.py:37] - No Hand detections
2025-04-15 09:45:01,293 - proctoring - DEBUG - [detection_service.py:37] - No YOLO detections
2025-04-15 09:45:01,293 - proctoring - INFO - [detection_service.py:42] - Total events detected: 2
2025-04-15 09:45:01,293 - proctoring - INFO - [log_service.py:12] - Attempting to store 2 logs for user 2
2025-04-15 09:45:01,293 - proctoring - DEBUG - [log_service.py:26] - Created log entry: {'time': '2025-04-15 09:45:01.196344', 'event': 'Face detected', 'event_type': 'face_detected'}
2025-04-15 09:45:01,293 - proctoring - DEBUG - [log_service.py:26] - Created log entry: {'time': '2025-04-15 09:45:01.201549', 'event': 'Mouth movement detected'}
2025-04-15 09:45:01,295 - proctoring - INFO - [log_service.py:40] - Successfully stored 2 logs
2025-04-15 09:45:01,302 - proctoring - DEBUG - [image_utils.py:43] - Decoded base64 data length: 18911
2025-04-15 09:45:01,302 - proctoring - INFO - [detection_service.py:16] - Processing new frame
2025-04-15 09:45:01,316 - proctoring - INFO - [detection_service.py:34] - Face detection found 1 events
2025-04-15 09:45:01,329 - proctoring - INFO - [detection_service.py:34] - Face Mesh detection found 1 events
2025-04-15 09:45:01,333 - proctoring - DEBUG - [detection_service.py:37] - No Hand detections
2025-04-15 09:45:01,396 - proctoring - DEBUG - [detection_service.py:37] - No YOLO detections
2025-04-15 09:45:01,396 - proctoring - INFO - [detection_service.py:42] - Total events detected: 2
2025-04-15 09:45:01,396 - proctoring - INFO - [log_service.py:12] - Attempting to store 2 logs for user 2
2025-04-15 09:45:01,396 - proctoring - DEBUG - [log_service.py:26] - Created log entry: {'time': '2025-04-15 09:45:01.303020', 'event': 'Face detected', 'event_type': 'face_detected'}
2025-04-15 09:45:01,396 - proctoring - DEBUG - [log_service.py:26] - Created log entry: {'time': '2025-04-15 09:45:01.307032', 'event': 'Mouth movement detected'}
2025-04-15 09:45:01,398 - proctoring - INFO - [log_service.py:40] - Successfully stored 2 logs
2025-04-15 09:45:01,408 - proctoring - DEBUG - [image_utils.py:43] - Decoded base64 data length: 18957
2025-04-15 09:45:01,409 - proctoring - INFO - [detection_service.py:16] - Processing new frame
2025-04-15 09:45:01,420 - proctoring - INFO - [detection_service.py:34] - Face detection found 1 events
2025-04-15 09:45:01,433 - proctoring - INFO - [detection_service.py:34] - Face Mesh detection found 1 events
2025-04-15 09:45:01,437 - proctoring - DEBUG - [detection_service.py:37] - No Hand detections
2025-04-15 09:45:01,508 - proctoring - DEBUG - [detection_service.py:37] - No YOLO detections
2025-04-15 09:45:01,508 - proctoring - INFO - [detection_service.py:42] - Total events detected: 2
2025-04-15 09:45:01,508 - proctoring - INFO - [log_service.py:12] - Attempting to store 2 logs for user 2
2025-04-15 09:45:01,508 - proctoring - DEBUG - [log_service.py:26] - Created log entry: {'time': '2025-04-15 09:45:01.409096', 'event': 'Face detected', 'event_type': 'face_detected'}
2025-04-15 09:45:01,508 - proctoring - DEBUG - [log_service.py:26] - Created log entry: {'time': '2025-04-15 09:45:01.413333', 'event': 'Mouth movement detected'}
2025-04-15 09:45:01,510 - proctoring - INFO - [log_service.py:40] - Successfully stored 2 logs
2025-04-15 09:45:01,513 - proctoring - DEBUG - [image_utils.py:43] - Decoded base64 data length: 19007
2025-04-15 09:45:01,514 - proctoring - INFO - [detection_service.py:16] - Processing new frame
2025-04-15 09:45:01,525 - proctoring - INFO - [detection_service.py:34] - Face detection found 1 events
2025-04-15 09:45:01,537 - proctoring - INFO - [detection_service.py:34] - Face Mesh detection found 1 events
2025-04-15 09:45:01,542 - proctoring - DEBUG - [detection_service.py:37] - No Hand detections
2025-04-15 09:45:01,604 - proctoring - DEBUG - [detection_service.py:37] - No YOLO detections
2025-04-15 09:45:01,604 - proctoring - INFO - [detection_service.py:42] - Total events detected: 2
2025-04-15 09:45:01,604 - proctoring - INFO - [log_service.py:12] - Attempting to store 2 logs for user 2
2025-04-15 09:45:01,604 - proctoring - DEBUG - [log_service.py:26] - Created log entry: {'time': '2025-04-15 09:45:01.514451', 'event': 'Face detected', 'event_type': 'face_detected'}
2025-04-15 09:45:01,604 - proctoring - DEBUG - [log_service.py:26] - Created log entry: {'time': '2025-04-15 09:45:01.518532', 'event': 'Mouth movement detected'}
2025-04-15 09:45:01,606 - proctoring - INFO - [log_service.py:40] - Successfully stored 2 logs
2025-04-15 09:45:01,621 - proctoring - DEBUG - [image_utils.py:43] - Decoded base64 data length: 18995
2025-04-15 09:45:01,622 - proctoring - INFO - [detection_service.py:16] - Processing new frame
2025-04-15 09:45:01,634 - proctoring - INFO - [detection_service.py:34] - Face detection found 1 events
2025-04-15 09:45:01,676 - proctoring - INFO - [detection_service.py:34] - Face Mesh detection found 1 events
2025-04-15 09:45:01,696 - proctoring - DEBUG - [detection_service.py:37] - No Hand detections
2025-04-15 09:45:01,771 - proctoring - DEBUG - [detection_service.py:37] - No YOLO detections
2025-04-15 09:45:01,771 - proctoring - INFO - [detection_service.py:42] - Total events detected: 2
2025-04-15 09:45:01,771 - proctoring - INFO - [log_service.py:12] - Attempting to store 2 logs for user 2
2025-04-15 09:45:01,771 - proctoring - DEBUG - [log_service.py:26] - Created log entry: {'time': '2025-04-15 09:45:01.622382', 'event': 'Face detected', 'event_type': 'face_detected'}
2025-04-15 09:45:01,771 - proctoring - DEBUG - [log_service.py:26] - Created log entry: {'time': '2025-04-15 09:45:01.627113', 'event': 'Mouth movement detected'}
2025-04-15 09:45:01,773 - proctoring - INFO - [log_service.py:40] - Successfully stored 2 logs
2025-04-15 09:45:01,774 - proctoring - DEBUG - [image_utils.py:43] - Decoded base64 data length: 18972
2025-04-15 09:45:01,775 - proctoring - INFO - [detection_service.py:16] - Processing new frame
2025-04-15 09:45:01,789 - proctoring - INFO - [detection_service.py:34] - Face detection found 1 events
2025-04-15 09:45:01,805 - proctoring - INFO - [detection_service.py:34] - Face Mesh detection found 1 events
2025-04-15 09:45:01,822 - proctoring - DEBUG - [detection_service.py:37] - No Hand detections
2025-04-15 09:45:01,875 - proctoring - DEBUG - [detection_service.py:37] - No YOLO detections
2025-04-15 09:45:01,875 - proctoring - INFO - [detection_service.py:42] - Total events detected: 2
2025-04-15 09:45:01,875 - proctoring - INFO - [log_service.py:12] - Attempting to store 2 logs for user 2
2025-04-15 09:45:01,875 - proctoring - DEBUG - [log_service.py:26] - Created log entry: {'time': '2025-04-15 09:45:01.775168', 'event': 'Face detected', 'event_type': 'face_detected'}
2025-04-15 09:45:01,875 - proctoring - DEBUG - [log_service.py:26] - Created log entry: {'time': '2025-04-15 09:45:01.779043', 'event': 'Mouth movement detected'}
2025-04-15 09:45:01,876 - proctoring - INFO - [log_service.py:40] - Successfully stored 2 logs
2025-04-15 09:45:01,878 - proctoring - DEBUG - [image_utils.py:43] - Decoded base64 data length: 18959
2025-04-15 09:45:01,878 - proctoring - INFO - [detection_service.py:16] - Processing new frame
2025-04-15 09:45:01,893 - proctoring - INFO - [detection_service.py:34] - Face detection found 1 events
2025-04-15 09:45:01,907 - proctoring - INFO - [detection_service.py:34] - Face Mesh detection found 1 events
2025-04-15 09:45:01,916 - proctoring - DEBUG - [detection_service.py:37] - No Hand detections
2025-04-15 09:45:01,983 - proctoring - DEBUG - [detection_service.py:37] - No YOLO detections
2025-04-15 09:45:01,983 - proctoring - INFO - [detection_service.py:42] - Total events detected: 2
2025-04-15 09:45:01,983 - proctoring - INFO - [log_service.py:12] - Attempting to store 2 logs for user 2
2025-04-15 09:45:01,983 - proctoring - DEBUG - [log_service.py:26] - Created log entry: {'time': '2025-04-15 09:45:01.878942', 'event': 'Face detected', 'event_type': 'face_detected'}
2025-04-15 09:45:01,983 - proctoring - DEBUG - [log_service.py:26] - Created log entry: {'time': '2025-04-15 09:45:01.884439', 'event': 'Mouth movement detected'}
2025-04-15 09:45:01,985 - proctoring - INFO - [log_service.py:40] - Successfully stored 2 logs
2025-04-15 09:45:01,987 - proctoring - DEBUG - [image_utils.py:43] - Decoded base64 data length: 18952
2025-04-15 09:45:01,987 - proctoring - INFO - [detection_service.py:16] - Processing new frame
2025-04-15 09:45:02,000 - proctoring - INFO - [detection_service.py:34] - Face detection found 1 events
2025-04-15 09:45:02,014 - proctoring - INFO - [detection_service.py:34] - Face Mesh detection found 1 events
2025-04-15 09:45:02,019 - proctoring - DEBUG - [detection_service.py:37] - No Hand detections
2025-04-15 09:45:02,086 - proctoring - DEBUG - [detection_service.py:37] - No YOLO detections
2025-04-15 09:45:02,086 - proctoring - INFO - [detection_service.py:42] - Total events detected: 2
2025-04-15 09:45:02,086 - proctoring - INFO - [log_service.py:12] - Attempting to store 2 logs for user 2
2025-04-15 09:45:02,086 - proctoring - DEBUG - [log_service.py:26] - Created log entry: {'time': '2025-04-15 09:45:01.987724', 'event': 'Face detected', 'event_type': 'face_detected'}
2025-04-15 09:45:02,086 - proctoring - DEBUG - [log_service.py:26] - Created log entry: {'time': '2025-04-15 09:45:01.992304', 'event': 'Mouth movement detected'}
2025-04-15 09:45:02,088 - proctoring - INFO - [log_service.py:40] - Successfully stored 2 logs
2025-04-15 09:45:02,090 - proctoring - DEBUG - [image_utils.py:43] - Decoded base64 data length: 18943
2025-04-15 09:45:02,090 - proctoring - INFO - [detection_service.py:16] - Processing new frame
2025-04-15 09:45:02,104 - proctoring - INFO - [detection_service.py:34] - Face detection found 1 events
2025-04-15 09:45:02,116 - proctoring - INFO - [detection_service.py:34] - Face Mesh detection found 1 events
2025-04-15 09:45:02,137 - proctoring - DEBUG - [detection_service.py:37] - No Hand detections
2025-04-15 09:45:02,197 - proctoring - DEBUG - [detection_service.py:37] - No YOLO detections
2025-04-15 09:45:02,197 - proctoring - INFO - [detection_service.py:42] - Total events detected: 2
2025-04-15 09:45:02,197 - proctoring - INFO - [log_service.py:12] - Attempting to store 2 logs for user 2
2025-04-15 09:45:02,198 - proctoring - DEBUG - [log_service.py:26] - Created log entry: {'time': '2025-04-15 09:45:02.091049', 'event': 'Face detected', 'event_type': 'face_detected'}
2025-04-15 09:45:02,198 - proctoring - DEBUG - [log_service.py:26] - Created log entry: {'time': '2025-04-15 09:45:02.095684', 'event': 'Mouth movement detected'}
2025-04-15 09:45:02,199 - proctoring - INFO - [log_service.py:40] - Successfully stored 2 logs
2025-04-15 09:45:02,201 - proctoring - DEBUG - [image_utils.py:43] - Decoded base64 data length: 18954
2025-04-15 09:45:02,201 - proctoring - INFO - [detection_service.py:16] - Processing new frame
2025-04-15 09:45:02,213 - proctoring - INFO - [detection_service.py:34] - Face detection found 1 events
2025-04-15 09:45:02,227 - proctoring - INFO - [detection_service.py:34] - Face Mesh detection found 1 events
2025-04-15 09:45:02,246 - proctoring - DEBUG - [detection_service.py:37] - No Hand detections
2025-04-15 09:45:02,308 - proctoring - DEBUG - [detection_service.py:37] - No YOLO detections
2025-04-15 09:45:02,308 - proctoring - INFO - [detection_service.py:42] - Total events detected: 2
2025-04-15 09:45:02,308 - proctoring - INFO - [log_service.py:12] - Attempting to store 2 logs for user 2
2025-04-15 09:45:02,308 - proctoring - DEBUG - [log_service.py:26] - Created log entry: {'time': '2025-04-15 09:45:02.202022', 'event': 'Face detected', 'event_type': 'face_detected'}
2025-04-15 09:45:02,308 - proctoring - DEBUG - [log_service.py:26] - Created log entry: {'time': '2025-04-15 09:45:02.205969', 'event': 'Mouth movement detected'}
2025-04-15 09:45:02,310 - proctoring - INFO - [log_service.py:40] - Successfully stored 2 logs
2025-04-15 09:45:02,311 - proctoring - DEBUG - [image_utils.py:43] - Decoded base64 data length: 19229
2025-04-15 09:45:02,312 - proctoring - INFO - [detection_service.py:16] - Processing new frame
2025-04-15 09:45:02,323 - proctoring - INFO - [detection_service.py:34] - Face detection found 1 events
2025-04-15 09:45:02,341 - proctoring - INFO - [detection_service.py:34] - Face Mesh detection found 1 events
2025-04-15 09:45:02,358 - proctoring - DEBUG - [detection_service.py:37] - No Hand detections
2025-04-15 09:45:02,416 - proctoring - DEBUG - [detection_service.py:37] - No YOLO detections
2025-04-15 09:45:02,416 - proctoring - INFO - [detection_service.py:42] - Total events detected: 2
2025-04-15 09:45:02,416 - proctoring - INFO - [log_service.py:12] - Attempting to store 2 logs for user 2
2025-04-15 09:45:02,416 - proctoring - DEBUG - [log_service.py:26] - Created log entry: {'time': '2025-04-15 09:45:02.312108', 'event': 'Face detected', 'event_type': 'face_detected'}
2025-04-15 09:45:02,416 - proctoring - DEBUG - [log_service.py:26] - Created log entry: {'time': '2025-04-15 09:45:02.316749', 'event': 'Mouth movement detected'}
2025-04-15 09:45:02,418 - proctoring - INFO - [log_service.py:40] - Successfully stored 2 logs
2025-04-15 09:45:02,419 - proctoring - DEBUG - [image_utils.py:43] - Decoded base64 data length: 19827
2025-04-15 09:45:02,420 - proctoring - INFO - [detection_service.py:16] - Processing new frame
2025-04-15 09:45:02,433 - proctoring - INFO - [detection_service.py:34] - Face detection found 1 events
2025-04-15 09:45:02,447 - proctoring - INFO - [detection_service.py:34] - Face Mesh detection found 1 events
2025-04-15 09:45:02,452 - proctoring - DEBUG - [detection_service.py:37] - No Hand detections
2025-04-15 09:45:02,517 - proctoring - DEBUG - [detection_service.py:37] - No YOLO detections
2025-04-15 09:45:02,517 - proctoring - INFO - [detection_service.py:42] - Total events detected: 2
2025-04-15 09:45:02,517 - proctoring - INFO - [log_service.py:12] - Attempting to store 2 logs for user 2
2025-04-15 09:45:02,517 - proctoring - DEBUG - [log_service.py:26] - Created log entry: {'time': '2025-04-15 09:45:02.420410', 'event': 'Face detected', 'event_type': 'face_detected'}
2025-04-15 09:45:02,517 - proctoring - DEBUG - [log_service.py:26] - Created log entry: {'time': '2025-04-15 09:45:02.425579', 'event': 'Mouth movement detected'}
2025-04-15 09:45:02,518 - proctoring - INFO - [log_service.py:40] - Successfully stored 2 logs
2025-04-15 09:45:02,520 - proctoring - DEBUG - [image_utils.py:43] - Decoded base64 data length: 20010
2025-04-15 09:45:02,520 - proctoring - INFO - [detection_service.py:16] - Processing new frame
2025-04-15 09:45:02,532 - proctoring - INFO - [detection_service.py:34] - Face detection found 1 events
2025-04-15 09:45:02,545 - proctoring - INFO - [detection_service.py:34] - Face Mesh detection found 1 events
2025-04-15 09:45:02,550 - proctoring - DEBUG - [detection_service.py:37] - No Hand detections
2025-04-15 09:45:02,608 - proctoring - DEBUG - [detection_service.py:37] - No YOLO detections
2025-04-15 09:45:02,608 - proctoring - INFO - [detection_service.py:42] - Total events detected: 2
2025-04-15 09:45:02,608 - proctoring - INFO - [log_service.py:12] - Attempting to store 2 logs for user 2
2025-04-15 09:45:02,608 - proctoring - DEBUG - [log_service.py:26] - Created log entry: {'time': '2025-04-15 09:45:02.520994', 'event': 'Face detected', 'event_type': 'face_detected'}
2025-04-15 09:45:02,608 - proctoring - DEBUG - [log_service.py:26] - Created log entry: {'time': '2025-04-15 09:45:02.525484', 'event': 'Mouth movement detected'}
2025-04-15 09:45:02,610 - proctoring - INFO - [log_service.py:40] - Successfully stored 2 logs
2025-04-15 09:45:02,612 - proctoring - DEBUG - [image_utils.py:43] - Decoded base64 data length: 19970
2025-04-15 09:45:02,612 - proctoring - INFO - [detection_service.py:16] - Processing new frame
2025-04-15 09:45:02,626 - proctoring - INFO - [detection_service.py:34] - Face detection found 1 events
2025-04-15 09:45:02,641 - proctoring - DEBUG - [detection_service.py:37] - No Hand detections
2025-04-15 09:45:02,644 - proctoring - INFO - [detection_service.py:34] - Face Mesh detection found 1 events
2025-04-15 09:45:02,711 - proctoring - DEBUG - [detection_service.py:37] - No YOLO detections
2025-04-15 09:45:02,711 - proctoring - INFO - [detection_service.py:42] - Total events detected: 2
2025-04-15 09:45:02,711 - proctoring - INFO - [log_service.py:12] - Attempting to store 2 logs for user 2
2025-04-15 09:45:02,711 - proctoring - DEBUG - [log_service.py:26] - Created log entry: {'time': '2025-04-15 09:45:02.612588', 'event': 'Face detected', 'event_type': 'face_detected'}
2025-04-15 09:45:02,711 - proctoring - DEBUG - [log_service.py:26] - Created log entry: {'time': '2025-04-15 09:45:02.618048', 'event': 'Mouth movement detected'}
2025-04-15 09:45:02,713 - proctoring - INFO - [log_service.py:40] - Successfully stored 2 logs
2025-04-15 09:45:02,714 - proctoring - DEBUG - [image_utils.py:43] - Decoded base64 data length: 19682
2025-04-15 09:45:02,715 - proctoring - INFO - [detection_service.py:16] - Processing new frame
2025-04-15 09:45:02,729 - proctoring - INFO - [detection_service.py:34] - Face detection found 1 events
2025-04-15 09:45:02,742 - proctoring - INFO - [detection_service.py:34] - Face Mesh detection found 1 events
2025-04-15 09:45:02,748 - proctoring - DEBUG - [detection_service.py:37] - No Hand detections
2025-04-15 09:45:02,820 - proctoring - DEBUG - [detection_service.py:37] - No YOLO detections
2025-04-15 09:45:02,820 - proctoring - INFO - [detection_service.py:42] - Total events detected: 2
2025-04-15 09:45:02,820 - proctoring - INFO - [log_service.py:12] - Attempting to store 2 logs for user 2
2025-04-15 09:45:02,820 - proctoring - DEBUG - [log_service.py:26] - Created log entry: {'time': '2025-04-15 09:45:02.715508', 'event': 'Face detected', 'event_type': 'face_detected'}
2025-04-15 09:45:02,821 - proctoring - DEBUG - [log_service.py:26] - Created log entry: {'time': '2025-04-15 09:45:02.720092', 'event': 'Mouth movement detected'}
2025-04-15 09:45:02,822 - proctoring - INFO - [log_service.py:40] - Successfully stored 2 logs
2025-04-15 09:45:02,825 - proctoring - DEBUG - [image_utils.py:43] - Decoded base64 data length: 19620
2025-04-15 09:45:02,825 - proctoring - INFO - [detection_service.py:16] - Processing new frame
2025-04-15 09:45:02,837 - proctoring - INFO - [detection_service.py:34] - Face detection found 1 events
2025-04-15 09:45:02,850 - proctoring - INFO - [detection_service.py:34] - Face Mesh detection found 1 events
2025-04-15 09:45:02,855 - proctoring - DEBUG - [detection_service.py:37] - No Hand detections
2025-04-15 09:45:02,921 - proctoring - DEBUG - [detection_service.py:37] - No YOLO detections
2025-04-15 09:45:02,921 - proctoring - INFO - [detection_service.py:42] - Total events detected: 2
2025-04-15 09:45:02,921 - proctoring - INFO - [log_service.py:12] - Attempting to store 2 logs for user 2
2025-04-15 09:45:02,921 - proctoring - DEBUG - [log_service.py:26] - Created log entry: {'time': '2025-04-15 09:45:02.825550', 'event': 'Face detected', 'event_type': 'face_detected'}
2025-04-15 09:45:02,921 - proctoring - DEBUG - [log_service.py:26] - Created log entry: {'time': '2025-04-15 09:45:02.829899', 'event': 'Mouth movement detected'}
2025-04-15 09:45:02,922 - proctoring - INFO - [log_service.py:40] - Successfully stored 2 logs
2025-04-15 09:45:02,924 - proctoring - DEBUG - [image_utils.py:43] - Decoded base64 data length: 19689
2025-04-15 09:45:02,925 - proctoring - INFO - [detection_service.py:16] - Processing new frame
2025-04-15 09:45:02,938 - proctoring - INFO - [detection_service.py:34] - Face detection found 1 events
2025-04-15 09:45:02,953 - proctoring - INFO - [detection_service.py:34] - Face Mesh detection found 1 events
2025-04-15 09:45:02,958 - proctoring - DEBUG - [detection_service.py:37] - No Hand detections
2025-04-15 09:45:03,029 - proctoring - DEBUG - [detection_service.py:37] - No YOLO detections
2025-04-15 09:45:03,029 - proctoring - INFO - [detection_service.py:42] - Total events detected: 2
2025-04-15 09:45:03,029 - proctoring - INFO - [log_service.py:12] - Attempting to store 2 logs for user 2
2025-04-15 09:45:03,029 - proctoring - DEBUG - [log_service.py:26] - Created log entry: {'time': '2025-04-15 09:45:02.925105', 'event': 'Face detected', 'event_type': 'face_detected'}
2025-04-15 09:45:03,030 - proctoring - DEBUG - [log_service.py:26] - Created log entry: {'time': '2025-04-15 09:45:02.929377', 'event': 'Mouth movement detected'}
2025-04-15 09:45:03,032 - proctoring - INFO - [log_service.py:40] - Successfully stored 2 logs
2025-04-15 09:45:03,033 - proctoring - DEBUG - [image_utils.py:43] - Decoded base64 data length: 19761
2025-04-15 09:45:03,034 - proctoring - INFO - [detection_service.py:16] - Processing new frame
2025-04-15 09:45:03,046 - proctoring - INFO - [detection_service.py:34] - Face detection found 1 events
2025-04-15 09:45:03,061 - proctoring - INFO - [detection_service.py:34] - Face Mesh detection found 1 events
2025-04-15 09:45:03,066 - proctoring - DEBUG - [detection_service.py:37] - No Hand detections
2025-04-15 09:45:03,125 - proctoring - DEBUG - [detection_service.py:37] - No YOLO detections
2025-04-15 09:45:03,125 - proctoring - INFO - [detection_service.py:42] - Total events detected: 2
2025-04-15 09:45:03,125 - proctoring - INFO - [log_service.py:12] - Attempting to store 2 logs for user 2
2025-04-15 09:45:03,125 - proctoring - DEBUG - [log_service.py:26] - Created log entry: {'time': '2025-04-15 09:45:03.034380', 'event': 'Face detected', 'event_type': 'face_detected'}
2025-04-15 09:45:03,125 - proctoring - DEBUG - [log_service.py:26] - Created log entry: {'time': '2025-04-15 09:45:03.038609', 'event': 'Mouth movement detected'}
2025-04-15 09:45:03,140 - proctoring - INFO - [log_service.py:40] - Successfully stored 2 logs
2025-04-15 09:45:03,142 - proctoring - DEBUG - [image_utils.py:43] - Decoded base64 data length: 19835
2025-04-15 09:45:03,142 - proctoring - INFO - [detection_service.py:16] - Processing new frame
2025-04-15 09:45:03,157 - proctoring - INFO - [detection_service.py:34] - Face detection found 1 events
2025-04-15 09:45:03,276 - proctoring - DEBUG - [detection_service.py:37] - No Hand detections
2025-04-15 09:45:03,280 - proctoring - INFO - [detection_service.py:34] - Face Mesh detection found 1 events
2025-04-15 09:45:03,346 - proctoring - DEBUG - [detection_service.py:37] - No YOLO detections
2025-04-15 09:45:03,346 - proctoring - INFO - [detection_service.py:42] - Total events detected: 2
2025-04-15 09:45:03,346 - proctoring - INFO - [log_service.py:12] - Attempting to store 2 logs for user 2
2025-04-15 09:45:03,346 - proctoring - DEBUG - [log_service.py:26] - Created log entry: {'time': '2025-04-15 09:45:03.143084', 'event': 'Face detected', 'event_type': 'face_detected'}
2025-04-15 09:45:03,346 - proctoring - DEBUG - [log_service.py:26] - Created log entry: {'time': '2025-04-15 09:45:03.148339', 'event': 'Mouth movement detected'}
2025-04-15 09:45:03,348 - proctoring - INFO - [log_service.py:40] - Successfully stored 2 logs
2025-04-15 09:45:03,349 - proctoring - DEBUG - [image_utils.py:43] - Decoded base64 data length: 19923
2025-04-15 09:45:03,350 - proctoring - INFO - [detection_service.py:16] - Processing new frame
2025-04-15 09:45:03,364 - proctoring - INFO - [detection_service.py:34] - Face detection found 1 events
2025-04-15 09:45:03,375 - proctoring - INFO - [detection_service.py:34] - Face Mesh detection found 1 events
2025-04-15 09:45:03,380 - proctoring - DEBUG - [detection_service.py:37] - No Hand detections
2025-04-15 09:45:03,436 - proctoring - DEBUG - [detection_service.py:37] - No YOLO detections
2025-04-15 09:45:03,436 - proctoring - INFO - [detection_service.py:42] - Total events detected: 2
2025-04-15 09:45:03,436 - proctoring - INFO - [log_service.py:12] - Attempting to store 2 logs for user 2
2025-04-15 09:45:03,436 - proctoring - DEBUG - [log_service.py:26] - Created log entry: {'time': '2025-04-15 09:45:03.350409', 'event': 'Face detected', 'event_type': 'face_detected'}
2025-04-15 09:45:03,436 - proctoring - DEBUG - [log_service.py:26] - Created log entry: {'time': '2025-04-15 09:45:03.354947', 'event': 'Mouth movement detected'}
2025-04-15 09:45:03,438 - proctoring - INFO - [log_service.py:40] - Successfully stored 2 logs
2025-04-15 09:45:03,440 - proctoring - DEBUG - [image_utils.py:43] - Decoded base64 data length: 19843
2025-04-15 09:45:03,440 - proctoring - INFO - [detection_service.py:16] - Processing new frame
2025-04-15 09:45:03,455 - proctoring - INFO - [detection_service.py:34] - Face detection found 1 events
2025-04-15 09:45:03,467 - proctoring - INFO - [detection_service.py:34] - Face Mesh detection found 1 events
2025-04-15 09:45:03,472 - proctoring - DEBUG - [detection_service.py:37] - No Hand detections
2025-04-15 09:45:03,528 - proctoring - DEBUG - [detection_service.py:37] - No YOLO detections
2025-04-15 09:45:03,528 - proctoring - INFO - [detection_service.py:42] - Total events detected: 2
2025-04-15 09:45:03,528 - proctoring - INFO - [log_service.py:12] - Attempting to store 2 logs for user 2
2025-04-15 09:45:03,528 - proctoring - DEBUG - [log_service.py:26] - Created log entry: {'time': '2025-04-15 09:45:03.440634', 'event': 'Face detected', 'event_type': 'face_detected'}
2025-04-15 09:45:03,528 - proctoring - DEBUG - [log_service.py:26] - Created log entry: {'time': '2025-04-15 09:45:03.444991', 'event': 'Mouth movement detected'}
2025-04-15 09:45:03,530 - proctoring - INFO - [log_service.py:40] - Successfully stored 2 logs
2025-04-15 09:45:03,531 - proctoring - DEBUG - [image_utils.py:43] - Decoded base64 data length: 19856
2025-04-15 09:45:03,532 - proctoring - INFO - [detection_service.py:16] - Processing new frame
2025-04-15 09:45:03,544 - proctoring - INFO - [detection_service.py:34] - Face detection found 1 events
2025-04-15 09:45:03,557 - proctoring - DEBUG - [detection_service.py:37] - No Hand detections
2025-04-15 09:45:03,561 - proctoring - INFO - [detection_service.py:34] - Face Mesh detection found 1 events
2025-04-15 09:45:03,623 - proctoring - DEBUG - [detection_service.py:37] - No YOLO detections
2025-04-15 09:45:03,623 - proctoring - INFO - [detection_service.py:42] - Total events detected: 2
2025-04-15 09:45:03,623 - proctoring - INFO - [log_service.py:12] - Attempting to store 2 logs for user 2
2025-04-15 09:45:03,623 - proctoring - DEBUG - [log_service.py:26] - Created log entry: {'time': '2025-04-15 09:45:03.532344', 'event': 'Face detected', 'event_type': 'face_detected'}
2025-04-15 09:45:03,623 - proctoring - DEBUG - [log_service.py:26] - Created log entry: {'time': '2025-04-15 09:45:03.537044', 'event': 'Mouth movement detected'}
2025-04-15 09:45:03,625 - proctoring - INFO - [log_service.py:40] - Successfully stored 2 logs
2025-04-15 09:45:03,627 - proctoring - DEBUG - [image_utils.py:43] - Decoded base64 data length: 19905
2025-04-15 09:45:03,627 - proctoring - INFO - [detection_service.py:16] - Processing new frame
2025-04-15 09:45:03,639 - proctoring - INFO - [detection_service.py:34] - Face detection found 1 events
2025-04-15 09:45:03,655 - proctoring - INFO - [detection_service.py:34] - Face Mesh detection found 1 events
2025-04-15 09:45:03,662 - proctoring - DEBUG - [detection_service.py:37] - No Hand detections
2025-04-15 09:45:03,724 - proctoring - DEBUG - [detection_service.py:37] - No YOLO detections
2025-04-15 09:45:03,725 - proctoring - INFO - [detection_service.py:42] - Total events detected: 2
2025-04-15 09:45:03,725 - proctoring - INFO - [log_service.py:12] - Attempting to store 2 logs for user 2
2025-04-15 09:45:03,725 - proctoring - DEBUG - [log_service.py:26] - Created log entry: {'time': '2025-04-15 09:45:03.628004', 'event': 'Face detected', 'event_type': 'face_detected'}
2025-04-15 09:45:03,725 - proctoring - DEBUG - [log_service.py:26] - Created log entry: {'time': '2025-04-15 09:45:03.632789', 'event': 'Mouth movement detected'}
2025-04-15 09:45:03,727 - proctoring - INFO - [log_service.py:40] - Successfully stored 2 logs
2025-04-15 09:45:03,728 - proctoring - DEBUG - [image_utils.py:43] - Decoded base64 data length: 20040
2025-04-15 09:45:03,729 - proctoring - INFO - [detection_service.py:16] - Processing new frame
2025-04-15 09:45:03,742 - proctoring - INFO - [detection_service.py:34] - Face detection found 1 events
2025-04-15 09:45:03,756 - proctoring - DEBUG - [detection_service.py:37] - No Hand detections
2025-04-15 09:45:03,762 - proctoring - INFO - [detection_service.py:34] - Face Mesh detection found 1 events
2025-04-15 09:45:03,829 - proctoring - DEBUG - [detection_service.py:37] - No YOLO detections
2025-04-15 09:45:03,829 - proctoring - INFO - [detection_service.py:42] - Total events detected: 2
2025-04-15 09:45:03,829 - proctoring - INFO - [log_service.py:12] - Attempting to store 2 logs for user 2
2025-04-15 09:45:03,829 - proctoring - DEBUG - [log_service.py:26] - Created log entry: {'time': '2025-04-15 09:45:03.729347', 'event': 'Face detected', 'event_type': 'face_detected'}
2025-04-15 09:45:03,829 - proctoring - DEBUG - [log_service.py:26] - Created log entry: {'time': '2025-04-15 09:45:03.735207', 'event': 'Mouth movement detected'}
2025-04-15 09:45:03,831 - proctoring - INFO - [log_service.py:40] - Successfully stored 2 logs
2025-04-15 09:45:03,832 - proctoring - DEBUG - [image_utils.py:43] - Decoded base64 data length: 20153
2025-04-15 09:45:03,833 - proctoring - INFO - [detection_service.py:16] - Processing new frame
2025-04-15 09:45:03,845 - proctoring - INFO - [detection_service.py:34] - Face detection found 1 events
2025-04-15 09:45:03,872 - proctoring - DEBUG - [detection_service.py:37] - No Hand detections
2025-04-15 09:45:03,872 - proctoring - INFO - [detection_service.py:34] - Face Mesh detection found 1 events
2025-04-15 09:45:03,941 - proctoring - DEBUG - [detection_service.py:37] - No YOLO detections
2025-04-15 09:45:03,941 - proctoring - INFO - [detection_service.py:42] - Total events detected: 2
2025-04-15 09:45:03,941 - proctoring - INFO - [log_service.py:12] - Attempting to store 2 logs for user 2
2025-04-15 09:45:03,941 - proctoring - DEBUG - [log_service.py:26] - Created log entry: {'time': '2025-04-15 09:45:03.833084', 'event': 'Face detected', 'event_type': 'face_detected'}
2025-04-15 09:45:03,941 - proctoring - DEBUG - [log_service.py:26] - Created log entry: {'time': '2025-04-15 09:45:03.838485', 'event': 'Mouth movement detected'}
2025-04-15 09:45:03,943 - proctoring - INFO - [log_service.py:40] - Successfully stored 2 logs
2025-04-15 09:45:03,945 - proctoring - DEBUG - [image_utils.py:43] - Decoded base64 data length: 20195
2025-04-15 09:45:03,945 - proctoring - INFO - [detection_service.py:16] - Processing new frame
2025-04-15 09:45:03,958 - proctoring - INFO - [detection_service.py:34] - Face detection found 1 events
2025-04-15 09:45:03,970 - proctoring - INFO - [detection_service.py:34] - Face Mesh detection found 1 events
2025-04-15 09:45:03,975 - proctoring - DEBUG - [detection_service.py:37] - No Hand detections
2025-04-15 09:45:04,046 - proctoring - DEBUG - [detection_service.py:37] - No YOLO detections
2025-04-15 09:45:04,046 - proctoring - INFO - [detection_service.py:42] - Total events detected: 2
2025-04-15 09:45:04,046 - proctoring - INFO - [log_service.py:12] - Attempting to store 2 logs for user 2
2025-04-15 09:45:04,046 - proctoring - DEBUG - [log_service.py:26] - Created log entry: {'time': '2025-04-15 09:45:03.945641', 'event': 'Face detected', 'event_type': 'face_detected'}
2025-04-15 09:45:04,046 - proctoring - DEBUG - [log_service.py:26] - Created log entry: {'time': '2025-04-15 09:45:03.950929', 'event': 'Mouth movement detected'}
2025-04-15 09:45:04,048 - proctoring - INFO - [log_service.py:40] - Successfully stored 2 logs
2025-04-15 09:45:04,050 - proctoring - DEBUG - [image_utils.py:43] - Decoded base64 data length: 20153
2025-04-15 09:45:04,050 - proctoring - INFO - [detection_service.py:16] - Processing new frame
2025-04-15 09:45:04,064 - proctoring - INFO - [detection_service.py:34] - Face detection found 1 events
2025-04-15 09:45:04,082 - proctoring - INFO - [detection_service.py:34] - Face Mesh detection found 1 events
2025-04-15 09:45:04,082 - proctoring - DEBUG - [detection_service.py:37] - No Hand detections
2025-04-15 09:45:04,146 - proctoring - DEBUG - [detection_service.py:37] - No YOLO detections
2025-04-15 09:45:04,147 - proctoring - INFO - [detection_service.py:42] - Total events detected: 2
2025-04-15 09:45:04,147 - proctoring - INFO - [log_service.py:12] - Attempting to store 2 logs for user 2
2025-04-15 09:45:04,147 - proctoring - DEBUG - [log_service.py:26] - Created log entry: {'time': '2025-04-15 09:45:04.050769', 'event': 'Face detected', 'event_type': 'face_detected'}
2025-04-15 09:45:04,147 - proctoring - DEBUG - [log_service.py:26] - Created log entry: {'time': '2025-04-15 09:45:04.054933', 'event': 'Mouth movement detected'}
2025-04-15 09:45:04,148 - proctoring - INFO - [log_service.py:40] - Successfully stored 2 logs
2025-04-15 09:45:04,150 - proctoring - DEBUG - [image_utils.py:43] - Decoded base64 data length: 20034
2025-04-15 09:45:04,151 - proctoring - INFO - [detection_service.py:16] - Processing new frame
2025-04-15 09:45:04,163 - proctoring - INFO - [detection_service.py:34] - Face detection found 1 events
2025-04-15 09:45:04,177 - proctoring - INFO - [detection_service.py:34] - Face Mesh detection found 1 events
2025-04-15 09:45:04,182 - proctoring - DEBUG - [detection_service.py:37] - No Hand detections
2025-04-15 09:45:04,250 - proctoring - DEBUG - [detection_service.py:37] - No YOLO detections
2025-04-15 09:45:04,250 - proctoring - INFO - [detection_service.py:42] - Total events detected: 2
2025-04-15 09:45:04,250 - proctoring - INFO - [log_service.py:12] - Attempting to store 2 logs for user 2
2025-04-15 09:45:04,250 - proctoring - DEBUG - [log_service.py:26] - Created log entry: {'time': '2025-04-15 09:45:04.151233', 'event': 'Face detected', 'event_type': 'face_detected'}
2025-04-15 09:45:04,250 - proctoring - DEBUG - [log_service.py:26] - Created log entry: {'time': '2025-04-15 09:45:04.156112', 'event': 'Mouth movement detected'}
2025-04-15 09:45:04,252 - proctoring - INFO - [log_service.py:40] - Successfully stored 2 logs
2025-04-15 09:45:04,254 - proctoring - DEBUG - [image_utils.py:43] - Decoded base64 data length: 20135
2025-04-15 09:45:04,254 - proctoring - INFO - [detection_service.py:16] - Processing new frame
2025-04-15 09:45:04,265 - proctoring - INFO - [detection_service.py:34] - Face detection found 1 events
2025-04-15 09:45:04,284 - proctoring - DEBUG - [detection_service.py:37] - No Hand detections
2025-04-15 09:45:04,284 - proctoring - INFO - [detection_service.py:34] - Face Mesh detection found 1 events
2025-04-15 09:45:04,346 - proctoring - DEBUG - [detection_service.py:37] - No YOLO detections
2025-04-15 09:45:04,346 - proctoring - INFO - [detection_service.py:42] - Total events detected: 2
2025-04-15 09:45:04,346 - proctoring - INFO - [log_service.py:12] - Attempting to store 2 logs for user 2
2025-04-15 09:45:04,346 - proctoring - DEBUG - [log_service.py:26] - Created log entry: {'time': '2025-04-15 09:45:04.254620', 'event': 'Face detected', 'event_type': 'face_detected'}
2025-04-15 09:45:04,346 - proctoring - DEBUG - [log_service.py:26] - Created log entry: {'time': '2025-04-15 09:45:04.259273', 'event': 'Mouth movement detected'}
2025-04-15 09:45:04,348 - proctoring - INFO - [log_service.py:40] - Successfully stored 2 logs
2025-04-15 09:45:04,350 - proctoring - DEBUG - [image_utils.py:43] - Decoded base64 data length: 20086
2025-04-15 09:45:04,350 - proctoring - INFO - [detection_service.py:16] - Processing new frame
2025-04-15 09:45:04,364 - proctoring - INFO - [detection_service.py:34] - Face detection found 1 events
2025-04-15 09:45:04,377 - proctoring - INFO - [detection_service.py:34] - Face Mesh detection found 1 events
2025-04-15 09:45:04,383 - proctoring - DEBUG - [detection_service.py:37] - No Hand detections
2025-04-15 09:45:04,452 - proctoring - DEBUG - [detection_service.py:37] - No YOLO detections
2025-04-15 09:45:04,452 - proctoring - INFO - [detection_service.py:42] - Total events detected: 2
2025-04-15 09:45:04,452 - proctoring - INFO - [log_service.py:12] - Attempting to store 2 logs for user 2
2025-04-15 09:45:04,452 - proctoring - DEBUG - [log_service.py:26] - Created log entry: {'time': '2025-04-15 09:45:04.350944', 'event': 'Face detected', 'event_type': 'face_detected'}
2025-04-15 09:45:04,452 - proctoring - DEBUG - [log_service.py:26] - Created log entry: {'time': '2025-04-15 09:45:04.355241', 'event': 'Mouth movement detected'}
2025-04-15 09:45:04,454 - proctoring - INFO - [log_service.py:40] - Successfully stored 2 logs
2025-04-15 09:45:04,456 - proctoring - DEBUG - [image_utils.py:43] - Decoded base64 data length: 20209
2025-04-15 09:45:04,457 - proctoring - INFO - [detection_service.py:16] - Processing new frame
2025-04-15 09:45:04,471 - proctoring - INFO - [detection_service.py:34] - Face detection found 1 events
2025-04-15 09:45:04,489 - proctoring - INFO - [detection_service.py:34] - Face Mesh detection found 1 events
2025-04-15 09:45:04,494 - proctoring - DEBUG - [detection_service.py:37] - No Hand detections
2025-04-15 09:45:04,581 - proctoring - DEBUG - [detection_service.py:37] - No YOLO detections
2025-04-15 09:45:04,581 - proctoring - INFO - [detection_service.py:42] - Total events detected: 2
2025-04-15 09:45:04,581 - proctoring - INFO - [log_service.py:12] - Attempting to store 2 logs for user 2
2025-04-15 09:45:04,581 - proctoring - DEBUG - [log_service.py:26] - Created log entry: {'time': '2025-04-15 09:45:04.457607', 'event': 'Face detected', 'event_type': 'face_detected'}
2025-04-15 09:45:04,581 - proctoring - DEBUG - [log_service.py:26] - Created log entry: {'time': '2025-04-15 09:45:04.463943', 'event': 'Mouth movement detected'}
2025-04-15 09:45:04,583 - proctoring - INFO - [log_service.py:40] - Successfully stored 2 logs
2025-04-15 09:45:04,585 - proctoring - DEBUG - [image_utils.py:43] - Decoded base64 data length: 20245
2025-04-15 09:45:04,586 - proctoring - INFO - [detection_service.py:16] - Processing new frame
2025-04-15 09:45:04,605 - proctoring - INFO - [detection_service.py:34] - Face detection found 1 events
2025-04-15 09:45:04,622 - proctoring - INFO - [detection_service.py:34] - Face Mesh detection found 1 events
2025-04-15 09:45:04,630 - proctoring - DEBUG - [detection_service.py:37] - No Hand detections
2025-04-15 09:45:04,716 - proctoring - DEBUG - [detection_service.py:37] - No YOLO detections
2025-04-15 09:45:04,716 - proctoring - INFO - [detection_service.py:42] - Total events detected: 2
2025-04-15 09:45:04,716 - proctoring - INFO - [log_service.py:12] - Attempting to store 2 logs for user 2
2025-04-15 09:45:04,716 - proctoring - DEBUG - [log_service.py:26] - Created log entry: {'time': '2025-04-15 09:45:04.586446', 'event': 'Face detected', 'event_type': 'face_detected'}
2025-04-15 09:45:04,716 - proctoring - DEBUG - [log_service.py:26] - Created log entry: {'time': '2025-04-15 09:45:04.592960', 'event': 'Mouth movement detected'}
2025-04-15 09:45:04,719 - proctoring - INFO - [log_service.py:40] - Successfully stored 2 logs
2025-04-15 09:45:04,720 - proctoring - DEBUG - [image_utils.py:43] - Decoded base64 data length: 20295
2025-04-15 09:45:04,721 - proctoring - INFO - [detection_service.py:16] - Processing new frame
2025-04-15 09:45:04,736 - proctoring - INFO - [detection_service.py:34] - Face detection found 1 events
2025-04-15 09:45:04,754 - proctoring - INFO - [detection_service.py:34] - Face Mesh detection found 1 events
2025-04-15 09:45:04,757 - proctoring - DEBUG - [detection_service.py:37] - No Hand detections
2025-04-15 09:45:04,826 - proctoring - DEBUG - [detection_service.py:37] - No YOLO detections
2025-04-15 09:45:04,826 - proctoring - INFO - [detection_service.py:42] - Total events detected: 2
2025-04-15 09:45:04,826 - proctoring - INFO - [log_service.py:12] - Attempting to store 2 logs for user 2
2025-04-15 09:45:04,826 - proctoring - DEBUG - [log_service.py:26] - Created log entry: {'time': '2025-04-15 09:45:04.721423', 'event': 'Face detected', 'event_type': 'face_detected'}
2025-04-15 09:45:04,826 - proctoring - DEBUG - [log_service.py:26] - Created log entry: {'time': '2025-04-15 09:45:04.726393', 'event': 'Mouth movement detected'}
2025-04-15 09:45:04,828 - proctoring - INFO - [log_service.py:40] - Successfully stored 2 logs
2025-04-15 09:45:04,830 - proctoring - DEBUG - [image_utils.py:43] - Decoded base64 data length: 20267
2025-04-15 09:45:04,830 - proctoring - INFO - [detection_service.py:16] - Processing new frame
2025-04-15 09:45:04,845 - proctoring - INFO - [detection_service.py:34] - Face detection found 1 events
2025-04-15 09:45:04,857 - proctoring - INFO - [detection_service.py:34] - Face Mesh detection found 1 events
2025-04-15 09:45:04,867 - proctoring - DEBUG - [detection_service.py:37] - No Hand detections
2025-04-15 09:45:04,930 - proctoring - DEBUG - [detection_service.py:37] - No YOLO detections
2025-04-15 09:45:04,930 - proctoring - INFO - [detection_service.py:42] - Total events detected: 2
2025-04-15 09:45:04,930 - proctoring - INFO - [log_service.py:12] - Attempting to store 2 logs for user 2
2025-04-15 09:45:04,930 - proctoring - DEBUG - [log_service.py:26] - Created log entry: {'time': '2025-04-15 09:45:04.830560', 'event': 'Face detected', 'event_type': 'face_detected'}
2025-04-15 09:45:04,930 - proctoring - DEBUG - [log_service.py:26] - Created log entry: {'time': '2025-04-15 09:45:04.835062', 'event': 'Mouth movement detected'}
2025-04-15 09:45:04,932 - proctoring - INFO - [log_service.py:40] - Successfully stored 2 logs
2025-04-15 09:45:04,934 - proctoring - DEBUG - [image_utils.py:43] - Decoded base64 data length: 20291
2025-04-15 09:45:04,934 - proctoring - INFO - [detection_service.py:16] - Processing new frame
2025-04-15 09:45:04,947 - proctoring - INFO - [detection_service.py:34] - Face detection found 1 events
2025-04-15 09:45:04,959 - proctoring - INFO - [detection_service.py:34] - Face Mesh detection found 1 events
2025-04-15 09:45:04,964 - proctoring - DEBUG - [detection_service.py:37] - No Hand detections
2025-04-15 09:45:05,045 - proctoring - DEBUG - [detection_service.py:37] - No YOLO detections
2025-04-15 09:45:05,045 - proctoring - INFO - [detection_service.py:42] - Total events detected: 2
2025-04-15 09:45:05,045 - proctoring - INFO - [log_service.py:12] - Attempting to store 2 logs for user 2
2025-04-15 09:45:05,045 - proctoring - DEBUG - [log_service.py:26] - Created log entry: {'time': '2025-04-15 09:45:04.935028', 'event': 'Face detected', 'event_type': 'face_detected'}
2025-04-15 09:45:05,045 - proctoring - DEBUG - [log_service.py:26] - Created log entry: {'time': '2025-04-15 09:45:04.939069', 'event': 'Mouth movement detected'}
2025-04-15 09:45:05,047 - proctoring - INFO - [log_service.py:40] - Successfully stored 2 logs
2025-04-15 09:45:05,050 - proctoring - DEBUG - [image_utils.py:43] - Decoded base64 data length: 20260
2025-04-15 09:45:05,050 - proctoring - INFO - [detection_service.py:16] - Processing new frame
2025-04-15 09:45:05,072 - proctoring - INFO - [detection_service.py:34] - Face detection found 1 events
2025-04-15 09:45:05,091 - proctoring - INFO - [detection_service.py:34] - Face Mesh detection found 1 events
2025-04-15 09:45:05,098 - proctoring - DEBUG - [detection_service.py:37] - No Hand detections
2025-04-15 09:45:05,175 - proctoring - DEBUG - [detection_service.py:37] - No YOLO detections
2025-04-15 09:45:05,175 - proctoring - INFO - [detection_service.py:42] - Total events detected: 2
2025-04-15 09:45:05,175 - proctoring - INFO - [log_service.py:12] - Attempting to store 2 logs for user 2
2025-04-15 09:45:05,175 - proctoring - DEBUG - [log_service.py:26] - Created log entry: {'time': '2025-04-15 09:45:05.050911', 'event': 'Face detected', 'event_type': 'face_detected'}
2025-04-15 09:45:05,175 - proctoring - DEBUG - [log_service.py:26] - Created log entry: {'time': '2025-04-15 09:45:05.059505', 'event': 'Mouth movement detected'}
2025-04-15 09:45:05,177 - proctoring - INFO - [log_service.py:40] - Successfully stored 2 logs
2025-04-15 09:45:05,179 - proctoring - DEBUG - [image_utils.py:43] - Decoded base64 data length: 20201
2025-04-15 09:45:05,179 - proctoring - INFO - [detection_service.py:16] - Processing new frame
2025-04-15 09:45:05,195 - proctoring - INFO - [detection_service.py:34] - Face detection found 1 events
2025-04-15 09:45:05,213 - proctoring - INFO - [detection_service.py:34] - Face Mesh detection found 1 events
2025-04-15 09:45:05,213 - proctoring - DEBUG - [detection_service.py:37] - No Hand detections
2025-04-15 09:45:05,287 - proctoring - DEBUG - [detection_service.py:37] - No YOLO detections
2025-04-15 09:45:05,288 - proctoring - INFO - [detection_service.py:42] - Total events detected: 2
2025-04-15 09:45:05,288 - proctoring - INFO - [log_service.py:12] - Attempting to store 2 logs for user 2
2025-04-15 09:45:05,288 - proctoring - DEBUG - [log_service.py:26] - Created log entry: {'time': '2025-04-15 09:45:05.179768', 'event': 'Face detected', 'event_type': 'face_detected'}
2025-04-15 09:45:05,288 - proctoring - DEBUG - [log_service.py:26] - Created log entry: {'time': '2025-04-15 09:45:05.186119', 'event': 'Mouth movement detected'}
2025-04-15 09:45:05,289 - proctoring - INFO - [log_service.py:40] - Successfully stored 2 logs
2025-04-15 09:45:05,291 - proctoring - DEBUG - [image_utils.py:43] - Decoded base64 data length: 20060
2025-04-15 09:45:05,291 - proctoring - INFO - [detection_service.py:16] - Processing new frame
2025-04-15 09:45:05,304 - proctoring - INFO - [detection_service.py:34] - Face detection found 1 events
2025-04-15 09:45:05,317 - proctoring - DEBUG - [detection_service.py:37] - No Hand detections
2025-04-15 09:45:05,323 - proctoring - INFO - [detection_service.py:34] - Face Mesh detection found 1 events
2025-04-15 09:45:05,387 - proctoring - DEBUG - [detection_service.py:37] - No YOLO detections
2025-04-15 09:45:05,387 - proctoring - INFO - [detection_service.py:42] - Total events detected: 2
2025-04-15 09:45:05,387 - proctoring - INFO - [log_service.py:12] - Attempting to store 2 logs for user 2
2025-04-15 09:45:05,387 - proctoring - DEBUG - [log_service.py:26] - Created log entry: {'time': '2025-04-15 09:45:05.291945', 'event': 'Face detected', 'event_type': 'face_detected'}
2025-04-15 09:45:05,387 - proctoring - DEBUG - [log_service.py:26] - Created log entry: {'time': '2025-04-15 09:45:05.297126', 'event': 'Mouth movement detected'}
2025-04-15 09:45:05,389 - proctoring - INFO - [log_service.py:40] - Successfully stored 2 logs
2025-04-15 09:45:05,391 - proctoring - DEBUG - [image_utils.py:43] - Decoded base64 data length: 20151
2025-04-15 09:45:05,392 - proctoring - INFO - [detection_service.py:16] - Processing new frame
2025-04-15 09:45:05,404 - proctoring - INFO - [detection_service.py:34] - Face detection found 1 events
2025-04-15 09:45:05,416 - proctoring - DEBUG - [detection_service.py:37] - No Hand detections
2025-04-15 09:45:05,422 - proctoring - INFO - [detection_service.py:34] - Face Mesh detection found 1 events
2025-04-15 09:45:05,486 - proctoring - DEBUG - [detection_service.py:37] - No YOLO detections
2025-04-15 09:45:05,486 - proctoring - INFO - [detection_service.py:42] - Total events detected: 2
2025-04-15 09:45:05,487 - proctoring - INFO - [log_service.py:12] - Attempting to store 2 logs for user 2
2025-04-15 09:45:05,487 - proctoring - DEBUG - [log_service.py:26] - Created log entry: {'time': '2025-04-15 09:45:05.392118', 'event': 'Face detected', 'event_type': 'face_detected'}
2025-04-15 09:45:05,487 - proctoring - DEBUG - [log_service.py:26] - Created log entry: {'time': '2025-04-15 09:45:05.396221', 'event': 'Mouth movement detected'}
2025-04-15 09:45:05,489 - proctoring - INFO - [log_service.py:40] - Successfully stored 2 logs
2025-04-15 09:45:05,491 - proctoring - DEBUG - [image_utils.py:43] - Decoded base64 data length: 20115
2025-04-15 09:45:05,491 - proctoring - INFO - [detection_service.py:16] - Processing new frame
2025-04-15 09:45:05,504 - proctoring - INFO - [detection_service.py:34] - Face detection found 1 events
2025-04-15 09:45:05,520 - proctoring - INFO - [detection_service.py:34] - Face Mesh detection found 1 events
2025-04-15 09:45:05,534 - proctoring - DEBUG - [detection_service.py:37] - No Hand detections
2025-04-15 09:45:05,589 - proctoring - DEBUG - [detection_service.py:37] - No YOLO detections
2025-04-15 09:45:05,589 - proctoring - INFO - [detection_service.py:42] - Total events detected: 2
2025-04-15 09:45:05,589 - proctoring - INFO - [log_service.py:12] - Attempting to store 2 logs for user 2
2025-04-15 09:45:05,589 - proctoring - DEBUG - [log_service.py:26] - Created log entry: {'time': '2025-04-15 09:45:05.491758', 'event': 'Face detected', 'event_type': 'face_detected'}
2025-04-15 09:45:05,589 - proctoring - DEBUG - [log_service.py:26] - Created log entry: {'time': '2025-04-15 09:45:05.495680', 'event': 'Mouth movement detected'}
2025-04-15 09:45:05,591 - proctoring - INFO - [log_service.py:40] - Successfully stored 2 logs
2025-04-15 09:45:05,593 - proctoring - DEBUG - [image_utils.py:43] - Decoded base64 data length: 20235
2025-04-15 09:45:05,593 - proctoring - INFO - [detection_service.py:16] - Processing new frame
2025-04-15 09:45:05,609 - proctoring - INFO - [detection_service.py:34] - Face detection found 1 events
2025-04-15 09:45:05,623 - proctoring - INFO - [detection_service.py:34] - Face Mesh detection found 1 events
2025-04-15 09:45:05,628 - proctoring - DEBUG - [detection_service.py:37] - No Hand detections
2025-04-15 09:45:05,696 - proctoring - DEBUG - [detection_service.py:37] - No YOLO detections
2025-04-15 09:45:05,696 - proctoring - INFO - [detection_service.py:42] - Total events detected: 2
2025-04-15 09:45:05,696 - proctoring - INFO - [log_service.py:12] - Attempting to store 2 logs for user 2
2025-04-15 09:45:05,697 - proctoring - DEBUG - [log_service.py:26] - Created log entry: {'time': '2025-04-15 09:45:05.593978', 'event': 'Face detected', 'event_type': 'face_detected'}
2025-04-15 09:45:05,697 - proctoring - DEBUG - [log_service.py:26] - Created log entry: {'time': '2025-04-15 09:45:05.598683', 'event': 'Mouth movement detected'}
2025-04-15 09:45:05,698 - proctoring - INFO - [log_service.py:40] - Successfully stored 2 logs
2025-04-15 09:45:05,700 - proctoring - DEBUG - [image_utils.py:43] - Decoded base64 data length: 20210
2025-04-15 09:45:05,701 - proctoring - INFO - [detection_service.py:16] - Processing new frame
2025-04-15 09:45:05,714 - proctoring - INFO - [detection_service.py:34] - Face detection found 1 events
2025-04-15 09:45:05,732 - proctoring - INFO - [detection_service.py:34] - Face Mesh detection found 1 events
2025-04-15 09:45:05,738 - proctoring - DEBUG - [detection_service.py:37] - No Hand detections
2025-04-15 09:45:05,804 - proctoring - DEBUG - [detection_service.py:37] - No YOLO detections
2025-04-15 09:45:05,804 - proctoring - INFO - [detection_service.py:42] - Total events detected: 2
2025-04-15 09:45:05,804 - proctoring - INFO - [log_service.py:12] - Attempting to store 2 logs for user 2
2025-04-15 09:45:05,804 - proctoring - DEBUG - [log_service.py:26] - Created log entry: {'time': '2025-04-15 09:45:05.701135', 'event': 'Face detected', 'event_type': 'face_detected'}
2025-04-15 09:45:05,804 - proctoring - DEBUG - [log_service.py:26] - Created log entry: {'time': '2025-04-15 09:45:05.706577', 'event': 'Mouth movement detected'}
2025-04-15 09:45:05,805 - proctoring - INFO - [log_service.py:40] - Successfully stored 2 logs
2025-04-15 09:45:05,807 - proctoring - DEBUG - [image_utils.py:43] - Decoded base64 data length: 20203
2025-04-15 09:45:05,807 - proctoring - INFO - [detection_service.py:16] - Processing new frame
2025-04-15 09:45:05,820 - proctoring - INFO - [detection_service.py:34] - Face detection found 1 events
2025-04-15 09:45:05,835 - proctoring - DEBUG - [detection_service.py:37] - No Hand detections
2025-04-15 09:45:05,839 - proctoring - INFO - [detection_service.py:34] - Face Mesh detection found 1 events
2025-04-15 09:45:05,931 - proctoring - DEBUG - [detection_service.py:37] - No YOLO detections
2025-04-15 09:45:05,931 - proctoring - INFO - [detection_service.py:42] - Total events detected: 2
2025-04-15 09:45:05,931 - proctoring - INFO - [log_service.py:12] - Attempting to store 2 logs for user 2
2025-04-15 09:45:05,931 - proctoring - DEBUG - [log_service.py:26] - Created log entry: {'time': '2025-04-15 09:45:05.807997', 'event': 'Face detected', 'event_type': 'face_detected'}
2025-04-15 09:45:05,931 - proctoring - DEBUG - [log_service.py:26] - Created log entry: {'time': '2025-04-15 09:45:05.813522', 'event': 'Mouth movement detected'}
2025-04-15 09:45:05,933 - proctoring - INFO - [log_service.py:40] - Successfully stored 2 logs
2025-04-15 09:45:05,935 - proctoring - DEBUG - [image_utils.py:43] - Decoded base64 data length: 20099
2025-04-15 09:45:05,935 - proctoring - INFO - [detection_service.py:16] - Processing new frame
2025-04-15 09:45:05,950 - proctoring - INFO - [detection_service.py:34] - Face detection found 1 events
2025-04-15 09:45:05,965 - proctoring - INFO - [detection_service.py:34] - Face Mesh detection found 1 events
2025-04-15 09:45:05,970 - proctoring - DEBUG - [detection_service.py:37] - No Hand detections
2025-04-15 09:45:06,035 - proctoring - DEBUG - [detection_service.py:37] - No YOLO detections
2025-04-15 09:45:06,035 - proctoring - INFO - [detection_service.py:42] - Total events detected: 2
2025-04-15 09:45:06,035 - proctoring - INFO - [log_service.py:12] - Attempting to store 2 logs for user 2
2025-04-15 09:45:06,035 - proctoring - DEBUG - [log_service.py:26] - Created log entry: {'time': '2025-04-15 09:45:05.935814', 'event': 'Face detected', 'event_type': 'face_detected'}
2025-04-15 09:45:06,035 - proctoring - DEBUG - [log_service.py:26] - Created log entry: {'time': '2025-04-15 09:45:05.940487', 'event': 'Mouth movement detected'}
2025-04-15 09:45:06,036 - proctoring - INFO - [log_service.py:40] - Successfully stored 2 logs
2025-04-15 09:45:06,038 - proctoring - DEBUG - [image_utils.py:43] - Decoded base64 data length: 20106
2025-04-15 09:45:06,038 - proctoring - INFO - [detection_service.py:16] - Processing new frame
2025-04-15 09:45:06,053 - proctoring - INFO - [detection_service.py:34] - Face detection found 1 events
2025-04-15 09:45:06,066 - proctoring - INFO - [detection_service.py:34] - Face Mesh detection found 1 events
2025-04-15 09:45:06,071 - proctoring - DEBUG - [detection_service.py:37] - No Hand detections
2025-04-15 09:45:06,139 - proctoring - DEBUG - [detection_service.py:37] - No YOLO detections
2025-04-15 09:45:06,139 - proctoring - INFO - [detection_service.py:42] - Total events detected: 2
2025-04-15 09:45:06,139 - proctoring - INFO - [log_service.py:12] - Attempting to store 2 logs for user 2
2025-04-15 09:45:06,139 - proctoring - DEBUG - [log_service.py:26] - Created log entry: {'time': '2025-04-15 09:45:06.038883', 'event': 'Face detected', 'event_type': 'face_detected'}
2025-04-15 09:45:06,139 - proctoring - DEBUG - [log_service.py:26] - Created log entry: {'time': '2025-04-15 09:45:06.043685', 'event': 'Mouth movement detected'}
2025-04-15 09:45:06,141 - proctoring - INFO - [log_service.py:40] - Successfully stored 2 logs
2025-04-15 09:45:06,143 - proctoring - DEBUG - [image_utils.py:43] - Decoded base64 data length: 20136
2025-04-15 09:45:06,143 - proctoring - INFO - [detection_service.py:16] - Processing new frame
2025-04-15 09:45:06,160 - proctoring - INFO - [detection_service.py:34] - Face detection found 1 events
2025-04-15 09:45:06,172 - proctoring - INFO - [detection_service.py:34] - Face Mesh detection found 1 events
2025-04-15 09:45:06,177 - proctoring - DEBUG - [detection_service.py:37] - No Hand detections
2025-04-15 09:45:06,237 - proctoring - DEBUG - [detection_service.py:37] - No YOLO detections
2025-04-15 09:45:06,237 - proctoring - INFO - [detection_service.py:42] - Total events detected: 2
2025-04-15 09:45:06,237 - proctoring - INFO - [log_service.py:12] - Attempting to store 2 logs for user 2
2025-04-15 09:45:06,237 - proctoring - DEBUG - [log_service.py:26] - Created log entry: {'time': '2025-04-15 09:45:06.144057', 'event': 'Face detected', 'event_type': 'face_detected'}
2025-04-15 09:45:06,237 - proctoring - DEBUG - [log_service.py:26] - Created log entry: {'time': '2025-04-15 09:45:06.147969', 'event': 'Mouth movement detected'}
2025-04-15 09:45:06,239 - proctoring - INFO - [log_service.py:40] - Successfully stored 2 logs
2025-04-15 09:45:06,240 - proctoring - DEBUG - [image_utils.py:43] - Decoded base64 data length: 20136
2025-04-15 09:45:06,240 - proctoring - INFO - [detection_service.py:16] - Processing new frame
2025-04-15 09:45:06,256 - proctoring - INFO - [detection_service.py:34] - Face detection found 1 events
2025-04-15 09:45:06,268 - proctoring - INFO - [detection_service.py:34] - Face Mesh detection found 1 events
2025-04-15 09:45:06,273 - proctoring - DEBUG - [detection_service.py:37] - No Hand detections
2025-04-15 09:45:06,331 - proctoring - DEBUG - [detection_service.py:37] - No YOLO detections
2025-04-15 09:45:06,331 - proctoring - INFO - [detection_service.py:42] - Total events detected: 2
2025-04-15 09:45:06,331 - proctoring - INFO - [log_service.py:12] - Attempting to store 2 logs for user 2
2025-04-15 09:45:06,331 - proctoring - DEBUG - [log_service.py:26] - Created log entry: {'time': '2025-04-15 09:45:06.241012', 'event': 'Face detected', 'event_type': 'face_detected'}
2025-04-15 09:45:06,331 - proctoring - DEBUG - [log_service.py:26] - Created log entry: {'time': '2025-04-15 09:45:06.247622', 'event': 'Mouth movement detected'}
2025-04-15 09:45:06,333 - proctoring - INFO - [log_service.py:40] - Successfully stored 2 logs
2025-04-15 09:45:06,335 - proctoring - DEBUG - [image_utils.py:43] - Decoded base64 data length: 20197
2025-04-15 09:45:06,335 - proctoring - INFO - [detection_service.py:16] - Processing new frame
2025-04-15 09:45:06,349 - proctoring - INFO - [detection_service.py:34] - Face detection found 1 events
2025-04-15 09:45:06,362 - proctoring - INFO - [detection_service.py:34] - Face Mesh detection found 1 events
2025-04-15 09:45:06,368 - proctoring - DEBUG - [detection_service.py:37] - No Hand detections
2025-04-15 09:45:06,430 - proctoring - DEBUG - [detection_service.py:37] - No YOLO detections
2025-04-15 09:45:06,430 - proctoring - INFO - [detection_service.py:42] - Total events detected: 2
2025-04-15 09:45:06,430 - proctoring - INFO - [log_service.py:12] - Attempting to store 2 logs for user 2
2025-04-15 09:45:06,430 - proctoring - DEBUG - [log_service.py:26] - Created log entry: {'time': '2025-04-15 09:45:06.335699', 'event': 'Face detected', 'event_type': 'face_detected'}
2025-04-15 09:45:06,430 - proctoring - DEBUG - [log_service.py:26] - Created log entry: {'time': '2025-04-15 09:45:06.340496', 'event': 'Mouth movement detected'}
2025-04-15 09:45:06,432 - proctoring - INFO - [log_service.py:40] - Successfully stored 2 logs
2025-04-15 09:45:06,433 - proctoring - DEBUG - [image_utils.py:43] - Decoded base64 data length: 20263
2025-04-15 09:45:06,434 - proctoring - INFO - [detection_service.py:16] - Processing new frame
2025-04-15 09:45:06,445 - proctoring - INFO - [detection_service.py:34] - Face detection found 1 events
2025-04-15 09:45:06,463 - proctoring - INFO - [detection_service.py:34] - Face Mesh detection found 1 events
2025-04-15 09:45:06,468 - proctoring - DEBUG - [detection_service.py:37] - No Hand detections
2025-04-15 09:45:06,532 - proctoring - DEBUG - [detection_service.py:37] - No YOLO detections
2025-04-15 09:45:06,532 - proctoring - INFO - [detection_service.py:42] - Total events detected: 2
2025-04-15 09:45:06,532 - proctoring - INFO - [log_service.py:12] - Attempting to store 2 logs for user 2
2025-04-15 09:45:06,532 - proctoring - DEBUG - [log_service.py:26] - Created log entry: {'time': '2025-04-15 09:45:06.434520', 'event': 'Face detected', 'event_type': 'face_detected'}
2025-04-15 09:45:06,532 - proctoring - DEBUG - [log_service.py:26] - Created log entry: {'time': '2025-04-15 09:45:06.438569', 'event': 'Mouth movement detected'}
2025-04-15 09:45:06,534 - proctoring - INFO - [log_service.py:40] - Successfully stored 2 logs
2025-04-15 09:45:06,536 - proctoring - DEBUG - [image_utils.py:43] - Decoded base64 data length: 20334
2025-04-15 09:45:06,536 - proctoring - INFO - [detection_service.py:16] - Processing new frame
2025-04-15 09:45:06,550 - proctoring - INFO - [detection_service.py:34] - Face detection found 1 events
2025-04-15 09:45:06,562 - proctoring - INFO - [detection_service.py:34] - Face Mesh detection found 1 events
2025-04-15 09:45:06,567 - proctoring - DEBUG - [detection_service.py:37] - No Hand detections
2025-04-15 09:45:06,677 - proctoring - DEBUG - [detection_service.py:37] - No YOLO detections
2025-04-15 09:45:06,678 - proctoring - INFO - [detection_service.py:42] - Total events detected: 2
2025-04-15 09:45:06,678 - proctoring - INFO - [log_service.py:12] - Attempting to store 2 logs for user 2
2025-04-15 09:45:06,678 - proctoring - DEBUG - [log_service.py:26] - Created log entry: {'time': '2025-04-15 09:45:06.536752', 'event': 'Face detected', 'event_type': 'face_detected'}
2025-04-15 09:45:06,678 - proctoring - DEBUG - [log_service.py:26] - Created log entry: {'time': '2025-04-15 09:45:06.542067', 'event': 'Mouth movement detected'}
2025-04-15 09:45:06,682 - proctoring - INFO - [log_service.py:40] - Successfully stored 2 logs
2025-04-15 09:45:06,689 - proctoring - DEBUG - [image_utils.py:43] - Decoded base64 data length: 20308
2025-04-15 09:45:06,691 - proctoring - INFO - [detection_service.py:16] - Processing new frame
2025-04-15 09:45:06,715 - proctoring - INFO - [detection_service.py:34] - Face detection found 1 events
2025-04-15 09:45:06,732 - proctoring - INFO - [detection_service.py:34] - Face Mesh detection found 1 events
2025-04-15 09:45:06,740 - proctoring - DEBUG - [detection_service.py:37] - No Hand detections
2025-04-15 09:45:06,809 - proctoring - DEBUG - [detection_service.py:37] - No YOLO detections
2025-04-15 09:45:06,809 - proctoring - INFO - [detection_service.py:42] - Total events detected: 2
2025-04-15 09:45:06,809 - proctoring - INFO - [log_service.py:12] - Attempting to store 2 logs for user 2
2025-04-15 09:45:06,809 - proctoring - DEBUG - [log_service.py:26] - Created log entry: {'time': '2025-04-15 09:45:06.691641', 'event': 'Face detected', 'event_type': 'face_detected'}
2025-04-15 09:45:06,809 - proctoring - DEBUG - [log_service.py:26] - Created log entry: {'time': '2025-04-15 09:45:06.703887', 'event': 'Mouth movement detected'}
2025-04-15 09:45:06,811 - proctoring - INFO - [log_service.py:40] - Successfully stored 2 logs
2025-04-15 09:45:06,813 - proctoring - INFO - [main.py:217] - Cleaning up connection for user 2
2025-04-15 09:45:27,562 - proctoring - INFO - [auth.py:189] - Comparing face against 2 users
2025-04-15 09:45:28,110 - proctoring - INFO - [face_auth.py:48] - Face comparison: distance=0.552, threshold=0.6, verified=True
2025-04-15 09:45:28,111 - proctoring - INFO - [auth.py:200] - Face comparison with sharath@gmail.com: confidence=44.84
2025-04-15 09:45:28,537 - proctoring - INFO - [face_auth.py:48] - Face comparison: distance=0.435, threshold=0.6, verified=True
2025-04-15 09:45:28,538 - proctoring - INFO - [auth.py:200] - Face comparison with poojas410@gmail.com: confidence=56.48
2025-04-15 09:45:28,538 - proctoring - INFO - [auth.py:208] - Face login successful for poojas410@gmail.com with confidence 56.48
2025-04-15 09:45:30,170 - proctoring - INFO - [main.py:133] - WebSocket connection attempt for user 2
2025-04-15 09:45:30,172 - proctoring - INFO - [connection.py:31] - WebSocket connection accepted for user 2
2025-04-15 09:45:30,172 - proctoring - INFO - [main.py:162] - WebSocket connection established for user 2
2025-04-15 09:45:30,180 - proctoring - DEBUG - [image_utils.py:43] - Decoded base64 data length: 19668
2025-04-15 09:45:30,180 - proctoring - INFO - [detection_service.py:16] - Processing new frame
2025-04-15 09:45:30,193 - proctoring - DEBUG - [detection_service.py:37] - No Face detections
2025-04-15 09:45:30,209 - proctoring - INFO - [detection_service.py:34] - Face Mesh detection found 1 events
2025-04-15 09:45:30,214 - proctoring - DEBUG - [detection_service.py:37] - No Hand detections
2025-04-15 09:45:30,294 - proctoring - DEBUG - [detection_service.py:37] - No YOLO detections
2025-04-15 09:45:30,294 - proctoring - INFO - [detection_service.py:42] - Total events detected: 1
2025-04-15 09:45:30,294 - proctoring - INFO - [log_service.py:12] - Attempting to store 1 logs for user 2
2025-04-15 09:45:30,294 - proctoring - DEBUG - [log_service.py:26] - Created log entry: {'time': '2025-04-15 09:45:30.186397', 'event': 'Mouth movement detected'}
2025-04-15 09:45:30,296 - proctoring - INFO - [log_service.py:40] - Successfully stored 1 logs
2025-04-15 09:45:30,297 - proctoring - DEBUG - [image_utils.py:43] - Decoded base64 data length: 19344
2025-04-15 09:45:30,297 - proctoring - INFO - [detection_service.py:16] - Processing new frame
2025-04-15 09:45:30,311 - proctoring - INFO - [detection_service.py:34] - Face detection found 3 events
2025-04-15 09:45:30,323 - proctoring - INFO - [detection_service.py:34] - Face Mesh detection found 1 events
2025-04-15 09:45:30,333 - proctoring - DEBUG - [detection_service.py:37] - No Hand detections
2025-04-15 09:45:30,396 - proctoring - DEBUG - [detection_service.py:37] - No YOLO detections
2025-04-15 09:45:30,396 - proctoring - INFO - [detection_service.py:42] - Total events detected: 4
2025-04-15 09:45:30,396 - proctoring - INFO - [log_service.py:12] - Attempting to store 4 logs for user 2
2025-04-15 09:45:30,396 - proctoring - DEBUG - [log_service.py:26] - Created log entry: {'time': '2025-04-15 09:45:30.298048', 'event': 'Face detected', 'event_type': 'face_detected'}
2025-04-15 09:45:30,396 - proctoring - DEBUG - [log_service.py:26] - Created log entry: {'time': '2025-04-15 09:45:30.298048', 'event': 'Eye movement detected', 'event_type': 'eye_movement'}
2025-04-15 09:45:30,396 - proctoring - DEBUG - [log_service.py:26] - Created log entry: {'time': '2025-04-15 09:45:30.298048', 'event': 'Mouth movement detected', 'event_type': 'mouth_movement'}
2025-04-15 09:45:30,396 - proctoring - DEBUG - [log_service.py:26] - Created log entry: {'time': '2025-04-15 09:45:30.302012', 'event': 'Mouth movement detected'}
2025-04-15 09:45:30,401 - proctoring - INFO - [log_service.py:40] - Successfully stored 4 logs
2025-04-15 09:45:30,403 - proctoring - DEBUG - [image_utils.py:43] - Decoded base64 data length: 18897
2025-04-15 09:45:30,403 - proctoring - INFO - [detection_service.py:16] - Processing new frame
2025-04-15 09:45:30,416 - proctoring - INFO - [detection_service.py:34] - Face detection found 3 events
2025-04-15 09:45:30,431 - proctoring - DEBUG - [detection_service.py:37] - No Hand detections
2025-04-15 09:45:30,436 - proctoring - INFO - [detection_service.py:34] - Face Mesh detection found 1 events
2025-04-15 09:45:30,521 - proctoring - DEBUG - [detection_service.py:37] - No YOLO detections
2025-04-15 09:45:30,521 - proctoring - INFO - [detection_service.py:42] - Total events detected: 4
2025-04-15 09:45:30,521 - proctoring - INFO - [log_service.py:12] - Attempting to store 4 logs for user 2
2025-04-15 09:45:30,521 - proctoring - DEBUG - [log_service.py:26] - Created log entry: {'time': '2025-04-15 09:45:30.403843', 'event': 'Face detected', 'event_type': 'face_detected'}
2025-04-15 09:45:30,521 - proctoring - DEBUG - [log_service.py:26] - Created log entry: {'time': '2025-04-15 09:45:30.403843', 'event': 'Eye movement detected', 'event_type': 'eye_movement'}
2025-04-15 09:45:30,521 - proctoring - DEBUG - [log_service.py:26] - Created log entry: {'time': '2025-04-15 09:45:30.403843', 'event': 'Mouth movement detected', 'event_type': 'mouth_movement'}
2025-04-15 09:45:30,521 - proctoring - DEBUG - [log_service.py:26] - Created log entry: {'time': '2025-04-15 09:45:30.409129', 'event': 'Mouth movement detected'}
2025-04-15 09:45:30,523 - proctoring - INFO - [log_service.py:40] - Successfully stored 4 logs
2025-04-15 09:45:30,526 - proctoring - DEBUG - [image_utils.py:43] - Decoded base64 data length: 18780
2025-04-15 09:45:30,526 - proctoring - INFO - [detection_service.py:16] - Processing new frame
2025-04-15 09:45:30,541 - proctoring - INFO - [detection_service.py:34] - Face detection found 1 events
2025-04-15 09:45:30,558 - proctoring - INFO - [detection_service.py:34] - Face Mesh detection found 1 events
2025-04-15 09:45:30,566 - proctoring - DEBUG - [detection_service.py:37] - No Hand detections
2025-04-15 09:45:30,623 - proctoring - DEBUG - [detection_service.py:37] - No YOLO detections
2025-04-15 09:45:30,623 - proctoring - INFO - [detection_service.py:42] - Total events detected: 2
2025-04-15 09:45:30,623 - proctoring - INFO - [log_service.py:12] - Attempting to store 2 logs for user 2
2025-04-15 09:45:30,623 - proctoring - DEBUG - [log_service.py:26] - Created log entry: {'time': '2025-04-15 09:45:30.526827', 'event': 'Face detected', 'event_type': 'face_detected'}
2025-04-15 09:45:30,623 - proctoring - DEBUG - [log_service.py:26] - Created log entry: {'time': '2025-04-15 09:45:30.530928', 'event': 'Mouth movement detected'}
2025-04-15 09:45:30,625 - proctoring - INFO - [log_service.py:40] - Successfully stored 2 logs
2025-04-15 09:45:30,627 - proctoring - DEBUG - [image_utils.py:43] - Decoded base64 data length: 18684
2025-04-15 09:45:30,627 - proctoring - INFO - [detection_service.py:16] - Processing new frame
2025-04-15 09:45:30,640 - proctoring - INFO - [detection_service.py:34] - Face detection found 1 events
2025-04-15 09:45:30,652 - proctoring - INFO - [detection_service.py:34] - Face Mesh detection found 1 events
2025-04-15 09:45:30,658 - proctoring - DEBUG - [detection_service.py:37] - No Hand detections
2025-04-15 09:45:30,719 - proctoring - DEBUG - [detection_service.py:37] - No YOLO detections
2025-04-15 09:45:30,720 - proctoring - INFO - [detection_service.py:42] - Total events detected: 2
2025-04-15 09:45:30,720 - proctoring - INFO - [log_service.py:12] - Attempting to store 2 logs for user 2
2025-04-15 09:45:30,720 - proctoring - DEBUG - [log_service.py:26] - Created log entry: {'time': '2025-04-15 09:45:30.627817', 'event': 'Face detected', 'event_type': 'face_detected'}
2025-04-15 09:45:30,720 - proctoring - DEBUG - [log_service.py:26] - Created log entry: {'time': '2025-04-15 09:45:30.632773', 'event': 'Mouth movement detected'}
2025-04-15 09:45:30,721 - proctoring - INFO - [log_service.py:40] - Successfully stored 2 logs
2025-04-15 09:45:30,723 - proctoring - DEBUG - [image_utils.py:43] - Decoded base64 data length: 18566
2025-04-15 09:45:30,723 - proctoring - INFO - [detection_service.py:16] - Processing new frame
2025-04-15 09:45:30,736 - proctoring - INFO - [detection_service.py:34] - Face detection found 1 events
2025-04-15 09:45:30,759 - proctoring - INFO - [detection_service.py:34] - Face Mesh detection found 1 events
2025-04-15 09:45:30,759 - proctoring - DEBUG - [detection_service.py:37] - No Hand detections
2025-04-15 09:45:30,818 - proctoring - DEBUG - [detection_service.py:37] - No YOLO detections
2025-04-15 09:45:30,818 - proctoring - INFO - [detection_service.py:42] - Total events detected: 2
2025-04-15 09:45:30,818 - proctoring - INFO - [log_service.py:12] - Attempting to store 2 logs for user 2
2025-04-15 09:45:30,818 - proctoring - DEBUG - [log_service.py:26] - Created log entry: {'time': '2025-04-15 09:45:30.723950', 'event': 'Face detected', 'event_type': 'face_detected'}
2025-04-15 09:45:30,818 - proctoring - DEBUG - [log_service.py:26] - Created log entry: {'time': '2025-04-15 09:45:30.727670', 'event': 'Mouth movement detected'}
2025-04-15 09:45:30,820 - proctoring - INFO - [log_service.py:40] - Successfully stored 2 logs
2025-04-15 09:45:30,827 - proctoring - DEBUG - [image_utils.py:43] - Decoded base64 data length: 18612
2025-04-15 09:45:30,827 - proctoring - INFO - [detection_service.py:16] - Processing new frame
2025-04-15 09:45:30,839 - proctoring - INFO - [detection_service.py:34] - Face detection found 1 events
2025-04-15 09:45:30,852 - proctoring - INFO - [detection_service.py:34] - Face Mesh detection found 1 events
2025-04-15 09:45:30,858 - proctoring - DEBUG - [detection_service.py:37] - No Hand detections
2025-04-15 09:45:30,924 - proctoring - DEBUG - [detection_service.py:37] - No YOLO detections
2025-04-15 09:45:30,924 - proctoring - INFO - [detection_service.py:42] - Total events detected: 2
2025-04-15 09:45:30,924 - proctoring - INFO - [log_service.py:12] - Attempting to store 2 logs for user 2
2025-04-15 09:45:30,925 - proctoring - DEBUG - [log_service.py:26] - Created log entry: {'time': '2025-04-15 09:45:30.827620', 'event': 'Face detected', 'event_type': 'face_detected'}
2025-04-15 09:45:30,925 - proctoring - DEBUG - [log_service.py:26] - Created log entry: {'time': '2025-04-15 09:45:30.832809', 'event': 'Mouth movement detected'}
2025-04-15 09:45:30,926 - proctoring - INFO - [log_service.py:40] - Successfully stored 2 logs
2025-04-15 09:45:30,933 - proctoring - DEBUG - [image_utils.py:43] - Decoded base64 data length: 18618
2025-04-15 09:45:30,934 - proctoring - INFO - [detection_service.py:16] - Processing new frame
2025-04-15 09:45:30,947 - proctoring - INFO - [detection_service.py:34] - Face detection found 1 events
2025-04-15 09:45:30,960 - proctoring - INFO - [detection_service.py:34] - Face Mesh detection found 1 events
2025-04-15 09:45:30,972 - proctoring - DEBUG - [detection_service.py:37] - No Hand detections
2025-04-15 09:45:31,033 - proctoring - DEBUG - [detection_service.py:37] - No YOLO detections
2025-04-15 09:45:31,033 - proctoring - INFO - [detection_service.py:42] - Total events detected: 2
2025-04-15 09:45:31,033 - proctoring - INFO - [log_service.py:12] - Attempting to store 2 logs for user 2
2025-04-15 09:45:31,033 - proctoring - DEBUG - [log_service.py:26] - Created log entry: {'time': '2025-04-15 09:45:30.934221', 'event': 'Face detected', 'event_type': 'face_detected'}
2025-04-15 09:45:31,033 - proctoring - DEBUG - [log_service.py:26] - Created log entry: {'time': '2025-04-15 09:45:30.939317', 'event': 'Mouth movement detected'}
2025-04-15 09:45:31,035 - proctoring - INFO - [log_service.py:40] - Successfully stored 2 logs
2025-04-15 09:45:31,039 - proctoring - DEBUG - [image_utils.py:43] - Decoded base64 data length: 18703
2025-04-15 09:45:31,039 - proctoring - INFO - [detection_service.py:16] - Processing new frame
2025-04-15 09:45:31,053 - proctoring - INFO - [detection_service.py:34] - Face detection found 1 events
2025-04-15 09:45:31,068 - proctoring - INFO - [detection_service.py:34] - Face Mesh detection found 1 events
2025-04-15 09:45:31,074 - proctoring - DEBUG - [detection_service.py:37] - No Hand detections
2025-04-15 09:45:31,135 - proctoring - DEBUG - [detection_service.py:37] - No YOLO detections
2025-04-15 09:45:31,135 - proctoring - INFO - [detection_service.py:42] - Total events detected: 2
2025-04-15 09:45:31,135 - proctoring - INFO - [log_service.py:12] - Attempting to store 2 logs for user 2
2025-04-15 09:45:31,135 - proctoring - DEBUG - [log_service.py:26] - Created log entry: {'time': '2025-04-15 09:45:31.039923', 'event': 'Face detected', 'event_type': 'face_detected'}
2025-04-15 09:45:31,135 - proctoring - DEBUG - [log_service.py:26] - Created log entry: {'time': '2025-04-15 09:45:31.045391', 'event': 'Mouth movement detected'}
2025-04-15 09:45:31,137 - proctoring - INFO - [log_service.py:40] - Successfully stored 2 logs
2025-04-15 09:45:31,145 - proctoring - DEBUG - [image_utils.py:43] - Decoded base64 data length: 18774
2025-04-15 09:45:31,146 - proctoring - INFO - [detection_service.py:16] - Processing new frame
2025-04-15 09:45:31,160 - proctoring - INFO - [detection_service.py:34] - Face detection found 1 events
2025-04-15 09:45:31,173 - proctoring - INFO - [detection_service.py:34] - Face Mesh detection found 1 events
2025-04-15 09:45:31,178 - proctoring - DEBUG - [detection_service.py:37] - No Hand detections
2025-04-15 09:45:31,244 - proctoring - DEBUG - [detection_service.py:37] - No YOLO detections
2025-04-15 09:45:31,244 - proctoring - INFO - [detection_service.py:42] - Total events detected: 2
2025-04-15 09:45:31,244 - proctoring - INFO - [log_service.py:12] - Attempting to store 2 logs for user 2
2025-04-15 09:45:31,245 - proctoring - DEBUG - [log_service.py:26] - Created log entry: {'time': '2025-04-15 09:45:31.146334', 'event': 'Face detected', 'event_type': 'face_detected'}
2025-04-15 09:45:31,245 - proctoring - DEBUG - [log_service.py:26] - Created log entry: {'time': '2025-04-15 09:45:31.151866', 'event': 'Mouth movement detected'}
2025-04-15 09:45:31,246 - proctoring - INFO - [log_service.py:40] - Successfully stored 2 logs
2025-04-15 09:45:31,255 - proctoring - DEBUG - [image_utils.py:43] - Decoded base64 data length: 18960
2025-04-15 09:45:31,255 - proctoring - INFO - [detection_service.py:16] - Processing new frame
2025-04-15 09:45:31,270 - proctoring - INFO - [detection_service.py:34] - Face detection found 1 events
2025-04-15 09:45:31,283 - proctoring - DEBUG - [detection_service.py:37] - No Hand detections
2025-04-15 09:45:31,289 - proctoring - INFO - [detection_service.py:34] - Face Mesh detection found 1 events
2025-04-15 09:45:31,358 - proctoring - DEBUG - [detection_service.py:37] - No YOLO detections
2025-04-15 09:45:31,358 - proctoring - INFO - [detection_service.py:42] - Total events detected: 2
2025-04-15 09:45:31,358 - proctoring - INFO - [log_service.py:12] - Attempting to store 2 logs for user 2
2025-04-15 09:45:31,358 - proctoring - DEBUG - [log_service.py:26] - Created log entry: {'time': '2025-04-15 09:45:31.255679', 'event': 'Face detected', 'event_type': 'face_detected'}
2025-04-15 09:45:31,358 - proctoring - DEBUG - [log_service.py:26] - Created log entry: {'time': '2025-04-15 09:45:31.261048', 'event': 'Mouth movement detected'}
2025-04-15 09:45:31,360 - proctoring - INFO - [log_service.py:40] - Successfully stored 2 logs
2025-04-15 09:45:31,363 - proctoring - DEBUG - [image_utils.py:43] - Decoded base64 data length: 19014
2025-04-15 09:45:31,363 - proctoring - INFO - [detection_service.py:16] - Processing new frame
2025-04-15 09:45:31,376 - proctoring - INFO - [detection_service.py:34] - Face detection found 1 events
2025-04-15 09:45:31,562 - proctoring - DEBUG - [detection_service.py:37] - No Hand detections
2025-04-15 09:45:31,566 - proctoring - INFO - [detection_service.py:34] - Face Mesh detection found 1 events
2025-04-15 09:45:31,644 - proctoring - DEBUG - [detection_service.py:37] - No YOLO detections
2025-04-15 09:45:31,645 - proctoring - INFO - [detection_service.py:42] - Total events detected: 2
2025-04-15 09:45:31,645 - proctoring - INFO - [log_service.py:12] - Attempting to store 2 logs for user 2
2025-04-15 09:45:31,645 - proctoring - DEBUG - [log_service.py:26] - Created log entry: {'time': '2025-04-15 09:45:31.363826', 'event': 'Face detected', 'event_type': 'face_detected'}
2025-04-15 09:45:31,645 - proctoring - DEBUG - [log_service.py:26] - Created log entry: {'time': '2025-04-15 09:45:31.368535', 'event': 'Mouth movement detected'}
2025-04-15 09:45:31,646 - proctoring - INFO - [log_service.py:40] - Successfully stored 2 logs
2025-04-15 09:45:31,648 - proctoring - DEBUG - [image_utils.py:43] - Decoded base64 data length: 19176
2025-04-15 09:45:31,648 - proctoring - INFO - [detection_service.py:16] - Processing new frame
2025-04-15 09:45:31,663 - proctoring - INFO - [detection_service.py:34] - Face detection found 1 events
2025-04-15 09:45:31,680 - proctoring - INFO - [detection_service.py:34] - Face Mesh detection found 1 events
2025-04-15 09:45:31,686 - proctoring - DEBUG - [detection_service.py:37] - No Hand detections
2025-04-15 09:45:31,749 - proctoring - DEBUG - [detection_service.py:37] - No YOLO detections
2025-04-15 09:45:31,749 - proctoring - INFO - [detection_service.py:42] - Total events detected: 2
2025-04-15 09:45:31,749 - proctoring - INFO - [log_service.py:12] - Attempting to store 2 logs for user 2
2025-04-15 09:45:31,749 - proctoring - DEBUG - [log_service.py:26] - Created log entry: {'time': '2025-04-15 09:45:31.649014', 'event': 'Face detected', 'event_type': 'face_detected'}
2025-04-15 09:45:31,749 - proctoring - DEBUG - [log_service.py:26] - Created log entry: {'time': '2025-04-15 09:45:31.654237', 'event': 'Mouth movement detected'}
2025-04-15 09:45:31,751 - proctoring - INFO - [log_service.py:40] - Successfully stored 2 logs
2025-04-15 09:45:31,752 - proctoring - DEBUG - [image_utils.py:43] - Decoded base64 data length: 19389
2025-04-15 09:45:31,752 - proctoring - INFO - [detection_service.py:16] - Processing new frame
2025-04-15 09:45:31,765 - proctoring - INFO - [detection_service.py:34] - Face detection found 1 events
2025-04-15 09:45:31,778 - proctoring - INFO - [detection_service.py:34] - Face Mesh detection found 1 events
2025-04-15 09:45:31,782 - proctoring - DEBUG - [detection_service.py:37] - No Hand detections
2025-04-15 09:45:31,852 - proctoring - DEBUG - [detection_service.py:37] - No YOLO detections
2025-04-15 09:45:31,852 - proctoring - INFO - [detection_service.py:42] - Total events detected: 2
2025-04-15 09:45:31,852 - proctoring - INFO - [log_service.py:12] - Attempting to store 2 logs for user 2
2025-04-15 09:45:31,852 - proctoring - DEBUG - [log_service.py:26] - Created log entry: {'time': '2025-04-15 09:45:31.752982', 'event': 'Face detected', 'event_type': 'face_detected'}
2025-04-15 09:45:31,852 - proctoring - DEBUG - [log_service.py:26] - Created log entry: {'time': '2025-04-15 09:45:31.757441', 'event': 'Mouth movement detected'}
2025-04-15 09:45:31,853 - proctoring - INFO - [log_service.py:40] - Successfully stored 2 logs
2025-04-15 09:45:31,855 - proctoring - DEBUG - [image_utils.py:43] - Decoded base64 data length: 19359
2025-04-15 09:45:31,856 - proctoring - INFO - [detection_service.py:16] - Processing new frame
2025-04-15 09:45:31,870 - proctoring - INFO - [detection_service.py:34] - Face detection found 1 events
2025-04-15 09:45:31,892 - proctoring - INFO - [detection_service.py:34] - Face Mesh detection found 1 events
2025-04-15 09:45:31,893 - proctoring - DEBUG - [detection_service.py:37] - No Hand detections
2025-04-15 09:45:31,960 - proctoring - DEBUG - [detection_service.py:37] - No YOLO detections
2025-04-15 09:45:31,960 - proctoring - INFO - [detection_service.py:42] - Total events detected: 2
2025-04-15 09:45:31,960 - proctoring - INFO - [log_service.py:12] - Attempting to store 2 logs for user 2
2025-04-15 09:45:31,960 - proctoring - DEBUG - [log_service.py:26] - Created log entry: {'time': '2025-04-15 09:45:31.856130', 'event': 'Face detected', 'event_type': 'face_detected'}
2025-04-15 09:45:31,960 - proctoring - DEBUG - [log_service.py:26] - Created log entry: {'time': '2025-04-15 09:45:31.860975', 'event': 'Mouth movement detected'}
2025-04-15 09:45:31,962 - proctoring - INFO - [log_service.py:40] - Successfully stored 2 logs
2025-04-15 09:45:31,963 - proctoring - DEBUG - [image_utils.py:43] - Decoded base64 data length: 19278
2025-04-15 09:45:31,964 - proctoring - INFO - [detection_service.py:16] - Processing new frame
2025-04-15 09:45:31,979 - proctoring - INFO - [detection_service.py:34] - Face detection found 1 events
2025-04-15 09:45:31,997 - proctoring - DEBUG - [detection_service.py:37] - No Hand detections
2025-04-15 09:45:31,997 - proctoring - INFO - [detection_service.py:34] - Face Mesh detection found 1 events
2025-04-15 09:45:32,060 - proctoring - DEBUG - [detection_service.py:37] - No YOLO detections
2025-04-15 09:45:32,061 - proctoring - INFO - [detection_service.py:42] - Total events detected: 2
2025-04-15 09:45:32,061 - proctoring - INFO - [log_service.py:12] - Attempting to store 2 logs for user 2
2025-04-15 09:45:32,061 - proctoring - DEBUG - [log_service.py:26] - Created log entry: {'time': '2025-04-15 09:45:31.964451', 'event': 'Face detected', 'event_type': 'face_detected'}
2025-04-15 09:45:32,061 - proctoring - DEBUG - [log_service.py:26] - Created log entry: {'time': '2025-04-15 09:45:31.970346', 'event': 'Mouth movement detected'}
2025-04-15 09:45:32,062 - proctoring - INFO - [log_service.py:40] - Successfully stored 2 logs
2025-04-15 09:45:32,064 - proctoring - DEBUG - [image_utils.py:43] - Decoded base64 data length: 19343
2025-04-15 09:45:32,064 - proctoring - INFO - [detection_service.py:16] - Processing new frame
2025-04-15 09:45:32,077 - proctoring - INFO - [detection_service.py:34] - Face detection found 1 events
2025-04-15 09:45:32,091 - proctoring - INFO - [detection_service.py:34] - Face Mesh detection found 1 events
2025-04-15 09:45:32,098 - proctoring - DEBUG - [detection_service.py:37] - No Hand detections
2025-04-15 09:45:32,166 - proctoring - DEBUG - [detection_service.py:37] - No YOLO detections
2025-04-15 09:45:32,166 - proctoring - INFO - [detection_service.py:42] - Total events detected: 2
2025-04-15 09:45:32,166 - proctoring - INFO - [log_service.py:12] - Attempting to store 2 logs for user 2
2025-04-15 09:45:32,166 - proctoring - DEBUG - [log_service.py:26] - Created log entry: {'time': '2025-04-15 09:45:32.064854', 'event': 'Face detected', 'event_type': 'face_detected'}
2025-04-15 09:45:32,166 - proctoring - DEBUG - [log_service.py:26] - Created log entry: {'time': '2025-04-15 09:45:32.069507', 'event': 'Mouth movement detected'}
2025-04-15 09:45:32,168 - proctoring - INFO - [log_service.py:40] - Successfully stored 2 logs
2025-04-15 09:45:32,169 - proctoring - DEBUG - [image_utils.py:43] - Decoded base64 data length: 19255
2025-04-15 09:45:32,169 - proctoring - INFO - [detection_service.py:16] - Processing new frame
2025-04-15 09:45:32,180 - proctoring - INFO - [detection_service.py:34] - Face detection found 1 events
2025-04-15 09:45:32,197 - proctoring - INFO - [detection_service.py:34] - Face Mesh detection found 1 events
2025-04-15 09:45:32,200 - proctoring - DEBUG - [detection_service.py:37] - No Hand detections
2025-04-15 09:45:32,263 - proctoring - DEBUG - [detection_service.py:37] - No YOLO detections
2025-04-15 09:45:32,263 - proctoring - INFO - [detection_service.py:42] - Total events detected: 2
2025-04-15 09:45:32,263 - proctoring - INFO - [log_service.py:12] - Attempting to store 2 logs for user 2
2025-04-15 09:45:32,263 - proctoring - DEBUG - [log_service.py:26] - Created log entry: {'time': '2025-04-15 09:45:32.169959', 'event': 'Face detected', 'event_type': 'face_detected'}
2025-04-15 09:45:32,263 - proctoring - DEBUG - [log_service.py:26] - Created log entry: {'time': '2025-04-15 09:45:32.173938', 'event': 'Mouth movement detected'}
2025-04-15 09:45:32,266 - proctoring - INFO - [log_service.py:40] - Successfully stored 2 logs
2025-04-15 09:45:32,267 - proctoring - DEBUG - [image_utils.py:43] - Decoded base64 data length: 19140
2025-04-15 09:45:32,268 - proctoring - INFO - [detection_service.py:16] - Processing new frame
2025-04-15 09:45:32,280 - proctoring - INFO - [detection_service.py:34] - Face detection found 1 events
2025-04-15 09:45:32,293 - proctoring - INFO - [detection_service.py:34] - Face Mesh detection found 1 events
2025-04-15 09:45:32,298 - proctoring - DEBUG - [detection_service.py:37] - No Hand detections
2025-04-15 09:45:32,364 - proctoring - DEBUG - [detection_service.py:37] - No YOLO detections
2025-04-15 09:45:32,364 - proctoring - INFO - [detection_service.py:42] - Total events detected: 2
2025-04-15 09:45:32,364 - proctoring - INFO - [log_service.py:12] - Attempting to store 2 logs for user 2
2025-04-15 09:45:32,364 - proctoring - DEBUG - [log_service.py:26] - Created log entry: {'time': '2025-04-15 09:45:32.268355', 'event': 'Face detected', 'event_type': 'face_detected'}
2025-04-15 09:45:32,364 - proctoring - DEBUG - [log_service.py:26] - Created log entry: {'time': '2025-04-15 09:45:32.272553', 'event': 'Mouth movement detected'}
2025-04-15 09:45:32,366 - proctoring - INFO - [log_service.py:40] - Successfully stored 2 logs
2025-04-15 09:45:32,368 - proctoring - DEBUG - [image_utils.py:43] - Decoded base64 data length: 19095
2025-04-15 09:45:32,368 - proctoring - INFO - [detection_service.py:16] - Processing new frame
2025-04-15 09:45:32,381 - proctoring - INFO - [detection_service.py:34] - Face detection found 1 events
2025-04-15 09:45:32,393 - proctoring - INFO - [detection_service.py:34] - Face Mesh detection found 1 events
2025-04-15 09:45:32,400 - proctoring - DEBUG - [detection_service.py:37] - No Hand detections
2025-04-15 09:45:32,458 - proctoring - DEBUG - [detection_service.py:37] - No YOLO detections
2025-04-15 09:45:32,458 - proctoring - INFO - [detection_service.py:42] - Total events detected: 2
2025-04-15 09:45:32,458 - proctoring - INFO - [log_service.py:12] - Attempting to store 2 logs for user 2
2025-04-15 09:45:32,458 - proctoring - DEBUG - [log_service.py:26] - Created log entry: {'time': '2025-04-15 09:45:32.368510', 'event': 'Face detected', 'event_type': 'face_detected'}
2025-04-15 09:45:32,458 - proctoring - DEBUG - [log_service.py:26] - Created log entry: {'time': '2025-04-15 09:45:32.372411', 'event': 'Mouth movement detected'}
2025-04-15 09:45:32,460 - proctoring - INFO - [log_service.py:40] - Successfully stored 2 logs
2025-04-15 09:45:32,461 - proctoring - DEBUG - [image_utils.py:43] - Decoded base64 data length: 19170
2025-04-15 09:45:32,462 - proctoring - INFO - [detection_service.py:16] - Processing new frame
2025-04-15 09:45:32,476 - proctoring - INFO - [detection_service.py:34] - Face detection found 1 events
2025-04-15 09:45:32,488 - proctoring - INFO - [detection_service.py:34] - Face Mesh detection found 1 events
2025-04-15 09:45:32,494 - proctoring - DEBUG - [detection_service.py:37] - No Hand detections
2025-04-15 09:45:32,549 - proctoring - DEBUG - [detection_service.py:37] - No YOLO detections
2025-04-15 09:45:32,549 - proctoring - INFO - [detection_service.py:42] - Total events detected: 2
2025-04-15 09:45:32,549 - proctoring - INFO - [log_service.py:12] - Attempting to store 2 logs for user 2
2025-04-15 09:45:32,549 - proctoring - DEBUG - [log_service.py:26] - Created log entry: {'time': '2025-04-15 09:45:32.462478', 'event': 'Face detected', 'event_type': 'face_detected'}
2025-04-15 09:45:32,549 - proctoring - DEBUG - [log_service.py:26] - Created log entry: {'time': '2025-04-15 09:45:32.468249', 'event': 'Mouth movement detected'}
2025-04-15 09:45:32,551 - proctoring - INFO - [log_service.py:40] - Successfully stored 2 logs
2025-04-15 09:45:32,552 - proctoring - DEBUG - [image_utils.py:43] - Decoded base64 data length: 19190
2025-04-15 09:45:32,553 - proctoring - INFO - [detection_service.py:16] - Processing new frame
2025-04-15 09:45:32,564 - proctoring - INFO - [detection_service.py:34] - Face detection found 1 events
2025-04-15 09:45:32,578 - proctoring - INFO - [detection_service.py:34] - Face Mesh detection found 1 events
2025-04-15 09:45:32,582 - proctoring - DEBUG - [detection_service.py:37] - No Hand detections
2025-04-15 09:45:32,641 - proctoring - DEBUG - [detection_service.py:37] - No YOLO detections
2025-04-15 09:45:32,641 - proctoring - INFO - [detection_service.py:42] - Total events detected: 2
2025-04-15 09:45:32,641 - proctoring - INFO - [log_service.py:12] - Attempting to store 2 logs for user 2
2025-04-15 09:45:32,641 - proctoring - DEBUG - [log_service.py:26] - Created log entry: {'time': '2025-04-15 09:45:32.553161', 'event': 'Face detected', 'event_type': 'face_detected'}
2025-04-15 09:45:32,641 - proctoring - DEBUG - [log_service.py:26] - Created log entry: {'time': '2025-04-15 09:45:32.557287', 'event': 'Mouth movement detected'}
2025-04-15 09:45:32,643 - proctoring - INFO - [log_service.py:40] - Successfully stored 2 logs
2025-04-15 09:45:32,645 - proctoring - DEBUG - [image_utils.py:43] - Decoded base64 data length: 19069
2025-04-15 09:45:32,645 - proctoring - INFO - [detection_service.py:16] - Processing new frame
2025-04-15 09:45:32,658 - proctoring - INFO - [detection_service.py:34] - Face detection found 1 events
2025-04-15 09:45:32,671 - proctoring - INFO - [detection_service.py:34] - Face Mesh detection found 1 events
2025-04-15 09:45:32,678 - proctoring - DEBUG - [detection_service.py:37] - No Hand detections
2025-04-15 09:45:32,742 - proctoring - DEBUG - [detection_service.py:37] - No YOLO detections
2025-04-15 09:45:32,742 - proctoring - INFO - [detection_service.py:42] - Total events detected: 2
2025-04-15 09:45:32,743 - proctoring - INFO - [log_service.py:12] - Attempting to store 2 logs for user 2
2025-04-15 09:45:32,743 - proctoring - DEBUG - [log_service.py:26] - Created log entry: {'time': '2025-04-15 09:45:32.645623', 'event': 'Face detected', 'event_type': 'face_detected'}
2025-04-15 09:45:32,743 - proctoring - DEBUG - [log_service.py:26] - Created log entry: {'time': '2025-04-15 09:45:32.651717', 'event': 'Mouth movement detected'}
2025-04-15 09:45:32,744 - proctoring - INFO - [log_service.py:40] - Successfully stored 2 logs
2025-04-15 09:45:32,746 - proctoring - DEBUG - [image_utils.py:43] - Decoded base64 data length: 19048
2025-04-15 09:45:32,746 - proctoring - INFO - [detection_service.py:16] - Processing new frame
2025-04-15 09:45:32,762 - proctoring - INFO - [detection_service.py:34] - Face detection found 1 events
2025-04-15 09:45:32,778 - proctoring - INFO - [detection_service.py:34] - Face Mesh detection found 1 events
2025-04-15 09:45:32,783 - proctoring - DEBUG - [detection_service.py:37] - No Hand detections
2025-04-15 09:45:32,843 - proctoring - DEBUG - [detection_service.py:37] - No YOLO detections
2025-04-15 09:45:32,843 - proctoring - INFO - [detection_service.py:42] - Total events detected: 2
2025-04-15 09:45:32,843 - proctoring - INFO - [log_service.py:12] - Attempting to store 2 logs for user 2
2025-04-15 09:45:32,843 - proctoring - DEBUG - [log_service.py:26] - Created log entry: {'time': '2025-04-15 09:45:32.746979', 'event': 'Face detected', 'event_type': 'face_detected'}
2025-04-15 09:45:32,843 - proctoring - DEBUG - [log_service.py:26] - Created log entry: {'time': '2025-04-15 09:45:32.752005', 'event': 'Mouth movement detected'}
2025-04-15 09:45:32,844 - proctoring - INFO - [log_service.py:40] - Successfully stored 2 logs
2025-04-15 09:45:32,846 - proctoring - DEBUG - [image_utils.py:43] - Decoded base64 data length: 19103
2025-04-15 09:45:32,847 - proctoring - INFO - [detection_service.py:16] - Processing new frame
2025-04-15 09:45:32,859 - proctoring - INFO - [detection_service.py:34] - Face detection found 1 events
2025-04-15 09:45:32,877 - proctoring - DEBUG - [detection_service.py:37] - No Hand detections
2025-04-15 09:45:32,880 - proctoring - INFO - [detection_service.py:34] - Face Mesh detection found 1 events
2025-04-15 09:45:32,940 - proctoring - DEBUG - [detection_service.py:37] - No YOLO detections
2025-04-15 09:45:32,940 - proctoring - INFO - [detection_service.py:42] - Total events detected: 2
2025-04-15 09:45:32,940 - proctoring - INFO - [log_service.py:12] - Attempting to store 2 logs for user 2
2025-04-15 09:45:32,940 - proctoring - DEBUG - [log_service.py:26] - Created log entry: {'time': '2025-04-15 09:45:32.847104', 'event': 'Face detected', 'event_type': 'face_detected'}
2025-04-15 09:45:32,940 - proctoring - DEBUG - [log_service.py:26] - Created log entry: {'time': '2025-04-15 09:45:32.852004', 'event': 'Mouth movement detected'}
2025-04-15 09:45:32,941 - proctoring - INFO - [log_service.py:40] - Successfully stored 2 logs
2025-04-15 09:45:32,943 - proctoring - DEBUG - [image_utils.py:43] - Decoded base64 data length: 19251
2025-04-15 09:45:32,943 - proctoring - INFO - [detection_service.py:16] - Processing new frame
2025-04-15 09:45:32,956 - proctoring - INFO - [detection_service.py:34] - Face detection found 1 events
2025-04-15 09:45:32,971 - proctoring - INFO - [detection_service.py:34] - Face Mesh detection found 1 events
2025-04-15 09:45:32,976 - proctoring - DEBUG - [detection_service.py:37] - No Hand detections
2025-04-15 09:45:33,036 - proctoring - DEBUG - [detection_service.py:37] - No YOLO detections
2025-04-15 09:45:33,036 - proctoring - INFO - [detection_service.py:42] - Total events detected: 2
2025-04-15 09:45:33,036 - proctoring - INFO - [log_service.py:12] - Attempting to store 2 logs for user 2
2025-04-15 09:45:33,036 - proctoring - DEBUG - [log_service.py:26] - Created log entry: {'time': '2025-04-15 09:45:32.944020', 'event': 'Face detected', 'event_type': 'face_detected'}
2025-04-15 09:45:33,037 - proctoring - DEBUG - [log_service.py:26] - Created log entry: {'time': '2025-04-15 09:45:32.948726', 'event': 'Mouth movement detected'}
2025-04-15 09:45:33,038 - proctoring - INFO - [log_service.py:40] - Successfully stored 2 logs
2025-04-15 09:45:33,040 - proctoring - DEBUG - [image_utils.py:43] - Decoded base64 data length: 19150
2025-04-15 09:45:33,040 - proctoring - INFO - [detection_service.py:16] - Processing new frame
2025-04-15 09:45:33,055 - proctoring - INFO - [detection_service.py:34] - Face detection found 1 events
2025-04-15 09:45:33,068 - proctoring - INFO - [detection_service.py:34] - Face Mesh detection found 1 events
2025-04-15 09:45:33,074 - proctoring - DEBUG - [detection_service.py:37] - No Hand detections
2025-04-15 09:45:33,135 - proctoring - DEBUG - [detection_service.py:37] - No YOLO detections
2025-04-15 09:45:33,136 - proctoring - INFO - [detection_service.py:42] - Total events detected: 2
2025-04-15 09:45:33,136 - proctoring - INFO - [log_service.py:12] - Attempting to store 2 logs for user 2
2025-04-15 09:45:33,136 - proctoring - DEBUG - [log_service.py:26] - Created log entry: {'time': '2025-04-15 09:45:33.040873', 'event': 'Face detected', 'event_type': 'face_detected'}
2025-04-15 09:45:33,136 - proctoring - DEBUG - [log_service.py:26] - Created log entry: {'time': '2025-04-15 09:45:33.045935', 'event': 'Mouth movement detected'}
2025-04-15 09:45:33,137 - proctoring - INFO - [log_service.py:40] - Successfully stored 2 logs
2025-04-15 09:45:33,139 - proctoring - DEBUG - [image_utils.py:43] - Decoded base64 data length: 19187
2025-04-15 09:45:33,139 - proctoring - INFO - [detection_service.py:16] - Processing new frame
2025-04-15 09:45:33,154 - proctoring - INFO - [detection_service.py:34] - Face detection found 1 events
2025-04-15 09:45:33,166 - proctoring - INFO - [detection_service.py:34] - Face Mesh detection found 1 events
2025-04-15 09:45:33,171 - proctoring - DEBUG - [detection_service.py:37] - No Hand detections
2025-04-15 09:45:33,237 - proctoring - DEBUG - [detection_service.py:37] - No YOLO detections
2025-04-15 09:45:33,237 - proctoring - INFO - [detection_service.py:42] - Total events detected: 2
2025-04-15 09:45:33,237 - proctoring - INFO - [log_service.py:12] - Attempting to store 2 logs for user 2
2025-04-15 09:45:33,237 - proctoring - DEBUG - [log_service.py:26] - Created log entry: {'time': '2025-04-15 09:45:33.139859', 'event': 'Face detected', 'event_type': 'face_detected'}
2025-04-15 09:45:33,237 - proctoring - DEBUG - [log_service.py:26] - Created log entry: {'time': '2025-04-15 09:45:33.143845', 'event': 'Mouth movement detected'}
2025-04-15 09:45:33,238 - proctoring - INFO - [log_service.py:40] - Successfully stored 2 logs
2025-04-15 09:45:33,240 - proctoring - DEBUG - [image_utils.py:43] - Decoded base64 data length: 19111
2025-04-15 09:45:33,240 - proctoring - INFO - [detection_service.py:16] - Processing new frame
2025-04-15 09:45:33,254 - proctoring - INFO - [detection_service.py:34] - Face detection found 1 events
2025-04-15 09:45:33,270 - proctoring - INFO - [detection_service.py:34] - Face Mesh detection found 1 events
2025-04-15 09:45:33,278 - proctoring - DEBUG - [detection_service.py:37] - No Hand detections
2025-04-15 09:45:33,337 - proctoring - DEBUG - [detection_service.py:37] - No YOLO detections
2025-04-15 09:45:33,337 - proctoring - INFO - [detection_service.py:42] - Total events detected: 2
2025-04-15 09:45:33,337 - proctoring - INFO - [log_service.py:12] - Attempting to store 2 logs for user 2
2025-04-15 09:45:33,338 - proctoring - DEBUG - [log_service.py:26] - Created log entry: {'time': '2025-04-15 09:45:33.240971', 'event': 'Face detected', 'event_type': 'face_detected'}
2025-04-15 09:45:33,338 - proctoring - DEBUG - [log_service.py:26] - Created log entry: {'time': '2025-04-15 09:45:33.245713', 'event': 'Mouth movement detected'}
2025-04-15 09:45:33,339 - proctoring - INFO - [log_service.py:40] - Successfully stored 2 logs
2025-04-15 09:45:33,341 - proctoring - DEBUG - [image_utils.py:43] - Decoded base64 data length: 19074
2025-04-15 09:45:33,341 - proctoring - INFO - [detection_service.py:16] - Processing new frame
2025-04-15 09:45:33,355 - proctoring - INFO - [detection_service.py:34] - Face detection found 1 events
2025-04-15 09:45:33,367 - proctoring - INFO - [detection_service.py:34] - Face Mesh detection found 1 events
2025-04-15 09:45:33,370 - proctoring - DEBUG - [detection_service.py:37] - No Hand detections
2025-04-15 09:45:33,430 - proctoring - DEBUG - [detection_service.py:37] - No YOLO detections
2025-04-15 09:45:33,431 - proctoring - INFO - [detection_service.py:42] - Total events detected: 2
2025-04-15 09:45:33,431 - proctoring - INFO - [log_service.py:12] - Attempting to store 2 logs for user 2
2025-04-15 09:45:33,431 - proctoring - DEBUG - [log_service.py:26] - Created log entry: {'time': '2025-04-15 09:45:33.341873', 'event': 'Face detected', 'event_type': 'face_detected'}
2025-04-15 09:45:33,431 - proctoring - DEBUG - [log_service.py:26] - Created log entry: {'time': '2025-04-15 09:45:33.345690', 'event': 'Mouth movement detected'}
2025-04-15 09:45:33,433 - proctoring - INFO - [log_service.py:40] - Successfully stored 2 logs
2025-04-15 09:45:33,434 - proctoring - DEBUG - [image_utils.py:43] - Decoded base64 data length: 18956
2025-04-15 09:45:33,435 - proctoring - INFO - [detection_service.py:16] - Processing new frame
2025-04-15 09:45:33,446 - proctoring - INFO - [detection_service.py:34] - Face detection found 1 events
2025-04-15 09:45:33,459 - proctoring - INFO - [detection_service.py:34] - Face Mesh detection found 1 events
2025-04-15 09:45:33,465 - proctoring - DEBUG - [detection_service.py:37] - No Hand detections
2025-04-15 09:45:33,525 - proctoring - DEBUG - [detection_service.py:37] - No YOLO detections
2025-04-15 09:45:33,525 - proctoring - INFO - [detection_service.py:42] - Total events detected: 2
2025-04-15 09:45:33,525 - proctoring - INFO - [log_service.py:12] - Attempting to store 2 logs for user 2
2025-04-15 09:45:33,525 - proctoring - DEBUG - [log_service.py:26] - Created log entry: {'time': '2025-04-15 09:45:33.435127', 'event': 'Face detected', 'event_type': 'face_detected'}
2025-04-15 09:45:33,525 - proctoring - DEBUG - [log_service.py:26] - Created log entry: {'time': '2025-04-15 09:45:33.438847', 'event': 'Mouth movement detected'}
2025-04-15 09:45:33,527 - proctoring - INFO - [log_service.py:40] - Successfully stored 2 logs
2025-04-15 09:45:33,529 - proctoring - DEBUG - [image_utils.py:43] - Decoded base64 data length: 18813
2025-04-15 09:45:33,529 - proctoring - INFO - [detection_service.py:16] - Processing new frame
2025-04-15 09:45:33,543 - proctoring - INFO - [detection_service.py:34] - Face detection found 1 events
2025-04-15 09:45:33,555 - proctoring - INFO - [detection_service.py:34] - Face Mesh detection found 1 events
2025-04-15 09:45:33,560 - proctoring - DEBUG - [detection_service.py:37] - No Hand detections
2025-04-15 09:45:33,624 - proctoring - DEBUG - [detection_service.py:37] - No YOLO detections
2025-04-15 09:45:33,624 - proctoring - INFO - [detection_service.py:42] - Total events detected: 2
2025-04-15 09:45:33,624 - proctoring - INFO - [log_service.py:12] - Attempting to store 2 logs for user 2
2025-04-15 09:45:33,624 - proctoring - DEBUG - [log_service.py:26] - Created log entry: {'time': '2025-04-15 09:45:33.529699', 'event': 'Face detected', 'event_type': 'face_detected'}
2025-04-15 09:45:33,624 - proctoring - DEBUG - [log_service.py:26] - Created log entry: {'time': '2025-04-15 09:45:33.535055', 'event': 'Mouth movement detected'}
2025-04-15 09:45:33,626 - proctoring - INFO - [log_service.py:40] - Successfully stored 2 logs
2025-04-15 09:45:33,628 - proctoring - DEBUG - [image_utils.py:43] - Decoded base64 data length: 18780
2025-04-15 09:45:33,628 - proctoring - INFO - [detection_service.py:16] - Processing new frame
2025-04-15 09:45:33,643 - proctoring - INFO - [detection_service.py:34] - Face detection found 1 events
2025-04-15 09:45:33,656 - proctoring - INFO - [detection_service.py:34] - Face Mesh detection found 1 events
2025-04-15 09:45:33,661 - proctoring - DEBUG - [detection_service.py:37] - No Hand detections
2025-04-15 09:45:33,724 - proctoring - DEBUG - [detection_service.py:37] - No YOLO detections
2025-04-15 09:45:33,724 - proctoring - INFO - [detection_service.py:42] - Total events detected: 2
2025-04-15 09:45:33,724 - proctoring - INFO - [log_service.py:12] - Attempting to store 2 logs for user 2
2025-04-15 09:45:33,724 - proctoring - DEBUG - [log_service.py:26] - Created log entry: {'time': '2025-04-15 09:45:33.628663', 'event': 'Face detected', 'event_type': 'face_detected'}
2025-04-15 09:45:33,724 - proctoring - DEBUG - [log_service.py:26] - Created log entry: {'time': '2025-04-15 09:45:33.634373', 'event': 'Mouth movement detected'}
2025-04-15 09:45:33,726 - proctoring - INFO - [log_service.py:40] - Successfully stored 2 logs
2025-04-15 09:45:33,727 - proctoring - DEBUG - [image_utils.py:43] - Decoded base64 data length: 18915
2025-04-15 09:45:33,728 - proctoring - INFO - [detection_service.py:16] - Processing new frame
2025-04-15 09:45:33,740 - proctoring - INFO - [detection_service.py:34] - Face detection found 1 events
2025-04-15 09:45:33,753 - proctoring - INFO - [detection_service.py:34] - Face Mesh detection found 1 events
2025-04-15 09:45:33,759 - proctoring - DEBUG - [detection_service.py:37] - No Hand detections
2025-04-15 09:45:33,819 - proctoring - DEBUG - [detection_service.py:37] - No YOLO detections
2025-04-15 09:45:33,819 - proctoring - INFO - [detection_service.py:42] - Total events detected: 2
2025-04-15 09:45:33,819 - proctoring - INFO - [log_service.py:12] - Attempting to store 2 logs for user 2
2025-04-15 09:45:33,819 - proctoring - DEBUG - [log_service.py:26] - Created log entry: {'time': '2025-04-15 09:45:33.728388', 'event': 'Face detected', 'event_type': 'face_detected'}
2025-04-15 09:45:33,819 - proctoring - DEBUG - [log_service.py:26] - Created log entry: {'time': '2025-04-15 09:45:33.732341', 'event': 'Mouth movement detected'}
2025-04-15 09:45:33,821 - proctoring - INFO - [log_service.py:40] - Successfully stored 2 logs
2025-04-15 09:45:33,829 - proctoring - DEBUG - [image_utils.py:43] - Decoded base64 data length: 18839
2025-04-15 09:45:33,830 - proctoring - INFO - [detection_service.py:16] - Processing new frame
2025-04-15 09:45:33,842 - proctoring - INFO - [detection_service.py:34] - Face detection found 1 events
2025-04-15 09:45:33,854 - proctoring - INFO - [detection_service.py:34] - Face Mesh detection found 1 events
2025-04-15 09:45:33,860 - proctoring - DEBUG - [detection_service.py:37] - No Hand detections
2025-04-15 09:45:33,987 - proctoring - DEBUG - [detection_service.py:37] - No YOLO detections
2025-04-15 09:45:33,987 - proctoring - INFO - [detection_service.py:42] - Total events detected: 2
2025-04-15 09:45:33,987 - proctoring - INFO - [log_service.py:12] - Attempting to store 2 logs for user 2
2025-04-15 09:45:33,987 - proctoring - DEBUG - [log_service.py:26] - Created log entry: {'time': '2025-04-15 09:45:33.830151', 'event': 'Face detected', 'event_type': 'face_detected'}
2025-04-15 09:45:33,987 - proctoring - DEBUG - [log_service.py:26] - Created log entry: {'time': '2025-04-15 09:45:33.835090', 'event': 'Mouth movement detected'}
2025-04-15 09:45:33,989 - proctoring - INFO - [log_service.py:40] - Successfully stored 2 logs
2025-04-15 09:45:33,991 - proctoring - DEBUG - [image_utils.py:43] - Decoded base64 data length: 18924
2025-04-15 09:45:33,991 - proctoring - INFO - [detection_service.py:16] - Processing new frame
2025-04-15 09:45:34,006 - proctoring - INFO - [detection_service.py:34] - Face detection found 1 events
2025-04-15 09:45:34,021 - proctoring - INFO - [detection_service.py:34] - Face Mesh detection found 1 events
2025-04-15 09:45:34,027 - proctoring - DEBUG - [detection_service.py:37] - No Hand detections
2025-04-15 09:45:34,113 - proctoring - DEBUG - [detection_service.py:37] - No YOLO detections
2025-04-15 09:45:34,113 - proctoring - INFO - [detection_service.py:42] - Total events detected: 2
2025-04-15 09:45:34,113 - proctoring - INFO - [log_service.py:12] - Attempting to store 2 logs for user 2
2025-04-15 09:45:34,113 - proctoring - DEBUG - [log_service.py:26] - Created log entry: {'time': '2025-04-15 09:45:33.992072', 'event': 'Face detected', 'event_type': 'face_detected'}
2025-04-15 09:45:34,114 - proctoring - DEBUG - [log_service.py:26] - Created log entry: {'time': '2025-04-15 09:45:33.999134', 'event': 'Mouth movement detected'}
2025-04-15 09:45:34,115 - proctoring - INFO - [log_service.py:40] - Successfully stored 2 logs
2025-04-15 09:45:34,117 - proctoring - DEBUG - [image_utils.py:43] - Decoded base64 data length: 18952
2025-04-15 09:45:34,117 - proctoring - INFO - [detection_service.py:16] - Processing new frame
2025-04-15 09:45:34,134 - proctoring - INFO - [detection_service.py:34] - Face detection found 1 events
2025-04-15 09:45:34,151 - proctoring - INFO - [detection_service.py:34] - Face Mesh detection found 1 events
2025-04-15 09:45:34,158 - proctoring - DEBUG - [detection_service.py:37] - No Hand detections
2025-04-15 09:45:34,225 - proctoring - DEBUG - [detection_service.py:37] - No YOLO detections
2025-04-15 09:45:34,225 - proctoring - INFO - [detection_service.py:42] - Total events detected: 2
2025-04-15 09:45:34,225 - proctoring - INFO - [log_service.py:12] - Attempting to store 2 logs for user 2
2025-04-15 09:45:34,225 - proctoring - DEBUG - [log_service.py:26] - Created log entry: {'time': '2025-04-15 09:45:34.117914', 'event': 'Face detected', 'event_type': 'face_detected'}
2025-04-15 09:45:34,225 - proctoring - DEBUG - [log_service.py:26] - Created log entry: {'time': '2025-04-15 09:45:34.123811', 'event': 'Mouth movement detected'}
2025-04-15 09:45:34,227 - proctoring - INFO - [log_service.py:40] - Successfully stored 2 logs
2025-04-15 09:45:34,228 - proctoring - DEBUG - [image_utils.py:43] - Decoded base64 data length: 19198
2025-04-15 09:45:34,229 - proctoring - INFO - [detection_service.py:16] - Processing new frame
2025-04-15 09:45:34,243 - proctoring - INFO - [detection_service.py:34] - Face detection found 1 events
2025-04-15 09:45:34,257 - proctoring - INFO - [detection_service.py:34] - Face Mesh detection found 1 events
2025-04-15 09:45:34,263 - proctoring - DEBUG - [detection_service.py:37] - No Hand detections
2025-04-15 09:45:34,324 - proctoring - DEBUG - [detection_service.py:37] - No YOLO detections
2025-04-15 09:45:34,324 - proctoring - INFO - [detection_service.py:42] - Total events detected: 2
2025-04-15 09:45:34,324 - proctoring - INFO - [log_service.py:12] - Attempting to store 2 logs for user 2
2025-04-15 09:45:34,324 - proctoring - DEBUG - [log_service.py:26] - Created log entry: {'time': '2025-04-15 09:45:34.229129', 'event': 'Face detected', 'event_type': 'face_detected'}
2025-04-15 09:45:34,324 - proctoring - DEBUG - [log_service.py:26] - Created log entry: {'time': '2025-04-15 09:45:34.234721', 'event': 'Mouth movement detected'}
2025-04-15 09:45:34,326 - proctoring - INFO - [log_service.py:40] - Successfully stored 2 logs
2025-04-15 09:45:34,328 - proctoring - DEBUG - [image_utils.py:43] - Decoded base64 data length: 19267
2025-04-15 09:45:34,328 - proctoring - INFO - [detection_service.py:16] - Processing new frame
2025-04-15 09:45:34,340 - proctoring - INFO - [detection_service.py:34] - Face detection found 1 events
2025-04-15 09:45:34,356 - proctoring - INFO - [detection_service.py:34] - Face Mesh detection found 1 events
2025-04-15 09:45:34,356 - proctoring - DEBUG - [detection_service.py:37] - No Hand detections
2025-04-15 09:45:34,417 - proctoring - DEBUG - [detection_service.py:37] - No YOLO detections
2025-04-15 09:45:34,417 - proctoring - INFO - [detection_service.py:42] - Total events detected: 2
2025-04-15 09:45:34,417 - proctoring - INFO - [log_service.py:12] - Attempting to store 2 logs for user 2
2025-04-15 09:45:34,417 - proctoring - DEBUG - [log_service.py:26] - Created log entry: {'time': '2025-04-15 09:45:34.328727', 'event': 'Face detected', 'event_type': 'face_detected'}
2025-04-15 09:45:34,417 - proctoring - DEBUG - [log_service.py:26] - Created log entry: {'time': '2025-04-15 09:45:34.333073', 'event': 'Mouth movement detected'}
2025-04-15 09:45:34,419 - proctoring - INFO - [log_service.py:40] - Successfully stored 2 logs
2025-04-15 09:45:34,420 - proctoring - DEBUG - [image_utils.py:43] - Decoded base64 data length: 19320
2025-04-15 09:45:34,421 - proctoring - INFO - [detection_service.py:16] - Processing new frame
2025-04-15 09:45:34,435 - proctoring - INFO - [detection_service.py:34] - Face detection found 1 events
2025-04-15 09:45:34,444 - proctoring - INFO - [detection_service.py:34] - Face Mesh detection found 1 events
2025-04-15 09:45:34,452 - proctoring - DEBUG - [detection_service.py:37] - No Hand detections
2025-04-15 09:45:34,509 - proctoring - DEBUG - [detection_service.py:37] - No YOLO detections
2025-04-15 09:45:34,510 - proctoring - INFO - [detection_service.py:42] - Total events detected: 2
2025-04-15 09:45:34,510 - proctoring - INFO - [log_service.py:12] - Attempting to store 2 logs for user 2
2025-04-15 09:45:34,510 - proctoring - DEBUG - [log_service.py:26] - Created log entry: {'time': '2025-04-15 09:45:34.421197', 'event': 'Face detected', 'event_type': 'face_detected'}
2025-04-15 09:45:34,510 - proctoring - DEBUG - [log_service.py:26] - Created log entry: {'time': '2025-04-15 09:45:34.425987', 'event': 'Mouth movement detected'}
2025-04-15 09:45:34,511 - proctoring - INFO - [log_service.py:40] - Successfully stored 2 logs
2025-04-15 09:45:34,513 - proctoring - DEBUG - [image_utils.py:43] - Decoded base64 data length: 19316
2025-04-15 09:45:34,514 - proctoring - INFO - [detection_service.py:16] - Processing new frame
2025-04-15 09:45:34,529 - proctoring - INFO - [detection_service.py:34] - Face detection found 1 events
2025-04-15 09:45:34,549 - proctoring - DEBUG - [detection_service.py:37] - No Hand detections
2025-04-15 09:45:34,553 - proctoring - INFO - [detection_service.py:34] - Face Mesh detection found 1 events
2025-04-15 09:45:34,611 - proctoring - DEBUG - [detection_service.py:37] - No YOLO detections
2025-04-15 09:45:34,611 - proctoring - INFO - [detection_service.py:42] - Total events detected: 2
2025-04-15 09:45:34,612 - proctoring - INFO - [log_service.py:12] - Attempting to store 2 logs for user 2
2025-04-15 09:45:34,612 - proctoring - DEBUG - [log_service.py:26] - Created log entry: {'time': '2025-04-15 09:45:34.514296', 'event': 'Face detected', 'event_type': 'face_detected'}
2025-04-15 09:45:34,612 - proctoring - DEBUG - [log_service.py:26] - Created log entry: {'time': '2025-04-15 09:45:34.519540', 'event': 'Mouth movement detected'}
2025-04-15 09:45:34,613 - proctoring - INFO - [log_service.py:40] - Successfully stored 2 logs
2025-04-15 09:45:34,615 - proctoring - DEBUG - [image_utils.py:43] - Decoded base64 data length: 19209
2025-04-15 09:45:34,615 - proctoring - INFO - [detection_service.py:16] - Processing new frame
2025-04-15 09:45:34,630 - proctoring - INFO - [detection_service.py:34] - Face detection found 1 events
2025-04-15 09:45:34,644 - proctoring - DEBUG - [detection_service.py:37] - No Hand detections
2025-04-15 09:45:34,650 - proctoring - INFO - [detection_service.py:34] - Face Mesh detection found 1 events
2025-04-15 09:45:34,713 - proctoring - DEBUG - [detection_service.py:37] - No YOLO detections
2025-04-15 09:45:34,713 - proctoring - INFO - [detection_service.py:42] - Total events detected: 2
2025-04-15 09:45:34,713 - proctoring - INFO - [log_service.py:12] - Attempting to store 2 logs for user 2
2025-04-15 09:45:34,714 - proctoring - DEBUG - [log_service.py:26] - Created log entry: {'time': '2025-04-15 09:45:34.615759', 'event': 'Face detected', 'event_type': 'face_detected'}
2025-04-15 09:45:34,714 - proctoring - DEBUG - [log_service.py:26] - Created log entry: {'time': '2025-04-15 09:45:34.620675', 'event': 'Mouth movement detected'}
2025-04-15 09:45:34,715 - proctoring - INFO - [log_service.py:40] - Successfully stored 2 logs
2025-04-15 09:45:34,717 - proctoring - DEBUG - [image_utils.py:43] - Decoded base64 data length: 19170
2025-04-15 09:45:34,718 - proctoring - INFO - [detection_service.py:16] - Processing new frame
2025-04-15 09:45:34,733 - proctoring - INFO - [detection_service.py:34] - Face detection found 1 events
2025-04-15 09:45:34,754 - proctoring - INFO - [detection_service.py:34] - Face Mesh detection found 1 events
2025-04-15 09:45:34,763 - proctoring - DEBUG - [detection_service.py:37] - No Hand detections
2025-04-15 09:45:34,835 - proctoring - DEBUG - [detection_service.py:37] - No YOLO detections
2025-04-15 09:45:34,835 - proctoring - INFO - [detection_service.py:42] - Total events detected: 2
2025-04-15 09:45:34,835 - proctoring - INFO - [log_service.py:12] - Attempting to store 2 logs for user 2
2025-04-15 09:45:34,835 - proctoring - DEBUG - [log_service.py:26] - Created log entry: {'time': '2025-04-15 09:45:34.718129', 'event': 'Face detected', 'event_type': 'face_detected'}
2025-04-15 09:45:34,835 - proctoring - DEBUG - [log_service.py:26] - Created log entry: {'time': '2025-04-15 09:45:34.723534', 'event': 'Mouth movement detected'}
2025-04-15 09:45:34,837 - proctoring - INFO - [log_service.py:40] - Successfully stored 2 logs
2025-04-15 09:45:34,838 - proctoring - DEBUG - [image_utils.py:43] - Decoded base64 data length: 19215
2025-04-15 09:45:34,839 - proctoring - INFO - [detection_service.py:16] - Processing new frame
2025-04-15 09:45:34,851 - proctoring - INFO - [detection_service.py:34] - Face detection found 1 events
2025-04-15 09:45:34,864 - proctoring - INFO - [detection_service.py:34] - Face Mesh detection found 1 events
2025-04-15 09:45:34,873 - proctoring - DEBUG - [detection_service.py:37] - No Hand detections
2025-04-15 09:45:34,937 - proctoring - DEBUG - [detection_service.py:37] - No YOLO detections
2025-04-15 09:45:34,937 - proctoring - INFO - [detection_service.py:42] - Total events detected: 2
2025-04-15 09:45:34,937 - proctoring - INFO - [log_service.py:12] - Attempting to store 2 logs for user 2
2025-04-15 09:45:34,938 - proctoring - DEBUG - [log_service.py:26] - Created log entry: {'time': '2025-04-15 09:45:34.839385', 'event': 'Face detected', 'event_type': 'face_detected'}
2025-04-15 09:45:34,938 - proctoring - DEBUG - [log_service.py:26] - Created log entry: {'time': '2025-04-15 09:45:34.843927', 'event': 'Mouth movement detected'}
2025-04-15 09:45:34,940 - proctoring - INFO - [log_service.py:40] - Successfully stored 2 logs
2025-04-15 09:45:34,942 - proctoring - DEBUG - [image_utils.py:43] - Decoded base64 data length: 19390
2025-04-15 09:45:34,943 - proctoring - INFO - [detection_service.py:16] - Processing new frame
2025-04-15 09:45:34,957 - proctoring - INFO - [detection_service.py:34] - Face detection found 1 events
2025-04-15 09:45:34,974 - proctoring - INFO - [detection_service.py:34] - Face Mesh detection found 1 events
2025-04-15 09:45:34,975 - proctoring - DEBUG - [detection_service.py:37] - No Hand detections
2025-04-15 09:45:35,038 - proctoring - DEBUG - [detection_service.py:37] - No YOLO detections
2025-04-15 09:45:35,039 - proctoring - INFO - [detection_service.py:42] - Total events detected: 2
2025-04-15 09:45:35,039 - proctoring - INFO - [log_service.py:12] - Attempting to store 2 logs for user 2
2025-04-15 09:45:35,039 - proctoring - DEBUG - [log_service.py:26] - Created log entry: {'time': '2025-04-15 09:45:34.943338', 'event': 'Face detected', 'event_type': 'face_detected'}
2025-04-15 09:45:35,039 - proctoring - DEBUG - [log_service.py:26] - Created log entry: {'time': '2025-04-15 09:45:34.949152', 'event': 'Mouth movement detected'}
2025-04-15 09:45:35,040 - proctoring - INFO - [log_service.py:40] - Successfully stored 2 logs
2025-04-15 09:45:35,042 - proctoring - DEBUG - [image_utils.py:43] - Decoded base64 data length: 19291
2025-04-15 09:45:35,042 - proctoring - INFO - [detection_service.py:16] - Processing new frame
2025-04-15 09:45:35,056 - proctoring - INFO - [detection_service.py:34] - Face detection found 1 events
2025-04-15 09:45:35,072 - proctoring - INFO - [detection_service.py:34] - Face Mesh detection found 1 events
2025-04-15 09:45:35,078 - proctoring - DEBUG - [detection_service.py:37] - No Hand detections
2025-04-15 09:45:35,140 - proctoring - DEBUG - [detection_service.py:37] - No YOLO detections
2025-04-15 09:45:35,140 - proctoring - INFO - [detection_service.py:42] - Total events detected: 2
2025-04-15 09:45:35,140 - proctoring - INFO - [log_service.py:12] - Attempting to store 2 logs for user 2
2025-04-15 09:45:35,140 - proctoring - DEBUG - [log_service.py:26] - Created log entry: {'time': '2025-04-15 09:45:35.042777', 'event': 'Face detected', 'event_type': 'face_detected'}
2025-04-15 09:45:35,140 - proctoring - DEBUG - [log_service.py:26] - Created log entry: {'time': '2025-04-15 09:45:35.046864', 'event': 'Mouth movement detected'}
2025-04-15 09:45:35,142 - proctoring - INFO - [log_service.py:40] - Successfully stored 2 logs
2025-04-15 09:45:35,143 - proctoring - DEBUG - [image_utils.py:43] - Decoded base64 data length: 18984
2025-04-15 09:45:35,143 - proctoring - INFO - [detection_service.py:16] - Processing new frame
2025-04-15 09:45:35,157 - proctoring - INFO - [detection_service.py:34] - Face detection found 1 events
2025-04-15 09:45:35,171 - proctoring - INFO - [detection_service.py:34] - Face Mesh detection found 1 events
2025-04-15 09:45:35,177 - proctoring - DEBUG - [detection_service.py:37] - No Hand detections
2025-04-15 09:45:35,238 - proctoring - DEBUG - [detection_service.py:37] - No YOLO detections
2025-04-15 09:45:35,238 - proctoring - INFO - [detection_service.py:42] - Total events detected: 2
2025-04-15 09:45:35,238 - proctoring - INFO - [log_service.py:12] - Attempting to store 2 logs for user 2
2025-04-15 09:45:35,238 - proctoring - DEBUG - [log_service.py:26] - Created log entry: {'time': '2025-04-15 09:45:35.144046', 'event': 'Face detected', 'event_type': 'face_detected'}
2025-04-15 09:45:35,238 - proctoring - DEBUG - [log_service.py:26] - Created log entry: {'time': '2025-04-15 09:45:35.148160', 'event': 'Mouth movement detected'}
2025-04-15 09:45:35,240 - proctoring - INFO - [log_service.py:40] - Successfully stored 2 logs
2025-04-15 09:45:35,242 - proctoring - DEBUG - [image_utils.py:43] - Decoded base64 data length: 18719
2025-04-15 09:45:35,242 - proctoring - INFO - [detection_service.py:16] - Processing new frame
2025-04-15 09:45:35,256 - proctoring - INFO - [detection_service.py:34] - Face detection found 1 events
2025-04-15 09:45:35,270 - proctoring - INFO - [detection_service.py:34] - Face Mesh detection found 1 events
2025-04-15 09:45:35,275 - proctoring - DEBUG - [detection_service.py:37] - No Hand detections
2025-04-15 09:45:35,330 - proctoring - DEBUG - [detection_service.py:37] - No YOLO detections
2025-04-15 09:45:35,330 - proctoring - INFO - [detection_service.py:42] - Total events detected: 2
2025-04-15 09:45:35,330 - proctoring - INFO - [log_service.py:12] - Attempting to store 2 logs for user 2
2025-04-15 09:45:35,331 - proctoring - DEBUG - [log_service.py:26] - Created log entry: {'time': '2025-04-15 09:45:35.242567', 'event': 'Face detected', 'event_type': 'face_detected'}
2025-04-15 09:45:35,331 - proctoring - DEBUG - [log_service.py:26] - Created log entry: {'time': '2025-04-15 09:45:35.246927', 'event': 'Mouth movement detected'}
2025-04-15 09:45:35,332 - proctoring - INFO - [log_service.py:40] - Successfully stored 2 logs
2025-04-15 09:45:35,334 - proctoring - DEBUG - [image_utils.py:43] - Decoded base64 data length: 18606
2025-04-15 09:45:35,335 - proctoring - INFO - [detection_service.py:16] - Processing new frame
2025-04-15 09:45:35,348 - proctoring - INFO - [detection_service.py:34] - Face detection found 1 events
2025-04-15 09:45:35,363 - proctoring - INFO - [detection_service.py:34] - Face Mesh detection found 1 events
2025-04-15 09:45:35,368 - proctoring - DEBUG - [detection_service.py:37] - No Hand detections
2025-04-15 09:45:35,426 - proctoring - DEBUG - [detection_service.py:37] - No YOLO detections
2025-04-15 09:45:35,426 - proctoring - INFO - [detection_service.py:42] - Total events detected: 2
2025-04-15 09:45:35,426 - proctoring - INFO - [log_service.py:12] - Attempting to store 2 logs for user 2
2025-04-15 09:45:35,426 - proctoring - DEBUG - [log_service.py:26] - Created log entry: {'time': '2025-04-15 09:45:35.335117', 'event': 'Face detected', 'event_type': 'face_detected'}
2025-04-15 09:45:35,426 - proctoring - DEBUG - [log_service.py:26] - Created log entry: {'time': '2025-04-15 09:45:35.340391', 'event': 'Mouth movement detected'}
2025-04-15 09:45:35,428 - proctoring - INFO - [log_service.py:40] - Successfully stored 2 logs
2025-04-15 09:45:35,434 - proctoring - DEBUG - [image_utils.py:43] - Decoded base64 data length: 18886
2025-04-15 09:45:35,434 - proctoring - INFO - [detection_service.py:16] - Processing new frame
2025-04-15 09:45:35,448 - proctoring - INFO - [detection_service.py:34] - Face detection found 1 events
2025-04-15 09:45:35,460 - proctoring - INFO - [detection_service.py:34] - Face Mesh detection found 1 events
2025-04-15 09:45:35,465 - proctoring - DEBUG - [detection_service.py:37] - No Hand detections
2025-04-15 09:45:35,523 - proctoring - DEBUG - [detection_service.py:37] - No YOLO detections
2025-04-15 09:45:35,523 - proctoring - INFO - [detection_service.py:42] - Total events detected: 2
2025-04-15 09:45:35,523 - proctoring - INFO - [log_service.py:12] - Attempting to store 2 logs for user 2
2025-04-15 09:45:35,523 - proctoring - DEBUG - [log_service.py:26] - Created log entry: {'time': '2025-04-15 09:45:35.434586', 'event': 'Face detected', 'event_type': 'face_detected'}
2025-04-15 09:45:35,523 - proctoring - DEBUG - [log_service.py:26] - Created log entry: {'time': '2025-04-15 09:45:35.439651', 'event': 'Mouth movement detected'}
2025-04-15 09:45:35,525 - proctoring - INFO - [log_service.py:40] - Successfully stored 2 logs
2025-04-15 09:45:35,539 - proctoring - DEBUG - [image_utils.py:43] - Decoded base64 data length: 19237
2025-04-15 09:45:35,540 - proctoring - INFO - [detection_service.py:16] - Processing new frame
2025-04-15 09:45:35,553 - proctoring - INFO - [detection_service.py:34] - Face detection found 1 events
2025-04-15 09:45:35,570 - proctoring - DEBUG - [detection_service.py:37] - No Hand detections
2025-04-15 09:45:35,574 - proctoring - INFO - [detection_service.py:34] - Face Mesh detection found 1 events
2025-04-15 09:45:35,664 - proctoring - INFO - [detection_service.py:34] - YOLO detection found 1 events
2025-04-15 09:45:35,664 - proctoring - INFO - [detection_service.py:42] - Total events detected: 3
2025-04-15 09:45:35,664 - proctoring - INFO - [log_service.py:12] - Attempting to store 3 logs for user 2
2025-04-15 09:45:35,664 - proctoring - DEBUG - [log_service.py:26] - Created log entry: {'time': '2025-04-15 09:45:35.540208', 'event': 'Face detected', 'event_type': 'face_detected'}
2025-04-15 09:45:35,664 - proctoring - DEBUG - [log_service.py:26] - Created log entry: {'time': '2025-04-15 09:45:35.544897', 'event': 'Mouth movement detected'}
2025-04-15 09:45:35,664 - proctoring - DEBUG - [log_service.py:26] - Created log entry: {'time': '2025-04-15 09:45:35.553036', 'event': 'Phone detected', 'event_type': 'phone_detected', 'details': ''}
2025-04-15 09:45:35,666 - proctoring - INFO - [log_service.py:40] - Successfully stored 3 logs
2025-04-15 09:45:35,669 - proctoring - DEBUG - [image_utils.py:43] - Decoded base64 data length: 19118
2025-04-15 09:45:35,669 - proctoring - INFO - [detection_service.py:16] - Processing new frame
2025-04-15 09:45:35,681 - proctoring - INFO - [detection_service.py:34] - Face detection found 1 events
2025-04-15 09:45:35,699 - proctoring - INFO - [detection_service.py:34] - Face Mesh detection found 1 events
2025-04-15 09:45:35,705 - proctoring - DEBUG - [detection_service.py:37] - No Hand detections
2025-04-15 09:45:35,763 - proctoring - INFO - [detection_service.py:34] - YOLO detection found 1 events
2025-04-15 09:45:35,763 - proctoring - INFO - [detection_service.py:42] - Total events detected: 3
2025-04-15 09:45:35,763 - proctoring - INFO - [log_service.py:12] - Attempting to store 3 logs for user 2
2025-04-15 09:45:35,763 - proctoring - DEBUG - [log_service.py:26] - Created log entry: {'time': '2025-04-15 09:45:35.669876', 'event': 'Face detected', 'event_type': 'face_detected'}
2025-04-15 09:45:35,763 - proctoring - DEBUG - [log_service.py:26] - Created log entry: {'time': '2025-04-15 09:45:35.673811', 'event': 'Mouth movement detected'}
2025-04-15 09:45:35,763 - proctoring - DEBUG - [log_service.py:26] - Created log entry: {'time': '2025-04-15 09:45:35.678739', 'event': 'Phone detected', 'event_type': 'phone_detected', 'details': ''}
2025-04-15 09:45:35,765 - proctoring - INFO - [log_service.py:40] - Successfully stored 3 logs
2025-04-15 09:45:35,767 - proctoring - DEBUG - [image_utils.py:43] - Decoded base64 data length: 19194
2025-04-15 09:45:35,768 - proctoring - INFO - [detection_service.py:16] - Processing new frame
2025-04-15 09:45:35,780 - proctoring - INFO - [detection_service.py:34] - Face detection found 1 events
2025-04-15 09:45:35,795 - proctoring - INFO - [detection_service.py:34] - Face Mesh detection found 1 events
2025-04-15 09:45:35,802 - proctoring - DEBUG - [detection_service.py:37] - No Hand detections
2025-04-15 09:45:35,917 - proctoring - INFO - [detection_service.py:34] - YOLO detection found 2 events
2025-04-15 09:45:35,917 - proctoring - INFO - [detection_service.py:42] - Total events detected: 4
2025-04-15 09:45:35,917 - proctoring - INFO - [log_service.py:12] - Attempting to store 4 logs for user 2
2025-04-15 09:45:35,917 - proctoring - DEBUG - [log_service.py:26] - Created log entry: {'time': '2025-04-15 09:45:35.768437', 'event': 'Face detected', 'event_type': 'face_detected'}
2025-04-15 09:45:35,917 - proctoring - DEBUG - [log_service.py:26] - Created log entry: {'time': '2025-04-15 09:45:35.772865', 'event': 'Mouth movement detected'}
2025-04-15 09:45:35,917 - proctoring - DEBUG - [log_service.py:26] - Created log entry: {'time': '2025-04-15 09:45:35.779334', 'event': 'Phone detected', 'event_type': 'phone_detected', 'details': ''}
2025-04-15 09:45:35,917 - proctoring - DEBUG - [log_service.py:26] - Created log entry: {'time': '2025-04-15 09:45:35.779334', 'event': 'Phone detected', 'event_type': 'phone_detected', 'details': ''}
2025-04-15 09:45:35,919 - proctoring - INFO - [log_service.py:40] - Successfully stored 4 logs
2025-04-15 09:45:35,922 - proctoring - DEBUG - [image_utils.py:43] - Decoded base64 data length: 19224
2025-04-15 09:45:35,924 - proctoring - INFO - [detection_service.py:16] - Processing new frame
2025-04-15 09:45:35,943 - proctoring - INFO - [detection_service.py:34] - Face detection found 1 events
2025-04-15 09:45:35,959 - proctoring - INFO - [detection_service.py:34] - Face Mesh detection found 1 events
2025-04-15 09:45:35,970 - proctoring - DEBUG - [detection_service.py:37] - No Hand detections
2025-04-15 09:45:36,047 - proctoring - INFO - [detection_service.py:34] - YOLO detection found 1 events
2025-04-15 09:45:36,047 - proctoring - INFO - [detection_service.py:42] - Total events detected: 3
2025-04-15 09:45:36,047 - proctoring - INFO - [log_service.py:12] - Attempting to store 3 logs for user 2
2025-04-15 09:45:36,047 - proctoring - DEBUG - [log_service.py:26] - Created log entry: {'time': '2025-04-15 09:45:35.924390', 'event': 'Face detected', 'event_type': 'face_detected'}
2025-04-15 09:45:36,047 - proctoring - DEBUG - [log_service.py:26] - Created log entry: {'time': '2025-04-15 09:45:35.934026', 'event': 'Mouth movement detected'}
2025-04-15 09:45:36,047 - proctoring - DEBUG - [log_service.py:26] - Created log entry: {'time': '2025-04-15 09:45:35.941337', 'event': 'Phone detected', 'event_type': 'phone_detected', 'details': ''}
2025-04-15 09:45:36,049 - proctoring - INFO - [log_service.py:40] - Successfully stored 3 logs
2025-04-15 09:45:36,051 - proctoring - DEBUG - [image_utils.py:43] - Decoded base64 data length: 19381
2025-04-15 09:45:36,052 - proctoring - INFO - [detection_service.py:16] - Processing new frame
2025-04-15 09:45:36,064 - proctoring - INFO - [detection_service.py:34] - Face detection found 1 events
2025-04-15 09:45:36,079 - proctoring - INFO - [detection_service.py:34] - Face Mesh detection found 1 events
2025-04-15 09:45:36,085 - proctoring - DEBUG - [detection_service.py:37] - No Hand detections
2025-04-15 09:45:36,146 - proctoring - INFO - [detection_service.py:34] - YOLO detection found 1 events
2025-04-15 09:45:36,146 - proctoring - INFO - [detection_service.py:42] - Total events detected: 3
2025-04-15 09:45:36,146 - proctoring - INFO - [log_service.py:12] - Attempting to store 3 logs for user 2
2025-04-15 09:45:36,146 - proctoring - DEBUG - [log_service.py:26] - Created log entry: {'time': '2025-04-15 09:45:36.052228', 'event': 'Face detected', 'event_type': 'face_detected'}
2025-04-15 09:45:36,146 - proctoring - DEBUG - [log_service.py:26] - Created log entry: {'time': '2025-04-15 09:45:36.056311', 'event': 'Mouth movement detected'}
2025-04-15 09:45:36,146 - proctoring - DEBUG - [log_service.py:26] - Created log entry: {'time': '2025-04-15 09:45:36.064010', 'event': 'Phone detected', 'event_type': 'phone_detected', 'details': ''}
2025-04-15 09:45:36,148 - proctoring - INFO - [log_service.py:40] - Successfully stored 3 logs
2025-04-15 09:45:36,150 - proctoring - DEBUG - [image_utils.py:43] - Decoded base64 data length: 19452
2025-04-15 09:45:36,150 - proctoring - INFO - [detection_service.py:16] - Processing new frame
2025-04-15 09:45:36,164 - proctoring - INFO - [detection_service.py:34] - Face detection found 1 events
2025-04-15 09:45:36,179 - proctoring - DEBUG - [detection_service.py:37] - No Hand detections
2025-04-15 09:45:36,187 - proctoring - INFO - [detection_service.py:34] - Face Mesh detection found 1 events
2025-04-15 09:45:36,254 - proctoring - INFO - [detection_service.py:34] - YOLO detection found 1 events
2025-04-15 09:45:36,254 - proctoring - INFO - [detection_service.py:42] - Total events detected: 3
2025-04-15 09:45:36,254 - proctoring - INFO - [log_service.py:12] - Attempting to store 3 logs for user 2
2025-04-15 09:45:36,254 - proctoring - DEBUG - [log_service.py:26] - Created log entry: {'time': '2025-04-15 09:45:36.150911', 'event': 'Face detected', 'event_type': 'face_detected'}
2025-04-15 09:45:36,254 - proctoring - DEBUG - [log_service.py:26] - Created log entry: {'time': '2025-04-15 09:45:36.155778', 'event': 'Mouth movement detected'}
2025-04-15 09:45:36,254 - proctoring - DEBUG - [log_service.py:26] - Created log entry: {'time': '2025-04-15 09:45:36.164236', 'event': 'Phone detected', 'event_type': 'phone_detected', 'details': ''}
2025-04-15 09:45:36,256 - proctoring - INFO - [log_service.py:40] - Successfully stored 3 logs
2025-04-15 09:45:36,258 - proctoring - DEBUG - [image_utils.py:43] - Decoded base64 data length: 19497
2025-04-15 09:45:36,258 - proctoring - INFO - [detection_service.py:16] - Processing new frame
2025-04-15 09:45:36,273 - proctoring - INFO - [detection_service.py:34] - Face detection found 1 events
2025-04-15 09:45:36,285 - proctoring - INFO - [detection_service.py:34] - Face Mesh detection found 1 events
2025-04-15 09:45:36,293 - proctoring - DEBUG - [detection_service.py:37] - No Hand detections
2025-04-15 09:45:36,355 - proctoring - INFO - [detection_service.py:34] - YOLO detection found 1 events
2025-04-15 09:45:36,355 - proctoring - INFO - [detection_service.py:42] - Total events detected: 3
2025-04-15 09:45:36,356 - proctoring - INFO - [log_service.py:12] - Attempting to store 3 logs for user 2
2025-04-15 09:45:36,356 - proctoring - DEBUG - [log_service.py:26] - Created log entry: {'time': '2025-04-15 09:45:36.258690', 'event': 'Face detected', 'event_type': 'face_detected'}
2025-04-15 09:45:36,356 - proctoring - DEBUG - [log_service.py:26] - Created log entry: {'time': '2025-04-15 09:45:36.263154', 'event': 'Mouth movement detected'}
2025-04-15 09:45:36,356 - proctoring - DEBUG - [log_service.py:26] - Created log entry: {'time': '2025-04-15 09:45:36.270800', 'event': 'Phone detected', 'event_type': 'phone_detected', 'details': ''}
2025-04-15 09:45:36,358 - proctoring - INFO - [log_service.py:40] - Successfully stored 3 logs
2025-04-15 09:45:36,360 - proctoring - DEBUG - [image_utils.py:43] - Decoded base64 data length: 19436
2025-04-15 09:45:36,360 - proctoring - INFO - [detection_service.py:16] - Processing new frame
2025-04-15 09:45:36,373 - proctoring - INFO - [detection_service.py:34] - Face detection found 1 events
2025-04-15 09:45:36,392 - proctoring - INFO - [detection_service.py:34] - Face Mesh detection found 1 events
2025-04-15 09:45:36,396 - proctoring - DEBUG - [detection_service.py:37] - No Hand detections
2025-04-15 09:45:36,448 - proctoring - INFO - [detection_service.py:34] - YOLO detection found 1 events
2025-04-15 09:45:36,449 - proctoring - INFO - [detection_service.py:42] - Total events detected: 3
2025-04-15 09:45:36,449 - proctoring - INFO - [log_service.py:12] - Attempting to store 3 logs for user 2
2025-04-15 09:45:36,449 - proctoring - DEBUG - [log_service.py:26] - Created log entry: {'time': '2025-04-15 09:45:36.360601', 'event': 'Face detected', 'event_type': 'face_detected'}
2025-04-15 09:45:36,449 - proctoring - DEBUG - [log_service.py:26] - Created log entry: {'time': '2025-04-15 09:45:36.366556', 'event': 'Mouth movement detected'}
2025-04-15 09:45:36,449 - proctoring - DEBUG - [log_service.py:26] - Created log entry: {'time': '2025-04-15 09:45:36.372007', 'event': 'Phone detected', 'event_type': 'phone_detected', 'details': ''}
2025-04-15 09:45:36,451 - proctoring - INFO - [log_service.py:40] - Successfully stored 3 logs
2025-04-15 09:45:36,452 - proctoring - DEBUG - [image_utils.py:43] - Decoded base64 data length: 19399
2025-04-15 09:45:36,453 - proctoring - INFO - [detection_service.py:16] - Processing new frame
2025-04-15 09:45:36,468 - proctoring - INFO - [detection_service.py:34] - Face detection found 1 events
2025-04-15 09:45:36,481 - proctoring - INFO - [detection_service.py:34] - Face Mesh detection found 1 events
2025-04-15 09:45:36,488 - proctoring - DEBUG - [detection_service.py:37] - No Hand detections
2025-04-15 09:45:36,555 - proctoring - INFO - [detection_service.py:34] - YOLO detection found 1 events
2025-04-15 09:45:36,555 - proctoring - INFO - [detection_service.py:42] - Total events detected: 3
2025-04-15 09:45:36,555 - proctoring - INFO - [log_service.py:12] - Attempting to store 3 logs for user 2
2025-04-15 09:45:36,555 - proctoring - DEBUG - [log_service.py:26] - Created log entry: {'time': '2025-04-15 09:45:36.453484', 'event': 'Face detected', 'event_type': 'face_detected'}
2025-04-15 09:45:36,555 - proctoring - DEBUG - [log_service.py:26] - Created log entry: {'time': '2025-04-15 09:45:36.458715', 'event': 'Mouth movement detected'}
2025-04-15 09:45:36,556 - proctoring - DEBUG - [log_service.py:26] - Created log entry: {'time': '2025-04-15 09:45:36.465317', 'event': 'Phone detected', 'event_type': 'phone_detected', 'details': ''}
2025-04-15 09:45:36,557 - proctoring - INFO - [log_service.py:40] - Successfully stored 3 logs
2025-04-15 09:45:36,560 - proctoring - DEBUG - [image_utils.py:43] - Decoded base64 data length: 19389
2025-04-15 09:45:36,560 - proctoring - INFO - [detection_service.py:16] - Processing new frame
2025-04-15 09:45:36,574 - proctoring - INFO - [detection_service.py:34] - Face detection found 1 events
2025-04-15 09:45:36,597 - proctoring - DEBUG - [detection_service.py:37] - No Hand detections
2025-04-15 09:45:36,597 - proctoring - INFO - [detection_service.py:34] - Face Mesh detection found 1 events
2025-04-15 09:45:36,658 - proctoring - INFO - [detection_service.py:34] - YOLO detection found 1 events
2025-04-15 09:45:36,658 - proctoring - INFO - [detection_service.py:42] - Total events detected: 3
2025-04-15 09:45:36,658 - proctoring - INFO - [log_service.py:12] - Attempting to store 3 logs for user 2
2025-04-15 09:45:36,658 - proctoring - DEBUG - [log_service.py:26] - Created log entry: {'time': '2025-04-15 09:45:36.560508', 'event': 'Face detected', 'event_type': 'face_detected'}
2025-04-15 09:45:36,658 - proctoring - DEBUG - [log_service.py:26] - Created log entry: {'time': '2025-04-15 09:45:36.565909', 'event': 'Mouth movement detected'}
2025-04-15 09:45:36,658 - proctoring - DEBUG - [log_service.py:26] - Created log entry: {'time': '2025-04-15 09:45:36.572080', 'event': 'Phone detected', 'event_type': 'phone_detected', 'details': ''}
2025-04-15 09:45:36,660 - proctoring - INFO - [log_service.py:40] - Successfully stored 3 logs
2025-04-15 09:45:36,662 - proctoring - DEBUG - [image_utils.py:43] - Decoded base64 data length: 19401
2025-04-15 09:45:36,663 - proctoring - INFO - [detection_service.py:16] - Processing new frame
2025-04-15 09:45:36,677 - proctoring - INFO - [detection_service.py:34] - Face detection found 1 events
2025-04-15 09:45:36,692 - proctoring - DEBUG - [detection_service.py:37] - No Hand detections
2025-04-15 09:45:36,698 - proctoring - INFO - [detection_service.py:34] - Face Mesh detection found 1 events
2025-04-15 09:45:36,764 - proctoring - INFO - [detection_service.py:34] - YOLO detection found 1 events
2025-04-15 09:45:36,764 - proctoring - INFO - [detection_service.py:42] - Total events detected: 3
2025-04-15 09:45:36,764 - proctoring - INFO - [log_service.py:12] - Attempting to store 3 logs for user 2
2025-04-15 09:45:36,764 - proctoring - DEBUG - [log_service.py:26] - Created log entry: {'time': '2025-04-15 09:45:36.663140', 'event': 'Face detected', 'event_type': 'face_detected'}
2025-04-15 09:45:36,764 - proctoring - DEBUG - [log_service.py:26] - Created log entry: {'time': '2025-04-15 09:45:36.668958', 'event': 'Mouth movement detected'}
2025-04-15 09:45:36,764 - proctoring - DEBUG - [log_service.py:26] - Created log entry: {'time': '2025-04-15 09:45:36.676589', 'event': 'Phone detected', 'event_type': 'phone_detected', 'details': ''}
2025-04-15 09:45:36,766 - proctoring - INFO - [log_service.py:40] - Successfully stored 3 logs
2025-04-15 09:45:36,768 - proctoring - DEBUG - [image_utils.py:43] - Decoded base64 data length: 19416
2025-04-15 09:45:36,768 - proctoring - INFO - [detection_service.py:16] - Processing new frame
2025-04-15 09:45:36,782 - proctoring - INFO - [detection_service.py:34] - Face detection found 1 events
2025-04-15 09:45:36,799 - proctoring - DEBUG - [detection_service.py:37] - No Hand detections
2025-04-15 09:45:36,799 - proctoring - INFO - [detection_service.py:34] - Face Mesh detection found 1 events
2025-04-15 09:45:36,865 - proctoring - INFO - [detection_service.py:34] - YOLO detection found 1 events
2025-04-15 09:45:36,865 - proctoring - INFO - [detection_service.py:42] - Total events detected: 3
2025-04-15 09:45:36,865 - proctoring - INFO - [log_service.py:12] - Attempting to store 3 logs for user 2
2025-04-15 09:45:36,865 - proctoring - DEBUG - [log_service.py:26] - Created log entry: {'time': '2025-04-15 09:45:36.768872', 'event': 'Face detected', 'event_type': 'face_detected'}
2025-04-15 09:45:36,865 - proctoring - DEBUG - [log_service.py:26] - Created log entry: {'time': '2025-04-15 09:45:36.773373', 'event': 'Mouth movement detected'}
2025-04-15 09:45:36,865 - proctoring - DEBUG - [log_service.py:26] - Created log entry: {'time': '2025-04-15 09:45:36.779861', 'event': 'Phone detected', 'event_type': 'phone_detected', 'details': ''}
2025-04-15 09:45:36,868 - proctoring - INFO - [log_service.py:40] - Successfully stored 3 logs
2025-04-15 09:45:36,870 - proctoring - DEBUG - [image_utils.py:43] - Decoded base64 data length: 19389
2025-04-15 09:45:36,870 - proctoring - INFO - [detection_service.py:16] - Processing new frame
2025-04-15 09:45:36,885 - proctoring - INFO - [detection_service.py:34] - Face detection found 1 events
2025-04-15 09:45:36,901 - proctoring - INFO - [detection_service.py:34] - Face Mesh detection found 1 events
2025-04-15 09:45:36,909 - proctoring - DEBUG - [detection_service.py:37] - No Hand detections
2025-04-15 09:45:36,974 - proctoring - DEBUG - [detection_service.py:37] - No YOLO detections
2025-04-15 09:45:36,974 - proctoring - INFO - [detection_service.py:42] - Total events detected: 2
2025-04-15 09:45:36,974 - proctoring - INFO - [log_service.py:12] - Attempting to store 2 logs for user 2
2025-04-15 09:45:36,974 - proctoring - DEBUG - [log_service.py:26] - Created log entry: {'time': '2025-04-15 09:45:36.870587', 'event': 'Face detected', 'event_type': 'face_detected'}
2025-04-15 09:45:36,974 - proctoring - DEBUG - [log_service.py:26] - Created log entry: {'time': '2025-04-15 09:45:36.874799', 'event': 'Mouth movement detected'}
2025-04-15 09:45:36,975 - proctoring - INFO - [log_service.py:40] - Successfully stored 2 logs
2025-04-15 09:45:36,977 - proctoring - DEBUG - [image_utils.py:43] - Decoded base64 data length: 19434
2025-04-15 09:45:36,977 - proctoring - INFO - [detection_service.py:16] - Processing new frame
2025-04-15 09:45:36,992 - proctoring - INFO - [detection_service.py:34] - Face detection found 1 events
2025-04-15 09:45:37,005 - proctoring - INFO - [detection_service.py:34] - Face Mesh detection found 1 events
2025-04-15 09:45:37,011 - proctoring - DEBUG - [detection_service.py:37] - No Hand detections
2025-04-15 09:45:37,082 - proctoring - INFO - [detection_service.py:34] - YOLO detection found 1 events
2025-04-15 09:45:37,082 - proctoring - INFO - [detection_service.py:42] - Total events detected: 3
2025-04-15 09:45:37,082 - proctoring - INFO - [log_service.py:12] - Attempting to store 3 logs for user 2
2025-04-15 09:45:37,082 - proctoring - DEBUG - [log_service.py:26] - Created log entry: {'time': '2025-04-15 09:45:36.978010', 'event': 'Face detected', 'event_type': 'face_detected'}
2025-04-15 09:45:37,082 - proctoring - DEBUG - [log_service.py:26] - Created log entry: {'time': '2025-04-15 09:45:36.983222', 'event': 'Mouth movement detected'}
2025-04-15 09:45:37,082 - proctoring - DEBUG - [log_service.py:26] - Created log entry: {'time': '2025-04-15 09:45:36.990498', 'event': 'Phone detected', 'event_type': 'phone_detected', 'details': ''}
2025-04-15 09:45:37,084 - proctoring - INFO - [log_service.py:40] - Successfully stored 3 logs
2025-04-15 09:45:37,086 - proctoring - DEBUG - [image_utils.py:43] - Decoded base64 data length: 19424
2025-04-15 09:45:37,086 - proctoring - INFO - [detection_service.py:16] - Processing new frame
2025-04-15 09:45:37,101 - proctoring - INFO - [detection_service.py:34] - Face detection found 1 events
2025-04-15 09:45:37,113 - proctoring - INFO - [detection_service.py:34] - Face Mesh detection found 1 events
2025-04-15 09:45:37,120 - proctoring - DEBUG - [detection_service.py:37] - No Hand detections
2025-04-15 09:45:37,176 - proctoring - INFO - [detection_service.py:34] - YOLO detection found 1 events
2025-04-15 09:45:37,176 - proctoring - INFO - [detection_service.py:42] - Total events detected: 3
2025-04-15 09:45:37,176 - proctoring - INFO - [log_service.py:12] - Attempting to store 3 logs for user 2
2025-04-15 09:45:37,176 - proctoring - DEBUG - [log_service.py:26] - Created log entry: {'time': '2025-04-15 09:45:37.086957', 'event': 'Face detected', 'event_type': 'face_detected'}
2025-04-15 09:45:37,176 - proctoring - DEBUG - [log_service.py:26] - Created log entry: {'time': '2025-04-15 09:45:37.091558', 'event': 'Mouth movement detected'}
2025-04-15 09:45:37,176 - proctoring - DEBUG - [log_service.py:26] - Created log entry: {'time': '2025-04-15 09:45:37.097259', 'event': 'Phone detected', 'event_type': 'phone_detected', 'details': ''}
2025-04-15 09:45:37,178 - proctoring - INFO - [log_service.py:40] - Successfully stored 3 logs
2025-04-15 09:45:37,180 - proctoring - DEBUG - [image_utils.py:43] - Decoded base64 data length: 19414
2025-04-15 09:45:37,180 - proctoring - INFO - [detection_service.py:16] - Processing new frame
2025-04-15 09:45:37,193 - proctoring - INFO - [detection_service.py:34] - Face detection found 1 events
2025-04-15 09:45:37,205 - proctoring - INFO - [detection_service.py:34] - Face Mesh detection found 1 events
2025-04-15 09:45:37,209 - proctoring - DEBUG - [detection_service.py:37] - No Hand detections
2025-04-15 09:45:37,281 - proctoring - INFO - [detection_service.py:34] - YOLO detection found 1 events
2025-04-15 09:45:37,281 - proctoring - INFO - [detection_service.py:42] - Total events detected: 3
2025-04-15 09:45:37,281 - proctoring - INFO - [log_service.py:12] - Attempting to store 3 logs for user 2
2025-04-15 09:45:37,281 - proctoring - DEBUG - [log_service.py:26] - Created log entry: {'time': '2025-04-15 09:45:37.180915', 'event': 'Face detected', 'event_type': 'face_detected'}
2025-04-15 09:45:37,281 - proctoring - DEBUG - [log_service.py:26] - Created log entry: {'time': '2025-04-15 09:45:37.185970', 'event': 'Mouth movement detected'}
2025-04-15 09:45:37,281 - proctoring - DEBUG - [log_service.py:26] - Created log entry: {'time': '2025-04-15 09:45:37.191976', 'event': 'Phone detected', 'event_type': 'phone_detected', 'details': ''}
2025-04-15 09:45:37,283 - proctoring - INFO - [log_service.py:40] - Successfully stored 3 logs
2025-04-15 09:45:37,285 - proctoring - DEBUG - [image_utils.py:43] - Decoded base64 data length: 19408
2025-04-15 09:45:37,286 - proctoring - INFO - [detection_service.py:16] - Processing new frame
2025-04-15 09:45:37,301 - proctoring - INFO - [detection_service.py:34] - Face detection found 1 events
2025-04-15 09:45:37,317 - proctoring - DEBUG - [detection_service.py:37] - No Hand detections
2025-04-15 09:45:37,327 - proctoring - INFO - [detection_service.py:34] - Face Mesh detection found 1 events
2025-04-15 09:45:37,394 - proctoring - INFO - [detection_service.py:34] - YOLO detection found 1 events
2025-04-15 09:45:37,394 - proctoring - INFO - [detection_service.py:42] - Total events detected: 3
2025-04-15 09:45:37,394 - proctoring - INFO - [log_service.py:12] - Attempting to store 3 logs for user 2
2025-04-15 09:45:37,394 - proctoring - DEBUG - [log_service.py:26] - Created log entry: {'time': '2025-04-15 09:45:37.286086', 'event': 'Face detected', 'event_type': 'face_detected'}
2025-04-15 09:45:37,394 - proctoring - DEBUG - [log_service.py:26] - Created log entry: {'time': '2025-04-15 09:45:37.291258', 'event': 'Mouth movement detected'}
2025-04-15 09:45:37,394 - proctoring - DEBUG - [log_service.py:26] - Created log entry: {'time': '2025-04-15 09:45:37.298406', 'event': 'Phone detected', 'event_type': 'phone_detected', 'details': ''}
2025-04-15 09:45:37,396 - proctoring - INFO - [log_service.py:40] - Successfully stored 3 logs
2025-04-15 09:45:37,398 - proctoring - DEBUG - [image_utils.py:43] - Decoded base64 data length: 19417
2025-04-15 09:45:37,398 - proctoring - INFO - [detection_service.py:16] - Processing new frame
2025-04-15 09:45:37,412 - proctoring - INFO - [detection_service.py:34] - Face detection found 1 events
2025-04-15 09:45:37,555 - proctoring - INFO - [detection_service.py:34] - Face Mesh detection found 1 events
2025-04-15 09:45:37,555 - proctoring - DEBUG - [detection_service.py:37] - No Hand detections
2025-04-15 09:45:37,637 - proctoring - INFO - [detection_service.py:34] - YOLO detection found 1 events
2025-04-15 09:45:37,637 - proctoring - INFO - [detection_service.py:42] - Total events detected: 3
2025-04-15 09:45:37,637 - proctoring - INFO - [log_service.py:12] - Attempting to store 3 logs for user 2
2025-04-15 09:45:37,637 - proctoring - DEBUG - [log_service.py:26] - Created log entry: {'time': '2025-04-15 09:45:37.398575', 'event': 'Face detected', 'event_type': 'face_detected'}
2025-04-15 09:45:37,637 - proctoring - DEBUG - [log_service.py:26] - Created log entry: {'time': '2025-04-15 09:45:37.402598', 'event': 'Mouth movement detected'}
2025-04-15 09:45:37,637 - proctoring - DEBUG - [log_service.py:26] - Created log entry: {'time': '2025-04-15 09:45:37.409830', 'event': 'Phone detected', 'event_type': 'phone_detected', 'details': ''}
2025-04-15 09:45:37,639 - proctoring - INFO - [log_service.py:40] - Successfully stored 3 logs
2025-04-15 09:45:37,641 - proctoring - DEBUG - [image_utils.py:43] - Decoded base64 data length: 19439
2025-04-15 09:45:37,641 - proctoring - INFO - [detection_service.py:16] - Processing new frame
2025-04-15 09:45:37,655 - proctoring - INFO - [detection_service.py:34] - Face detection found 1 events
2025-04-15 09:45:37,671 - proctoring - INFO - [detection_service.py:34] - Face Mesh detection found 1 events
2025-04-15 09:45:37,676 - proctoring - DEBUG - [detection_service.py:37] - No Hand detections
2025-04-15 09:45:37,738 - proctoring - DEBUG - [detection_service.py:37] - No YOLO detections
2025-04-15 09:45:37,738 - proctoring - INFO - [detection_service.py:42] - Total events detected: 2
2025-04-15 09:45:37,739 - proctoring - INFO - [log_service.py:12] - Attempting to store 2 logs for user 2
2025-04-15 09:45:37,739 - proctoring - DEBUG - [log_service.py:26] - Created log entry: {'time': '2025-04-15 09:45:37.641559', 'event': 'Face detected', 'event_type': 'face_detected'}
2025-04-15 09:45:37,739 - proctoring - DEBUG - [log_service.py:26] - Created log entry: {'time': '2025-04-15 09:45:37.645920', 'event': 'Mouth movement detected'}
2025-04-15 09:45:37,740 - proctoring - INFO - [log_service.py:40] - Successfully stored 2 logs
2025-04-15 09:45:37,742 - proctoring - DEBUG - [image_utils.py:43] - Decoded base64 data length: 19332
2025-04-15 09:45:37,742 - proctoring - INFO - [detection_service.py:16] - Processing new frame
2025-04-15 09:45:37,758 - proctoring - INFO - [detection_service.py:34] - Face detection found 1 events
2025-04-15 09:45:37,771 - proctoring - INFO - [detection_service.py:34] - Face Mesh detection found 1 events
2025-04-15 09:45:37,778 - proctoring - DEBUG - [detection_service.py:37] - No Hand detections
2025-04-15 09:45:37,860 - proctoring - INFO - [detection_service.py:34] - YOLO detection found 1 events
2025-04-15 09:45:37,860 - proctoring - INFO - [detection_service.py:42] - Total events detected: 3
2025-04-15 09:45:37,860 - proctoring - INFO - [log_service.py:12] - Attempting to store 3 logs for user 2
2025-04-15 09:45:37,860 - proctoring - DEBUG - [log_service.py:26] - Created log entry: {'time': '2025-04-15 09:45:37.742569', 'event': 'Face detected', 'event_type': 'face_detected'}
2025-04-15 09:45:37,860 - proctoring - DEBUG - [log_service.py:26] - Created log entry: {'time': '2025-04-15 09:45:37.747210', 'event': 'Mouth movement detected'}
2025-04-15 09:45:37,860 - proctoring - DEBUG - [log_service.py:26] - Created log entry: {'time': '2025-04-15 09:45:37.756694', 'event': 'Phone detected', 'event_type': 'phone_detected', 'details': ''}
2025-04-15 09:45:37,862 - proctoring - INFO - [log_service.py:40] - Successfully stored 3 logs
2025-04-15 09:45:37,864 - proctoring - DEBUG - [image_utils.py:43] - Decoded base64 data length: 19350
2025-04-15 09:45:37,865 - proctoring - INFO - [detection_service.py:16] - Processing new frame
2025-04-15 09:45:37,878 - proctoring - INFO - [detection_service.py:34] - Face detection found 1 events
2025-04-15 09:45:37,892 - proctoring - INFO - [detection_service.py:34] - Face Mesh detection found 1 events
2025-04-15 09:45:37,899 - proctoring - DEBUG - [detection_service.py:37] - No Hand detections
2025-04-15 09:45:37,968 - proctoring - INFO - [detection_service.py:34] - YOLO detection found 1 events
2025-04-15 09:45:37,968 - proctoring - INFO - [detection_service.py:42] - Total events detected: 3
2025-04-15 09:45:37,968 - proctoring - INFO - [log_service.py:12] - Attempting to store 3 logs for user 2
2025-04-15 09:45:37,968 - proctoring - DEBUG - [log_service.py:26] - Created log entry: {'time': '2025-04-15 09:45:37.865544', 'event': 'Face detected', 'event_type': 'face_detected'}
2025-04-15 09:45:37,968 - proctoring - DEBUG - [log_service.py:26] - Created log entry: {'time': '2025-04-15 09:45:37.869784', 'event': 'Mouth movement detected'}
2025-04-15 09:45:37,968 - proctoring - DEBUG - [log_service.py:26] - Created log entry: {'time': '2025-04-15 09:45:37.876225', 'event': 'Phone detected', 'event_type': 'phone_detected', 'details': ''}
2025-04-15 09:45:37,970 - proctoring - INFO - [log_service.py:40] - Successfully stored 3 logs
2025-04-15 09:45:37,972 - proctoring - DEBUG - [image_utils.py:43] - Decoded base64 data length: 19315
2025-04-15 09:45:37,972 - proctoring - INFO - [detection_service.py:16] - Processing new frame
2025-04-15 09:45:37,986 - proctoring - INFO - [detection_service.py:34] - Face detection found 1 events
2025-04-15 09:45:38,002 - proctoring - INFO - [detection_service.py:34] - Face Mesh detection found 1 events
2025-04-15 09:45:38,008 - proctoring - DEBUG - [detection_service.py:37] - No Hand detections
2025-04-15 09:45:38,066 - proctoring - DEBUG - [detection_service.py:37] - No YOLO detections
2025-04-15 09:45:38,067 - proctoring - INFO - [detection_service.py:42] - Total events detected: 2
2025-04-15 09:45:38,067 - proctoring - INFO - [log_service.py:12] - Attempting to store 2 logs for user 2
2025-04-15 09:45:38,067 - proctoring - DEBUG - [log_service.py:26] - Created log entry: {'time': '2025-04-15 09:45:37.972764', 'event': 'Face detected', 'event_type': 'face_detected'}
2025-04-15 09:45:38,067 - proctoring - DEBUG - [log_service.py:26] - Created log entry: {'time': '2025-04-15 09:45:37.977055', 'event': 'Mouth movement detected'}
2025-04-15 09:45:38,068 - proctoring - INFO - [log_service.py:40] - Successfully stored 2 logs
2025-04-15 09:45:38,070 - proctoring - DEBUG - [image_utils.py:43] - Decoded base64 data length: 19390
2025-04-15 09:45:38,070 - proctoring - INFO - [detection_service.py:16] - Processing new frame
2025-04-15 09:45:38,084 - proctoring - INFO - [detection_service.py:34] - Face detection found 1 events
2025-04-15 09:45:38,096 - proctoring - INFO - [detection_service.py:34] - Face Mesh detection found 1 events
2025-04-15 09:45:38,102 - proctoring - DEBUG - [detection_service.py:37] - No Hand detections
2025-04-15 09:45:38,164 - proctoring - DEBUG - [detection_service.py:37] - No YOLO detections
2025-04-15 09:45:38,164 - proctoring - INFO - [detection_service.py:42] - Total events detected: 2
2025-04-15 09:45:38,164 - proctoring - INFO - [log_service.py:12] - Attempting to store 2 logs for user 2
2025-04-15 09:45:38,164 - proctoring - DEBUG - [log_service.py:26] - Created log entry: {'time': '2025-04-15 09:45:38.070760', 'event': 'Face detected', 'event_type': 'face_detected'}
2025-04-15 09:45:38,165 - proctoring - DEBUG - [log_service.py:26] - Created log entry: {'time': '2025-04-15 09:45:38.076299', 'event': 'Mouth movement detected'}
2025-04-15 09:45:38,166 - proctoring - INFO - [log_service.py:40] - Successfully stored 2 logs
2025-04-15 09:45:38,168 - proctoring - DEBUG - [image_utils.py:43] - Decoded base64 data length: 19340
2025-04-15 09:45:38,168 - proctoring - INFO - [detection_service.py:16] - Processing new frame
2025-04-15 09:45:38,183 - proctoring - INFO - [detection_service.py:34] - Face detection found 1 events
2025-04-15 09:45:38,193 - proctoring - INFO - [detection_service.py:34] - Face Mesh detection found 1 events
2025-04-15 09:45:38,199 - proctoring - DEBUG - [detection_service.py:37] - No Hand detections
2025-04-15 09:45:38,264 - proctoring - DEBUG - [detection_service.py:37] - No YOLO detections
2025-04-15 09:45:38,264 - proctoring - INFO - [detection_service.py:42] - Total events detected: 2
2025-04-15 09:45:38,264 - proctoring - INFO - [log_service.py:12] - Attempting to store 2 logs for user 2
2025-04-15 09:45:38,264 - proctoring - DEBUG - [log_service.py:26] - Created log entry: {'time': '2025-04-15 09:45:38.168665', 'event': 'Face detected', 'event_type': 'face_detected'}
2025-04-15 09:45:38,264 - proctoring - DEBUG - [log_service.py:26] - Created log entry: {'time': '2025-04-15 09:45:38.172957', 'event': 'Mouth movement detected'}
2025-04-15 09:45:38,265 - proctoring - INFO - [log_service.py:40] - Successfully stored 2 logs
2025-04-15 09:45:38,267 - proctoring - DEBUG - [image_utils.py:43] - Decoded base64 data length: 19381
2025-04-15 09:45:38,268 - proctoring - INFO - [detection_service.py:16] - Processing new frame
2025-04-15 09:45:38,282 - proctoring - INFO - [detection_service.py:34] - Face detection found 1 events
2025-04-15 09:45:38,294 - proctoring - INFO - [detection_service.py:34] - Face Mesh detection found 1 events
2025-04-15 09:45:38,302 - proctoring - DEBUG - [detection_service.py:37] - No Hand detections
2025-04-15 09:45:38,369 - proctoring - INFO - [detection_service.py:34] - YOLO detection found 1 events
2025-04-15 09:45:38,369 - proctoring - INFO - [detection_service.py:42] - Total events detected: 3
2025-04-15 09:45:38,369 - proctoring - INFO - [log_service.py:12] - Attempting to store 3 logs for user 2
2025-04-15 09:45:38,370 - proctoring - DEBUG - [log_service.py:26] - Created log entry: {'time': '2025-04-15 09:45:38.268260', 'event': 'Face detected', 'event_type': 'face_detected'}
2025-04-15 09:45:38,370 - proctoring - DEBUG - [log_service.py:26] - Created log entry: {'time': '2025-04-15 09:45:38.273525', 'event': 'Mouth movement detected'}
2025-04-15 09:45:38,370 - proctoring - DEBUG - [log_service.py:26] - Created log entry: {'time': '2025-04-15 09:45:38.279238', 'event': 'Phone detected', 'event_type': 'phone_detected', 'details': ''}
2025-04-15 09:45:38,371 - proctoring - INFO - [log_service.py:40] - Successfully stored 3 logs
2025-04-15 09:45:38,373 - proctoring - DEBUG - [image_utils.py:43] - Decoded base64 data length: 19383
2025-04-15 09:45:38,374 - proctoring - INFO - [detection_service.py:16] - Processing new frame
2025-04-15 09:51:42,874 - proctoring - INFO - [database.py:13] - Using database: localhost:3306/Proctoring_AI
2025-04-15 09:51:46,877 - proctoring - INFO - [mediapipe_config.py:14] - MediaPipe configured for CPU-only mode
2025-04-15 09:51:46,877 - proctoring - INFO - [main.py:68] - MediaPipe configured successfully
2025-04-15 09:51:46,917 - proctoring - INFO - [main.py:74] - Database connection test successful
2025-04-15 09:51:46,922 - proctoring - INFO - [main.py:81] - Database initialized successfully
2025-04-15 09:51:46,936 - proctoring - INFO - [main.py:86] - YOLO model loaded successfully
2025-04-15 09:55:01,175 - proctoring - INFO - [auth.py:189] - Comparing face against 2 users
2025-04-15 09:55:02,292 - proctoring - INFO - [face_auth.py:48] - Face comparison: distance=0.156, threshold=0.6, verified=True
2025-04-15 09:55:02,293 - proctoring - INFO - [auth.py:200] - Face comparison with sharath@gmail.com: confidence=84.39
2025-04-15 09:55:02,670 - proctoring - INFO - [face_auth.py:48] - Face comparison: distance=0.362, threshold=0.6, verified=True
2025-04-15 09:55:02,672 - proctoring - INFO - [auth.py:200] - Face comparison with poojas410@gmail.com: confidence=63.79
2025-04-15 09:55:02,672 - proctoring - INFO - [auth.py:208] - Face login successful for sharath@gmail.com with confidence 84.39
2025-04-15 09:55:04,319 - proctoring - INFO - [main.py:133] - WebSocket connection attempt for user 1
2025-04-15 09:55:04,321 - proctoring - INFO - [connection.py:31] - WebSocket connection accepted for user 1
2025-04-15 09:55:04,321 - proctoring - INFO - [main.py:162] - WebSocket connection established for user 1
2025-04-15 09:55:04,330 - proctoring - DEBUG - [image_utils.py:43] - Decoded base64 data length: 20467
2025-04-15 09:55:04,331 - proctoring - INFO - [detection_service.py:16] - Processing new frame
2025-04-15 09:55:04,342 - proctoring - INFO - [detection_service.py:34] - Face detection found 1 events
2025-04-15 09:55:04,354 - proctoring - INFO - [detection_service.py:34] - Face Mesh detection found 1 events
2025-04-15 09:55:04,357 - proctoring - DEBUG - [detection_service.py:37] - No Hand detections
2025-04-15 09:55:04,832 - proctoring - DEBUG - [detection_service.py:37] - No YOLO detections
2025-04-15 09:55:04,832 - proctoring - INFO - [detection_service.py:42] - Total events detected: 2
2025-04-15 09:55:04,832 - proctoring - INFO - [log_service.py:12] - Attempting to store 2 logs for user 1
2025-04-15 09:55:04,832 - proctoring - DEBUG - [log_service.py:26] - Created log entry: {'time': '2025-04-15 09:55:04.331612', 'event': 'Face detected', 'event_type': 'face_detected'}
2025-04-15 09:55:04,832 - proctoring - DEBUG - [log_service.py:26] - Created log entry: {'time': '2025-04-15 09:55:04.335396', 'event': 'Mouth movement detected'}
2025-04-15 09:55:04,835 - proctoring - INFO - [log_service.py:40] - Successfully stored 2 logs
2025-04-15 09:55:04,837 - proctoring - DEBUG - [image_utils.py:43] - Decoded base64 data length: 20374
2025-04-15 09:55:04,838 - proctoring - INFO - [detection_service.py:16] - Processing new frame
2025-04-15 09:55:04,847 - proctoring - INFO - [detection_service.py:34] - Face detection found 1 events
2025-04-15 09:55:04,858 - proctoring - INFO - [detection_service.py:34] - Face Mesh detection found 1 events
2025-04-15 09:55:04,861 - proctoring - DEBUG - [detection_service.py:37] - No Hand detections
2025-04-15 09:55:04,920 - proctoring - DEBUG - [detection_service.py:37] - No YOLO detections
2025-04-15 09:55:04,920 - proctoring - INFO - [detection_service.py:42] - Total events detected: 2
2025-04-15 09:55:04,920 - proctoring - INFO - [log_service.py:12] - Attempting to store 2 logs for user 1
2025-04-15 09:55:04,920 - proctoring - DEBUG - [log_service.py:26] - Created log entry: {'time': '2025-04-15 09:55:04.838179', 'event': 'Face detected', 'event_type': 'face_detected'}
2025-04-15 09:55:04,920 - proctoring - DEBUG - [log_service.py:26] - Created log entry: {'time': '2025-04-15 09:55:04.841635', 'event': 'Mouth movement detected'}
2025-04-15 09:55:04,922 - proctoring - INFO - [log_service.py:40] - Successfully stored 2 logs
2025-04-15 09:55:04,923 - proctoring - DEBUG - [image_utils.py:43] - Decoded base64 data length: 20439
2025-04-15 09:55:04,924 - proctoring - INFO - [detection_service.py:16] - Processing new frame
2025-04-15 09:55:04,934 - proctoring - INFO - [detection_service.py:34] - Face detection found 1 events
2025-04-15 09:55:04,944 - proctoring - INFO - [detection_service.py:34] - Face Mesh detection found 1 events
2025-04-15 09:55:04,949 - proctoring - DEBUG - [detection_service.py:37] - No Hand detections
2025-04-15 09:55:05,020 - proctoring - DEBUG - [detection_service.py:37] - No YOLO detections
2025-04-15 09:55:05,020 - proctoring - INFO - [detection_service.py:42] - Total events detected: 2
2025-04-15 09:55:05,020 - proctoring - INFO - [log_service.py:12] - Attempting to store 2 logs for user 1
2025-04-15 09:55:05,020 - proctoring - DEBUG - [log_service.py:26] - Created log entry: {'time': '2025-04-15 09:55:04.924558', 'event': 'Face detected', 'event_type': 'face_detected'}
2025-04-15 09:55:05,020 - proctoring - DEBUG - [log_service.py:26] - Created log entry: {'time': '2025-04-15 09:55:04.927912', 'event': 'Mouth movement detected'}
2025-04-15 09:55:05,022 - proctoring - INFO - [log_service.py:40] - Successfully stored 2 logs
2025-04-15 09:55:05,023 - proctoring - DEBUG - [image_utils.py:43] - Decoded base64 data length: 20466
2025-04-15 09:55:05,024 - proctoring - INFO - [detection_service.py:16] - Processing new frame
2025-04-15 09:55:05,034 - proctoring - INFO - [detection_service.py:34] - Face detection found 1 events
2025-04-15 09:55:05,045 - proctoring - INFO - [detection_service.py:34] - Face Mesh detection found 1 events
2025-04-15 09:55:05,049 - proctoring - DEBUG - [detection_service.py:37] - No Hand detections
2025-04-15 09:55:05,115 - proctoring - DEBUG - [detection_service.py:37] - No YOLO detections
2025-04-15 09:55:05,115 - proctoring - INFO - [detection_service.py:42] - Total events detected: 2
2025-04-15 09:55:05,115 - proctoring - INFO - [log_service.py:12] - Attempting to store 2 logs for user 1
2025-04-15 09:55:05,115 - proctoring - DEBUG - [log_service.py:26] - Created log entry: {'time': '2025-04-15 09:55:05.024272', 'event': 'Face detected', 'event_type': 'face_detected'}
2025-04-15 09:55:05,115 - proctoring - DEBUG - [log_service.py:26] - Created log entry: {'time': '2025-04-15 09:55:05.027637', 'event': 'Mouth movement detected'}
2025-04-15 09:55:05,116 - proctoring - INFO - [log_service.py:40] - Successfully stored 2 logs
2025-04-15 09:55:05,118 - proctoring - DEBUG - [image_utils.py:43] - Decoded base64 data length: 20665
2025-04-15 09:55:05,119 - proctoring - INFO - [detection_service.py:16] - Processing new frame
2025-04-15 09:55:05,130 - proctoring - INFO - [detection_service.py:34] - Face detection found 1 events
2025-04-15 09:55:05,142 - proctoring - INFO - [detection_service.py:34] - Face Mesh detection found 1 events
2025-04-15 09:55:05,145 - proctoring - DEBUG - [detection_service.py:37] - No Hand detections
2025-04-15 09:55:05,210 - proctoring - DEBUG - [detection_service.py:37] - No YOLO detections
2025-04-15 09:55:05,210 - proctoring - INFO - [detection_service.py:42] - Total events detected: 2
2025-04-15 09:55:05,210 - proctoring - INFO - [log_service.py:12] - Attempting to store 2 logs for user 1
2025-04-15 09:55:05,210 - proctoring - DEBUG - [log_service.py:26] - Created log entry: {'time': '2025-04-15 09:55:05.119132', 'event': 'Face detected', 'event_type': 'face_detected'}
2025-04-15 09:55:05,210 - proctoring - DEBUG - [log_service.py:26] - Created log entry: {'time': '2025-04-15 09:55:05.122531', 'event': 'Mouth movement detected'}
2025-04-15 09:55:05,212 - proctoring - INFO - [log_service.py:40] - Successfully stored 2 logs
2025-04-15 09:55:05,214 - proctoring - DEBUG - [image_utils.py:43] - Decoded base64 data length: 20718
2025-04-15 09:55:05,214 - proctoring - INFO - [detection_service.py:16] - Processing new frame
2025-04-15 09:55:05,223 - proctoring - INFO - [detection_service.py:34] - Face detection found 1 events
2025-04-15 09:55:05,234 - proctoring - INFO - [detection_service.py:34] - Face Mesh detection found 1 events
2025-04-15 09:55:05,240 - proctoring - DEBUG - [detection_service.py:37] - No Hand detections
2025-04-15 09:55:05,311 - proctoring - DEBUG - [detection_service.py:37] - No YOLO detections
2025-04-15 09:55:05,311 - proctoring - INFO - [detection_service.py:42] - Total events detected: 2
2025-04-15 09:55:05,311 - proctoring - INFO - [log_service.py:12] - Attempting to store 2 logs for user 1
2025-04-15 09:55:05,311 - proctoring - DEBUG - [log_service.py:26] - Created log entry: {'time': '2025-04-15 09:55:05.214649', 'event': 'Face detected', 'event_type': 'face_detected'}
2025-04-15 09:55:05,311 - proctoring - DEBUG - [log_service.py:26] - Created log entry: {'time': '2025-04-15 09:55:05.217870', 'event': 'Mouth movement detected'}
2025-04-15 09:55:05,313 - proctoring - INFO - [log_service.py:40] - Successfully stored 2 logs
2025-04-15 09:55:05,314 - proctoring - DEBUG - [image_utils.py:43] - Decoded base64 data length: 20750
2025-04-15 09:55:05,315 - proctoring - INFO - [detection_service.py:16] - Processing new frame
2025-04-15 09:55:05,324 - proctoring - INFO - [detection_service.py:34] - Face detection found 1 events
2025-04-15 09:55:05,334 - proctoring - INFO - [detection_service.py:34] - Face Mesh detection found 1 events
2025-04-15 09:55:05,338 - proctoring - DEBUG - [detection_service.py:37] - No Hand detections
2025-04-15 09:55:05,405 - proctoring - DEBUG - [detection_service.py:37] - No YOLO detections
2025-04-15 09:55:05,405 - proctoring - INFO - [detection_service.py:42] - Total events detected: 2
2025-04-15 09:55:05,405 - proctoring - INFO - [log_service.py:12] - Attempting to store 2 logs for user 1
2025-04-15 09:55:05,405 - proctoring - DEBUG - [log_service.py:26] - Created log entry: {'time': '2025-04-15 09:55:05.315137', 'event': 'Face detected', 'event_type': 'face_detected'}
2025-04-15 09:55:05,405 - proctoring - DEBUG - [log_service.py:26] - Created log entry: {'time': '2025-04-15 09:55:05.318658', 'event': 'Mouth movement detected'}
2025-04-15 09:55:05,407 - proctoring - INFO - [log_service.py:40] - Successfully stored 2 logs
2025-04-15 09:55:05,408 - proctoring - DEBUG - [image_utils.py:43] - Decoded base64 data length: 20624
2025-04-15 09:55:05,409 - proctoring - INFO - [detection_service.py:16] - Processing new frame
2025-04-15 09:55:05,418 - proctoring - INFO - [detection_service.py:34] - Face detection found 1 events
2025-04-15 09:55:05,430 - proctoring - INFO - [detection_service.py:34] - Face Mesh detection found 1 events
2025-04-15 09:55:05,433 - proctoring - DEBUG - [detection_service.py:37] - No Hand detections
2025-04-15 09:55:05,495 - proctoring - DEBUG - [detection_service.py:37] - No YOLO detections
2025-04-15 09:55:05,495 - proctoring - INFO - [detection_service.py:42] - Total events detected: 2
2025-04-15 09:55:05,496 - proctoring - INFO - [log_service.py:12] - Attempting to store 2 logs for user 1
2025-04-15 09:55:05,496 - proctoring - DEBUG - [log_service.py:26] - Created log entry: {'time': '2025-04-15 09:55:05.409133', 'event': 'Face detected', 'event_type': 'face_detected'}
2025-04-15 09:55:05,496 - proctoring - DEBUG - [log_service.py:26] - Created log entry: {'time': '2025-04-15 09:55:05.412548', 'event': 'Mouth movement detected'}
2025-04-15 09:55:05,497 - proctoring - INFO - [log_service.py:40] - Successfully stored 2 logs
2025-04-15 09:55:05,499 - proctoring - DEBUG - [image_utils.py:43] - Decoded base64 data length: 20512
2025-04-15 09:55:05,499 - proctoring - INFO - [detection_service.py:16] - Processing new frame
2025-04-15 09:55:05,508 - proctoring - INFO - [detection_service.py:34] - Face detection found 1 events
2025-04-15 09:55:05,520 - proctoring - INFO - [detection_service.py:34] - Face Mesh detection found 1 events
2025-04-15 09:55:05,526 - proctoring - DEBUG - [detection_service.py:37] - No Hand detections
2025-04-15 09:55:05,587 - proctoring - DEBUG - [detection_service.py:37] - No YOLO detections
2025-04-15 09:55:05,587 - proctoring - INFO - [detection_service.py:42] - Total events detected: 2
2025-04-15 09:55:05,587 - proctoring - INFO - [log_service.py:12] - Attempting to store 2 logs for user 1
2025-04-15 09:55:05,587 - proctoring - DEBUG - [log_service.py:26] - Created log entry: {'time': '2025-04-15 09:55:05.499645', 'event': 'Face detected', 'event_type': 'face_detected'}
2025-04-15 09:55:05,587 - proctoring - DEBUG - [log_service.py:26] - Created log entry: {'time': '2025-04-15 09:55:05.503085', 'event': 'Mouth movement detected'}
2025-04-15 09:55:05,589 - proctoring - INFO - [log_service.py:40] - Successfully stored 2 logs
2025-04-15 09:55:05,590 - proctoring - DEBUG - [image_utils.py:43] - Decoded base64 data length: 20460
2025-04-15 09:55:05,591 - proctoring - INFO - [detection_service.py:16] - Processing new frame
2025-04-15 09:55:05,602 - proctoring - INFO - [detection_service.py:34] - Face detection found 1 events
2025-04-15 09:55:05,613 - proctoring - INFO - [detection_service.py:34] - Face Mesh detection found 1 events
2025-04-15 09:55:05,617 - proctoring - DEBUG - [detection_service.py:37] - No Hand detections
2025-04-15 09:55:05,678 - proctoring - DEBUG - [detection_service.py:37] - No YOLO detections
2025-04-15 09:55:05,678 - proctoring - INFO - [detection_service.py:42] - Total events detected: 2
2025-04-15 09:55:05,678 - proctoring - INFO - [log_service.py:12] - Attempting to store 2 logs for user 1
2025-04-15 09:55:05,678 - proctoring - DEBUG - [log_service.py:26] - Created log entry: {'time': '2025-04-15 09:55:05.591464', 'event': 'Face detected', 'event_type': 'face_detected'}
2025-04-15 09:55:05,679 - proctoring - DEBUG - [log_service.py:26] - Created log entry: {'time': '2025-04-15 09:55:05.596303', 'event': 'Mouth movement detected'}
2025-04-15 09:55:05,680 - proctoring - INFO - [log_service.py:40] - Successfully stored 2 logs
2025-04-15 09:55:05,682 - proctoring - DEBUG - [image_utils.py:43] - Decoded base64 data length: 20363
2025-04-15 09:55:05,682 - proctoring - INFO - [detection_service.py:16] - Processing new frame
2025-04-15 09:55:05,691 - proctoring - INFO - [detection_service.py:34] - Face detection found 1 events
2025-04-15 09:55:05,702 - proctoring - INFO - [detection_service.py:34] - Face Mesh detection found 1 events
2025-04-15 09:55:05,706 - proctoring - DEBUG - [detection_service.py:37] - No Hand detections
2025-04-15 09:55:05,768 - proctoring - DEBUG - [detection_service.py:37] - No YOLO detections
2025-04-15 09:55:05,768 - proctoring - INFO - [detection_service.py:42] - Total events detected: 2
2025-04-15 09:55:05,768 - proctoring - INFO - [log_service.py:12] - Attempting to store 2 logs for user 1
2025-04-15 09:55:05,768 - proctoring - DEBUG - [log_service.py:26] - Created log entry: {'time': '2025-04-15 09:55:05.682660', 'event': 'Face detected', 'event_type': 'face_detected'}
2025-04-15 09:55:05,768 - proctoring - DEBUG - [log_service.py:26] - Created log entry: {'time': '2025-04-15 09:55:05.685883', 'event': 'Mouth movement detected'}
2025-04-15 09:55:05,770 - proctoring - INFO - [log_service.py:40] - Successfully stored 2 logs
2025-04-15 09:55:05,772 - proctoring - DEBUG - [image_utils.py:43] - Decoded base64 data length: 20576
2025-04-15 09:55:05,772 - proctoring - INFO - [detection_service.py:16] - Processing new frame
2025-04-15 09:55:05,782 - proctoring - INFO - [detection_service.py:34] - Face detection found 1 events
2025-04-15 09:55:05,791 - proctoring - INFO - [detection_service.py:34] - Face Mesh detection found 1 events
2025-04-15 09:55:05,795 - proctoring - DEBUG - [detection_service.py:37] - No Hand detections
2025-04-15 09:55:05,852 - proctoring - DEBUG - [detection_service.py:37] - No YOLO detections
2025-04-15 09:55:05,853 - proctoring - INFO - [detection_service.py:42] - Total events detected: 2
2025-04-15 09:55:05,853 - proctoring - INFO - [log_service.py:12] - Attempting to store 2 logs for user 1
2025-04-15 09:55:05,853 - proctoring - DEBUG - [log_service.py:26] - Created log entry: {'time': '2025-04-15 09:55:05.773003', 'event': 'Face detected', 'event_type': 'face_detected'}
2025-04-15 09:55:05,853 - proctoring - DEBUG - [log_service.py:26] - Created log entry: {'time': '2025-04-15 09:55:05.776446', 'event': 'Mouth movement detected'}
2025-04-15 09:55:05,854 - proctoring - INFO - [log_service.py:40] - Successfully stored 2 logs
2025-04-15 09:55:05,856 - proctoring - DEBUG - [image_utils.py:43] - Decoded base64 data length: 20833
2025-04-15 09:55:05,857 - proctoring - INFO - [detection_service.py:16] - Processing new frame
2025-04-15 09:55:05,866 - proctoring - INFO - [detection_service.py:34] - Face detection found 1 events
2025-04-15 09:55:05,876 - proctoring - INFO - [detection_service.py:34] - Face Mesh detection found 1 events
2025-04-15 09:55:05,883 - proctoring - DEBUG - [detection_service.py:37] - No Hand detections
2025-04-15 09:55:05,955 - proctoring - DEBUG - [detection_service.py:37] - No YOLO detections
2025-04-15 09:55:05,955 - proctoring - INFO - [detection_service.py:42] - Total events detected: 2
2025-04-15 09:55:05,955 - proctoring - INFO - [log_service.py:12] - Attempting to store 2 logs for user 1
2025-04-15 09:55:05,955 - proctoring - DEBUG - [log_service.py:26] - Created log entry: {'time': '2025-04-15 09:55:05.857112', 'event': 'Face detected', 'event_type': 'face_detected'}
2025-04-15 09:55:05,955 - proctoring - DEBUG - [log_service.py:26] - Created log entry: {'time': '2025-04-15 09:55:05.860337', 'event': 'Mouth movement detected'}
2025-04-15 09:55:05,957 - proctoring - INFO - [log_service.py:40] - Successfully stored 2 logs
2025-04-15 09:55:05,958 - proctoring - DEBUG - [image_utils.py:43] - Decoded base64 data length: 20751
2025-04-15 09:55:05,959 - proctoring - INFO - [detection_service.py:16] - Processing new frame
2025-04-15 09:55:05,971 - proctoring - INFO - [detection_service.py:34] - Face detection found 1 events
2025-04-15 09:55:05,984 - proctoring - INFO - [detection_service.py:34] - Face Mesh detection found 1 events
2025-04-15 09:55:05,988 - proctoring - DEBUG - [detection_service.py:37] - No Hand detections
2025-04-15 09:55:06,055 - proctoring - DEBUG - [detection_service.py:37] - No YOLO detections
2025-04-15 09:55:06,055 - proctoring - INFO - [detection_service.py:42] - Total events detected: 2
2025-04-15 09:55:06,055 - proctoring - INFO - [log_service.py:12] - Attempting to store 2 logs for user 1
2025-04-15 09:55:06,055 - proctoring - DEBUG - [log_service.py:26] - Created log entry: {'time': '2025-04-15 09:55:05.959315', 'event': 'Face detected', 'event_type': 'face_detected'}
2025-04-15 09:55:06,055 - proctoring - DEBUG - [log_service.py:26] - Created log entry: {'time': '2025-04-15 09:55:05.963487', 'event': 'Mouth movement detected'}
2025-04-15 09:55:06,057 - proctoring - INFO - [log_service.py:40] - Successfully stored 2 logs
2025-04-15 09:55:06,058 - proctoring - DEBUG - [image_utils.py:43] - Decoded base64 data length: 20797
2025-04-15 09:55:06,059 - proctoring - INFO - [detection_service.py:16] - Processing new frame
2025-04-15 09:55:06,068 - proctoring - INFO - [detection_service.py:34] - Face detection found 1 events
2025-04-15 09:55:06,080 - proctoring - INFO - [detection_service.py:34] - Face Mesh detection found 1 events
2025-04-15 09:55:06,088 - proctoring - DEBUG - [detection_service.py:37] - No Hand detections
2025-04-15 09:55:06,160 - proctoring - DEBUG - [detection_service.py:37] - No YOLO detections
2025-04-15 09:55:06,160 - proctoring - INFO - [detection_service.py:42] - Total events detected: 2
2025-04-15 09:55:06,160 - proctoring - INFO - [log_service.py:12] - Attempting to store 2 logs for user 1
2025-04-15 09:55:06,160 - proctoring - DEBUG - [log_service.py:26] - Created log entry: {'time': '2025-04-15 09:55:06.059493', 'event': 'Face detected', 'event_type': 'face_detected'}
2025-04-15 09:55:06,160 - proctoring - DEBUG - [log_service.py:26] - Created log entry: {'time': '2025-04-15 09:55:06.063168', 'event': 'Mouth movement detected'}
2025-04-15 09:55:06,162 - proctoring - INFO - [log_service.py:40] - Successfully stored 2 logs
2025-04-15 09:55:06,164 - proctoring - DEBUG - [image_utils.py:43] - Decoded base64 data length: 20835
2025-04-15 09:55:06,165 - proctoring - INFO - [detection_service.py:16] - Processing new frame
2025-04-15 09:55:06,173 - proctoring - INFO - [detection_service.py:34] - Face detection found 1 events
2025-04-15 09:55:06,195 - proctoring - INFO - [detection_service.py:34] - Face Mesh detection found 1 events
2025-04-15 09:55:06,200 - proctoring - DEBUG - [detection_service.py:37] - No Hand detections
2025-04-15 09:55:06,254 - proctoring - DEBUG - [detection_service.py:37] - No YOLO detections
2025-04-15 09:55:06,254 - proctoring - INFO - [detection_service.py:42] - Total events detected: 2
2025-04-15 09:55:06,254 - proctoring - INFO - [log_service.py:12] - Attempting to store 2 logs for user 1
2025-04-15 09:55:06,254 - proctoring - DEBUG - [log_service.py:26] - Created log entry: {'time': '2025-04-15 09:55:06.165262', 'event': 'Face detected', 'event_type': 'face_detected'}
2025-04-15 09:55:06,254 - proctoring - DEBUG - [log_service.py:26] - Created log entry: {'time': '2025-04-15 09:55:06.168868', 'event': 'Mouth movement detected'}
2025-04-15 09:55:06,256 - proctoring - INFO - [log_service.py:40] - Successfully stored 2 logs
2025-04-15 09:55:06,258 - proctoring - DEBUG - [image_utils.py:43] - Decoded base64 data length: 20797
2025-04-15 09:55:06,258 - proctoring - INFO - [detection_service.py:16] - Processing new frame
2025-04-15 09:55:06,270 - proctoring - INFO - [detection_service.py:34] - Face detection found 1 events
2025-04-15 09:55:06,279 - proctoring - INFO - [detection_service.py:34] - Face Mesh detection found 1 events
2025-04-15 09:55:06,286 - proctoring - DEBUG - [detection_service.py:37] - No Hand detections
2025-04-15 09:55:06,351 - proctoring - DEBUG - [detection_service.py:37] - No YOLO detections
2025-04-15 09:55:06,351 - proctoring - INFO - [detection_service.py:42] - Total events detected: 2
2025-04-15 09:55:06,351 - proctoring - INFO - [log_service.py:12] - Attempting to store 2 logs for user 1
2025-04-15 09:55:06,351 - proctoring - DEBUG - [log_service.py:26] - Created log entry: {'time': '2025-04-15 09:55:06.258608', 'event': 'Face detected', 'event_type': 'face_detected'}
2025-04-15 09:55:06,351 - proctoring - DEBUG - [log_service.py:26] - Created log entry: {'time': '2025-04-15 09:55:06.263445', 'event': 'Mouth movement detected'}
2025-04-15 09:55:06,353 - proctoring - INFO - [log_service.py:40] - Successfully stored 2 logs
2025-04-15 09:55:06,354 - proctoring - DEBUG - [image_utils.py:43] - Decoded base64 data length: 20789
2025-04-15 09:55:06,355 - proctoring - INFO - [detection_service.py:16] - Processing new frame
2025-04-15 09:55:06,365 - proctoring - INFO - [detection_service.py:34] - Face detection found 1 events
2025-04-15 09:55:06,375 - proctoring - INFO - [detection_service.py:34] - Face Mesh detection found 1 events
2025-04-15 09:55:06,381 - proctoring - DEBUG - [detection_service.py:37] - No Hand detections
2025-04-15 09:55:06,446 - proctoring - DEBUG - [detection_service.py:37] - No YOLO detections
2025-04-15 09:55:06,446 - proctoring - INFO - [detection_service.py:42] - Total events detected: 2
2025-04-15 09:55:06,446 - proctoring - INFO - [log_service.py:12] - Attempting to store 2 logs for user 1
2025-04-15 09:55:06,446 - proctoring - DEBUG - [log_service.py:26] - Created log entry: {'time': '2025-04-15 09:55:06.355995', 'event': 'Face detected', 'event_type': 'face_detected'}
2025-04-15 09:55:06,446 - proctoring - DEBUG - [log_service.py:26] - Created log entry: {'time': '2025-04-15 09:55:06.359211', 'event': 'Mouth movement detected'}
2025-04-15 09:55:06,448 - proctoring - INFO - [log_service.py:40] - Successfully stored 2 logs
2025-04-15 09:55:06,450 - proctoring - DEBUG - [image_utils.py:43] - Decoded base64 data length: 20761
2025-04-15 09:55:06,450 - proctoring - INFO - [detection_service.py:16] - Processing new frame
2025-04-15 09:55:06,460 - proctoring - INFO - [detection_service.py:34] - Face detection found 1 events
2025-04-15 09:55:06,473 - proctoring - INFO - [detection_service.py:34] - Face Mesh detection found 1 events
2025-04-15 09:55:06,476 - proctoring - DEBUG - [detection_service.py:37] - No Hand detections
2025-04-15 09:55:06,535 - proctoring - DEBUG - [detection_service.py:37] - No YOLO detections
2025-04-15 09:55:06,535 - proctoring - INFO - [detection_service.py:42] - Total events detected: 2
2025-04-15 09:55:06,535 - proctoring - INFO - [log_service.py:12] - Attempting to store 2 logs for user 1
2025-04-15 09:55:06,535 - proctoring - DEBUG - [log_service.py:26] - Created log entry: {'time': '2025-04-15 09:55:06.450590', 'event': 'Face detected', 'event_type': 'face_detected'}
2025-04-15 09:55:06,535 - proctoring - DEBUG - [log_service.py:26] - Created log entry: {'time': '2025-04-15 09:55:06.454050', 'event': 'Mouth movement detected'}
2025-04-15 09:55:06,537 - proctoring - INFO - [log_service.py:40] - Successfully stored 2 logs
2025-04-15 09:55:06,538 - proctoring - DEBUG - [image_utils.py:43] - Decoded base64 data length: 20763
2025-04-15 09:55:06,539 - proctoring - INFO - [detection_service.py:16] - Processing new frame
2025-04-15 09:55:06,549 - proctoring - INFO - [detection_service.py:34] - Face detection found 1 events
2025-04-15 09:55:06,557 - proctoring - INFO - [detection_service.py:34] - Face Mesh detection found 1 events
2025-04-15 09:55:06,562 - proctoring - DEBUG - [detection_service.py:37] - No Hand detections
2025-04-15 09:55:06,621 - proctoring - DEBUG - [detection_service.py:37] - No YOLO detections
2025-04-15 09:55:06,621 - proctoring - INFO - [detection_service.py:42] - Total events detected: 2
2025-04-15 09:55:06,621 - proctoring - INFO - [log_service.py:12] - Attempting to store 2 logs for user 1
2025-04-15 09:55:06,621 - proctoring - DEBUG - [log_service.py:26] - Created log entry: {'time': '2025-04-15 09:55:06.539269', 'event': 'Face detected', 'event_type': 'face_detected'}
2025-04-15 09:55:06,621 - proctoring - DEBUG - [log_service.py:26] - Created log entry: {'time': '2025-04-15 09:55:06.543033', 'event': 'Mouth movement detected'}
2025-04-15 09:55:06,623 - proctoring - INFO - [log_service.py:40] - Successfully stored 2 logs
2025-04-15 09:55:06,624 - proctoring - DEBUG - [image_utils.py:43] - Decoded base64 data length: 20857
2025-04-15 09:55:06,625 - proctoring - INFO - [detection_service.py:16] - Processing new frame
2025-04-15 09:55:06,635 - proctoring - INFO - [detection_service.py:34] - Face detection found 1 events
2025-04-15 09:55:06,744 - proctoring - INFO - [detection_service.py:34] - Face Mesh detection found 1 events
2025-04-15 09:55:06,745 - proctoring - DEBUG - [detection_service.py:37] - No Hand detections
2025-04-15 09:55:06,830 - proctoring - DEBUG - [detection_service.py:37] - No YOLO detections
2025-04-15 09:55:06,830 - proctoring - INFO - [detection_service.py:42] - Total events detected: 2
2025-04-15 09:55:06,830 - proctoring - INFO - [log_service.py:12] - Attempting to store 2 logs for user 1
2025-04-15 09:55:06,830 - proctoring - DEBUG - [log_service.py:26] - Created log entry: {'time': '2025-04-15 09:55:06.625336', 'event': 'Face detected', 'event_type': 'face_detected'}
2025-04-15 09:55:06,831 - proctoring - DEBUG - [log_service.py:26] - Created log entry: {'time': '2025-04-15 09:55:06.630149', 'event': 'Mouth movement detected'}
2025-04-15 09:55:06,832 - proctoring - INFO - [log_service.py:40] - Successfully stored 2 logs
2025-04-15 09:55:06,834 - proctoring - DEBUG - [image_utils.py:43] - Decoded base64 data length: 20950
2025-04-15 09:55:06,834 - proctoring - INFO - [detection_service.py:16] - Processing new frame
2025-04-15 09:55:06,845 - proctoring - INFO - [detection_service.py:34] - Face detection found 1 events
2025-04-15 09:55:06,856 - proctoring - INFO - [detection_service.py:34] - Face Mesh detection found 1 events
2025-04-15 09:55:06,858 - proctoring - DEBUG - [detection_service.py:37] - No Hand detections
2025-04-15 09:55:06,923 - proctoring - DEBUG - [detection_service.py:37] - No YOLO detections
2025-04-15 09:55:06,923 - proctoring - INFO - [detection_service.py:42] - Total events detected: 2
2025-04-15 09:55:06,923 - proctoring - INFO - [log_service.py:12] - Attempting to store 2 logs for user 1
2025-04-15 09:55:06,923 - proctoring - DEBUG - [log_service.py:26] - Created log entry: {'time': '2025-04-15 09:55:06.834621', 'event': 'Face detected', 'event_type': 'face_detected'}
2025-04-15 09:55:06,924 - proctoring - DEBUG - [log_service.py:26] - Created log entry: {'time': '2025-04-15 09:55:06.838337', 'event': 'Mouth movement detected'}
2025-04-15 09:55:06,925 - proctoring - INFO - [log_service.py:40] - Successfully stored 2 logs
2025-04-15 09:55:06,927 - proctoring - DEBUG - [image_utils.py:43] - Decoded base64 data length: 20894
2025-04-15 09:55:06,927 - proctoring - INFO - [detection_service.py:16] - Processing new frame
2025-04-15 09:55:06,938 - proctoring - INFO - [detection_service.py:34] - Face detection found 1 events
2025-04-15 09:55:06,948 - proctoring - INFO - [detection_service.py:34] - Face Mesh detection found 1 events
2025-04-15 09:55:06,954 - proctoring - DEBUG - [detection_service.py:37] - No Hand detections
2025-04-15 09:55:07,010 - proctoring - DEBUG - [detection_service.py:37] - No YOLO detections
2025-04-15 09:55:07,011 - proctoring - INFO - [detection_service.py:42] - Total events detected: 2
2025-04-15 09:55:07,011 - proctoring - INFO - [log_service.py:12] - Attempting to store 2 logs for user 1
2025-04-15 09:55:07,011 - proctoring - DEBUG - [log_service.py:26] - Created log entry: {'time': '2025-04-15 09:55:06.927943', 'event': 'Face detected', 'event_type': 'face_detected'}
2025-04-15 09:55:07,011 - proctoring - DEBUG - [log_service.py:26] - Created log entry: {'time': '2025-04-15 09:55:06.931792', 'event': 'Mouth movement detected'}
2025-04-15 09:55:07,013 - proctoring - INFO - [log_service.py:40] - Successfully stored 2 logs
2025-04-15 09:55:07,014 - proctoring - DEBUG - [image_utils.py:43] - Decoded base64 data length: 20760
2025-04-15 09:55:07,014 - proctoring - INFO - [detection_service.py:16] - Processing new frame
2025-04-15 09:55:07,024 - proctoring - INFO - [detection_service.py:34] - Face detection found 1 events
2025-04-15 09:55:07,036 - proctoring - INFO - [detection_service.py:34] - Face Mesh detection found 1 events
2025-04-15 09:55:07,040 - proctoring - DEBUG - [detection_service.py:37] - No Hand detections
2025-04-15 09:55:07,106 - proctoring - DEBUG - [detection_service.py:37] - No YOLO detections
2025-04-15 09:55:07,106 - proctoring - INFO - [detection_service.py:42] - Total events detected: 2
2025-04-15 09:55:07,106 - proctoring - INFO - [log_service.py:12] - Attempting to store 2 logs for user 1
2025-04-15 09:55:07,106 - proctoring - DEBUG - [log_service.py:26] - Created log entry: {'time': '2025-04-15 09:55:07.014947', 'event': 'Face detected', 'event_type': 'face_detected'}
2025-04-15 09:55:07,106 - proctoring - DEBUG - [log_service.py:26] - Created log entry: {'time': '2025-04-15 09:55:07.018635', 'event': 'Mouth movement detected'}
2025-04-15 09:55:07,108 - proctoring - INFO - [log_service.py:40] - Successfully stored 2 logs
2025-04-15 09:55:07,109 - proctoring - DEBUG - [image_utils.py:43] - Decoded base64 data length: 20640
2025-04-15 09:55:07,109 - proctoring - INFO - [detection_service.py:16] - Processing new frame
2025-04-15 09:55:07,119 - proctoring - INFO - [detection_service.py:34] - Face detection found 1 events
2025-04-15 09:55:07,130 - proctoring - INFO - [detection_service.py:34] - Face Mesh detection found 1 events
2025-04-15 09:55:07,134 - proctoring - DEBUG - [detection_service.py:37] - No Hand detections
2025-04-15 09:55:07,201 - proctoring - DEBUG - [detection_service.py:37] - No YOLO detections
2025-04-15 09:55:07,202 - proctoring - INFO - [detection_service.py:42] - Total events detected: 2
2025-04-15 09:55:07,202 - proctoring - INFO - [log_service.py:12] - Attempting to store 2 logs for user 1
2025-04-15 09:55:07,202 - proctoring - DEBUG - [log_service.py:26] - Created log entry: {'time': '2025-04-15 09:55:07.110090', 'event': 'Face detected', 'event_type': 'face_detected'}
2025-04-15 09:55:07,202 - proctoring - DEBUG - [log_service.py:26] - Created log entry: {'time': '2025-04-15 09:55:07.113894', 'event': 'Mouth movement detected'}
2025-04-15 09:55:07,203 - proctoring - INFO - [log_service.py:40] - Successfully stored 2 logs
2025-04-15 09:55:07,206 - proctoring - DEBUG - [image_utils.py:43] - Decoded base64 data length: 20511
2025-04-15 09:55:07,206 - proctoring - INFO - [detection_service.py:16] - Processing new frame
2025-04-15 09:55:07,216 - proctoring - INFO - [detection_service.py:34] - Face detection found 1 events
2025-04-15 09:55:07,227 - proctoring - INFO - [detection_service.py:34] - Face Mesh detection found 1 events
2025-04-15 09:55:07,231 - proctoring - DEBUG - [detection_service.py:37] - No Hand detections
2025-04-15 09:55:07,296 - proctoring - DEBUG - [detection_service.py:37] - No YOLO detections
2025-04-15 09:55:07,296 - proctoring - INFO - [detection_service.py:42] - Total events detected: 2
2025-04-15 09:55:07,296 - proctoring - INFO - [log_service.py:12] - Attempting to store 2 logs for user 1
2025-04-15 09:55:07,296 - proctoring - DEBUG - [log_service.py:26] - Created log entry: {'time': '2025-04-15 09:55:07.206741', 'event': 'Face detected', 'event_type': 'face_detected'}
2025-04-15 09:55:07,296 - proctoring - DEBUG - [log_service.py:26] - Created log entry: {'time': '2025-04-15 09:55:07.210525', 'event': 'Mouth movement detected'}
2025-04-15 09:55:07,298 - proctoring - INFO - [log_service.py:40] - Successfully stored 2 logs
2025-04-15 09:55:07,299 - proctoring - DEBUG - [image_utils.py:43] - Decoded base64 data length: 20662
2025-04-15 09:55:07,300 - proctoring - INFO - [detection_service.py:16] - Processing new frame
2025-04-15 09:55:07,309 - proctoring - INFO - [detection_service.py:34] - Face detection found 1 events
2025-04-15 09:55:07,325 - proctoring - INFO - [detection_service.py:34] - Face Mesh detection found 1 events
2025-04-15 09:55:07,326 - proctoring - DEBUG - [detection_service.py:37] - No Hand detections
2025-04-15 09:55:07,389 - proctoring - DEBUG - [detection_service.py:37] - No YOLO detections
2025-04-15 09:55:07,389 - proctoring - INFO - [detection_service.py:42] - Total events detected: 2
2025-04-15 09:55:07,389 - proctoring - INFO - [log_service.py:12] - Attempting to store 2 logs for user 1
2025-04-15 09:55:07,389 - proctoring - DEBUG - [log_service.py:26] - Created log entry: {'time': '2025-04-15 09:55:07.300368', 'event': 'Face detected', 'event_type': 'face_detected'}
2025-04-15 09:55:07,390 - proctoring - DEBUG - [log_service.py:26] - Created log entry: {'time': '2025-04-15 09:55:07.303765', 'event': 'Mouth movement detected'}
2025-04-15 09:55:07,391 - proctoring - INFO - [log_service.py:40] - Successfully stored 2 logs
2025-04-15 09:55:07,393 - proctoring - DEBUG - [image_utils.py:43] - Decoded base64 data length: 20871
2025-04-15 09:55:07,394 - proctoring - INFO - [detection_service.py:16] - Processing new frame
2025-04-15 09:55:07,405 - proctoring - INFO - [detection_service.py:34] - Face detection found 1 events
2025-04-15 09:55:07,417 - proctoring - INFO - [detection_service.py:34] - Face Mesh detection found 1 events
2025-04-15 09:55:07,421 - proctoring - DEBUG - [detection_service.py:37] - No Hand detections
2025-04-15 09:55:07,477 - proctoring - DEBUG - [detection_service.py:37] - No YOLO detections
2025-04-15 09:55:07,477 - proctoring - INFO - [detection_service.py:42] - Total events detected: 2
2025-04-15 09:55:07,477 - proctoring - INFO - [log_service.py:12] - Attempting to store 2 logs for user 1
2025-04-15 09:55:07,477 - proctoring - DEBUG - [log_service.py:26] - Created log entry: {'time': '2025-04-15 09:55:07.394342', 'event': 'Face detected', 'event_type': 'face_detected'}
2025-04-15 09:55:07,477 - proctoring - DEBUG - [log_service.py:26] - Created log entry: {'time': '2025-04-15 09:55:07.397724', 'event': 'Mouth movement detected'}
2025-04-15 09:55:07,479 - proctoring - INFO - [log_service.py:40] - Successfully stored 2 logs
2025-04-15 09:55:07,481 - proctoring - DEBUG - [image_utils.py:43] - Decoded base64 data length: 20870
2025-04-15 09:55:07,481 - proctoring - INFO - [detection_service.py:16] - Processing new frame
2025-04-15 09:55:07,490 - proctoring - INFO - [detection_service.py:34] - Face detection found 1 events
2025-04-15 09:55:07,501 - proctoring - INFO - [detection_service.py:34] - Face Mesh detection found 1 events
2025-04-15 09:55:07,505 - proctoring - DEBUG - [detection_service.py:37] - No Hand detections
2025-04-15 09:55:07,572 - proctoring - DEBUG - [detection_service.py:37] - No YOLO detections
2025-04-15 09:55:07,572 - proctoring - INFO - [detection_service.py:42] - Total events detected: 2
2025-04-15 09:55:07,572 - proctoring - INFO - [log_service.py:12] - Attempting to store 2 logs for user 1
2025-04-15 09:55:07,572 - proctoring - DEBUG - [log_service.py:26] - Created log entry: {'time': '2025-04-15 09:55:07.481678', 'event': 'Face detected', 'event_type': 'face_detected'}
2025-04-15 09:55:07,572 - proctoring - DEBUG - [log_service.py:26] - Created log entry: {'time': '2025-04-15 09:55:07.485346', 'event': 'Mouth movement detected'}
2025-04-15 09:55:07,574 - proctoring - INFO - [log_service.py:40] - Successfully stored 2 logs
2025-04-15 09:55:07,576 - proctoring - DEBUG - [image_utils.py:43] - Decoded base64 data length: 20932
2025-04-15 09:55:07,576 - proctoring - INFO - [detection_service.py:16] - Processing new frame
2025-04-15 09:55:07,586 - proctoring - INFO - [detection_service.py:34] - Face detection found 1 events
2025-04-15 09:55:07,598 - proctoring - INFO - [detection_service.py:34] - Face Mesh detection found 1 events
2025-04-15 09:55:07,600 - proctoring - DEBUG - [detection_service.py:37] - No Hand detections
2025-04-15 09:55:07,675 - proctoring - DEBUG - [detection_service.py:37] - No YOLO detections
2025-04-15 09:55:07,675 - proctoring - INFO - [detection_service.py:42] - Total events detected: 2
2025-04-15 09:55:07,675 - proctoring - INFO - [log_service.py:12] - Attempting to store 2 logs for user 1
2025-04-15 09:55:07,675 - proctoring - DEBUG - [log_service.py:26] - Created log entry: {'time': '2025-04-15 09:55:07.576809', 'event': 'Face detected', 'event_type': 'face_detected'}
2025-04-15 09:55:07,675 - proctoring - DEBUG - [log_service.py:26] - Created log entry: {'time': '2025-04-15 09:55:07.580407', 'event': 'Mouth movement detected'}
2025-04-15 09:55:07,677 - proctoring - INFO - [log_service.py:40] - Successfully stored 2 logs
2025-04-15 09:55:07,679 - proctoring - DEBUG - [image_utils.py:43] - Decoded base64 data length: 20914
2025-04-15 09:55:07,679 - proctoring - INFO - [detection_service.py:16] - Processing new frame
2025-04-15 09:55:07,688 - proctoring - INFO - [detection_service.py:34] - Face detection found 1 events
2025-04-15 09:55:07,709 - proctoring - INFO - [detection_service.py:34] - Face Mesh detection found 1 events
2025-04-15 09:55:07,709 - proctoring - DEBUG - [detection_service.py:37] - No Hand detections
2025-04-15 09:55:07,754 - proctoring - DEBUG - [detection_service.py:37] - No YOLO detections
2025-04-15 09:55:07,754 - proctoring - INFO - [detection_service.py:42] - Total events detected: 2
2025-04-15 09:55:07,754 - proctoring - INFO - [log_service.py:12] - Attempting to store 2 logs for user 1
2025-04-15 09:55:07,754 - proctoring - DEBUG - [log_service.py:26] - Created log entry: {'time': '2025-04-15 09:55:07.679850', 'event': 'Face detected', 'event_type': 'face_detected'}
2025-04-15 09:55:07,754 - proctoring - DEBUG - [log_service.py:26] - Created log entry: {'time': '2025-04-15 09:55:07.683110', 'event': 'Mouth movement detected'}
2025-04-15 09:55:07,756 - proctoring - INFO - [log_service.py:40] - Successfully stored 2 logs
2025-04-15 09:55:07,758 - proctoring - DEBUG - [image_utils.py:43] - Decoded base64 data length: 20914
2025-04-15 09:55:07,758 - proctoring - INFO - [detection_service.py:16] - Processing new frame
2025-04-15 09:55:07,769 - proctoring - INFO - [detection_service.py:34] - Face detection found 1 events
2025-04-15 09:55:07,783 - proctoring - INFO - [detection_service.py:34] - Face Mesh detection found 1 events
2025-04-15 09:55:07,786 - proctoring - DEBUG - [detection_service.py:37] - No Hand detections
2025-04-15 09:55:07,851 - proctoring - DEBUG - [detection_service.py:37] - No YOLO detections
2025-04-15 09:55:07,851 - proctoring - INFO - [detection_service.py:42] - Total events detected: 2
2025-04-15 09:55:07,851 - proctoring - INFO - [log_service.py:12] - Attempting to store 2 logs for user 1
2025-04-15 09:55:07,852 - proctoring - DEBUG - [log_service.py:26] - Created log entry: {'time': '2025-04-15 09:55:07.758618', 'event': 'Face detected', 'event_type': 'face_detected'}
2025-04-15 09:55:07,852 - proctoring - DEBUG - [log_service.py:26] - Created log entry: {'time': '2025-04-15 09:55:07.764077', 'event': 'Mouth movement detected'}
2025-04-15 09:55:07,853 - proctoring - INFO - [log_service.py:40] - Successfully stored 2 logs
2025-04-15 09:55:07,855 - proctoring - DEBUG - [image_utils.py:43] - Decoded base64 data length: 20893
2025-04-15 09:55:07,855 - proctoring - INFO - [detection_service.py:16] - Processing new frame
2025-04-15 09:55:07,865 - proctoring - INFO - [detection_service.py:34] - Face detection found 1 events
2025-04-15 09:55:07,875 - proctoring - INFO - [detection_service.py:34] - Face Mesh detection found 1 events
2025-04-15 09:55:07,887 - proctoring - DEBUG - [detection_service.py:37] - No Hand detections
2025-04-15 09:55:07,945 - proctoring - DEBUG - [detection_service.py:37] - No YOLO detections
2025-04-15 09:55:07,945 - proctoring - INFO - [detection_service.py:42] - Total events detected: 2
2025-04-15 09:55:07,945 - proctoring - INFO - [log_service.py:12] - Attempting to store 2 logs for user 1
2025-04-15 09:55:07,945 - proctoring - DEBUG - [log_service.py:26] - Created log entry: {'time': '2025-04-15 09:55:07.855770', 'event': 'Face detected', 'event_type': 'face_detected'}
2025-04-15 09:55:07,945 - proctoring - DEBUG - [log_service.py:26] - Created log entry: {'time': '2025-04-15 09:55:07.859469', 'event': 'Mouth movement detected'}
2025-04-15 09:55:07,947 - proctoring - INFO - [log_service.py:40] - Successfully stored 2 logs
2025-04-15 09:55:07,949 - proctoring - DEBUG - [image_utils.py:43] - Decoded base64 data length: 20901
2025-04-15 09:55:07,949 - proctoring - INFO - [detection_service.py:16] - Processing new frame
2025-04-15 09:55:07,957 - proctoring - INFO - [detection_service.py:34] - Face detection found 1 events
2025-04-15 09:55:07,976 - proctoring - DEBUG - [detection_service.py:37] - No Hand detections
2025-04-15 09:55:07,979 - proctoring - INFO - [detection_service.py:34] - Face Mesh detection found 1 events
2025-04-15 09:55:08,038 - proctoring - DEBUG - [detection_service.py:37] - No YOLO detections
2025-04-15 09:55:08,038 - proctoring - INFO - [detection_service.py:42] - Total events detected: 2
2025-04-15 09:55:08,038 - proctoring - INFO - [log_service.py:12] - Attempting to store 2 logs for user 1
2025-04-15 09:55:08,038 - proctoring - DEBUG - [log_service.py:26] - Created log entry: {'time': '2025-04-15 09:55:07.949555', 'event': 'Face detected', 'event_type': 'face_detected'}
2025-04-15 09:55:08,038 - proctoring - DEBUG - [log_service.py:26] - Created log entry: {'time': '2025-04-15 09:55:07.952995', 'event': 'Mouth movement detected'}
2025-04-15 09:55:08,040 - proctoring - INFO - [log_service.py:40] - Successfully stored 2 logs
2025-04-15 09:55:08,042 - proctoring - DEBUG - [image_utils.py:43] - Decoded base64 data length: 20853
2025-04-15 09:55:08,043 - proctoring - INFO - [detection_service.py:16] - Processing new frame
2025-04-15 09:55:08,053 - proctoring - INFO - [detection_service.py:34] - Face detection found 1 events
2025-04-15 09:55:08,062 - proctoring - INFO - [detection_service.py:34] - Face Mesh detection found 1 events
2025-04-15 09:55:08,066 - proctoring - DEBUG - [detection_service.py:37] - No Hand detections
2025-04-15 09:55:08,127 - proctoring - DEBUG - [detection_service.py:37] - No YOLO detections
2025-04-15 09:55:08,127 - proctoring - INFO - [detection_service.py:42] - Total events detected: 2
2025-04-15 09:55:08,127 - proctoring - INFO - [log_service.py:12] - Attempting to store 2 logs for user 1
2025-04-15 09:55:08,127 - proctoring - DEBUG - [log_service.py:26] - Created log entry: {'time': '2025-04-15 09:55:08.043269', 'event': 'Face detected', 'event_type': 'face_detected'}
2025-04-15 09:55:08,127 - proctoring - DEBUG - [log_service.py:26] - Created log entry: {'time': '2025-04-15 09:55:08.046905', 'event': 'Mouth movement detected'}
2025-04-15 09:55:08,129 - proctoring - INFO - [log_service.py:40] - Successfully stored 2 logs
2025-04-15 09:55:08,130 - proctoring - DEBUG - [image_utils.py:43] - Decoded base64 data length: 20877
2025-04-15 09:55:08,131 - proctoring - INFO - [detection_service.py:16] - Processing new frame
2025-04-15 09:55:08,140 - proctoring - INFO - [detection_service.py:34] - Face detection found 1 events
2025-04-15 09:55:08,151 - proctoring - INFO - [detection_service.py:34] - Face Mesh detection found 1 events
2025-04-15 09:55:08,155 - proctoring - DEBUG - [detection_service.py:37] - No Hand detections
2025-04-15 09:55:08,222 - proctoring - DEBUG - [detection_service.py:37] - No YOLO detections
2025-04-15 09:55:08,222 - proctoring - INFO - [detection_service.py:42] - Total events detected: 2
2025-04-15 09:55:08,222 - proctoring - INFO - [log_service.py:12] - Attempting to store 2 logs for user 1
2025-04-15 09:55:08,222 - proctoring - DEBUG - [log_service.py:26] - Created log entry: {'time': '2025-04-15 09:55:08.131388', 'event': 'Face detected', 'event_type': 'face_detected'}
2025-04-15 09:55:08,222 - proctoring - DEBUG - [log_service.py:26] - Created log entry: {'time': '2025-04-15 09:55:08.134798', 'event': 'Mouth movement detected'}
2025-04-15 09:55:08,224 - proctoring - INFO - [log_service.py:40] - Successfully stored 2 logs
2025-04-15 09:55:08,226 - proctoring - DEBUG - [image_utils.py:43] - Decoded base64 data length: 20928
2025-04-15 09:55:08,226 - proctoring - INFO - [detection_service.py:16] - Processing new frame
2025-04-15 09:55:08,240 - proctoring - INFO - [detection_service.py:34] - Face detection found 1 events
2025-04-15 09:55:08,245 - proctoring - INFO - [detection_service.py:34] - Face Mesh detection found 1 events
2025-04-15 09:55:08,252 - proctoring - DEBUG - [detection_service.py:37] - No Hand detections
2025-04-15 09:55:08,317 - proctoring - DEBUG - [detection_service.py:37] - No YOLO detections
2025-04-15 09:55:08,317 - proctoring - INFO - [detection_service.py:42] - Total events detected: 2
2025-04-15 09:55:08,317 - proctoring - INFO - [log_service.py:12] - Attempting to store 2 logs for user 1
2025-04-15 09:55:08,317 - proctoring - DEBUG - [log_service.py:26] - Created log entry: {'time': '2025-04-15 09:55:08.226936', 'event': 'Face detected', 'event_type': 'face_detected'}
2025-04-15 09:55:08,317 - proctoring - DEBUG - [log_service.py:26] - Created log entry: {'time': '2025-04-15 09:55:08.230313', 'event': 'Mouth movement detected'}
2025-04-15 09:55:08,318 - proctoring - INFO - [log_service.py:40] - Successfully stored 2 logs
2025-04-15 09:55:08,320 - proctoring - DEBUG - [image_utils.py:43] - Decoded base64 data length: 20827
2025-04-15 09:55:08,320 - proctoring - INFO - [detection_service.py:16] - Processing new frame
2025-04-15 09:55:08,331 - proctoring - INFO - [detection_service.py:34] - Face detection found 1 events
2025-04-15 09:55:08,341 - proctoring - INFO - [detection_service.py:34] - Face Mesh detection found 1 events
2025-04-15 09:55:08,347 - proctoring - DEBUG - [detection_service.py:37] - No Hand detections
2025-04-15 09:55:08,403 - proctoring - DEBUG - [detection_service.py:37] - No YOLO detections
2025-04-15 09:55:08,403 - proctoring - INFO - [detection_service.py:42] - Total events detected: 2
2025-04-15 09:55:08,403 - proctoring - INFO - [log_service.py:12] - Attempting to store 2 logs for user 1
2025-04-15 09:55:08,404 - proctoring - DEBUG - [log_service.py:26] - Created log entry: {'time': '2025-04-15 09:55:08.321058', 'event': 'Face detected', 'event_type': 'face_detected'}
2025-04-15 09:55:08,404 - proctoring - DEBUG - [log_service.py:26] - Created log entry: {'time': '2025-04-15 09:55:08.324701', 'event': 'Mouth movement detected'}
2025-04-15 09:55:08,405 - proctoring - INFO - [log_service.py:40] - Successfully stored 2 logs
2025-04-15 09:55:08,410 - proctoring - DEBUG - [image_utils.py:43] - Decoded base64 data length: 20844
2025-04-15 09:55:08,410 - proctoring - INFO - [detection_service.py:16] - Processing new frame
2025-04-15 09:55:08,419 - proctoring - INFO - [detection_service.py:34] - Face detection found 1 events
2025-04-15 09:55:08,431 - proctoring - INFO - [detection_service.py:34] - Face Mesh detection found 1 events
2025-04-15 09:55:08,433 - proctoring - DEBUG - [detection_service.py:37] - No Hand detections
2025-04-15 09:55:08,490 - proctoring - DEBUG - [detection_service.py:37] - No YOLO detections
2025-04-15 09:55:08,490 - proctoring - INFO - [detection_service.py:42] - Total events detected: 2
2025-04-15 09:55:08,490 - proctoring - INFO - [log_service.py:12] - Attempting to store 2 logs for user 1
2025-04-15 09:55:08,490 - proctoring - DEBUG - [log_service.py:26] - Created log entry: {'time': '2025-04-15 09:55:08.410935', 'event': 'Face detected', 'event_type': 'face_detected'}
2025-04-15 09:55:08,490 - proctoring - DEBUG - [log_service.py:26] - Created log entry: {'time': '2025-04-15 09:55:08.414433', 'event': 'Mouth movement detected'}
2025-04-15 09:55:08,492 - proctoring - INFO - [log_service.py:40] - Successfully stored 2 logs
2025-04-15 09:55:08,517 - proctoring - DEBUG - [image_utils.py:43] - Decoded base64 data length: 20817
2025-04-15 09:55:08,517 - proctoring - INFO - [detection_service.py:16] - Processing new frame
2025-04-15 09:55:08,527 - proctoring - INFO - [detection_service.py:34] - Face detection found 1 events
2025-04-15 09:55:08,536 - proctoring - INFO - [detection_service.py:34] - Face Mesh detection found 1 events
2025-04-15 09:55:08,541 - proctoring - DEBUG - [detection_service.py:37] - No Hand detections
2025-04-15 09:55:08,602 - proctoring - DEBUG - [detection_service.py:37] - No YOLO detections
2025-04-15 09:55:08,602 - proctoring - INFO - [detection_service.py:42] - Total events detected: 2
2025-04-15 09:55:08,602 - proctoring - INFO - [log_service.py:12] - Attempting to store 2 logs for user 1
2025-04-15 09:55:08,602 - proctoring - DEBUG - [log_service.py:26] - Created log entry: {'time': '2025-04-15 09:55:08.517771', 'event': 'Face detected', 'event_type': 'face_detected'}
2025-04-15 09:55:08,602 - proctoring - DEBUG - [log_service.py:26] - Created log entry: {'time': '2025-04-15 09:55:08.521095', 'event': 'Mouth movement detected'}
2025-04-15 09:55:08,604 - proctoring - INFO - [log_service.py:40] - Successfully stored 2 logs
2025-04-15 09:55:08,623 - proctoring - DEBUG - [image_utils.py:43] - Decoded base64 data length: 20808
2025-04-15 09:55:08,623 - proctoring - INFO - [detection_service.py:16] - Processing new frame
2025-04-15 09:55:08,633 - proctoring - INFO - [detection_service.py:34] - Face detection found 1 events
2025-04-15 09:55:08,645 - proctoring - INFO - [detection_service.py:34] - Face Mesh detection found 1 events
2025-04-15 09:55:08,646 - proctoring - DEBUG - [detection_service.py:37] - No Hand detections
2025-04-15 09:55:08,713 - proctoring - DEBUG - [detection_service.py:37] - No YOLO detections
2025-04-15 09:55:08,713 - proctoring - INFO - [detection_service.py:42] - Total events detected: 2
2025-04-15 09:55:08,713 - proctoring - INFO - [log_service.py:12] - Attempting to store 2 logs for user 1
2025-04-15 09:55:08,713 - proctoring - DEBUG - [log_service.py:26] - Created log entry: {'time': '2025-04-15 09:55:08.623864', 'event': 'Face detected', 'event_type': 'face_detected'}
2025-04-15 09:55:08,713 - proctoring - DEBUG - [log_service.py:26] - Created log entry: {'time': '2025-04-15 09:55:08.627359', 'event': 'Mouth movement detected'}
2025-04-15 09:55:08,715 - proctoring - INFO - [log_service.py:40] - Successfully stored 2 logs
2025-04-15 09:55:08,728 - proctoring - DEBUG - [image_utils.py:43] - Decoded base64 data length: 20714
2025-04-15 09:55:08,729 - proctoring - INFO - [detection_service.py:16] - Processing new frame
2025-04-15 09:55:08,738 - proctoring - INFO - [detection_service.py:34] - Face detection found 1 events
2025-04-15 09:55:08,750 - proctoring - INFO - [detection_service.py:34] - Face Mesh detection found 1 events
2025-04-15 09:55:08,754 - proctoring - DEBUG - [detection_service.py:37] - No Hand detections
2025-04-15 09:55:08,813 - proctoring - DEBUG - [detection_service.py:37] - No YOLO detections
2025-04-15 09:55:08,813 - proctoring - INFO - [detection_service.py:42] - Total events detected: 2
2025-04-15 09:55:08,813 - proctoring - INFO - [log_service.py:12] - Attempting to store 2 logs for user 1
2025-04-15 09:55:08,813 - proctoring - DEBUG - [log_service.py:26] - Created log entry: {'time': '2025-04-15 09:55:08.729311', 'event': 'Face detected', 'event_type': 'face_detected'}
2025-04-15 09:55:08,813 - proctoring - DEBUG - [log_service.py:26] - Created log entry: {'time': '2025-04-15 09:55:08.732580', 'event': 'Mouth movement detected'}
2025-04-15 09:55:08,815 - proctoring - INFO - [log_service.py:40] - Successfully stored 2 logs
2025-04-15 09:55:08,836 - proctoring - DEBUG - [image_utils.py:43] - Decoded base64 data length: 20343
2025-04-15 09:55:08,836 - proctoring - INFO - [detection_service.py:16] - Processing new frame
2025-04-15 09:55:08,848 - proctoring - INFO - [detection_service.py:34] - Face detection found 1 events
2025-04-15 09:55:08,858 - proctoring - INFO - [detection_service.py:34] - Face Mesh detection found 1 events
2025-04-15 09:55:08,864 - proctoring - DEBUG - [detection_service.py:37] - No Hand detections
2025-04-15 09:55:08,935 - proctoring - DEBUG - [detection_service.py:37] - No YOLO detections
2025-04-15 09:55:08,935 - proctoring - INFO - [detection_service.py:42] - Total events detected: 2
2025-04-15 09:55:08,935 - proctoring - INFO - [log_service.py:12] - Attempting to store 2 logs for user 1
2025-04-15 09:55:08,935 - proctoring - DEBUG - [log_service.py:26] - Created log entry: {'time': '2025-04-15 09:55:08.837004', 'event': 'Face detected', 'event_type': 'face_detected'}
2025-04-15 09:55:08,935 - proctoring - DEBUG - [log_service.py:26] - Created log entry: {'time': '2025-04-15 09:55:08.840484', 'event': 'Mouth movement detected'}
2025-04-15 09:55:08,937 - proctoring - INFO - [log_service.py:40] - Successfully stored 2 logs
2025-04-15 09:55:08,940 - proctoring - INFO - [main.py:177] - Client initiated disconnect for user 1
2025-04-15 09:55:08,940 - proctoring - INFO - [main.py:217] - Cleaning up connection for user 1
2025-04-15 09:55:08,940 - proctoring - INFO - [exam.py:158] - Closed WebSocket connection for user 1
2025-04-15 09:55:12,947 - proctoring - INFO - [exam.py:384] - Cleared 92 logs for user 1
2025-04-15 10:10:17,638 - proctoring - INFO - [database.py:13] - Using database: localhost:3306/Proctoring_AI
2025-04-15 10:10:21,002 - proctoring - INFO - [mediapipe_config.py:14] - MediaPipe configured for CPU-only mode
2025-04-15 10:10:21,002 - proctoring - INFO - [main.py:68] - MediaPipe configured successfully
2025-04-15 10:10:21,044 - proctoring - INFO - [main.py:74] - Database connection test successful
2025-04-15 10:10:21,048 - proctoring - INFO - [main.py:81] - Database initialized successfully
2025-04-15 10:10:21,063 - proctoring - INFO - [main.py:86] - YOLO model loaded successfully
2025-04-15 10:10:41,509 - proctoring - INFO - [auth.py:189] - Comparing face against 2 users
2025-04-15 10:10:42,635 - proctoring - INFO - [face_auth.py:48] - Face comparison: distance=0.212, threshold=0.6, verified=True
2025-04-15 10:10:42,636 - proctoring - INFO - [auth.py:200] - Face comparison with sharath@gmail.com: confidence=78.75
2025-04-15 10:10:43,020 - proctoring - INFO - [face_auth.py:48] - Face comparison: distance=0.334, threshold=0.6, verified=True
2025-04-15 10:10:43,021 - proctoring - INFO - [auth.py:200] - Face comparison with poojas410@gmail.com: confidence=66.62
2025-04-15 10:10:43,021 - proctoring - INFO - [auth.py:208] - Face login successful for sharath@gmail.com with confidence 78.75
2025-04-15 10:10:44,664 - proctoring - INFO - [main.py:133] - WebSocket connection attempt for user 1
2025-04-15 10:10:44,666 - proctoring - INFO - [connection.py:31] - WebSocket connection accepted for user 1
2025-04-15 10:10:44,666 - proctoring - INFO - [main.py:162] - WebSocket connection established for user 1
2025-04-15 10:10:44,677 - proctoring - DEBUG - [image_utils.py:43] - Decoded base64 data length: 20667
2025-04-15 10:10:44,678 - proctoring - INFO - [detection_service.py:16] - Processing new frame
2025-04-15 10:10:44,688 - proctoring - INFO - [detection_service.py:34] - Face detection found 1 events
2025-04-15 10:10:44,702 - proctoring - INFO - [detection_service.py:34] - Face Mesh detection found 1 events
2025-04-15 10:10:44,705 - proctoring - DEBUG - [detection_service.py:37] - No Hand detections
2025-04-15 10:10:45,185 - proctoring - DEBUG - [detection_service.py:37] - No YOLO detections
2025-04-15 10:10:45,185 - proctoring - INFO - [detection_service.py:42] - Total events detected: 2
2025-04-15 10:10:45,185 - proctoring - INFO - [log_service.py:12] - Attempting to store 2 logs for user 1
2025-04-15 10:10:45,185 - proctoring - DEBUG - [log_service.py:26] - Created log entry: {'time': '2025-04-15 10:10:44.678214', 'event': 'Face detected', 'event_type': 'face_detected'}
2025-04-15 10:10:45,185 - proctoring - DEBUG - [log_service.py:26] - Created log entry: {'time': '2025-04-15 10:10:44.682965', 'event': 'Mouth movement detected'}
2025-04-15 10:10:45,188 - proctoring - INFO - [log_service.py:40] - Successfully stored 2 logs
2025-04-15 10:10:45,191 - proctoring - DEBUG - [image_utils.py:43] - Decoded base64 data length: 20457
2025-04-15 10:10:45,191 - proctoring - INFO - [detection_service.py:16] - Processing new frame
2025-04-15 10:10:45,201 - proctoring - INFO - [detection_service.py:34] - Face detection found 1 events
2025-04-15 10:10:45,211 - proctoring - INFO - [detection_service.py:34] - Face Mesh detection found 1 events
2025-04-15 10:10:45,216 - proctoring - DEBUG - [detection_service.py:37] - No Hand detections
2025-04-15 10:10:45,282 - proctoring - DEBUG - [detection_service.py:37] - No YOLO detections
2025-04-15 10:10:45,282 - proctoring - INFO - [detection_service.py:42] - Total events detected: 2
2025-04-15 10:10:45,282 - proctoring - INFO - [log_service.py:12] - Attempting to store 2 logs for user 1
2025-04-15 10:10:45,282 - proctoring - DEBUG - [log_service.py:26] - Created log entry: {'time': '2025-04-15 10:10:45.191888', 'event': 'Face detected', 'event_type': 'face_detected'}
2025-04-15 10:10:45,282 - proctoring - DEBUG - [log_service.py:26] - Created log entry: {'time': '2025-04-15 10:10:45.195246', 'event': 'Mouth movement detected'}
2025-04-15 10:10:45,284 - proctoring - INFO - [log_service.py:40] - Successfully stored 2 logs
2025-04-15 10:10:45,286 - proctoring - DEBUG - [image_utils.py:43] - Decoded base64 data length: 20339
2025-04-15 10:10:45,287 - proctoring - INFO - [detection_service.py:16] - Processing new frame
2025-04-15 10:10:45,297 - proctoring - INFO - [detection_service.py:34] - Face detection found 1 events
2025-04-15 10:10:45,308 - proctoring - INFO - [detection_service.py:34] - Face Mesh detection found 1 events
2025-04-15 10:10:45,313 - proctoring - DEBUG - [detection_service.py:37] - No Hand detections
2025-04-15 10:10:45,374 - proctoring - DEBUG - [detection_service.py:37] - No YOLO detections
2025-04-15 10:10:45,374 - proctoring - INFO - [detection_service.py:42] - Total events detected: 2
2025-04-15 10:10:45,374 - proctoring - INFO - [log_service.py:12] - Attempting to store 2 logs for user 1
2025-04-15 10:10:45,374 - proctoring - DEBUG - [log_service.py:26] - Created log entry: {'time': '2025-04-15 10:10:45.287217', 'event': 'Face detected', 'event_type': 'face_detected'}
2025-04-15 10:10:45,374 - proctoring - DEBUG - [log_service.py:26] - Created log entry: {'time': '2025-04-15 10:10:45.290724', 'event': 'Mouth movement detected'}
2025-04-15 10:10:45,376 - proctoring - INFO - [log_service.py:40] - Successfully stored 2 logs
2025-04-15 10:10:45,377 - proctoring - DEBUG - [image_utils.py:43] - Decoded base64 data length: 20387
2025-04-15 10:10:45,378 - proctoring - INFO - [detection_service.py:16] - Processing new frame
2025-04-15 10:10:45,391 - proctoring - INFO - [detection_service.py:34] - Face detection found 1 events
2025-04-15 10:10:45,402 - proctoring - INFO - [detection_service.py:34] - Face Mesh detection found 1 events
2025-04-15 10:10:45,404 - proctoring - DEBUG - [detection_service.py:37] - No Hand detections
2025-04-15 10:10:45,471 - proctoring - DEBUG - [detection_service.py:37] - No YOLO detections
2025-04-15 10:10:45,471 - proctoring - INFO - [detection_service.py:42] - Total events detected: 2
2025-04-15 10:10:45,471 - proctoring - INFO - [log_service.py:12] - Attempting to store 2 logs for user 1
2025-04-15 10:10:45,471 - proctoring - DEBUG - [log_service.py:26] - Created log entry: {'time': '2025-04-15 10:10:45.378336', 'event': 'Face detected', 'event_type': 'face_detected'}
2025-04-15 10:10:45,471 - proctoring - DEBUG - [log_service.py:26] - Created log entry: {'time': '2025-04-15 10:10:45.381776', 'event': 'Mouth movement detected'}
2025-04-15 10:10:45,472 - proctoring - INFO - [log_service.py:40] - Successfully stored 2 logs
2025-04-15 10:10:45,474 - proctoring - DEBUG - [image_utils.py:43] - Decoded base64 data length: 20462
2025-04-15 10:10:45,474 - proctoring - INFO - [detection_service.py:16] - Processing new frame
2025-04-15 10:10:45,483 - proctoring - INFO - [detection_service.py:34] - Face detection found 1 events
2025-04-15 10:10:45,496 - proctoring - INFO - [detection_service.py:34] - Face Mesh detection found 1 events
2025-04-15 10:10:45,500 - proctoring - DEBUG - [detection_service.py:37] - No Hand detections
2025-04-15 10:10:45,567 - proctoring - DEBUG - [detection_service.py:37] - No YOLO detections
2025-04-15 10:10:45,567 - proctoring - INFO - [detection_service.py:42] - Total events detected: 2
2025-04-15 10:10:45,567 - proctoring - INFO - [log_service.py:12] - Attempting to store 2 logs for user 1
2025-04-15 10:10:45,567 - proctoring - DEBUG - [log_service.py:26] - Created log entry: {'time': '2025-04-15 10:10:45.474767', 'event': 'Face detected', 'event_type': 'face_detected'}
2025-04-15 10:10:45,567 - proctoring - DEBUG - [log_service.py:26] - Created log entry: {'time': '2025-04-15 10:10:45.478290', 'event': 'Mouth movement detected'}
2025-04-15 10:10:45,569 - proctoring - INFO - [log_service.py:40] - Successfully stored 2 logs
2025-04-15 10:10:45,571 - proctoring - DEBUG - [image_utils.py:43] - Decoded base64 data length: 20752
2025-04-15 10:10:45,571 - proctoring - INFO - [detection_service.py:16] - Processing new frame
2025-04-15 10:10:45,581 - proctoring - INFO - [detection_service.py:34] - Face detection found 1 events
2025-04-15 10:10:45,594 - proctoring - INFO - [detection_service.py:34] - Face Mesh detection found 1 events
2025-04-15 10:10:45,598 - proctoring - DEBUG - [detection_service.py:37] - No Hand detections
2025-04-15 10:10:45,667 - proctoring - DEBUG - [detection_service.py:37] - No YOLO detections
2025-04-15 10:10:45,667 - proctoring - INFO - [detection_service.py:42] - Total events detected: 2
2025-04-15 10:10:45,667 - proctoring - INFO - [log_service.py:12] - Attempting to store 2 logs for user 1
2025-04-15 10:10:45,667 - proctoring - DEBUG - [log_service.py:26] - Created log entry: {'time': '2025-04-15 10:10:45.571699', 'event': 'Face detected', 'event_type': 'face_detected'}
2025-04-15 10:10:45,667 - proctoring - DEBUG - [log_service.py:26] - Created log entry: {'time': '2025-04-15 10:10:45.575286', 'event': 'Mouth movement detected'}
2025-04-15 10:10:45,668 - proctoring - INFO - [log_service.py:40] - Successfully stored 2 logs
2025-04-15 10:10:45,670 - proctoring - DEBUG - [image_utils.py:43] - Decoded base64 data length: 20846
2025-04-15 10:10:45,670 - proctoring - INFO - [detection_service.py:16] - Processing new frame
2025-04-15 10:10:45,679 - proctoring - INFO - [detection_service.py:34] - Face detection found 1 events
2025-04-15 10:10:45,696 - proctoring - INFO - [detection_service.py:34] - Face Mesh detection found 1 events
2025-04-15 10:10:45,700 - proctoring - DEBUG - [detection_service.py:37] - No Hand detections
2025-04-15 10:10:45,765 - proctoring - DEBUG - [detection_service.py:37] - No YOLO detections
2025-04-15 10:10:45,765 - proctoring - INFO - [detection_service.py:42] - Total events detected: 2
2025-04-15 10:10:45,765 - proctoring - INFO - [log_service.py:12] - Attempting to store 2 logs for user 1
2025-04-15 10:10:45,765 - proctoring - DEBUG - [log_service.py:26] - Created log entry: {'time': '2025-04-15 10:10:45.670960', 'event': 'Face detected', 'event_type': 'face_detected'}
2025-04-15 10:10:45,766 - proctoring - DEBUG - [log_service.py:26] - Created log entry: {'time': '2025-04-15 10:10:45.674424', 'event': 'Mouth movement detected'}
2025-04-15 10:10:45,767 - proctoring - INFO - [log_service.py:40] - Successfully stored 2 logs
2025-04-15 10:10:45,768 - proctoring - DEBUG - [image_utils.py:43] - Decoded base64 data length: 20616
2025-04-15 10:10:45,769 - proctoring - INFO - [detection_service.py:16] - Processing new frame
2025-04-15 10:10:45,778 - proctoring - INFO - [detection_service.py:34] - Face detection found 1 events
2025-04-15 10:10:45,789 - proctoring - INFO - [detection_service.py:34] - Face Mesh detection found 1 events
2025-04-15 10:10:45,794 - proctoring - DEBUG - [detection_service.py:37] - No Hand detections
2025-04-15 10:10:45,862 - proctoring - DEBUG - [detection_service.py:37] - No YOLO detections
2025-04-15 10:10:45,862 - proctoring - INFO - [detection_service.py:42] - Total events detected: 2
2025-04-15 10:10:45,862 - proctoring - INFO - [log_service.py:12] - Attempting to store 2 logs for user 1
2025-04-15 10:10:45,862 - proctoring - DEBUG - [log_service.py:26] - Created log entry: {'time': '2025-04-15 10:10:45.769499', 'event': 'Face detected', 'event_type': 'face_detected'}
2025-04-15 10:10:45,862 - proctoring - DEBUG - [log_service.py:26] - Created log entry: {'time': '2025-04-15 10:10:45.773155', 'event': 'Mouth movement detected'}
2025-04-15 10:10:45,864 - proctoring - INFO - [log_service.py:40] - Successfully stored 2 logs
2025-04-15 10:10:45,865 - proctoring - DEBUG - [image_utils.py:43] - Decoded base64 data length: 20422
2025-04-15 10:10:45,866 - proctoring - INFO - [detection_service.py:16] - Processing new frame
2025-04-15 10:10:45,878 - proctoring - INFO - [detection_service.py:34] - Face detection found 1 events
2025-04-15 10:10:45,887 - proctoring - INFO - [detection_service.py:34] - Face Mesh detection found 1 events
2025-04-15 10:10:45,892 - proctoring - DEBUG - [detection_service.py:37] - No Hand detections
2025-04-15 10:10:45,957 - proctoring - DEBUG - [detection_service.py:37] - No YOLO detections
2025-04-15 10:10:45,957 - proctoring - INFO - [detection_service.py:42] - Total events detected: 2
2025-04-15 10:10:45,957 - proctoring - INFO - [log_service.py:12] - Attempting to store 2 logs for user 1
2025-04-15 10:10:45,957 - proctoring - DEBUG - [log_service.py:26] - Created log entry: {'time': '2025-04-15 10:10:45.866624', 'event': 'Face detected', 'event_type': 'face_detected'}
2025-04-15 10:10:45,957 - proctoring - DEBUG - [log_service.py:26] - Created log entry: {'time': '2025-04-15 10:10:45.870123', 'event': 'Mouth movement detected'}
2025-04-15 10:10:45,959 - proctoring - INFO - [log_service.py:40] - Successfully stored 2 logs
2025-04-15 10:10:45,961 - proctoring - DEBUG - [image_utils.py:43] - Decoded base64 data length: 20420
2025-04-15 10:10:45,961 - proctoring - INFO - [detection_service.py:16] - Processing new frame
2025-04-15 10:10:45,970 - proctoring - INFO - [detection_service.py:34] - Face detection found 1 events
2025-04-15 10:10:45,986 - proctoring - DEBUG - [detection_service.py:37] - No Hand detections
2025-04-15 10:10:45,986 - proctoring - INFO - [detection_service.py:34] - Face Mesh detection found 1 events
2025-04-15 10:10:46,054 - proctoring - DEBUG - [detection_service.py:37] - No YOLO detections
2025-04-15 10:10:46,054 - proctoring - INFO - [detection_service.py:42] - Total events detected: 2
2025-04-15 10:10:46,055 - proctoring - INFO - [log_service.py:12] - Attempting to store 2 logs for user 1
2025-04-15 10:10:46,055 - proctoring - DEBUG - [log_service.py:26] - Created log entry: {'time': '2025-04-15 10:10:45.961676', 'event': 'Face detected', 'event_type': 'face_detected'}
2025-04-15 10:10:46,055 - proctoring - DEBUG - [log_service.py:26] - Created log entry: {'time': '2025-04-15 10:10:45.964940', 'event': 'Mouth movement detected'}
2025-04-15 10:10:46,056 - proctoring - INFO - [log_service.py:40] - Successfully stored 2 logs
2025-04-15 10:10:46,058 - proctoring - DEBUG - [image_utils.py:43] - Decoded base64 data length: 20391
2025-04-15 10:10:46,058 - proctoring - INFO - [detection_service.py:16] - Processing new frame
2025-04-15 10:10:46,069 - proctoring - INFO - [detection_service.py:34] - Face detection found 1 events
2025-04-15 10:10:46,076 - proctoring - INFO - [detection_service.py:34] - Face Mesh detection found 1 events
2025-04-15 10:10:46,084 - proctoring - DEBUG - [detection_service.py:37] - No Hand detections
2025-04-15 10:10:46,151 - proctoring - DEBUG - [detection_service.py:37] - No YOLO detections
2025-04-15 10:10:46,151 - proctoring - INFO - [detection_service.py:42] - Total events detected: 2
2025-04-15 10:10:46,151 - proctoring - INFO - [log_service.py:12] - Attempting to store 2 logs for user 1
2025-04-15 10:10:46,151 - proctoring - DEBUG - [log_service.py:26] - Created log entry: {'time': '2025-04-15 10:10:46.058688', 'event': 'Face detected', 'event_type': 'face_detected'}
2025-04-15 10:10:46,151 - proctoring - DEBUG - [log_service.py:26] - Created log entry: {'time': '2025-04-15 10:10:46.062140', 'event': 'Mouth movement detected'}
2025-04-15 10:10:46,153 - proctoring - INFO - [log_service.py:40] - Successfully stored 2 logs
2025-04-15 10:10:46,154 - proctoring - DEBUG - [image_utils.py:43] - Decoded base64 data length: 20307
2025-04-15 10:10:46,155 - proctoring - INFO - [detection_service.py:16] - Processing new frame
2025-04-15 10:10:46,165 - proctoring - INFO - [detection_service.py:34] - Face detection found 1 events
2025-04-15 10:10:46,176 - proctoring - INFO - [detection_service.py:34] - Face Mesh detection found 1 events
2025-04-15 10:10:46,180 - proctoring - DEBUG - [detection_service.py:37] - No Hand detections
2025-04-15 10:10:46,253 - proctoring - DEBUG - [detection_service.py:37] - No YOLO detections
2025-04-15 10:10:46,253 - proctoring - INFO - [detection_service.py:42] - Total events detected: 2
2025-04-15 10:10:46,253 - proctoring - INFO - [log_service.py:12] - Attempting to store 2 logs for user 1
2025-04-15 10:10:46,253 - proctoring - DEBUG - [log_service.py:26] - Created log entry: {'time': '2025-04-15 10:10:46.155365', 'event': 'Face detected', 'event_type': 'face_detected'}
2025-04-15 10:10:46,253 - proctoring - DEBUG - [log_service.py:26] - Created log entry: {'time': '2025-04-15 10:10:46.159967', 'event': 'Mouth movement detected'}
2025-04-15 10:10:46,255 - proctoring - INFO - [log_service.py:40] - Successfully stored 2 logs
2025-04-15 10:10:46,256 - proctoring - DEBUG - [image_utils.py:43] - Decoded base64 data length: 20272
2025-04-15 10:10:46,257 - proctoring - INFO - [detection_service.py:16] - Processing new frame
2025-04-15 10:10:46,266 - proctoring - INFO - [detection_service.py:34] - Face detection found 1 events
2025-04-15 10:10:46,276 - proctoring - INFO - [detection_service.py:34] - Face Mesh detection found 1 events
2025-04-15 10:10:46,283 - proctoring - DEBUG - [detection_service.py:37] - No Hand detections
2025-04-15 10:10:46,347 - proctoring - DEBUG - [detection_service.py:37] - No YOLO detections
2025-04-15 10:10:46,347 - proctoring - INFO - [detection_service.py:42] - Total events detected: 2
2025-04-15 10:10:46,347 - proctoring - INFO - [log_service.py:12] - Attempting to store 2 logs for user 1
2025-04-15 10:10:46,347 - proctoring - DEBUG - [log_service.py:26] - Created log entry: {'time': '2025-04-15 10:10:46.257386', 'event': 'Face detected', 'event_type': 'face_detected'}
2025-04-15 10:10:46,347 - proctoring - DEBUG - [log_service.py:26] - Created log entry: {'time': '2025-04-15 10:10:46.260753', 'event': 'Mouth movement detected'}
2025-04-15 10:10:46,349 - proctoring - INFO - [log_service.py:40] - Successfully stored 2 logs
2025-04-15 10:10:46,350 - proctoring - DEBUG - [image_utils.py:43] - Decoded base64 data length: 20469
2025-04-15 10:10:46,351 - proctoring - INFO - [detection_service.py:16] - Processing new frame
2025-04-15 10:10:46,361 - proctoring - INFO - [detection_service.py:34] - Face detection found 1 events
2025-04-15 10:10:46,372 - proctoring - INFO - [detection_service.py:34] - Face Mesh detection found 1 events
2025-04-15 10:10:46,374 - proctoring - DEBUG - [detection_service.py:37] - No Hand detections
2025-04-15 10:10:46,439 - proctoring - DEBUG - [detection_service.py:37] - No YOLO detections
2025-04-15 10:10:46,439 - proctoring - INFO - [detection_service.py:42] - Total events detected: 2
2025-04-15 10:10:46,439 - proctoring - INFO - [log_service.py:12] - Attempting to store 2 logs for user 1
2025-04-15 10:10:46,439 - proctoring - DEBUG - [log_service.py:26] - Created log entry: {'time': '2025-04-15 10:10:46.351485', 'event': 'Face detected', 'event_type': 'face_detected'}
2025-04-15 10:10:46,439 - proctoring - DEBUG - [log_service.py:26] - Created log entry: {'time': '2025-04-15 10:10:46.355265', 'event': 'Mouth movement detected'}
2025-04-15 10:10:46,441 - proctoring - INFO - [log_service.py:40] - Successfully stored 2 logs
2025-04-15 10:10:46,442 - proctoring - DEBUG - [image_utils.py:43] - Decoded base64 data length: 20669
2025-04-15 10:10:46,443 - proctoring - INFO - [detection_service.py:16] - Processing new frame
2025-04-15 10:10:46,452 - proctoring - INFO - [detection_service.py:34] - Face detection found 1 events
2025-04-15 10:10:46,464 - proctoring - INFO - [detection_service.py:34] - Face Mesh detection found 1 events
2025-04-15 10:10:46,469 - proctoring - DEBUG - [detection_service.py:37] - No Hand detections
2025-04-15 10:10:46,536 - proctoring - DEBUG - [detection_service.py:37] - No YOLO detections
2025-04-15 10:10:46,536 - proctoring - INFO - [detection_service.py:42] - Total events detected: 2
2025-04-15 10:10:46,536 - proctoring - INFO - [log_service.py:12] - Attempting to store 2 logs for user 1
2025-04-15 10:10:46,536 - proctoring - DEBUG - [log_service.py:26] - Created log entry: {'time': '2025-04-15 10:10:46.443509', 'event': 'Face detected', 'event_type': 'face_detected'}
2025-04-15 10:10:46,536 - proctoring - DEBUG - [log_service.py:26] - Created log entry: {'time': '2025-04-15 10:10:46.446944', 'event': 'Mouth movement detected'}
2025-04-15 10:10:46,538 - proctoring - INFO - [log_service.py:40] - Successfully stored 2 logs
2025-04-15 10:10:46,540 - proctoring - DEBUG - [image_utils.py:43] - Decoded base64 data length: 20761
2025-04-15 10:10:46,540 - proctoring - INFO - [detection_service.py:16] - Processing new frame
2025-04-15 10:10:46,549 - proctoring - INFO - [detection_service.py:34] - Face detection found 1 events
2025-04-15 10:10:46,563 - proctoring - INFO - [detection_service.py:34] - Face Mesh detection found 1 events
2025-04-15 10:10:46,567 - proctoring - DEBUG - [detection_service.py:37] - No Hand detections
2025-04-15 10:10:46,631 - proctoring - DEBUG - [detection_service.py:37] - No YOLO detections
2025-04-15 10:10:46,631 - proctoring - INFO - [detection_service.py:42] - Total events detected: 2
2025-04-15 10:10:46,631 - proctoring - INFO - [log_service.py:12] - Attempting to store 2 logs for user 1
2025-04-15 10:10:46,631 - proctoring - DEBUG - [log_service.py:26] - Created log entry: {'time': '2025-04-15 10:10:46.540767', 'event': 'Face detected', 'event_type': 'face_detected'}
2025-04-15 10:10:46,631 - proctoring - DEBUG - [log_service.py:26] - Created log entry: {'time': '2025-04-15 10:10:46.544490', 'event': 'Mouth movement detected'}
2025-04-15 10:10:46,632 - proctoring - INFO - [log_service.py:40] - Successfully stored 2 logs
2025-04-15 10:10:46,634 - proctoring - DEBUG - [image_utils.py:43] - Decoded base64 data length: 20730
2025-04-15 10:10:46,634 - proctoring - INFO - [detection_service.py:16] - Processing new frame
2025-04-15 10:10:46,644 - proctoring - INFO - [detection_service.py:34] - Face detection found 1 events
2025-04-15 10:10:46,654 - proctoring - INFO - [detection_service.py:34] - Face Mesh detection found 1 events
2025-04-15 10:10:46,662 - proctoring - DEBUG - [detection_service.py:37] - No Hand detections
2025-04-15 10:10:46,727 - proctoring - DEBUG - [detection_service.py:37] - No YOLO detections
2025-04-15 10:10:46,727 - proctoring - INFO - [detection_service.py:42] - Total events detected: 2
2025-04-15 10:10:46,727 - proctoring - INFO - [log_service.py:12] - Attempting to store 2 logs for user 1
2025-04-15 10:10:46,727 - proctoring - DEBUG - [log_service.py:26] - Created log entry: {'time': '2025-04-15 10:10:46.634767', 'event': 'Face detected', 'event_type': 'face_detected'}
2025-04-15 10:10:46,727 - proctoring - DEBUG - [log_service.py:26] - Created log entry: {'time': '2025-04-15 10:10:46.638237', 'event': 'Mouth movement detected'}
2025-04-15 10:10:46,729 - proctoring - INFO - [log_service.py:40] - Successfully stored 2 logs
2025-04-15 10:10:46,730 - proctoring - DEBUG - [image_utils.py:43] - Decoded base64 data length: 20782
2025-04-15 10:10:46,731 - proctoring - INFO - [detection_service.py:16] - Processing new frame
2025-04-15 10:10:46,740 - proctoring - INFO - [detection_service.py:34] - Face detection found 1 events
2025-04-15 10:10:46,754 - proctoring - DEBUG - [detection_service.py:37] - No Hand detections
2025-04-15 10:10:46,761 - proctoring - INFO - [detection_service.py:34] - Face Mesh detection found 1 events
2025-04-15 10:10:46,816 - proctoring - DEBUG - [detection_service.py:37] - No YOLO detections
2025-04-15 10:10:46,816 - proctoring - INFO - [detection_service.py:42] - Total events detected: 2
2025-04-15 10:10:46,816 - proctoring - INFO - [log_service.py:12] - Attempting to store 2 logs for user 1
2025-04-15 10:10:46,816 - proctoring - DEBUG - [log_service.py:26] - Created log entry: {'time': '2025-04-15 10:10:46.731394', 'event': 'Face detected', 'event_type': 'face_detected'}
2025-04-15 10:10:46,816 - proctoring - DEBUG - [log_service.py:26] - Created log entry: {'time': '2025-04-15 10:10:46.735180', 'event': 'Mouth movement detected'}
2025-04-15 10:10:46,818 - proctoring - INFO - [log_service.py:40] - Successfully stored 2 logs
2025-04-15 10:10:46,820 - proctoring - DEBUG - [image_utils.py:43] - Decoded base64 data length: 20794
2025-04-15 10:10:46,821 - proctoring - INFO - [detection_service.py:16] - Processing new frame
2025-04-15 10:10:46,830 - proctoring - INFO - [detection_service.py:34] - Face detection found 1 events
2025-04-15 10:10:46,840 - proctoring - INFO - [detection_service.py:34] - Face Mesh detection found 1 events
2025-04-15 10:10:46,844 - proctoring - DEBUG - [detection_service.py:37] - No Hand detections
2025-04-15 10:10:46,908 - proctoring - DEBUG - [detection_service.py:37] - No YOLO detections
2025-04-15 10:10:46,908 - proctoring - INFO - [detection_service.py:42] - Total events detected: 2
2025-04-15 10:10:46,908 - proctoring - INFO - [log_service.py:12] - Attempting to store 2 logs for user 1
2025-04-15 10:10:46,908 - proctoring - DEBUG - [log_service.py:26] - Created log entry: {'time': '2025-04-15 10:10:46.821147', 'event': 'Face detected', 'event_type': 'face_detected'}
2025-04-15 10:10:46,908 - proctoring - DEBUG - [log_service.py:26] - Created log entry: {'time': '2025-04-15 10:10:46.824549', 'event': 'Mouth movement detected'}
2025-04-15 10:10:46,910 - proctoring - INFO - [log_service.py:40] - Successfully stored 2 logs
2025-04-15 10:10:46,911 - proctoring - DEBUG - [image_utils.py:43] - Decoded base64 data length: 20787
2025-04-15 10:10:46,912 - proctoring - INFO - [detection_service.py:16] - Processing new frame
2025-04-15 10:10:46,921 - proctoring - INFO - [detection_service.py:34] - Face detection found 1 events
2025-04-15 10:10:46,932 - proctoring - INFO - [detection_service.py:34] - Face Mesh detection found 1 events
2025-04-15 10:10:46,936 - proctoring - DEBUG - [detection_service.py:37] - No Hand detections
2025-04-15 10:10:47,005 - proctoring - DEBUG - [detection_service.py:37] - No YOLO detections
2025-04-15 10:10:47,006 - proctoring - INFO - [detection_service.py:42] - Total events detected: 2
2025-04-15 10:10:47,006 - proctoring - INFO - [log_service.py:12] - Attempting to store 2 logs for user 1
2025-04-15 10:10:47,006 - proctoring - DEBUG - [log_service.py:26] - Created log entry: {'time': '2025-04-15 10:10:46.912293', 'event': 'Face detected', 'event_type': 'face_detected'}
2025-04-15 10:10:47,006 - proctoring - DEBUG - [log_service.py:26] - Created log entry: {'time': '2025-04-15 10:10:46.915741', 'event': 'Mouth movement detected'}
2025-04-15 10:10:47,007 - proctoring - INFO - [log_service.py:40] - Successfully stored 2 logs
2025-04-15 10:10:47,009 - proctoring - DEBUG - [image_utils.py:43] - Decoded base64 data length: 20721
2025-04-15 10:10:47,009 - proctoring - INFO - [detection_service.py:16] - Processing new frame
2025-04-15 10:10:47,018 - proctoring - INFO - [detection_service.py:34] - Face detection found 1 events
2025-04-15 10:10:47,029 - proctoring - INFO - [detection_service.py:34] - Face Mesh detection found 1 events
2025-04-15 10:10:47,036 - proctoring - DEBUG - [detection_service.py:37] - No Hand detections
2025-04-15 10:10:47,099 - proctoring - DEBUG - [detection_service.py:37] - No YOLO detections
2025-04-15 10:10:47,099 - proctoring - INFO - [detection_service.py:42] - Total events detected: 2
2025-04-15 10:10:47,099 - proctoring - INFO - [log_service.py:12] - Attempting to store 2 logs for user 1
2025-04-15 10:10:47,099 - proctoring - DEBUG - [log_service.py:26] - Created log entry: {'time': '2025-04-15 10:10:47.009975', 'event': 'Face detected', 'event_type': 'face_detected'}
2025-04-15 10:10:47,099 - proctoring - DEBUG - [log_service.py:26] - Created log entry: {'time': '2025-04-15 10:10:47.013283', 'event': 'Mouth movement detected'}
2025-04-15 10:10:47,101 - proctoring - INFO - [log_service.py:40] - Successfully stored 2 logs
2025-04-15 10:10:47,102 - proctoring - DEBUG - [image_utils.py:43] - Decoded base64 data length: 20711
2025-04-15 10:10:47,102 - proctoring - INFO - [detection_service.py:16] - Processing new frame
2025-04-15 10:10:47,111 - proctoring - INFO - [detection_service.py:34] - Face detection found 1 events
2025-04-15 10:10:47,125 - proctoring - INFO - [detection_service.py:34] - Face Mesh detection found 1 events
2025-04-15 10:10:47,136 - proctoring - DEBUG - [detection_service.py:37] - No Hand detections
2025-04-15 10:10:47,198 - proctoring - DEBUG - [detection_service.py:37] - No YOLO detections
2025-04-15 10:10:47,198 - proctoring - INFO - [detection_service.py:42] - Total events detected: 2
2025-04-15 10:10:47,198 - proctoring - INFO - [log_service.py:12] - Attempting to store 2 logs for user 1
2025-04-15 10:10:47,198 - proctoring - DEBUG - [log_service.py:26] - Created log entry: {'time': '2025-04-15 10:10:47.102987', 'event': 'Face detected', 'event_type': 'face_detected'}
2025-04-15 10:10:47,198 - proctoring - DEBUG - [log_service.py:26] - Created log entry: {'time': '2025-04-15 10:10:47.106389', 'event': 'Mouth movement detected'}
2025-04-15 10:10:47,200 - proctoring - INFO - [log_service.py:40] - Successfully stored 2 logs
2025-04-15 10:10:47,202 - proctoring - DEBUG - [image_utils.py:43] - Decoded base64 data length: 20544
2025-04-15 10:10:47,202 - proctoring - INFO - [detection_service.py:16] - Processing new frame
2025-04-15 10:10:47,212 - proctoring - INFO - [detection_service.py:34] - Face detection found 1 events
2025-04-15 10:10:47,229 - proctoring - DEBUG - [detection_service.py:37] - No Hand detections
2025-04-15 10:10:47,229 - proctoring - INFO - [detection_service.py:34] - Face Mesh detection found 1 events
2025-04-15 10:10:47,299 - proctoring - DEBUG - [detection_service.py:37] - No YOLO detections
2025-04-15 10:10:47,299 - proctoring - INFO - [detection_service.py:42] - Total events detected: 2
2025-04-15 10:10:47,299 - proctoring - INFO - [log_service.py:12] - Attempting to store 2 logs for user 1
2025-04-15 10:10:47,299 - proctoring - DEBUG - [log_service.py:26] - Created log entry: {'time': '2025-04-15 10:10:47.202982', 'event': 'Face detected', 'event_type': 'face_detected'}
2025-04-15 10:10:47,299 - proctoring - DEBUG - [log_service.py:26] - Created log entry: {'time': '2025-04-15 10:10:47.206396', 'event': 'Mouth movement detected'}
2025-04-15 10:10:47,300 - proctoring - INFO - [log_service.py:40] - Successfully stored 2 logs
2025-04-15 10:10:47,302 - proctoring - DEBUG - [image_utils.py:43] - Decoded base64 data length: 20239
2025-04-15 10:10:47,302 - proctoring - INFO - [detection_service.py:16] - Processing new frame
2025-04-15 10:10:47,314 - proctoring - INFO - [detection_service.py:34] - Face detection found 1 events
2025-04-15 10:10:47,327 - proctoring - INFO - [detection_service.py:34] - Face Mesh detection found 1 events
2025-04-15 10:10:47,334 - proctoring - DEBUG - [detection_service.py:37] - No Hand detections
2025-04-15 10:10:47,399 - proctoring - DEBUG - [detection_service.py:37] - No YOLO detections
2025-04-15 10:10:47,399 - proctoring - INFO - [detection_service.py:42] - Total events detected: 2
2025-04-15 10:10:47,399 - proctoring - INFO - [log_service.py:12] - Attempting to store 2 logs for user 1
2025-04-15 10:10:47,399 - proctoring - DEBUG - [log_service.py:26] - Created log entry: {'time': '2025-04-15 10:10:47.302699', 'event': 'Face detected', 'event_type': 'face_detected'}
2025-04-15 10:10:47,399 - proctoring - DEBUG - [log_service.py:26] - Created log entry: {'time': '2025-04-15 10:10:47.306192', 'event': 'Mouth movement detected'}
2025-04-15 10:10:47,401 - proctoring - INFO - [log_service.py:40] - Successfully stored 2 logs
2025-04-15 10:10:47,403 - proctoring - DEBUG - [image_utils.py:43] - Decoded base64 data length: 20202
2025-04-15 10:10:47,403 - proctoring - INFO - [detection_service.py:16] - Processing new frame
2025-04-15 10:10:47,413 - proctoring - INFO - [detection_service.py:34] - Face detection found 1 events
2025-04-15 10:10:47,423 - proctoring - INFO - [detection_service.py:34] - Face Mesh detection found 1 events
2025-04-15 10:10:47,430 - proctoring - DEBUG - [detection_service.py:37] - No Hand detections
2025-04-15 10:10:47,503 - proctoring - DEBUG - [detection_service.py:37] - No YOLO detections
2025-04-15 10:10:47,503 - proctoring - INFO - [detection_service.py:42] - Total events detected: 2
2025-04-15 10:10:47,503 - proctoring - INFO - [log_service.py:12] - Attempting to store 2 logs for user 1
2025-04-15 10:10:47,503 - proctoring - DEBUG - [log_service.py:26] - Created log entry: {'time': '2025-04-15 10:10:47.403773', 'event': 'Face detected', 'event_type': 'face_detected'}
2025-04-15 10:10:47,503 - proctoring - DEBUG - [log_service.py:26] - Created log entry: {'time': '2025-04-15 10:10:47.407168', 'event': 'Mouth movement detected'}
2025-04-15 10:10:47,505 - proctoring - INFO - [log_service.py:40] - Successfully stored 2 logs
2025-04-15 10:10:47,506 - proctoring - DEBUG - [image_utils.py:43] - Decoded base64 data length: 20242
2025-04-15 10:10:47,507 - proctoring - INFO - [detection_service.py:16] - Processing new frame
2025-04-15 10:10:47,517 - proctoring - INFO - [detection_service.py:34] - Face detection found 1 events
2025-04-15 10:10:47,532 - proctoring - INFO - [detection_service.py:34] - Face Mesh detection found 1 events
2025-04-15 10:10:47,637 - proctoring - DEBUG - [detection_service.py:37] - No Hand detections
2025-04-15 10:10:47,700 - proctoring - DEBUG - [detection_service.py:37] - No YOLO detections
2025-04-15 10:10:47,700 - proctoring - INFO - [detection_service.py:42] - Total events detected: 2
2025-04-15 10:10:47,700 - proctoring - INFO - [log_service.py:12] - Attempting to store 2 logs for user 1
2025-04-15 10:10:47,700 - proctoring - DEBUG - [log_service.py:26] - Created log entry: {'time': '2025-04-15 10:10:47.507178', 'event': 'Face detected', 'event_type': 'face_detected'}
2025-04-15 10:10:47,700 - proctoring - DEBUG - [log_service.py:26] - Created log entry: {'time': '2025-04-15 10:10:47.510911', 'event': 'Mouth movement detected'}
2025-04-15 10:10:47,702 - proctoring - INFO - [log_service.py:40] - Successfully stored 2 logs
2025-04-15 10:10:47,704 - proctoring - DEBUG - [image_utils.py:43] - Decoded base64 data length: 20397
2025-04-15 10:10:47,704 - proctoring - INFO - [detection_service.py:16] - Processing new frame
2025-04-15 10:10:47,713 - proctoring - INFO - [detection_service.py:34] - Face detection found 1 events
2025-04-15 10:10:47,723 - proctoring - INFO - [detection_service.py:34] - Face Mesh detection found 1 events
2025-04-15 10:10:47,728 - proctoring - DEBUG - [detection_service.py:37] - No Hand detections
2025-04-15 10:10:47,784 - proctoring - DEBUG - [detection_service.py:37] - No YOLO detections
2025-04-15 10:10:47,784 - proctoring - INFO - [detection_service.py:42] - Total events detected: 2
2025-04-15 10:10:47,784 - proctoring - INFO - [log_service.py:12] - Attempting to store 2 logs for user 1
2025-04-15 10:10:47,784 - proctoring - DEBUG - [log_service.py:26] - Created log entry: {'time': '2025-04-15 10:10:47.704619', 'event': 'Face detected', 'event_type': 'face_detected'}
2025-04-15 10:10:47,784 - proctoring - DEBUG - [log_service.py:26] - Created log entry: {'time': '2025-04-15 10:10:47.708340', 'event': 'Mouth movement detected'}
2025-04-15 10:10:47,786 - proctoring - INFO - [log_service.py:40] - Successfully stored 2 logs
2025-04-15 10:10:47,788 - proctoring - DEBUG - [image_utils.py:43] - Decoded base64 data length: 20645
2025-04-15 10:10:47,788 - proctoring - INFO - [detection_service.py:16] - Processing new frame
2025-04-15 10:10:47,798 - proctoring - INFO - [detection_service.py:34] - Face detection found 1 events
2025-04-15 10:10:47,808 - proctoring - INFO - [detection_service.py:34] - Face Mesh detection found 1 events
2025-04-15 10:10:47,811 - proctoring - DEBUG - [detection_service.py:37] - No Hand detections
2025-04-15 10:10:47,866 - proctoring - DEBUG - [detection_service.py:37] - No YOLO detections
2025-04-15 10:10:47,866 - proctoring - INFO - [detection_service.py:42] - Total events detected: 2
2025-04-15 10:10:47,866 - proctoring - INFO - [log_service.py:12] - Attempting to store 2 logs for user 1
2025-04-15 10:10:47,866 - proctoring - DEBUG - [log_service.py:26] - Created log entry: {'time': '2025-04-15 10:10:47.788645', 'event': 'Face detected', 'event_type': 'face_detected'}
2025-04-15 10:10:47,866 - proctoring - DEBUG - [log_service.py:26] - Created log entry: {'time': '2025-04-15 10:10:47.792261', 'event': 'Mouth movement detected'}
2025-04-15 10:10:47,868 - proctoring - INFO - [log_service.py:40] - Successfully stored 2 logs
2025-04-15 10:10:47,870 - proctoring - DEBUG - [image_utils.py:43] - Decoded base64 data length: 20737
2025-04-15 10:10:47,870 - proctoring - INFO - [detection_service.py:16] - Processing new frame
2025-04-15 10:10:47,879 - proctoring - INFO - [detection_service.py:34] - Face detection found 1 events
2025-04-15 10:10:47,889 - proctoring - INFO - [detection_service.py:34] - Face Mesh detection found 1 events
2025-04-15 10:10:47,894 - proctoring - DEBUG - [detection_service.py:37] - No Hand detections
2025-04-15 10:10:47,949 - proctoring - DEBUG - [detection_service.py:37] - No YOLO detections
2025-04-15 10:10:47,949 - proctoring - INFO - [detection_service.py:42] - Total events detected: 2
2025-04-15 10:10:47,949 - proctoring - INFO - [log_service.py:12] - Attempting to store 2 logs for user 1
2025-04-15 10:10:47,949 - proctoring - DEBUG - [log_service.py:26] - Created log entry: {'time': '2025-04-15 10:10:47.870585', 'event': 'Face detected', 'event_type': 'face_detected'}
2025-04-15 10:10:47,949 - proctoring - DEBUG - [log_service.py:26] - Created log entry: {'time': '2025-04-15 10:10:47.873964', 'event': 'Mouth movement detected'}
2025-04-15 10:10:47,951 - proctoring - INFO - [log_service.py:40] - Successfully stored 2 logs
2025-04-15 10:10:47,953 - proctoring - DEBUG - [image_utils.py:43] - Decoded base64 data length: 20931
2025-04-15 10:10:47,954 - proctoring - INFO - [detection_service.py:16] - Processing new frame
2025-04-15 10:10:47,964 - proctoring - INFO - [detection_service.py:34] - Face detection found 1 events
2025-04-15 10:10:47,974 - proctoring - INFO - [detection_service.py:34] - Face Mesh detection found 1 events
2025-04-15 10:10:47,979 - proctoring - DEBUG - [detection_service.py:37] - No Hand detections
2025-04-15 10:10:48,039 - proctoring - DEBUG - [detection_service.py:37] - No YOLO detections
2025-04-15 10:10:48,039 - proctoring - INFO - [detection_service.py:42] - Total events detected: 2
2025-04-15 10:10:48,039 - proctoring - INFO - [log_service.py:12] - Attempting to store 2 logs for user 1
2025-04-15 10:10:48,039 - proctoring - DEBUG - [log_service.py:26] - Created log entry: {'time': '2025-04-15 10:10:47.954241', 'event': 'Face detected', 'event_type': 'face_detected'}
2025-04-15 10:10:48,039 - proctoring - DEBUG - [log_service.py:26] - Created log entry: {'time': '2025-04-15 10:10:47.957768', 'event': 'Mouth movement detected'}
2025-04-15 10:10:48,041 - proctoring - INFO - [log_service.py:40] - Successfully stored 2 logs
2025-04-15 10:10:48,042 - proctoring - DEBUG - [image_utils.py:43] - Decoded base64 data length: 21035
2025-04-15 10:10:48,043 - proctoring - INFO - [detection_service.py:16] - Processing new frame
2025-04-15 10:10:48,053 - proctoring - INFO - [detection_service.py:34] - Face detection found 1 events
2025-04-15 10:10:48,068 - proctoring - DEBUG - [detection_service.py:37] - No Hand detections
2025-04-15 10:10:48,068 - proctoring - INFO - [detection_service.py:34] - Face Mesh detection found 1 events
2025-04-15 10:10:48,137 - proctoring - DEBUG - [detection_service.py:37] - No YOLO detections
2025-04-15 10:10:48,138 - proctoring - INFO - [detection_service.py:42] - Total events detected: 2
2025-04-15 10:10:48,138 - proctoring - INFO - [log_service.py:12] - Attempting to store 2 logs for user 1
2025-04-15 10:10:48,138 - proctoring - DEBUG - [log_service.py:26] - Created log entry: {'time': '2025-04-15 10:10:48.043315', 'event': 'Face detected', 'event_type': 'face_detected'}
2025-04-15 10:10:48,138 - proctoring - DEBUG - [log_service.py:26] - Created log entry: {'time': '2025-04-15 10:10:48.046777', 'event': 'Mouth movement detected'}
2025-04-15 10:10:48,139 - proctoring - INFO - [log_service.py:40] - Successfully stored 2 logs
2025-04-15 10:10:48,141 - proctoring - DEBUG - [image_utils.py:43] - Decoded base64 data length: 21125
2025-04-15 10:10:48,142 - proctoring - INFO - [detection_service.py:16] - Processing new frame
2025-04-15 10:10:48,154 - proctoring - INFO - [detection_service.py:34] - Face detection found 1 events
2025-04-15 10:10:48,165 - proctoring - DEBUG - [detection_service.py:37] - No Hand detections
2025-04-15 10:10:48,167 - proctoring - INFO - [detection_service.py:34] - Face Mesh detection found 1 events
2025-04-15 10:10:48,234 - proctoring - DEBUG - [detection_service.py:37] - No YOLO detections
2025-04-15 10:10:48,234 - proctoring - INFO - [detection_service.py:42] - Total events detected: 2
2025-04-15 10:10:48,234 - proctoring - INFO - [log_service.py:12] - Attempting to store 2 logs for user 1
2025-04-15 10:10:48,234 - proctoring - DEBUG - [log_service.py:26] - Created log entry: {'time': '2025-04-15 10:10:48.142539', 'event': 'Face detected', 'event_type': 'face_detected'}
2025-04-15 10:10:48,234 - proctoring - DEBUG - [log_service.py:26] - Created log entry: {'time': '2025-04-15 10:10:48.146234', 'event': 'Mouth movement detected'}
2025-04-15 10:10:48,236 - proctoring - INFO - [log_service.py:40] - Successfully stored 2 logs
2025-04-15 10:10:48,237 - proctoring - DEBUG - [image_utils.py:43] - Decoded base64 data length: 21011
2025-04-15 10:10:48,238 - proctoring - INFO - [detection_service.py:16] - Processing new frame
2025-04-15 10:10:48,248 - proctoring - INFO - [detection_service.py:34] - Face detection found 1 events
2025-04-15 10:10:48,260 - proctoring - INFO - [detection_service.py:34] - Face Mesh detection found 1 events
2025-04-15 10:10:48,265 - proctoring - DEBUG - [detection_service.py:37] - No Hand detections
2025-04-15 10:10:48,333 - proctoring - DEBUG - [detection_service.py:37] - No YOLO detections
2025-04-15 10:10:48,333 - proctoring - INFO - [detection_service.py:42] - Total events detected: 2
2025-04-15 10:10:48,333 - proctoring - INFO - [log_service.py:12] - Attempting to store 2 logs for user 1
2025-04-15 10:10:48,333 - proctoring - DEBUG - [log_service.py:26] - Created log entry: {'time': '2025-04-15 10:10:48.238220', 'event': 'Face detected', 'event_type': 'face_detected'}
2025-04-15 10:10:48,333 - proctoring - DEBUG - [log_service.py:26] - Created log entry: {'time': '2025-04-15 10:10:48.242629', 'event': 'Mouth movement detected'}
2025-04-15 10:10:48,335 - proctoring - INFO - [log_service.py:40] - Successfully stored 2 logs
2025-04-15 10:10:48,337 - proctoring - DEBUG - [image_utils.py:43] - Decoded base64 data length: 20864
2025-04-15 10:10:48,337 - proctoring - INFO - [detection_service.py:16] - Processing new frame
2025-04-15 10:10:48,346 - proctoring - INFO - [detection_service.py:34] - Face detection found 1 events
2025-04-15 10:10:48,362 - proctoring - INFO - [detection_service.py:34] - Face Mesh detection found 1 events
2025-04-15 10:10:48,368 - proctoring - DEBUG - [detection_service.py:37] - No Hand detections
2025-04-15 10:10:48,426 - proctoring - DEBUG - [detection_service.py:37] - No YOLO detections
2025-04-15 10:10:48,426 - proctoring - INFO - [detection_service.py:42] - Total events detected: 2
2025-04-15 10:10:48,426 - proctoring - INFO - [log_service.py:12] - Attempting to store 2 logs for user 1
2025-04-15 10:10:48,426 - proctoring - DEBUG - [log_service.py:26] - Created log entry: {'time': '2025-04-15 10:10:48.337712', 'event': 'Face detected', 'event_type': 'face_detected'}
2025-04-15 10:10:48,426 - proctoring - DEBUG - [log_service.py:26] - Created log entry: {'time': '2025-04-15 10:10:48.341098', 'event': 'Mouth movement detected'}
2025-04-15 10:10:48,428 - proctoring - INFO - [log_service.py:40] - Successfully stored 2 logs
2025-04-15 10:10:48,429 - proctoring - DEBUG - [image_utils.py:43] - Decoded base64 data length: 20804
2025-04-15 10:10:48,430 - proctoring - INFO - [detection_service.py:16] - Processing new frame
2025-04-15 10:10:48,443 - proctoring - INFO - [detection_service.py:34] - Face detection found 1 events
2025-04-15 10:10:48,456 - proctoring - DEBUG - [detection_service.py:37] - No Hand detections
2025-04-15 10:10:48,458 - proctoring - INFO - [detection_service.py:34] - Face Mesh detection found 1 events
2025-04-15 10:10:48,521 - proctoring - DEBUG - [detection_service.py:37] - No YOLO detections
2025-04-15 10:10:48,521 - proctoring - INFO - [detection_service.py:42] - Total events detected: 2
2025-04-15 10:10:48,521 - proctoring - INFO - [log_service.py:12] - Attempting to store 2 logs for user 1
2025-04-15 10:10:48,521 - proctoring - DEBUG - [log_service.py:26] - Created log entry: {'time': '2025-04-15 10:10:48.430551', 'event': 'Face detected', 'event_type': 'face_detected'}
2025-04-15 10:10:48,521 - proctoring - DEBUG - [log_service.py:26] - Created log entry: {'time': '2025-04-15 10:10:48.434065', 'event': 'Mouth movement detected'}
2025-04-15 10:10:48,523 - proctoring - INFO - [log_service.py:40] - Successfully stored 2 logs
2025-04-15 10:10:48,525 - proctoring - DEBUG - [image_utils.py:43] - Decoded base64 data length: 20760
2025-04-15 10:10:48,525 - proctoring - INFO - [detection_service.py:16] - Processing new frame
2025-04-15 10:10:48,533 - proctoring - INFO - [detection_service.py:34] - Face detection found 1 events
2025-04-15 10:10:48,547 - proctoring - INFO - [detection_service.py:34] - Face Mesh detection found 1 events
2025-04-15 10:10:48,551 - proctoring - DEBUG - [detection_service.py:37] - No Hand detections
2025-04-15 10:10:48,613 - proctoring - DEBUG - [detection_service.py:37] - No YOLO detections
2025-04-15 10:10:48,613 - proctoring - INFO - [detection_service.py:42] - Total events detected: 2
2025-04-15 10:10:48,613 - proctoring - INFO - [log_service.py:12] - Attempting to store 2 logs for user 1
2025-04-15 10:10:48,613 - proctoring - DEBUG - [log_service.py:26] - Created log entry: {'time': '2025-04-15 10:10:48.525552', 'event': 'Face detected', 'event_type': 'face_detected'}
2025-04-15 10:10:48,613 - proctoring - DEBUG - [log_service.py:26] - Created log entry: {'time': '2025-04-15 10:10:48.528928', 'event': 'Mouth movement detected'}
2025-04-15 10:10:48,615 - proctoring - INFO - [log_service.py:40] - Successfully stored 2 logs
2025-04-15 10:10:48,617 - proctoring - DEBUG - [image_utils.py:43] - Decoded base64 data length: 20765
2025-04-15 10:10:48,617 - proctoring - INFO - [detection_service.py:16] - Processing new frame
2025-04-15 10:10:48,628 - proctoring - INFO - [detection_service.py:34] - Face detection found 1 events
2025-04-15 10:10:48,638 - proctoring - INFO - [detection_service.py:34] - Face Mesh detection found 1 events
2025-04-15 10:10:48,639 - proctoring - DEBUG - [detection_service.py:37] - No Hand detections
2025-04-15 10:10:48,706 - proctoring - DEBUG - [detection_service.py:37] - No YOLO detections
2025-04-15 10:10:48,707 - proctoring - INFO - [detection_service.py:42] - Total events detected: 2
2025-04-15 10:10:48,707 - proctoring - INFO - [log_service.py:12] - Attempting to store 2 logs for user 1
2025-04-15 10:10:48,707 - proctoring - DEBUG - [log_service.py:26] - Created log entry: {'time': '2025-04-15 10:10:48.617837', 'event': 'Face detected', 'event_type': 'face_detected'}
2025-04-15 10:10:48,707 - proctoring - DEBUG - [log_service.py:26] - Created log entry: {'time': '2025-04-15 10:10:48.621338', 'event': 'Mouth movement detected'}
2025-04-15 10:10:48,708 - proctoring - INFO - [log_service.py:40] - Successfully stored 2 logs
2025-04-15 10:10:48,710 - proctoring - DEBUG - [image_utils.py:43] - Decoded base64 data length: 20863
2025-04-15 10:10:48,711 - proctoring - INFO - [detection_service.py:16] - Processing new frame
2025-04-15 10:10:48,720 - proctoring - INFO - [detection_service.py:34] - Face detection found 1 events
2025-04-15 10:10:48,730 - proctoring - DEBUG - [detection_service.py:37] - No Face Mesh detections
2025-04-15 10:10:48,736 - proctoring - DEBUG - [detection_service.py:37] - No Hand detections
2025-04-15 10:10:48,797 - proctoring - DEBUG - [detection_service.py:37] - No YOLO detections
2025-04-15 10:10:48,797 - proctoring - INFO - [detection_service.py:42] - Total events detected: 1
2025-04-15 10:10:48,797 - proctoring - INFO - [log_service.py:12] - Attempting to store 1 logs for user 1
2025-04-15 10:10:48,797 - proctoring - DEBUG - [log_service.py:26] - Created log entry: {'time': '2025-04-15 10:10:48.711137', 'event': 'Face detected', 'event_type': 'face_detected'}
2025-04-15 10:10:48,798 - proctoring - INFO - [log_service.py:40] - Successfully stored 1 logs
2025-04-15 10:10:48,800 - proctoring - DEBUG - [image_utils.py:43] - Decoded base64 data length: 20865
2025-04-15 10:10:48,800 - proctoring - INFO - [detection_service.py:16] - Processing new frame
2025-04-15 10:10:48,809 - proctoring - INFO - [detection_service.py:34] - Face detection found 1 events
2025-04-15 10:10:48,820 - proctoring - DEBUG - [detection_service.py:37] - No Face Mesh detections
2025-04-15 10:10:48,831 - proctoring - DEBUG - [detection_service.py:37] - No Hand detections
2025-04-15 10:10:48,889 - proctoring - DEBUG - [detection_service.py:37] - No YOLO detections
2025-04-15 10:10:48,889 - proctoring - INFO - [detection_service.py:42] - Total events detected: 1
2025-04-15 10:10:48,889 - proctoring - INFO - [log_service.py:12] - Attempting to store 1 logs for user 1
2025-04-15 10:10:48,889 - proctoring - DEBUG - [log_service.py:26] - Created log entry: {'time': '2025-04-15 10:10:48.800715', 'event': 'Face detected', 'event_type': 'face_detected'}
2025-04-15 10:10:48,891 - proctoring - INFO - [log_service.py:40] - Successfully stored 1 logs
2025-04-15 10:10:48,892 - proctoring - DEBUG - [image_utils.py:43] - Decoded base64 data length: 20941
2025-04-15 10:10:48,892 - proctoring - INFO - [detection_service.py:16] - Processing new frame
2025-04-15 10:10:48,901 - proctoring - INFO - [detection_service.py:34] - Face detection found 1 events
2025-04-15 10:10:48,921 - proctoring - DEBUG - [detection_service.py:37] - No Face Mesh detections
2025-04-15 10:10:48,921 - proctoring - DEBUG - [detection_service.py:37] - No Hand detections
2025-04-15 10:10:48,977 - proctoring - DEBUG - [detection_service.py:37] - No YOLO detections
2025-04-15 10:10:48,977 - proctoring - INFO - [detection_service.py:42] - Total events detected: 1
2025-04-15 10:10:48,977 - proctoring - INFO - [log_service.py:12] - Attempting to store 1 logs for user 1
2025-04-15 10:10:48,977 - proctoring - DEBUG - [log_service.py:26] - Created log entry: {'time': '2025-04-15 10:10:48.892836', 'event': 'Face detected', 'event_type': 'face_detected'}
2025-04-15 10:10:48,979 - proctoring - INFO - [log_service.py:40] - Successfully stored 1 logs
2025-04-15 10:10:48,980 - proctoring - DEBUG - [image_utils.py:43] - Decoded base64 data length: 20806
2025-04-15 10:10:48,981 - proctoring - INFO - [detection_service.py:16] - Processing new frame
2025-04-15 10:10:48,990 - proctoring - INFO - [detection_service.py:34] - Face detection found 1 events
2025-04-15 10:10:49,008 - proctoring - DEBUG - [detection_service.py:37] - No Face Mesh detections
2025-04-15 10:10:49,011 - proctoring - DEBUG - [detection_service.py:37] - No Hand detections
2025-04-15 10:10:49,078 - proctoring - DEBUG - [detection_service.py:37] - No YOLO detections
2025-04-15 10:10:49,078 - proctoring - INFO - [detection_service.py:42] - Total events detected: 1
2025-04-15 10:10:49,078 - proctoring - INFO - [log_service.py:12] - Attempting to store 1 logs for user 1
2025-04-15 10:10:49,078 - proctoring - DEBUG - [log_service.py:26] - Created log entry: {'time': '2025-04-15 10:10:48.981272', 'event': 'Face detected', 'event_type': 'face_detected'}
2025-04-15 10:10:49,079 - proctoring - INFO - [log_service.py:40] - Successfully stored 1 logs
2025-04-15 10:10:49,080 - proctoring - DEBUG - [image_utils.py:43] - Decoded base64 data length: 20894
2025-04-15 10:10:49,081 - proctoring - INFO - [detection_service.py:16] - Processing new frame
2025-04-15 10:10:49,091 - proctoring - INFO - [detection_service.py:34] - Face detection found 1 events
2025-04-15 10:10:49,102 - proctoring - DEBUG - [detection_service.py:37] - No Face Mesh detections
2025-04-15 10:10:49,105 - proctoring - DEBUG - [detection_service.py:37] - No Hand detections
2025-04-15 10:10:49,167 - proctoring - DEBUG - [detection_service.py:37] - No YOLO detections
2025-04-15 10:10:49,167 - proctoring - INFO - [detection_service.py:42] - Total events detected: 1
2025-04-15 10:10:49,167 - proctoring - INFO - [log_service.py:12] - Attempting to store 1 logs for user 1
2025-04-15 10:10:49,168 - proctoring - DEBUG - [log_service.py:26] - Created log entry: {'time': '2025-04-15 10:10:49.081185', 'event': 'Face detected', 'event_type': 'face_detected'}
2025-04-15 10:10:49,169 - proctoring - INFO - [log_service.py:40] - Successfully stored 1 logs
2025-04-15 10:10:49,184 - proctoring - DEBUG - [image_utils.py:43] - Decoded base64 data length: 21003
2025-04-15 10:10:49,184 - proctoring - INFO - [detection_service.py:16] - Processing new frame
2025-04-15 10:10:49,194 - proctoring - INFO - [detection_service.py:34] - Face detection found 1 events
2025-04-15 10:10:49,209 - proctoring - DEBUG - [detection_service.py:37] - No Face Mesh detections
2025-04-15 10:10:49,218 - proctoring - DEBUG - [detection_service.py:37] - No Hand detections
2025-04-15 10:10:49,273 - proctoring - DEBUG - [detection_service.py:37] - No YOLO detections
2025-04-15 10:10:49,273 - proctoring - INFO - [detection_service.py:42] - Total events detected: 1
2025-04-15 10:10:49,273 - proctoring - INFO - [log_service.py:12] - Attempting to store 1 logs for user 1
2025-04-15 10:10:49,273 - proctoring - DEBUG - [log_service.py:26] - Created log entry: {'time': '2025-04-15 10:10:49.184571', 'event': 'Face detected', 'event_type': 'face_detected'}
2025-04-15 10:10:49,275 - proctoring - INFO - [log_service.py:40] - Successfully stored 1 logs
2025-04-15 10:10:49,290 - proctoring - DEBUG - [image_utils.py:43] - Decoded base64 data length: 21167
2025-04-15 10:10:49,291 - proctoring - INFO - [detection_service.py:16] - Processing new frame
2025-04-15 10:10:49,302 - proctoring - INFO - [detection_service.py:34] - Face detection found 1 events
2025-04-15 10:10:49,316 - proctoring - DEBUG - [detection_service.py:37] - No Face Mesh detections
2025-04-15 10:10:49,320 - proctoring - DEBUG - [detection_service.py:37] - No Hand detections
2025-04-15 10:10:49,383 - proctoring - DEBUG - [detection_service.py:37] - No YOLO detections
2025-04-15 10:10:49,383 - proctoring - INFO - [detection_service.py:42] - Total events detected: 1
2025-04-15 10:10:49,383 - proctoring - INFO - [log_service.py:12] - Attempting to store 1 logs for user 1
2025-04-15 10:10:49,383 - proctoring - DEBUG - [log_service.py:26] - Created log entry: {'time': '2025-04-15 10:10:49.291340', 'event': 'Face detected', 'event_type': 'face_detected'}
2025-04-15 10:10:49,384 - proctoring - INFO - [log_service.py:40] - Successfully stored 1 logs
2025-04-15 10:10:49,397 - proctoring - DEBUG - [image_utils.py:43] - Decoded base64 data length: 21014
2025-04-15 10:10:49,398 - proctoring - INFO - [detection_service.py:16] - Processing new frame
2025-04-15 10:10:49,407 - proctoring - INFO - [detection_service.py:34] - Face detection found 1 events
2025-04-15 10:10:49,420 - proctoring - DEBUG - [detection_service.py:37] - No Face Mesh detections
2025-04-15 10:10:49,423 - proctoring - DEBUG - [detection_service.py:37] - No Hand detections
2025-04-15 10:10:49,486 - proctoring - DEBUG - [detection_service.py:37] - No YOLO detections
2025-04-15 10:10:49,487 - proctoring - INFO - [detection_service.py:42] - Total events detected: 1
2025-04-15 10:10:49,487 - proctoring - INFO - [log_service.py:12] - Attempting to store 1 logs for user 1
2025-04-15 10:10:49,487 - proctoring - DEBUG - [log_service.py:26] - Created log entry: {'time': '2025-04-15 10:10:49.398135', 'event': 'Face detected', 'event_type': 'face_detected'}
2025-04-15 10:10:49,488 - proctoring - INFO - [log_service.py:40] - Successfully stored 1 logs
2025-04-15 10:10:49,503 - proctoring - DEBUG - [image_utils.py:43] - Decoded base64 data length: 20940
2025-04-15 10:10:49,504 - proctoring - INFO - [detection_service.py:16] - Processing new frame
2025-04-15 10:10:49,514 - proctoring - INFO - [detection_service.py:34] - Face detection found 1 events
2025-04-15 10:10:49,523 - proctoring - DEBUG - [detection_service.py:37] - No Face Mesh detections
2025-04-15 10:10:49,529 - proctoring - DEBUG - [detection_service.py:37] - No Hand detections
2025-04-15 10:10:49,592 - proctoring - DEBUG - [detection_service.py:37] - No YOLO detections
2025-04-15 10:10:49,592 - proctoring - INFO - [detection_service.py:42] - Total events detected: 1
2025-04-15 10:10:49,592 - proctoring - INFO - [log_service.py:12] - Attempting to store 1 logs for user 1
2025-04-15 10:10:49,592 - proctoring - DEBUG - [log_service.py:26] - Created log entry: {'time': '2025-04-15 10:10:49.504424', 'event': 'Face detected', 'event_type': 'face_detected'}
2025-04-15 10:10:49,594 - proctoring - INFO - [log_service.py:40] - Successfully stored 1 logs
2025-04-15 10:10:49,609 - proctoring - DEBUG - [image_utils.py:43] - Decoded base64 data length: 20921
2025-04-15 10:10:49,610 - proctoring - INFO - [detection_service.py:16] - Processing new frame
2025-04-15 10:10:49,620 - proctoring - INFO - [detection_service.py:34] - Face detection found 1 events
2025-04-15 10:10:49,629 - proctoring - DEBUG - [detection_service.py:37] - No Face Mesh detections
2025-04-15 10:10:49,634 - proctoring - DEBUG - [detection_service.py:37] - No Hand detections
2025-04-15 10:10:49,696 - proctoring - DEBUG - [detection_service.py:37] - No YOLO detections
2025-04-15 10:10:49,696 - proctoring - INFO - [detection_service.py:42] - Total events detected: 1
2025-04-15 10:10:49,696 - proctoring - INFO - [log_service.py:12] - Attempting to store 1 logs for user 1
2025-04-15 10:10:49,696 - proctoring - DEBUG - [log_service.py:26] - Created log entry: {'time': '2025-04-15 10:10:49.610366', 'event': 'Face detected', 'event_type': 'face_detected'}
2025-04-15 10:10:49,698 - proctoring - INFO - [log_service.py:40] - Successfully stored 1 logs
2025-04-15 10:10:49,719 - proctoring - DEBUG - [image_utils.py:43] - Decoded base64 data length: 20726
2025-04-15 10:10:49,719 - proctoring - INFO - [detection_service.py:16] - Processing new frame
2025-04-15 10:10:49,728 - proctoring - INFO - [detection_service.py:34] - Face detection found 1 events
2025-04-15 10:10:49,740 - proctoring - DEBUG - [detection_service.py:37] - No Face Mesh detections
2025-04-15 10:10:49,743 - proctoring - DEBUG - [detection_service.py:37] - No Hand detections
2025-04-15 10:10:49,803 - proctoring - DEBUG - [detection_service.py:37] - No YOLO detections
2025-04-15 10:10:49,803 - proctoring - INFO - [detection_service.py:42] - Total events detected: 1
2025-04-15 10:10:49,803 - proctoring - INFO - [log_service.py:12] - Attempting to store 1 logs for user 1
2025-04-15 10:10:49,804 - proctoring - DEBUG - [log_service.py:26] - Created log entry: {'time': '2025-04-15 10:10:49.719698', 'event': 'Face detected', 'event_type': 'face_detected'}
2025-04-15 10:10:49,805 - proctoring - INFO - [log_service.py:40] - Successfully stored 1 logs
2025-04-15 10:10:49,825 - proctoring - DEBUG - [image_utils.py:43] - Decoded base64 data length: 20690
2025-04-15 10:10:49,825 - proctoring - INFO - [detection_service.py:16] - Processing new frame
2025-04-15 10:10:49,836 - proctoring - INFO - [detection_service.py:34] - Face detection found 1 events
2025-04-15 10:10:49,848 - proctoring - DEBUG - [detection_service.py:37] - No Hand detections
2025-04-15 10:10:49,853 - proctoring - DEBUG - [detection_service.py:37] - No Face Mesh detections
2025-04-15 10:10:49,922 - proctoring - DEBUG - [detection_service.py:37] - No YOLO detections
2025-04-15 10:10:49,922 - proctoring - INFO - [detection_service.py:42] - Total events detected: 1
2025-04-15 10:10:49,922 - proctoring - INFO - [log_service.py:12] - Attempting to store 1 logs for user 1
2025-04-15 10:10:49,922 - proctoring - DEBUG - [log_service.py:26] - Created log entry: {'time': '2025-04-15 10:10:49.825961', 'event': 'Face detected', 'event_type': 'face_detected'}
2025-04-15 10:10:49,923 - proctoring - INFO - [log_service.py:40] - Successfully stored 1 logs
2025-04-15 10:10:49,932 - proctoring - DEBUG - [image_utils.py:43] - Decoded base64 data length: 20498
2025-04-15 10:10:49,932 - proctoring - INFO - [detection_service.py:16] - Processing new frame
2025-04-15 10:10:49,941 - proctoring - INFO - [detection_service.py:34] - Face detection found 1 events
2025-04-15 10:10:49,952 - proctoring - DEBUG - [detection_service.py:37] - No Face Mesh detections
2025-04-15 10:10:49,957 - proctoring - DEBUG - [detection_service.py:37] - No Hand detections
2025-04-15 10:10:50,015 - proctoring - DEBUG - [detection_service.py:37] - No YOLO detections
2025-04-15 10:10:50,016 - proctoring - INFO - [detection_service.py:42] - Total events detected: 1
2025-04-15 10:10:50,016 - proctoring - INFO - [log_service.py:12] - Attempting to store 1 logs for user 1
2025-04-15 10:10:50,016 - proctoring - DEBUG - [log_service.py:26] - Created log entry: {'time': '2025-04-15 10:10:49.932723', 'event': 'Face detected', 'event_type': 'face_detected'}
2025-04-15 10:10:50,017 - proctoring - INFO - [log_service.py:40] - Successfully stored 1 logs
2025-04-15 10:10:50,038 - proctoring - DEBUG - [image_utils.py:43] - Decoded base64 data length: 20359
2025-04-15 10:10:50,039 - proctoring - INFO - [detection_service.py:16] - Processing new frame
2025-04-15 10:10:50,051 - proctoring - INFO - [detection_service.py:34] - Face detection found 1 events
2025-04-15 10:10:50,062 - proctoring - DEBUG - [detection_service.py:37] - No Face Mesh detections
2025-04-15 10:10:50,063 - proctoring - DEBUG - [detection_service.py:37] - No Hand detections
2025-04-15 10:10:50,130 - proctoring - DEBUG - [detection_service.py:37] - No YOLO detections
2025-04-15 10:10:50,130 - proctoring - INFO - [detection_service.py:42] - Total events detected: 1
2025-04-15 10:10:50,130 - proctoring - INFO - [log_service.py:12] - Attempting to store 1 logs for user 1
2025-04-15 10:10:50,130 - proctoring - DEBUG - [log_service.py:26] - Created log entry: {'time': '2025-04-15 10:10:50.039376', 'event': 'Face detected', 'event_type': 'face_detected'}
2025-04-15 10:10:50,132 - proctoring - INFO - [log_service.py:40] - Successfully stored 1 logs
2025-04-15 10:10:50,145 - proctoring - DEBUG - [image_utils.py:43] - Decoded base64 data length: 20159
2025-04-15 10:10:50,146 - proctoring - INFO - [detection_service.py:16] - Processing new frame
2025-04-15 10:10:50,157 - proctoring - INFO - [detection_service.py:34] - Face detection found 1 events
2025-04-15 10:10:50,170 - proctoring - DEBUG - [detection_service.py:37] - No Hand detections
2025-04-15 10:10:50,170 - proctoring - DEBUG - [detection_service.py:37] - No Face Mesh detections
2025-04-15 10:10:50,237 - proctoring - DEBUG - [detection_service.py:37] - No YOLO detections
2025-04-15 10:10:50,237 - proctoring - INFO - [detection_service.py:42] - Total events detected: 1
2025-04-15 10:10:50,237 - proctoring - INFO - [log_service.py:12] - Attempting to store 1 logs for user 1
2025-04-15 10:10:50,237 - proctoring - DEBUG - [log_service.py:26] - Created log entry: {'time': '2025-04-15 10:10:50.146491', 'event': 'Face detected', 'event_type': 'face_detected'}
2025-04-15 10:10:50,238 - proctoring - INFO - [log_service.py:40] - Successfully stored 1 logs
2025-04-15 10:10:50,253 - proctoring - DEBUG - [image_utils.py:43] - Decoded base64 data length: 20068
2025-04-15 10:10:50,253 - proctoring - INFO - [detection_service.py:16] - Processing new frame
2025-04-15 10:10:50,263 - proctoring - INFO - [detection_service.py:34] - Face detection found 1 events
2025-04-15 10:10:50,274 - proctoring - DEBUG - [detection_service.py:37] - No Face Mesh detections
2025-04-15 10:10:50,287 - proctoring - DEBUG - [detection_service.py:37] - No Hand detections
2025-04-15 10:10:50,342 - proctoring - DEBUG - [detection_service.py:37] - No YOLO detections
2025-04-15 10:10:50,342 - proctoring - INFO - [detection_service.py:42] - Total events detected: 1
2025-04-15 10:10:50,342 - proctoring - INFO - [log_service.py:12] - Attempting to store 1 logs for user 1
2025-04-15 10:10:50,342 - proctoring - DEBUG - [log_service.py:26] - Created log entry: {'time': '2025-04-15 10:10:50.253564', 'event': 'Face detected', 'event_type': 'face_detected'}
2025-04-15 10:10:50,343 - proctoring - INFO - [log_service.py:40] - Successfully stored 1 logs
2025-04-15 10:10:50,360 - proctoring - DEBUG - [image_utils.py:43] - Decoded base64 data length: 20170
2025-04-15 10:10:50,361 - proctoring - INFO - [detection_service.py:16] - Processing new frame
2025-04-15 10:10:50,370 - proctoring - INFO - [detection_service.py:34] - Face detection found 1 events
2025-04-15 10:10:50,383 - proctoring - DEBUG - [detection_service.py:37] - No Face Mesh detections
2025-04-15 10:10:50,386 - proctoring - DEBUG - [detection_service.py:37] - No Hand detections
2025-04-15 10:10:50,456 - proctoring - DEBUG - [detection_service.py:37] - No YOLO detections
2025-04-15 10:10:50,456 - proctoring - INFO - [detection_service.py:42] - Total events detected: 1
2025-04-15 10:10:50,456 - proctoring - INFO - [log_service.py:12] - Attempting to store 1 logs for user 1
2025-04-15 10:10:50,456 - proctoring - DEBUG - [log_service.py:26] - Created log entry: {'time': '2025-04-15 10:10:50.361117', 'event': 'Face detected', 'event_type': 'face_detected'}
2025-04-15 10:10:50,458 - proctoring - INFO - [log_service.py:40] - Successfully stored 1 logs
2025-04-15 10:10:50,467 - proctoring - DEBUG - [image_utils.py:43] - Decoded base64 data length: 20320
2025-04-15 10:10:50,467 - proctoring - INFO - [detection_service.py:16] - Processing new frame
2025-04-15 10:10:50,478 - proctoring - INFO - [detection_service.py:34] - Face detection found 1 events
2025-04-15 10:10:50,488 - proctoring - DEBUG - [detection_service.py:37] - No Face Mesh detections
2025-04-15 10:10:50,492 - proctoring - DEBUG - [detection_service.py:37] - No Hand detections
2025-04-15 10:10:50,551 - proctoring - DEBUG - [detection_service.py:37] - No YOLO detections
2025-04-15 10:10:50,551 - proctoring - INFO - [detection_service.py:42] - Total events detected: 1
2025-04-15 10:10:50,551 - proctoring - INFO - [log_service.py:12] - Attempting to store 1 logs for user 1
2025-04-15 10:10:50,551 - proctoring - DEBUG - [log_service.py:26] - Created log entry: {'time': '2025-04-15 10:10:50.467892', 'event': 'Face detected', 'event_type': 'face_detected'}
2025-04-15 10:10:50,553 - proctoring - INFO - [log_service.py:40] - Successfully stored 1 logs
2025-04-15 10:10:50,573 - proctoring - DEBUG - [image_utils.py:43] - Decoded base64 data length: 20430
2025-04-15 10:10:50,574 - proctoring - INFO - [detection_service.py:16] - Processing new frame
2025-04-15 10:10:50,584 - proctoring - INFO - [detection_service.py:34] - Face detection found 1 events
2025-04-15 10:10:50,596 - proctoring - DEBUG - [detection_service.py:37] - No Face Mesh detections
2025-04-15 10:10:50,600 - proctoring - DEBUG - [detection_service.py:37] - No Hand detections
2025-04-15 10:10:50,661 - proctoring - DEBUG - [detection_service.py:37] - No YOLO detections
2025-04-15 10:10:50,662 - proctoring - INFO - [detection_service.py:42] - Total events detected: 1
2025-04-15 10:10:50,662 - proctoring - INFO - [log_service.py:12] - Attempting to store 1 logs for user 1
2025-04-15 10:10:50,662 - proctoring - DEBUG - [log_service.py:26] - Created log entry: {'time': '2025-04-15 10:10:50.574527', 'event': 'Face detected', 'event_type': 'face_detected'}
2025-04-15 10:10:50,663 - proctoring - INFO - [log_service.py:40] - Successfully stored 1 logs
2025-04-15 10:10:50,682 - proctoring - DEBUG - [image_utils.py:43] - Decoded base64 data length: 20272
2025-04-15 10:10:50,683 - proctoring - INFO - [detection_service.py:16] - Processing new frame
2025-04-15 10:10:50,695 - proctoring - INFO - [detection_service.py:34] - Face detection found 1 events
2025-04-15 10:10:50,706 - proctoring - DEBUG - [detection_service.py:37] - No Face Mesh detections
2025-04-15 10:10:50,712 - proctoring - DEBUG - [detection_service.py:37] - No Hand detections
2025-04-15 10:10:50,780 - proctoring - INFO - [detection_service.py:34] - YOLO detection found 1 events
2025-04-15 10:10:50,780 - proctoring - INFO - [detection_service.py:42] - Total events detected: 2
2025-04-15 10:10:50,780 - proctoring - INFO - [log_service.py:12] - Attempting to store 2 logs for user 1
2025-04-15 10:10:50,781 - proctoring - DEBUG - [log_service.py:26] - Created log entry: {'time': '2025-04-15 10:10:50.683317', 'event': 'Face detected', 'event_type': 'face_detected'}
2025-04-15 10:10:50,781 - proctoring - DEBUG - [log_service.py:26] - Created log entry: {'time': '2025-04-15 10:10:50.694381', 'event': 'user absence detected', 'event_type': 'face_not_visible', 'details': 'Face not visible in camera'}
2025-04-15 10:10:50,782 - proctoring - INFO - [log_service.py:40] - Successfully stored 2 logs
2025-04-15 10:10:50,791 - proctoring - DEBUG - [image_utils.py:43] - Decoded base64 data length: 18962
2025-04-15 10:10:50,791 - proctoring - INFO - [detection_service.py:16] - Processing new frame
2025-04-15 10:10:50,801 - proctoring - INFO - [detection_service.py:34] - Face detection found 1 events
2025-04-15 10:10:50,817 - proctoring - DEBUG - [detection_service.py:37] - No Face Mesh detections
2025-04-15 10:10:50,817 - proctoring - DEBUG - [detection_service.py:37] - No Hand detections
2025-04-15 10:10:50,886 - proctoring - DEBUG - [detection_service.py:37] - No YOLO detections
2025-04-15 10:10:50,886 - proctoring - INFO - [detection_service.py:42] - Total events detected: 1
2025-04-15 10:10:50,886 - proctoring - INFO - [log_service.py:12] - Attempting to store 1 logs for user 1
2025-04-15 10:10:50,886 - proctoring - DEBUG - [log_service.py:26] - Created log entry: {'time': '2025-04-15 10:10:50.791700', 'event': 'Face detected', 'event_type': 'face_detected'}
2025-04-15 10:10:50,888 - proctoring - INFO - [log_service.py:40] - Successfully stored 1 logs
2025-04-15 10:10:50,897 - proctoring - DEBUG - [image_utils.py:43] - Decoded base64 data length: 19603
2025-04-15 10:10:50,898 - proctoring - INFO - [detection_service.py:16] - Processing new frame
2025-04-15 10:10:50,907 - proctoring - INFO - [detection_service.py:34] - Face detection found 1 events
2025-04-15 10:10:50,930 - proctoring - DEBUG - [detection_service.py:37] - No Face Mesh detections
2025-04-15 10:10:50,934 - proctoring - DEBUG - [detection_service.py:37] - No Hand detections
2025-04-15 10:10:50,992 - proctoring - DEBUG - [detection_service.py:37] - No YOLO detections
2025-04-15 10:10:50,992 - proctoring - INFO - [detection_service.py:42] - Total events detected: 1
2025-04-15 10:10:50,992 - proctoring - INFO - [log_service.py:12] - Attempting to store 1 logs for user 1
2025-04-15 10:10:50,992 - proctoring - DEBUG - [log_service.py:26] - Created log entry: {'time': '2025-04-15 10:10:50.898185', 'event': 'Face detected', 'event_type': 'face_detected'}
2025-04-15 10:10:50,993 - proctoring - INFO - [log_service.py:40] - Successfully stored 1 logs
2025-04-15 10:10:51,004 - proctoring - DEBUG - [image_utils.py:43] - Decoded base64 data length: 19087
2025-04-15 10:10:51,005 - proctoring - INFO - [detection_service.py:16] - Processing new frame
2025-04-15 10:10:51,014 - proctoring - INFO - [detection_service.py:34] - Face detection found 1 events
2025-04-15 10:10:51,027 - proctoring - DEBUG - [detection_service.py:37] - No Face Mesh detections
2025-04-15 10:10:51,034 - proctoring - DEBUG - [detection_service.py:37] - No Hand detections
2025-04-15 10:10:51,103 - proctoring - DEBUG - [detection_service.py:37] - No YOLO detections
2025-04-15 10:10:51,103 - proctoring - INFO - [detection_service.py:42] - Total events detected: 1
2025-04-15 10:10:51,104 - proctoring - INFO - [log_service.py:12] - Attempting to store 1 logs for user 1
2025-04-15 10:10:51,104 - proctoring - DEBUG - [log_service.py:26] - Created log entry: {'time': '2025-04-15 10:10:51.005317', 'event': 'Face detected', 'event_type': 'face_detected'}
2025-04-15 10:10:51,105 - proctoring - INFO - [log_service.py:40] - Successfully stored 1 logs
2025-04-15 10:10:51,111 - proctoring - DEBUG - [image_utils.py:43] - Decoded base64 data length: 18839
2025-04-15 10:10:51,112 - proctoring - INFO - [detection_service.py:16] - Processing new frame
2025-04-15 10:10:51,124 - proctoring - INFO - [detection_service.py:34] - Face detection found 3 events
2025-04-15 10:10:51,135 - proctoring - DEBUG - [detection_service.py:37] - No Face Mesh detections
2025-04-15 10:10:51,139 - proctoring - DEBUG - [detection_service.py:37] - No Hand detections
2025-04-15 10:10:51,208 - proctoring - DEBUG - [detection_service.py:37] - No YOLO detections
2025-04-15 10:10:51,208 - proctoring - INFO - [detection_service.py:42] - Total events detected: 3
2025-04-15 10:10:51,208 - proctoring - INFO - [log_service.py:12] - Attempting to store 3 logs for user 1
2025-04-15 10:10:51,208 - proctoring - DEBUG - [log_service.py:26] - Created log entry: {'time': '2025-04-15 10:10:51.112584', 'event': 'Face detected', 'event_type': 'face_detected'}
2025-04-15 10:10:51,208 - proctoring - DEBUG - [log_service.py:26] - Created log entry: {'time': '2025-04-15 10:10:51.112584', 'event': 'Eye movement detected', 'event_type': 'eye_movement'}
2025-04-15 10:10:51,208 - proctoring - DEBUG - [log_service.py:26] - Created log entry: {'time': '2025-04-15 10:10:51.112584', 'event': 'Mouth movement detected', 'event_type': 'mouth_movement'}
2025-04-15 10:10:51,210 - proctoring - INFO - [log_service.py:40] - Successfully stored 3 logs
2025-04-15 10:10:51,217 - proctoring - DEBUG - [image_utils.py:43] - Decoded base64 data length: 17855
2025-04-15 10:10:51,217 - proctoring - INFO - [detection_service.py:16] - Processing new frame
2025-04-15 10:10:51,228 - proctoring - DEBUG - [detection_service.py:37] - No Face detections
2025-04-15 10:10:51,241 - proctoring - DEBUG - [detection_service.py:37] - No Face Mesh detections
2025-04-15 10:10:51,244 - proctoring - DEBUG - [detection_service.py:37] - No Hand detections
2025-04-15 10:10:51,313 - proctoring - DEBUG - [detection_service.py:37] - No YOLO detections
2025-04-15 10:10:51,324 - proctoring - DEBUG - [image_utils.py:43] - Decoded base64 data length: 15926
2025-04-15 10:10:51,324 - proctoring - INFO - [detection_service.py:16] - Processing new frame
2025-04-15 10:10:51,336 - proctoring - DEBUG - [detection_service.py:37] - No Face detections
2025-04-15 10:10:51,352 - proctoring - INFO - [detection_service.py:34] - Face Mesh detection found 1 events
2025-04-15 10:10:51,352 - proctoring - DEBUG - [detection_service.py:37] - No Hand detections
2025-04-15 10:10:51,414 - proctoring - DEBUG - [detection_service.py:37] - No YOLO detections
2025-04-15 10:10:51,414 - proctoring - INFO - [detection_service.py:42] - Total events detected: 1
2025-04-15 10:10:51,414 - proctoring - INFO - [log_service.py:12] - Attempting to store 1 logs for user 1
2025-04-15 10:10:51,414 - proctoring - DEBUG - [log_service.py:26] - Created log entry: {'time': '2025-04-15 10:10:51.328246', 'event': 'Eye movement detected'}
2025-04-15 10:10:51,416 - proctoring - INFO - [log_service.py:40] - Successfully stored 1 logs
2025-04-15 10:10:51,431 - proctoring - DEBUG - [image_utils.py:43] - Decoded base64 data length: 16006
2025-04-15 10:10:51,431 - proctoring - INFO - [detection_service.py:16] - Processing new frame
2025-04-15 10:10:51,441 - proctoring - DEBUG - [detection_service.py:37] - No Face detections
2025-04-15 10:10:51,449 - proctoring - DEBUG - [detection_service.py:37] - No Face Mesh detections
2025-04-15 10:10:51,456 - proctoring - DEBUG - [detection_service.py:37] - No Hand detections
2025-04-15 10:10:51,517 - proctoring - INFO - [detection_service.py:34] - YOLO detection found 1 events
2025-04-15 10:10:51,517 - proctoring - INFO - [detection_service.py:42] - Total events detected: 1
2025-04-15 10:10:51,517 - proctoring - INFO - [log_service.py:12] - Attempting to store 1 logs for user 1
2025-04-15 10:10:51,517 - proctoring - DEBUG - [log_service.py:26] - Created log entry: {'time': '2025-04-15 10:10:51.440112', 'event': 'user absence detected', 'event_type': 'face_not_visible', 'details': 'Face not visible in camera'}
2025-04-15 10:10:51,519 - proctoring - INFO - [log_service.py:40] - Successfully stored 1 logs
2025-04-15 10:10:51,538 - proctoring - DEBUG - [image_utils.py:43] - Decoded base64 data length: 16261
2025-04-15 10:10:51,539 - proctoring - INFO - [detection_service.py:16] - Processing new frame
2025-04-15 10:10:51,549 - proctoring - DEBUG - [detection_service.py:37] - No Face detections
2025-04-15 10:10:51,558 - proctoring - DEBUG - [detection_service.py:37] - No Face Mesh detections
2025-04-15 10:10:51,565 - proctoring - DEBUG - [detection_service.py:37] - No Hand detections
2025-04-15 10:10:51,621 - proctoring - INFO - [detection_service.py:34] - YOLO detection found 1 events
2025-04-15 10:10:51,621 - proctoring - INFO - [detection_service.py:42] - Total events detected: 1
2025-04-15 10:10:51,621 - proctoring - INFO - [log_service.py:12] - Attempting to store 1 logs for user 1
2025-04-15 10:10:51,622 - proctoring - DEBUG - [log_service.py:26] - Created log entry: {'time': '2025-04-15 10:10:51.548539', 'event': 'user absence detected', 'event_type': 'face_not_visible', 'details': 'Face not visible in camera'}
2025-04-15 10:10:51,623 - proctoring - INFO - [log_service.py:40] - Successfully stored 1 logs
2025-04-15 10:10:51,644 - proctoring - DEBUG - [image_utils.py:43] - Decoded base64 data length: 15089
2025-04-15 10:10:51,645 - proctoring - INFO - [detection_service.py:16] - Processing new frame
2025-04-15 10:10:51,656 - proctoring - DEBUG - [detection_service.py:37] - No Face detections
2025-04-15 10:10:51,666 - proctoring - DEBUG - [detection_service.py:37] - No Face Mesh detections
2025-04-15 10:10:51,680 - proctoring - INFO - [hand_detection.py:25] - Hand detected
2025-04-15 10:10:51,683 - proctoring - INFO - [detection_service.py:34] - Hand detection found 1 events
2025-04-15 10:10:51,736 - proctoring - INFO - [detection_service.py:34] - YOLO detection found 1 events
2025-04-15 10:10:51,736 - proctoring - INFO - [detection_service.py:42] - Total events detected: 2
2025-04-15 10:10:51,736 - proctoring - INFO - [log_service.py:12] - Attempting to store 2 logs for user 1
2025-04-15 10:10:51,736 - proctoring - DEBUG - [log_service.py:26] - Created log entry: {'time': '2025-04-15 10:10:51.645647', 'event': 'Hand detected'}
2025-04-15 10:10:51,736 - proctoring - DEBUG - [log_service.py:26] - Created log entry: {'time': '2025-04-15 10:10:51.654287', 'event': 'user absence detected', 'event_type': 'face_not_visible', 'details': 'Face not visible in camera'}
2025-04-15 10:10:51,738 - proctoring - INFO - [log_service.py:40] - Successfully stored 2 logs
2025-04-15 10:10:51,751 - proctoring - DEBUG - [image_utils.py:43] - Decoded base64 data length: 13860
2025-04-15 10:10:51,752 - proctoring - INFO - [detection_service.py:16] - Processing new frame
2025-04-15 10:10:51,762 - proctoring - DEBUG - [detection_service.py:37] - No Face detections
2025-04-15 10:10:51,772 - proctoring - DEBUG - [detection_service.py:37] - No Face Mesh detections
2025-04-15 10:10:51,780 - proctoring - DEBUG - [detection_service.py:37] - No Hand detections
2025-04-15 10:10:51,847 - proctoring - INFO - [detection_service.py:34] - YOLO detection found 1 events
2025-04-15 10:10:51,847 - proctoring - INFO - [detection_service.py:42] - Total events detected: 1
2025-04-15 10:10:51,847 - proctoring - INFO - [log_service.py:12] - Attempting to store 1 logs for user 1
2025-04-15 10:10:51,847 - proctoring - DEBUG - [log_service.py:26] - Created log entry: {'time': '2025-04-15 10:10:51.762129', 'event': 'user absence detected', 'event_type': 'face_not_visible', 'details': 'Face not visible in camera'}
2025-04-15 10:10:51,848 - proctoring - INFO - [log_service.py:40] - Successfully stored 1 logs
2025-04-15 10:10:51,858 - proctoring - DEBUG - [image_utils.py:43] - Decoded base64 data length: 14859
2025-04-15 10:10:51,858 - proctoring - INFO - [detection_service.py:16] - Processing new frame
2025-04-15 10:10:51,869 - proctoring - DEBUG - [detection_service.py:37] - No Face detections
2025-04-15 10:10:51,878 - proctoring - DEBUG - [detection_service.py:37] - No Face Mesh detections
2025-04-15 10:10:51,896 - proctoring - DEBUG - [detection_service.py:37] - No Hand detections
2025-04-15 10:10:51,952 - proctoring - INFO - [detection_service.py:34] - YOLO detection found 1 events
2025-04-15 10:10:51,952 - proctoring - INFO - [detection_service.py:42] - Total events detected: 1
2025-04-15 10:10:51,952 - proctoring - INFO - [log_service.py:12] - Attempting to store 1 logs for user 1
2025-04-15 10:10:51,952 - proctoring - DEBUG - [log_service.py:26] - Created log entry: {'time': '2025-04-15 10:10:51.868239', 'event': 'user absence detected', 'event_type': 'face_not_visible', 'details': 'Face not visible in camera'}
2025-04-15 10:10:51,954 - proctoring - INFO - [log_service.py:40] - Successfully stored 1 logs
2025-04-15 10:10:51,964 - proctoring - DEBUG - [image_utils.py:43] - Decoded base64 data length: 16565
2025-04-15 10:10:51,964 - proctoring - INFO - [detection_service.py:16] - Processing new frame
2025-04-15 10:10:51,974 - proctoring - DEBUG - [detection_service.py:37] - No Face detections
2025-04-15 10:10:51,985 - proctoring - DEBUG - [detection_service.py:37] - No Face Mesh detections
2025-04-15 10:10:52,003 - proctoring - DEBUG - [detection_service.py:37] - No Hand detections
2025-04-15 10:10:52,058 - proctoring - INFO - [detection_service.py:34] - YOLO detection found 1 events
2025-04-15 10:10:52,058 - proctoring - INFO - [detection_service.py:42] - Total events detected: 1
2025-04-15 10:10:52,058 - proctoring - INFO - [log_service.py:12] - Attempting to store 1 logs for user 1
2025-04-15 10:10:52,058 - proctoring - DEBUG - [log_service.py:26] - Created log entry: {'time': '2025-04-15 10:10:51.973731', 'event': 'user absence detected', 'event_type': 'face_not_visible', 'details': 'Face not visible in camera'}
2025-04-15 10:10:52,060 - proctoring - INFO - [log_service.py:40] - Successfully stored 1 logs
2025-04-15 10:10:52,070 - proctoring - DEBUG - [image_utils.py:43] - Decoded base64 data length: 18093
2025-04-15 10:10:52,070 - proctoring - INFO - [detection_service.py:16] - Processing new frame
2025-04-15 10:10:52,080 - proctoring - DEBUG - [detection_service.py:37] - No Face detections
2025-04-15 10:10:52,090 - proctoring - DEBUG - [detection_service.py:37] - No Face Mesh detections
2025-04-15 10:10:52,109 - proctoring - DEBUG - [detection_service.py:37] - No Hand detections
2025-04-15 10:10:52,165 - proctoring - INFO - [detection_service.py:34] - YOLO detection found 1 events
2025-04-15 10:10:52,165 - proctoring - INFO - [detection_service.py:42] - Total events detected: 1
2025-04-15 10:10:52,165 - proctoring - INFO - [log_service.py:12] - Attempting to store 1 logs for user 1
2025-04-15 10:10:52,165 - proctoring - DEBUG - [log_service.py:26] - Created log entry: {'time': '2025-04-15 10:10:52.079494', 'event': 'user absence detected', 'event_type': 'face_not_visible', 'details': 'Face not visible in camera'}
2025-04-15 10:10:52,166 - proctoring - INFO - [log_service.py:40] - Successfully stored 1 logs
2025-04-15 10:10:52,177 - proctoring - DEBUG - [image_utils.py:43] - Decoded base64 data length: 19316
2025-04-15 10:10:52,177 - proctoring - INFO - [detection_service.py:16] - Processing new frame
2025-04-15 10:10:52,189 - proctoring - DEBUG - [detection_service.py:37] - No Face detections
2025-04-15 10:10:52,199 - proctoring - DEBUG - [detection_service.py:37] - No Face Mesh detections
2025-04-15 10:10:52,204 - proctoring - DEBUG - [detection_service.py:37] - No Hand detections
2025-04-15 10:10:52,272 - proctoring - INFO - [detection_service.py:34] - YOLO detection found 1 events
2025-04-15 10:10:52,272 - proctoring - INFO - [detection_service.py:42] - Total events detected: 1
2025-04-15 10:10:52,272 - proctoring - INFO - [log_service.py:12] - Attempting to store 1 logs for user 1
2025-04-15 10:10:52,273 - proctoring - DEBUG - [log_service.py:26] - Created log entry: {'time': '2025-04-15 10:10:52.187772', 'event': 'user absence detected', 'event_type': 'face_not_visible', 'details': 'Face not visible in camera'}
2025-04-15 10:10:52,274 - proctoring - INFO - [log_service.py:40] - Successfully stored 1 logs
2025-04-15 10:10:52,282 - proctoring - DEBUG - [image_utils.py:43] - Decoded base64 data length: 15916
2025-04-15 10:10:52,283 - proctoring - INFO - [detection_service.py:16] - Processing new frame
2025-04-15 10:10:52,295 - proctoring - DEBUG - [detection_service.py:37] - No Face detections
2025-04-15 10:10:52,301 - proctoring - DEBUG - [detection_service.py:37] - No Face Mesh detections
2025-04-15 10:10:52,309 - proctoring - DEBUG - [detection_service.py:37] - No Hand detections
2025-04-15 10:10:52,367 - proctoring - INFO - [detection_service.py:34] - YOLO detection found 1 events
2025-04-15 10:10:52,367 - proctoring - INFO - [detection_service.py:42] - Total events detected: 1
2025-04-15 10:10:52,367 - proctoring - INFO - [log_service.py:12] - Attempting to store 1 logs for user 1
2025-04-15 10:10:52,367 - proctoring - DEBUG - [log_service.py:26] - Created log entry: {'time': '2025-04-15 10:10:52.294108', 'event': 'user absence detected', 'event_type': 'face_not_visible', 'details': 'Face not visible in camera'}
2025-04-15 10:10:52,369 - proctoring - INFO - [log_service.py:40] - Successfully stored 1 logs
2025-04-15 10:10:52,391 - proctoring - DEBUG - [image_utils.py:43] - Decoded base64 data length: 17284
2025-04-15 10:10:52,391 - proctoring - INFO - [detection_service.py:16] - Processing new frame
2025-04-15 10:10:52,401 - proctoring - DEBUG - [detection_service.py:37] - No Face detections
2025-04-15 10:10:52,409 - proctoring - DEBUG - [detection_service.py:37] - No Face Mesh detections
2025-04-15 10:10:52,415 - proctoring - DEBUG - [detection_service.py:37] - No Hand detections
2025-04-15 10:10:52,475 - proctoring - INFO - [detection_service.py:34] - YOLO detection found 1 events
2025-04-15 10:10:52,475 - proctoring - INFO - [detection_service.py:42] - Total events detected: 1
2025-04-15 10:10:52,475 - proctoring - INFO - [log_service.py:12] - Attempting to store 1 logs for user 1
2025-04-15 10:10:52,475 - proctoring - DEBUG - [log_service.py:26] - Created log entry: {'time': '2025-04-15 10:10:52.400064', 'event': 'user absence detected', 'event_type': 'face_not_visible', 'details': 'Face not visible in camera'}
2025-04-15 10:10:52,477 - proctoring - INFO - [log_service.py:40] - Successfully stored 1 logs
2025-04-15 10:10:52,498 - proctoring - DEBUG - [image_utils.py:43] - Decoded base64 data length: 18284
2025-04-15 10:10:52,499 - proctoring - INFO - [detection_service.py:16] - Processing new frame
2025-04-15 10:10:52,508 - proctoring - DEBUG - [detection_service.py:37] - No Face detections
2025-04-15 10:10:52,517 - proctoring - DEBUG - [detection_service.py:37] - No Face Mesh detections
2025-04-15 10:10:52,524 - proctoring - DEBUG - [detection_service.py:37] - No Hand detections
2025-04-15 10:10:52,589 - proctoring - INFO - [detection_service.py:34] - YOLO detection found 1 events
2025-04-15 10:10:52,589 - proctoring - INFO - [detection_service.py:42] - Total events detected: 1
2025-04-15 10:10:52,589 - proctoring - INFO - [log_service.py:12] - Attempting to store 1 logs for user 1
2025-04-15 10:10:52,589 - proctoring - DEBUG - [log_service.py:26] - Created log entry: {'time': '2025-04-15 10:10:52.507447', 'event': 'user absence detected', 'event_type': 'face_not_visible', 'details': 'Face not visible in camera'}
2025-04-15 10:10:52,591 - proctoring - INFO - [log_service.py:40] - Successfully stored 1 logs
2025-04-15 10:10:52,606 - proctoring - DEBUG - [image_utils.py:43] - Decoded base64 data length: 19109
2025-04-15 10:10:52,606 - proctoring - INFO - [detection_service.py:16] - Processing new frame
2025-04-15 10:10:52,619 - proctoring - DEBUG - [detection_service.py:37] - No Face detections
2025-04-15 10:10:52,628 - proctoring - DEBUG - [detection_service.py:37] - No Face Mesh detections
2025-04-15 10:10:52,635 - proctoring - DEBUG - [detection_service.py:37] - No Hand detections
2025-04-15 10:10:52,708 - proctoring - INFO - [detection_service.py:34] - YOLO detection found 1 events
2025-04-15 10:10:52,708 - proctoring - INFO - [detection_service.py:42] - Total events detected: 1
2025-04-15 10:10:52,708 - proctoring - INFO - [log_service.py:12] - Attempting to store 1 logs for user 1
2025-04-15 10:10:52,708 - proctoring - DEBUG - [log_service.py:26] - Created log entry: {'time': '2025-04-15 10:10:52.617919', 'event': 'user absence detected', 'event_type': 'face_not_visible', 'details': 'Face not visible in camera'}
2025-04-15 10:10:52,709 - proctoring - INFO - [log_service.py:40] - Successfully stored 1 logs
2025-04-15 10:10:52,714 - proctoring - DEBUG - [image_utils.py:43] - Decoded base64 data length: 19566
2025-04-15 10:10:52,714 - proctoring - INFO - [detection_service.py:16] - Processing new frame
2025-04-15 10:10:52,724 - proctoring - DEBUG - [detection_service.py:37] - No Face detections
2025-04-15 10:10:52,733 - proctoring - DEBUG - [detection_service.py:37] - No Face Mesh detections
2025-04-15 10:10:52,741 - proctoring - DEBUG - [detection_service.py:37] - No Hand detections
2025-04-15 10:10:52,811 - proctoring - INFO - [detection_service.py:34] - YOLO detection found 1 events
2025-04-15 10:10:52,811 - proctoring - INFO - [detection_service.py:42] - Total events detected: 1
2025-04-15 10:10:52,811 - proctoring - INFO - [log_service.py:12] - Attempting to store 1 logs for user 1
2025-04-15 10:10:52,811 - proctoring - DEBUG - [log_service.py:26] - Created log entry: {'time': '2025-04-15 10:10:52.724449', 'event': 'user absence detected', 'event_type': 'face_not_visible', 'details': 'Face not visible in camera'}
2025-04-15 10:10:52,813 - proctoring - INFO - [log_service.py:40] - Successfully stored 1 logs
2025-04-15 10:10:52,820 - proctoring - DEBUG - [image_utils.py:43] - Decoded base64 data length: 19949
2025-04-15 10:10:52,821 - proctoring - INFO - [detection_service.py:16] - Processing new frame
2025-04-15 10:10:52,831 - proctoring - DEBUG - [detection_service.py:37] - No Face detections
2025-04-15 10:10:52,840 - proctoring - DEBUG - [detection_service.py:37] - No Face Mesh detections
2025-04-15 10:10:52,956 - proctoring - DEBUG - [detection_service.py:37] - No Hand detections
2025-04-15 10:10:53,036 - proctoring - INFO - [detection_service.py:34] - YOLO detection found 1 events
2025-04-15 10:10:53,036 - proctoring - INFO - [detection_service.py:42] - Total events detected: 1
2025-04-15 10:10:53,036 - proctoring - INFO - [log_service.py:12] - Attempting to store 1 logs for user 1
2025-04-15 10:10:53,036 - proctoring - DEBUG - [log_service.py:26] - Created log entry: {'time': '2025-04-15 10:10:52.831329', 'event': 'user absence detected', 'event_type': 'face_not_visible', 'details': 'Face not visible in camera'}
2025-04-15 10:10:53,038 - proctoring - INFO - [log_service.py:40] - Successfully stored 1 logs
2025-04-15 10:10:53,039 - proctoring - DEBUG - [image_utils.py:43] - Decoded base64 data length: 20252
2025-04-15 10:10:53,039 - proctoring - INFO - [detection_service.py:16] - Processing new frame
2025-04-15 10:10:53,050 - proctoring - DEBUG - [detection_service.py:37] - No Face detections
2025-04-15 10:10:53,061 - proctoring - DEBUG - [detection_service.py:37] - No Face Mesh detections
2025-04-15 10:10:53,068 - proctoring - DEBUG - [detection_service.py:37] - No Hand detections
2025-04-15 10:10:53,132 - proctoring - INFO - [detection_service.py:34] - YOLO detection found 1 events
2025-04-15 10:10:53,132 - proctoring - INFO - [detection_service.py:42] - Total events detected: 1
2025-04-15 10:10:53,132 - proctoring - INFO - [log_service.py:12] - Attempting to store 1 logs for user 1
2025-04-15 10:10:53,132 - proctoring - DEBUG - [log_service.py:26] - Created log entry: {'time': '2025-04-15 10:10:53.049792', 'event': 'user absence detected', 'event_type': 'face_not_visible', 'details': 'Face not visible in camera'}
2025-04-15 10:10:53,133 - proctoring - INFO - [log_service.py:40] - Successfully stored 1 logs
2025-04-15 10:10:53,134 - proctoring - DEBUG - [image_utils.py:43] - Decoded base64 data length: 20483
2025-04-15 10:10:53,135 - proctoring - INFO - [detection_service.py:16] - Processing new frame
2025-04-15 10:10:53,146 - proctoring - DEBUG - [detection_service.py:37] - No Face detections
2025-04-15 10:10:53,157 - proctoring - DEBUG - [detection_service.py:37] - No Face Mesh detections
2025-04-15 10:10:53,162 - proctoring - DEBUG - [detection_service.py:37] - No Hand detections
2025-04-15 10:10:53,220 - proctoring - INFO - [detection_service.py:34] - YOLO detection found 1 events
2025-04-15 10:10:53,220 - proctoring - INFO - [detection_service.py:42] - Total events detected: 1
2025-04-15 10:10:53,220 - proctoring - INFO - [log_service.py:12] - Attempting to store 1 logs for user 1
2025-04-15 10:10:53,220 - proctoring - DEBUG - [log_service.py:26] - Created log entry: {'time': '2025-04-15 10:10:53.145348', 'event': 'user absence detected', 'event_type': 'face_not_visible', 'details': 'Face not visible in camera'}
2025-04-15 10:10:53,222 - proctoring - INFO - [log_service.py:40] - Successfully stored 1 logs
2025-04-15 10:10:53,223 - proctoring - DEBUG - [image_utils.py:43] - Decoded base64 data length: 20230
2025-04-15 10:10:53,224 - proctoring - INFO - [detection_service.py:16] - Processing new frame
2025-04-15 10:10:53,234 - proctoring - DEBUG - [detection_service.py:37] - No Face detections
2025-04-15 10:10:53,244 - proctoring - DEBUG - [detection_service.py:37] - No Face Mesh detections
2025-04-15 10:10:53,248 - proctoring - DEBUG - [detection_service.py:37] - No Hand detections
2025-04-15 10:10:53,315 - proctoring - INFO - [detection_service.py:34] - YOLO detection found 1 events
2025-04-15 10:10:53,315 - proctoring - INFO - [detection_service.py:42] - Total events detected: 1
2025-04-15 10:10:53,315 - proctoring - INFO - [log_service.py:12] - Attempting to store 1 logs for user 1
2025-04-15 10:10:53,315 - proctoring - DEBUG - [log_service.py:26] - Created log entry: {'time': '2025-04-15 10:10:53.234236', 'event': 'user absence detected', 'event_type': 'face_not_visible', 'details': 'Face not visible in camera'}
2025-04-15 10:10:53,316 - proctoring - INFO - [log_service.py:40] - Successfully stored 1 logs
2025-04-15 10:10:53,318 - proctoring - DEBUG - [image_utils.py:43] - Decoded base64 data length: 20139
2025-04-15 10:10:53,318 - proctoring - INFO - [detection_service.py:16] - Processing new frame
2025-04-15 10:10:53,328 - proctoring - DEBUG - [detection_service.py:37] - No Face detections
2025-04-15 10:10:53,340 - proctoring - DEBUG - [detection_service.py:37] - No Face Mesh detections
2025-04-15 10:10:53,344 - proctoring - DEBUG - [detection_service.py:37] - No Hand detections
2025-04-15 10:10:53,408 - proctoring - INFO - [detection_service.py:34] - YOLO detection found 1 events
2025-04-15 10:10:53,408 - proctoring - INFO - [detection_service.py:42] - Total events detected: 1
2025-04-15 10:10:53,408 - proctoring - INFO - [log_service.py:12] - Attempting to store 1 logs for user 1
2025-04-15 10:10:53,408 - proctoring - DEBUG - [log_service.py:26] - Created log entry: {'time': '2025-04-15 10:10:53.328431', 'event': 'user absence detected', 'event_type': 'face_not_visible', 'details': 'Face not visible in camera'}
2025-04-15 10:10:53,409 - proctoring - INFO - [log_service.py:40] - Successfully stored 1 logs
2025-04-15 10:10:53,411 - proctoring - DEBUG - [image_utils.py:43] - Decoded base64 data length: 19846
2025-04-15 10:10:53,411 - proctoring - INFO - [detection_service.py:16] - Processing new frame
2025-04-15 10:10:53,422 - proctoring - DEBUG - [detection_service.py:37] - No Face detections
2025-04-15 10:10:53,432 - proctoring - DEBUG - [detection_service.py:37] - No Face Mesh detections
2025-04-15 10:10:53,438 - proctoring - DEBUG - [detection_service.py:37] - No Hand detections
2025-04-15 10:10:53,506 - proctoring - INFO - [detection_service.py:34] - YOLO detection found 1 events
2025-04-15 10:10:53,506 - proctoring - INFO - [detection_service.py:42] - Total events detected: 1
2025-04-15 10:10:53,506 - proctoring - INFO - [log_service.py:12] - Attempting to store 1 logs for user 1
2025-04-15 10:10:53,506 - proctoring - DEBUG - [log_service.py:26] - Created log entry: {'time': '2025-04-15 10:10:53.421772', 'event': 'user absence detected', 'event_type': 'face_not_visible', 'details': 'Face not visible in camera'}
2025-04-15 10:10:53,508 - proctoring - INFO - [log_service.py:40] - Successfully stored 1 logs
2025-04-15 10:10:53,509 - proctoring - DEBUG - [image_utils.py:43] - Decoded base64 data length: 18909
2025-04-15 10:10:53,510 - proctoring - INFO - [detection_service.py:16] - Processing new frame
2025-04-15 10:10:53,520 - proctoring - DEBUG - [detection_service.py:37] - No Face detections
2025-04-15 10:10:53,530 - proctoring - DEBUG - [detection_service.py:37] - No Face Mesh detections
2025-04-15 10:10:53,537 - proctoring - DEBUG - [detection_service.py:37] - No Hand detections
2025-04-15 10:10:53,609 - proctoring - INFO - [detection_service.py:34] - YOLO detection found 1 events
2025-04-15 10:10:53,609 - proctoring - INFO - [detection_service.py:42] - Total events detected: 1
2025-04-15 10:10:53,609 - proctoring - INFO - [log_service.py:12] - Attempting to store 1 logs for user 1
2025-04-15 10:10:53,609 - proctoring - DEBUG - [log_service.py:26] - Created log entry: {'time': '2025-04-15 10:10:53.519723', 'event': 'user absence detected', 'event_type': 'face_not_visible', 'details': 'Face not visible in camera'}
2025-04-15 10:10:53,610 - proctoring - INFO - [log_service.py:40] - Successfully stored 1 logs
2025-04-15 10:10:53,612 - proctoring - DEBUG - [image_utils.py:43] - Decoded base64 data length: 16662
2025-04-15 10:10:53,613 - proctoring - INFO - [detection_service.py:16] - Processing new frame
2025-04-15 10:10:53,622 - proctoring - DEBUG - [detection_service.py:37] - No Face detections
2025-04-15 10:10:53,631 - proctoring - DEBUG - [detection_service.py:37] - No Face Mesh detections
2025-04-15 10:10:53,639 - proctoring - DEBUG - [detection_service.py:37] - No Hand detections
2025-04-15 10:10:53,706 - proctoring - INFO - [detection_service.py:34] - YOLO detection found 1 events
2025-04-15 10:10:53,707 - proctoring - INFO - [detection_service.py:42] - Total events detected: 1
2025-04-15 10:10:53,707 - proctoring - INFO - [log_service.py:12] - Attempting to store 1 logs for user 1
2025-04-15 10:10:53,707 - proctoring - DEBUG - [log_service.py:26] - Created log entry: {'time': '2025-04-15 10:10:53.621571', 'event': 'user absence detected', 'event_type': 'face_not_visible', 'details': 'Face not visible in camera'}
2025-04-15 10:10:53,708 - proctoring - INFO - [log_service.py:40] - Successfully stored 1 logs
2025-04-15 10:10:53,709 - proctoring - DEBUG - [image_utils.py:43] - Decoded base64 data length: 15533
2025-04-15 10:10:53,710 - proctoring - INFO - [detection_service.py:16] - Processing new frame
2025-04-15 10:10:53,719 - proctoring - DEBUG - [detection_service.py:37] - No Face detections
2025-04-15 10:10:53,729 - proctoring - DEBUG - [detection_service.py:37] - No Face Mesh detections
2025-04-15 10:10:53,737 - proctoring - DEBUG - [detection_service.py:37] - No Hand detections
2025-04-15 10:10:53,800 - proctoring - INFO - [detection_service.py:34] - YOLO detection found 1 events
2025-04-15 10:10:53,800 - proctoring - INFO - [detection_service.py:42] - Total events detected: 1
2025-04-15 10:10:53,800 - proctoring - INFO - [log_service.py:12] - Attempting to store 1 logs for user 1
2025-04-15 10:10:53,800 - proctoring - DEBUG - [log_service.py:26] - Created log entry: {'time': '2025-04-15 10:10:53.719146', 'event': 'user absence detected', 'event_type': 'face_not_visible', 'details': 'Face not visible in camera'}
2025-04-15 10:10:53,802 - proctoring - INFO - [log_service.py:40] - Successfully stored 1 logs
2025-04-15 10:10:53,804 - proctoring - DEBUG - [image_utils.py:43] - Decoded base64 data length: 14939
2025-04-15 10:10:53,804 - proctoring - INFO - [detection_service.py:16] - Processing new frame
2025-04-15 10:10:53,815 - proctoring - DEBUG - [detection_service.py:37] - No Face detections
2025-04-15 10:10:53,822 - proctoring - DEBUG - [detection_service.py:37] - No Face Mesh detections
2025-04-15 10:10:53,831 - proctoring - DEBUG - [detection_service.py:37] - No Hand detections
2025-04-15 10:10:53,895 - proctoring - INFO - [detection_service.py:34] - YOLO detection found 1 events
2025-04-15 10:10:53,895 - proctoring - INFO - [detection_service.py:42] - Total events detected: 1
2025-04-15 10:10:53,895 - proctoring - INFO - [log_service.py:12] - Attempting to store 1 logs for user 1
2025-04-15 10:10:53,895 - proctoring - DEBUG - [log_service.py:26] - Created log entry: {'time': '2025-04-15 10:10:53.814136', 'event': 'user absence detected', 'event_type': 'face_not_visible', 'details': 'Face not visible in camera'}
2025-04-15 10:10:53,896 - proctoring - INFO - [log_service.py:40] - Successfully stored 1 logs
2025-04-15 10:10:53,897 - proctoring - DEBUG - [image_utils.py:43] - Decoded base64 data length: 13441
2025-04-15 10:10:53,898 - proctoring - INFO - [detection_service.py:16] - Processing new frame
2025-04-15 10:10:53,909 - proctoring - DEBUG - [detection_service.py:37] - No Face detections
2025-04-15 10:10:53,917 - proctoring - DEBUG - [detection_service.py:37] - No Face Mesh detections
2025-04-15 10:10:53,925 - proctoring - DEBUG - [detection_service.py:37] - No Hand detections
2025-04-15 10:10:53,989 - proctoring - INFO - [detection_service.py:34] - YOLO detection found 1 events
2025-04-15 10:10:53,989 - proctoring - INFO - [detection_service.py:42] - Total events detected: 1
2025-04-15 10:10:53,989 - proctoring - INFO - [log_service.py:12] - Attempting to store 1 logs for user 1
2025-04-15 10:10:53,989 - proctoring - DEBUG - [log_service.py:26] - Created log entry: {'time': '2025-04-15 10:10:53.908257', 'event': 'user absence detected', 'event_type': 'face_not_visible', 'details': 'Face not visible in camera'}
2025-04-15 10:10:53,991 - proctoring - INFO - [log_service.py:40] - Successfully stored 1 logs
2025-04-15 10:10:53,996 - proctoring - DEBUG - [image_utils.py:43] - Decoded base64 data length: 11238
2025-04-15 10:10:53,996 - proctoring - INFO - [detection_service.py:16] - Processing new frame
2025-04-15 10:10:54,008 - proctoring - DEBUG - [detection_service.py:37] - No Face detections
2025-04-15 10:10:54,016 - proctoring - DEBUG - [detection_service.py:37] - No Face Mesh detections
2025-04-15 10:10:54,021 - proctoring - DEBUG - [detection_service.py:37] - No Hand detections
2025-04-15 10:10:54,087 - proctoring - INFO - [detection_service.py:34] - YOLO detection found 1 events
2025-04-15 10:10:54,087 - proctoring - INFO - [detection_service.py:42] - Total events detected: 1
2025-04-15 10:10:54,087 - proctoring - INFO - [log_service.py:12] - Attempting to store 1 logs for user 1
2025-04-15 10:10:54,087 - proctoring - DEBUG - [log_service.py:26] - Created log entry: {'time': '2025-04-15 10:10:54.006188', 'event': 'user absence detected', 'event_type': 'face_not_visible', 'details': 'Face not visible in camera'}
2025-04-15 10:10:54,088 - proctoring - INFO - [log_service.py:40] - Successfully stored 1 logs
2025-04-15 10:10:54,103 - proctoring - DEBUG - [image_utils.py:43] - Decoded base64 data length: 10351
2025-04-15 10:10:54,104 - proctoring - INFO - [detection_service.py:16] - Processing new frame
2025-04-15 10:10:54,114 - proctoring - DEBUG - [detection_service.py:37] - No Face detections
2025-04-15 10:10:54,124 - proctoring - DEBUG - [detection_service.py:37] - No Face Mesh detections
2025-04-15 10:10:54,129 - proctoring - DEBUG - [detection_service.py:37] - No Hand detections
2025-04-15 10:10:54,192 - proctoring - INFO - [detection_service.py:34] - YOLO detection found 1 events
2025-04-15 10:10:54,192 - proctoring - INFO - [detection_service.py:42] - Total events detected: 1
2025-04-15 10:10:54,192 - proctoring - INFO - [log_service.py:12] - Attempting to store 1 logs for user 1
2025-04-15 10:10:54,192 - proctoring - DEBUG - [log_service.py:26] - Created log entry: {'time': '2025-04-15 10:10:54.113405', 'event': 'user absence detected', 'event_type': 'face_not_visible', 'details': 'Face not visible in camera'}
2025-04-15 10:10:54,193 - proctoring - INFO - [log_service.py:40] - Successfully stored 1 logs
2025-04-15 10:10:54,209 - proctoring - DEBUG - [image_utils.py:43] - Decoded base64 data length: 10524
2025-04-15 10:10:54,210 - proctoring - INFO - [detection_service.py:16] - Processing new frame
2025-04-15 10:10:54,220 - proctoring - DEBUG - [detection_service.py:37] - No Face detections
2025-04-15 10:10:54,228 - proctoring - DEBUG - [detection_service.py:37] - No Face Mesh detections
2025-04-15 10:10:54,235 - proctoring - DEBUG - [detection_service.py:37] - No Hand detections
2025-04-15 10:10:54,297 - proctoring - INFO - [detection_service.py:34] - YOLO detection found 1 events
2025-04-15 10:10:54,297 - proctoring - INFO - [detection_service.py:42] - Total events detected: 1
2025-04-15 10:10:54,297 - proctoring - INFO - [log_service.py:12] - Attempting to store 1 logs for user 1
2025-04-15 10:10:54,297 - proctoring - DEBUG - [log_service.py:26] - Created log entry: {'time': '2025-04-15 10:10:54.219901', 'event': 'user absence detected', 'event_type': 'face_not_visible', 'details': 'Face not visible in camera'}
2025-04-15 10:10:54,298 - proctoring - INFO - [log_service.py:40] - Successfully stored 1 logs
2025-04-15 10:10:54,315 - proctoring - DEBUG - [image_utils.py:43] - Decoded base64 data length: 9021
2025-04-15 10:10:54,316 - proctoring - INFO - [detection_service.py:16] - Processing new frame
2025-04-15 10:10:54,325 - proctoring - DEBUG - [detection_service.py:37] - No Face detections
2025-04-15 10:10:54,333 - proctoring - DEBUG - [detection_service.py:37] - No Face Mesh detections
2025-04-15 10:10:54,340 - proctoring - DEBUG - [detection_service.py:37] - No Hand detections
2025-04-15 10:10:54,398 - proctoring - INFO - [detection_service.py:34] - YOLO detection found 1 events
2025-04-15 10:10:54,398 - proctoring - INFO - [detection_service.py:42] - Total events detected: 1
2025-04-15 10:10:54,398 - proctoring - INFO - [log_service.py:12] - Attempting to store 1 logs for user 1
2025-04-15 10:10:54,398 - proctoring - DEBUG - [log_service.py:26] - Created log entry: {'time': '2025-04-15 10:10:54.325050', 'event': 'user absence detected', 'event_type': 'face_not_visible', 'details': 'Face not visible in camera'}
2025-04-15 10:10:54,399 - proctoring - INFO - [log_service.py:40] - Successfully stored 1 logs
2025-04-15 10:10:54,423 - proctoring - DEBUG - [image_utils.py:43] - Decoded base64 data length: 7680
2025-04-15 10:10:54,423 - proctoring - INFO - [detection_service.py:16] - Processing new frame
2025-04-15 10:10:54,434 - proctoring - DEBUG - [detection_service.py:37] - No Face detections
2025-04-15 10:10:54,446 - proctoring - DEBUG - [detection_service.py:37] - No Face Mesh detections
2025-04-15 10:10:54,451 - proctoring - DEBUG - [detection_service.py:37] - No Hand detections
2025-04-15 10:10:54,511 - proctoring - INFO - [detection_service.py:34] - YOLO detection found 1 events
2025-04-15 10:10:54,511 - proctoring - INFO - [detection_service.py:42] - Total events detected: 1
2025-04-15 10:10:54,511 - proctoring - INFO - [log_service.py:12] - Attempting to store 1 logs for user 1
2025-04-15 10:10:54,511 - proctoring - DEBUG - [log_service.py:26] - Created log entry: {'time': '2025-04-15 10:10:54.433304', 'event': 'user absence detected', 'event_type': 'face_not_visible', 'details': 'Face not visible in camera'}
2025-04-15 10:10:54,512 - proctoring - INFO - [log_service.py:40] - Successfully stored 1 logs
2025-04-15 10:10:54,528 - proctoring - DEBUG - [image_utils.py:43] - Decoded base64 data length: 6802
2025-04-15 10:10:54,529 - proctoring - INFO - [detection_service.py:16] - Processing new frame
2025-04-15 10:10:54,541 - proctoring - DEBUG - [detection_service.py:37] - No Face detections
2025-04-15 10:10:54,552 - proctoring - DEBUG - [detection_service.py:37] - No Face Mesh detections
2025-04-15 10:10:54,563 - proctoring - DEBUG - [detection_service.py:37] - No Hand detections
2025-04-15 10:10:54,665 - proctoring - INFO - [detection_service.py:34] - YOLO detection found 1 events
2025-04-15 10:10:54,665 - proctoring - INFO - [detection_service.py:42] - Total events detected: 1
2025-04-15 10:10:54,665 - proctoring - INFO - [log_service.py:12] - Attempting to store 1 logs for user 1
2025-04-15 10:10:54,665 - proctoring - DEBUG - [log_service.py:26] - Created log entry: {'time': '2025-04-15 10:10:54.540310', 'event': 'user absence detected', 'event_type': 'face_not_visible', 'details': 'Face not visible in camera'}
2025-04-15 10:10:54,666 - proctoring - INFO - [log_service.py:40] - Successfully stored 1 logs
2025-04-15 10:10:54,667 - proctoring - DEBUG - [image_utils.py:43] - Decoded base64 data length: 6217
2025-04-15 10:10:54,668 - proctoring - INFO - [detection_service.py:16] - Processing new frame
2025-04-15 10:10:54,681 - proctoring - DEBUG - [detection_service.py:37] - No Face detections
2025-04-15 10:10:54,690 - proctoring - DEBUG - [detection_service.py:37] - No Face Mesh detections
2025-04-15 10:10:54,696 - proctoring - DEBUG - [detection_service.py:37] - No Hand detections
2025-04-15 10:10:54,786 - proctoring - INFO - [detection_service.py:34] - YOLO detection found 1 events
2025-04-15 10:10:54,786 - proctoring - INFO - [detection_service.py:42] - Total events detected: 1
2025-04-15 10:10:54,786 - proctoring - INFO - [log_service.py:12] - Attempting to store 1 logs for user 1
2025-04-15 10:10:54,786 - proctoring - DEBUG - [log_service.py:26] - Created log entry: {'time': '2025-04-15 10:10:54.679282', 'event': 'user absence detected', 'event_type': 'face_not_visible', 'details': 'Face not visible in camera'}
2025-04-15 10:10:54,788 - proctoring - INFO - [log_service.py:40] - Successfully stored 1 logs
2025-04-15 10:10:54,789 - proctoring - DEBUG - [image_utils.py:43] - Decoded base64 data length: 5748
2025-04-15 10:10:54,790 - proctoring - INFO - [detection_service.py:16] - Processing new frame
2025-04-15 10:10:54,804 - proctoring - DEBUG - [detection_service.py:37] - No Face detections
2025-04-15 10:10:54,814 - proctoring - DEBUG - [detection_service.py:37] - No Face Mesh detections
2025-04-15 10:10:54,829 - proctoring - DEBUG - [detection_service.py:37] - No Hand detections
2025-04-15 10:10:54,897 - proctoring - INFO - [detection_service.py:34] - YOLO detection found 1 events
2025-04-15 10:10:54,897 - proctoring - INFO - [detection_service.py:42] - Total events detected: 1
2025-04-15 10:10:54,897 - proctoring - INFO - [log_service.py:12] - Attempting to store 1 logs for user 1
2025-04-15 10:10:54,897 - proctoring - DEBUG - [log_service.py:26] - Created log entry: {'time': '2025-04-15 10:10:54.801643', 'event': 'user absence detected', 'event_type': 'face_not_visible', 'details': 'Face not visible in camera'}
2025-04-15 10:10:54,898 - proctoring - INFO - [log_service.py:40] - Successfully stored 1 logs
2025-04-15 10:10:54,899 - proctoring - DEBUG - [image_utils.py:43] - Decoded base64 data length: 5523
2025-04-15 10:10:54,900 - proctoring - INFO - [detection_service.py:16] - Processing new frame
2025-04-15 10:10:54,912 - proctoring - DEBUG - [detection_service.py:37] - No Face detections
2025-04-15 10:10:54,921 - proctoring - DEBUG - [detection_service.py:37] - No Face Mesh detections
2025-04-15 10:10:54,924 - proctoring - DEBUG - [detection_service.py:37] - No Hand detections
2025-04-15 10:10:54,989 - proctoring - INFO - [detection_service.py:34] - YOLO detection found 1 events
2025-04-15 10:10:54,989 - proctoring - INFO - [detection_service.py:42] - Total events detected: 1
2025-04-15 10:10:54,989 - proctoring - INFO - [log_service.py:12] - Attempting to store 1 logs for user 1
2025-04-15 10:10:54,989 - proctoring - DEBUG - [log_service.py:26] - Created log entry: {'time': '2025-04-15 10:10:54.911827', 'event': 'user absence detected', 'event_type': 'face_not_visible', 'details': 'Face not visible in camera'}
2025-04-15 10:10:54,990 - proctoring - INFO - [log_service.py:40] - Successfully stored 1 logs
2025-04-15 10:10:54,991 - proctoring - DEBUG - [image_utils.py:43] - Decoded base64 data length: 5548
2025-04-15 10:10:54,991 - proctoring - INFO - [detection_service.py:16] - Processing new frame
2025-04-15 10:10:55,000 - proctoring - DEBUG - [detection_service.py:37] - No Face detections
2025-04-15 10:10:55,013 - proctoring - DEBUG - [detection_service.py:37] - No Face Mesh detections
2025-04-15 10:10:55,026 - proctoring - DEBUG - [detection_service.py:37] - No Hand detections
2025-04-15 10:10:55,083 - proctoring - INFO - [detection_service.py:34] - YOLO detection found 1 events
2025-04-15 10:10:55,083 - proctoring - INFO - [detection_service.py:42] - Total events detected: 1
2025-04-15 10:10:55,083 - proctoring - INFO - [log_service.py:12] - Attempting to store 1 logs for user 1
2025-04-15 10:10:55,083 - proctoring - DEBUG - [log_service.py:26] - Created log entry: {'time': '2025-04-15 10:10:55.000517', 'event': 'user absence detected', 'event_type': 'face_not_visible', 'details': 'Face not visible in camera'}
2025-04-15 10:10:55,085 - proctoring - INFO - [log_service.py:40] - Successfully stored 1 logs
2025-04-15 10:10:55,086 - proctoring - DEBUG - [image_utils.py:43] - Decoded base64 data length: 5874
2025-04-15 10:10:55,086 - proctoring - INFO - [detection_service.py:16] - Processing new frame
2025-04-15 10:10:55,096 - proctoring - DEBUG - [detection_service.py:37] - No Face detections
2025-04-15 10:10:55,109 - proctoring - DEBUG - [detection_service.py:37] - No Face Mesh detections
2025-04-15 10:10:55,115 - proctoring - DEBUG - [detection_service.py:37] - No Hand detections
2025-04-15 10:10:55,186 - proctoring - INFO - [detection_service.py:34] - YOLO detection found 1 events
2025-04-15 10:10:55,186 - proctoring - INFO - [detection_service.py:42] - Total events detected: 1
2025-04-15 10:10:55,186 - proctoring - INFO - [log_service.py:12] - Attempting to store 1 logs for user 1
2025-04-15 10:10:55,186 - proctoring - DEBUG - [log_service.py:26] - Created log entry: {'time': '2025-04-15 10:10:55.096130', 'event': 'user absence detected', 'event_type': 'face_not_visible', 'details': 'Face not visible in camera'}
2025-04-15 10:10:55,188 - proctoring - INFO - [log_service.py:40] - Successfully stored 1 logs
2025-04-15 10:10:55,189 - proctoring - DEBUG - [image_utils.py:43] - Decoded base64 data length: 5633
2025-04-15 10:10:55,189 - proctoring - INFO - [detection_service.py:16] - Processing new frame
2025-04-15 10:10:55,202 - proctoring - DEBUG - [detection_service.py:37] - No Face detections
2025-04-15 10:10:55,213 - proctoring - DEBUG - [detection_service.py:37] - No Face Mesh detections
2025-04-15 10:10:55,220 - proctoring - DEBUG - [detection_service.py:37] - No Hand detections
2025-04-15 10:10:55,286 - proctoring - INFO - [detection_service.py:34] - YOLO detection found 1 events
2025-04-15 10:10:55,286 - proctoring - INFO - [detection_service.py:42] - Total events detected: 1
2025-04-15 10:10:55,286 - proctoring - INFO - [log_service.py:12] - Attempting to store 1 logs for user 1
2025-04-15 10:10:55,286 - proctoring - DEBUG - [log_service.py:26] - Created log entry: {'time': '2025-04-15 10:10:55.200943', 'event': 'user absence detected', 'event_type': 'face_not_visible', 'details': 'Face not visible in camera'}
2025-04-15 10:10:55,287 - proctoring - INFO - [log_service.py:40] - Successfully stored 1 logs
2025-04-15 10:10:55,289 - proctoring - DEBUG - [image_utils.py:43] - Decoded base64 data length: 5587
2025-04-15 10:10:55,289 - proctoring - INFO - [detection_service.py:16] - Processing new frame
2025-04-15 10:10:55,299 - proctoring - DEBUG - [detection_service.py:37] - No Face detections
2025-04-15 10:10:55,311 - proctoring - DEBUG - [detection_service.py:37] - No Face Mesh detections
2025-04-15 10:10:55,316 - proctoring - DEBUG - [detection_service.py:37] - No Hand detections
2025-04-15 10:10:55,369 - proctoring - INFO - [detection_service.py:34] - YOLO detection found 1 events
2025-04-15 10:10:55,369 - proctoring - INFO - [detection_service.py:42] - Total events detected: 1
2025-04-15 10:10:55,369 - proctoring - INFO - [log_service.py:12] - Attempting to store 1 logs for user 1
2025-04-15 10:10:55,370 - proctoring - DEBUG - [log_service.py:26] - Created log entry: {'time': '2025-04-15 10:10:55.298787', 'event': 'user absence detected', 'event_type': 'face_not_visible', 'details': 'Face not visible in camera'}
2025-04-15 10:10:55,371 - proctoring - INFO - [log_service.py:40] - Successfully stored 1 logs
2025-04-15 10:10:55,384 - proctoring - DEBUG - [image_utils.py:43] - Decoded base64 data length: 5540
2025-04-15 10:10:55,384 - proctoring - INFO - [detection_service.py:16] - Processing new frame
2025-04-15 10:10:55,395 - proctoring - DEBUG - [detection_service.py:37] - No Face detections
2025-04-15 10:10:55,407 - proctoring - DEBUG - [detection_service.py:37] - No Face Mesh detections
2025-04-15 10:10:55,411 - proctoring - DEBUG - [detection_service.py:37] - No Hand detections
2025-04-15 10:10:55,476 - proctoring - INFO - [detection_service.py:34] - YOLO detection found 1 events
2025-04-15 10:10:55,476 - proctoring - INFO - [detection_service.py:42] - Total events detected: 1
2025-04-15 10:10:55,476 - proctoring - INFO - [log_service.py:12] - Attempting to store 1 logs for user 1
2025-04-15 10:10:55,476 - proctoring - DEBUG - [log_service.py:26] - Created log entry: {'time': '2025-04-15 10:10:55.394590', 'event': 'user absence detected', 'event_type': 'face_not_visible', 'details': 'Face not visible in camera'}
2025-04-15 10:10:55,477 - proctoring - INFO - [log_service.py:40] - Successfully stored 1 logs
2025-04-15 10:10:55,490 - proctoring - DEBUG - [image_utils.py:43] - Decoded base64 data length: 5624
2025-04-15 10:10:55,490 - proctoring - INFO - [detection_service.py:16] - Processing new frame
2025-04-15 10:10:55,500 - proctoring - DEBUG - [detection_service.py:37] - No Face detections
2025-04-15 10:10:55,510 - proctoring - DEBUG - [detection_service.py:37] - No Face Mesh detections
2025-04-15 10:10:55,518 - proctoring - DEBUG - [detection_service.py:37] - No Hand detections
2025-04-15 10:10:55,593 - proctoring - INFO - [detection_service.py:34] - YOLO detection found 1 events
2025-04-15 10:10:55,593 - proctoring - INFO - [detection_service.py:42] - Total events detected: 1
2025-04-15 10:10:55,593 - proctoring - INFO - [log_service.py:12] - Attempting to store 1 logs for user 1
2025-04-15 10:10:55,593 - proctoring - DEBUG - [log_service.py:26] - Created log entry: {'time': '2025-04-15 10:10:55.499505', 'event': 'user absence detected', 'event_type': 'face_not_visible', 'details': 'Face not visible in camera'}
2025-04-15 10:10:55,595 - proctoring - INFO - [log_service.py:40] - Successfully stored 1 logs
2025-04-15 10:10:55,596 - proctoring - DEBUG - [image_utils.py:43] - Decoded base64 data length: 5653
2025-04-15 10:10:55,596 - proctoring - INFO - [detection_service.py:16] - Processing new frame
2025-04-15 10:10:55,608 - proctoring - DEBUG - [detection_service.py:37] - No Face detections
2025-04-15 10:10:55,618 - proctoring - DEBUG - [detection_service.py:37] - No Face Mesh detections
2025-04-15 10:10:55,632 - proctoring - DEBUG - [detection_service.py:37] - No Hand detections
2025-04-15 10:10:55,700 - proctoring - INFO - [detection_service.py:34] - YOLO detection found 1 events
2025-04-15 10:10:55,700 - proctoring - INFO - [detection_service.py:42] - Total events detected: 1
2025-04-15 10:10:55,700 - proctoring - INFO - [log_service.py:12] - Attempting to store 1 logs for user 1
2025-04-15 10:10:55,700 - proctoring - DEBUG - [log_service.py:26] - Created log entry: {'time': '2025-04-15 10:10:55.606659', 'event': 'user absence detected', 'event_type': 'face_not_visible', 'details': 'Face not visible in camera'}
2025-04-15 10:10:55,702 - proctoring - INFO - [log_service.py:40] - Successfully stored 1 logs
2025-04-15 10:10:55,703 - proctoring - DEBUG - [image_utils.py:43] - Decoded base64 data length: 5679
2025-04-15 10:10:55,703 - proctoring - INFO - [detection_service.py:16] - Processing new frame
2025-04-15 10:10:55,718 - proctoring - DEBUG - [detection_service.py:37] - No Face detections
2025-04-15 10:10:55,732 - proctoring - DEBUG - [detection_service.py:37] - No Face Mesh detections
2025-04-15 10:10:55,748 - proctoring - DEBUG - [detection_service.py:37] - No Hand detections
2025-04-15 10:10:55,814 - proctoring - INFO - [detection_service.py:34] - YOLO detection found 1 events
2025-04-15 10:10:55,815 - proctoring - INFO - [detection_service.py:42] - Total events detected: 1
2025-04-15 10:10:55,815 - proctoring - INFO - [log_service.py:12] - Attempting to store 1 logs for user 1
2025-04-15 10:10:55,815 - proctoring - DEBUG - [log_service.py:26] - Created log entry: {'time': '2025-04-15 10:10:55.717088', 'event': 'user absence detected', 'event_type': 'face_not_visible', 'details': 'Face not visible in camera'}
2025-04-15 10:10:55,817 - proctoring - INFO - [log_service.py:40] - Successfully stored 1 logs
2025-04-15 10:10:55,818 - proctoring - DEBUG - [image_utils.py:43] - Decoded base64 data length: 5654
2025-04-15 10:10:55,818 - proctoring - INFO - [detection_service.py:16] - Processing new frame
2025-04-15 10:10:55,829 - proctoring - DEBUG - [detection_service.py:37] - No Face detections
2025-04-15 10:10:55,838 - proctoring - DEBUG - [detection_service.py:37] - No Face Mesh detections
2025-04-15 10:10:55,854 - proctoring - DEBUG - [detection_service.py:37] - No Hand detections
2025-04-15 10:10:55,912 - proctoring - INFO - [detection_service.py:34] - YOLO detection found 1 events
2025-04-15 10:10:55,912 - proctoring - INFO - [detection_service.py:42] - Total events detected: 1
2025-04-15 10:10:55,912 - proctoring - INFO - [log_service.py:12] - Attempting to store 1 logs for user 1
2025-04-15 10:10:55,913 - proctoring - DEBUG - [log_service.py:26] - Created log entry: {'time': '2025-04-15 10:10:55.828818', 'event': 'user absence detected', 'event_type': 'face_not_visible', 'details': 'Face not visible in camera'}
2025-04-15 10:10:55,914 - proctoring - INFO - [log_service.py:40] - Successfully stored 1 logs
2025-04-15 10:10:55,916 - proctoring - DEBUG - [image_utils.py:43] - Decoded base64 data length: 5624
2025-04-15 10:10:55,916 - proctoring - INFO - [detection_service.py:16] - Processing new frame
2025-04-15 10:10:55,927 - proctoring - DEBUG - [detection_service.py:37] - No Face detections
2025-04-15 10:10:55,936 - proctoring - DEBUG - [detection_service.py:37] - No Face Mesh detections
2025-04-15 10:10:55,947 - proctoring - DEBUG - [detection_service.py:37] - No Hand detections
2025-04-15 10:10:56,015 - proctoring - INFO - [detection_service.py:34] - YOLO detection found 1 events
2025-04-15 10:10:56,015 - proctoring - INFO - [detection_service.py:42] - Total events detected: 1
2025-04-15 10:10:56,015 - proctoring - INFO - [log_service.py:12] - Attempting to store 1 logs for user 1
2025-04-15 10:10:56,015 - proctoring - DEBUG - [log_service.py:26] - Created log entry: {'time': '2025-04-15 10:10:55.927137', 'event': 'user absence detected', 'event_type': 'face_not_visible', 'details': 'Face not visible in camera'}
2025-04-15 10:10:56,017 - proctoring - INFO - [log_service.py:40] - Successfully stored 1 logs
2025-04-15 10:10:56,023 - proctoring - DEBUG - [image_utils.py:43] - Decoded base64 data length: 5609
2025-04-15 10:10:56,023 - proctoring - INFO - [detection_service.py:16] - Processing new frame
2025-04-15 10:10:56,035 - proctoring - DEBUG - [detection_service.py:37] - No Face detections
2025-04-15 10:10:56,047 - proctoring - DEBUG - [detection_service.py:37] - No Face Mesh detections
2025-04-15 10:10:56,055 - proctoring - DEBUG - [detection_service.py:37] - No Hand detections
2025-04-15 10:10:56,122 - proctoring - INFO - [detection_service.py:34] - YOLO detection found 1 events
2025-04-15 10:10:56,122 - proctoring - INFO - [detection_service.py:42] - Total events detected: 1
2025-04-15 10:10:56,122 - proctoring - INFO - [log_service.py:12] - Attempting to store 1 logs for user 1
2025-04-15 10:10:56,123 - proctoring - DEBUG - [log_service.py:26] - Created log entry: {'time': '2025-04-15 10:10:56.034034', 'event': 'user absence detected', 'event_type': 'face_not_visible', 'details': 'Face not visible in camera'}
2025-04-15 10:10:56,124 - proctoring - INFO - [log_service.py:40] - Successfully stored 1 logs
2025-04-15 10:10:56,129 - proctoring - DEBUG - [image_utils.py:43] - Decoded base64 data length: 5619
2025-04-15 10:10:56,129 - proctoring - INFO - [detection_service.py:16] - Processing new frame
2025-04-15 10:10:56,140 - proctoring - DEBUG - [detection_service.py:37] - No Face detections
2025-04-15 10:10:56,150 - proctoring - DEBUG - [detection_service.py:37] - No Face Mesh detections
2025-04-15 10:10:56,156 - proctoring - DEBUG - [detection_service.py:37] - No Hand detections
2025-04-15 10:10:56,220 - proctoring - INFO - [detection_service.py:34] - YOLO detection found 1 events
2025-04-15 10:10:56,220 - proctoring - INFO - [detection_service.py:42] - Total events detected: 1
2025-04-15 10:10:56,220 - proctoring - INFO - [log_service.py:12] - Attempting to store 1 logs for user 1
2025-04-15 10:10:56,220 - proctoring - DEBUG - [log_service.py:26] - Created log entry: {'time': '2025-04-15 10:10:56.139726', 'event': 'user absence detected', 'event_type': 'face_not_visible', 'details': 'Face not visible in camera'}
2025-04-15 10:10:56,222 - proctoring - INFO - [log_service.py:40] - Successfully stored 1 logs
2025-04-15 10:10:56,235 - proctoring - DEBUG - [image_utils.py:43] - Decoded base64 data length: 5787
2025-04-15 10:10:56,235 - proctoring - INFO - [detection_service.py:16] - Processing new frame
2025-04-15 10:10:56,246 - proctoring - DEBUG - [detection_service.py:37] - No Face detections
2025-04-15 10:10:56,254 - proctoring - DEBUG - [detection_service.py:37] - No Face Mesh detections
2025-04-15 10:10:56,262 - proctoring - DEBUG - [detection_service.py:37] - No Hand detections
2025-04-15 10:10:56,323 - proctoring - INFO - [detection_service.py:34] - YOLO detection found 1 events
2025-04-15 10:10:56,323 - proctoring - INFO - [detection_service.py:42] - Total events detected: 1
2025-04-15 10:10:56,323 - proctoring - INFO - [log_service.py:12] - Attempting to store 1 logs for user 1
2025-04-15 10:10:56,323 - proctoring - DEBUG - [log_service.py:26] - Created log entry: {'time': '2025-04-15 10:10:56.245118', 'event': 'user absence detected', 'event_type': 'face_not_visible', 'details': 'Face not visible in camera'}
2025-04-15 10:10:56,324 - proctoring - INFO - [log_service.py:40] - Successfully stored 1 logs
2025-04-15 10:10:56,341 - proctoring - DEBUG - [image_utils.py:43] - Decoded base64 data length: 5894
2025-04-15 10:10:56,341 - proctoring - INFO - [detection_service.py:16] - Processing new frame
2025-04-15 10:10:56,351 - proctoring - DEBUG - [detection_service.py:37] - No Face detections
2025-04-15 10:10:56,358 - proctoring - DEBUG - [detection_service.py:37] - No Face Mesh detections
2025-04-15 10:10:56,367 - proctoring - DEBUG - [detection_service.py:37] - No Hand detections
2025-04-15 10:10:56,428 - proctoring - INFO - [detection_service.py:34] - YOLO detection found 1 events
2025-04-15 10:10:56,428 - proctoring - INFO - [detection_service.py:42] - Total events detected: 1
2025-04-15 10:10:56,428 - proctoring - INFO - [log_service.py:12] - Attempting to store 1 logs for user 1
2025-04-15 10:10:56,428 - proctoring - DEBUG - [log_service.py:26] - Created log entry: {'time': '2025-04-15 10:10:56.350614', 'event': 'user absence detected', 'event_type': 'face_not_visible', 'details': 'Face not visible in camera'}
2025-04-15 10:10:56,430 - proctoring - INFO - [log_service.py:40] - Successfully stored 1 logs
2025-04-15 10:10:56,448 - proctoring - DEBUG - [image_utils.py:43] - Decoded base64 data length: 5884
2025-04-15 10:10:56,449 - proctoring - INFO - [detection_service.py:16] - Processing new frame
2025-04-15 10:10:56,459 - proctoring - DEBUG - [detection_service.py:37] - No Face detections
2025-04-15 10:10:56,468 - proctoring - DEBUG - [detection_service.py:37] - No Face Mesh detections
2025-04-15 10:10:56,476 - proctoring - DEBUG - [detection_service.py:37] - No Hand detections
2025-04-15 10:10:56,543 - proctoring - INFO - [detection_service.py:34] - YOLO detection found 1 events
2025-04-15 10:10:56,543 - proctoring - INFO - [detection_service.py:42] - Total events detected: 1
2025-04-15 10:10:56,543 - proctoring - INFO - [log_service.py:12] - Attempting to store 1 logs for user 1
2025-04-15 10:10:56,543 - proctoring - DEBUG - [log_service.py:26] - Created log entry: {'time': '2025-04-15 10:10:56.458730', 'event': 'user absence detected', 'event_type': 'face_not_visible', 'details': 'Face not visible in camera'}
2025-04-15 10:10:56,545 - proctoring - INFO - [log_service.py:40] - Successfully stored 1 logs
2025-04-15 10:10:56,555 - proctoring - DEBUG - [image_utils.py:43] - Decoded base64 data length: 5920
2025-04-15 10:10:56,555 - proctoring - INFO - [detection_service.py:16] - Processing new frame
2025-04-15 10:10:56,565 - proctoring - DEBUG - [detection_service.py:37] - No Face detections
2025-04-15 10:10:56,575 - proctoring - DEBUG - [detection_service.py:37] - No Face Mesh detections
2025-04-15 10:10:56,583 - proctoring - DEBUG - [detection_service.py:37] - No Hand detections
2025-04-15 10:10:56,653 - proctoring - INFO - [detection_service.py:34] - YOLO detection found 1 events
2025-04-15 10:10:56,653 - proctoring - INFO - [detection_service.py:42] - Total events detected: 1
2025-04-15 10:10:56,653 - proctoring - INFO - [log_service.py:12] - Attempting to store 1 logs for user 1
2025-04-15 10:10:56,653 - proctoring - DEBUG - [log_service.py:26] - Created log entry: {'time': '2025-04-15 10:10:56.564836', 'event': 'user absence detected', 'event_type': 'face_not_visible', 'details': 'Face not visible in camera'}
2025-04-15 10:10:56,655 - proctoring - INFO - [log_service.py:40] - Successfully stored 1 logs
2025-04-15 10:10:56,663 - proctoring - DEBUG - [image_utils.py:43] - Decoded base64 data length: 5914
2025-04-15 10:10:56,664 - proctoring - INFO - [detection_service.py:16] - Processing new frame
2025-04-15 10:10:56,675 - proctoring - DEBUG - [detection_service.py:37] - No Face detections
2025-04-15 10:10:56,686 - proctoring - DEBUG - [detection_service.py:37] - No Face Mesh detections
2025-04-15 10:10:56,693 - proctoring - DEBUG - [detection_service.py:37] - No Hand detections
2025-04-15 10:10:56,769 - proctoring - INFO - [detection_service.py:34] - YOLO detection found 1 events
2025-04-15 10:10:56,769 - proctoring - INFO - [detection_service.py:42] - Total events detected: 1
2025-04-15 10:10:56,769 - proctoring - INFO - [log_service.py:12] - Attempting to store 1 logs for user 1
2025-04-15 10:10:56,769 - proctoring - DEBUG - [log_service.py:26] - Created log entry: {'time': '2025-04-15 10:10:56.673827', 'event': 'user absence detected', 'event_type': 'face_not_visible', 'details': 'Face not visible in camera'}
2025-04-15 10:10:56,771 - proctoring - INFO - [log_service.py:40] - Successfully stored 1 logs
2025-04-15 10:10:56,773 - proctoring - DEBUG - [image_utils.py:43] - Decoded base64 data length: 5970
2025-04-15 10:10:56,773 - proctoring - INFO - [detection_service.py:16] - Processing new frame
2025-04-15 10:10:56,784 - proctoring - DEBUG - [detection_service.py:37] - No Face detections
2025-04-15 10:10:56,793 - proctoring - DEBUG - [detection_service.py:37] - No Face Mesh detections
2025-04-15 10:10:56,803 - proctoring - DEBUG - [detection_service.py:37] - No Hand detections
2025-04-15 10:10:56,868 - proctoring - INFO - [detection_service.py:34] - YOLO detection found 1 events
2025-04-15 10:10:56,869 - proctoring - INFO - [detection_service.py:42] - Total events detected: 1
2025-04-15 10:10:56,869 - proctoring - INFO - [log_service.py:12] - Attempting to store 1 logs for user 1
2025-04-15 10:10:56,869 - proctoring - DEBUG - [log_service.py:26] - Created log entry: {'time': '2025-04-15 10:10:56.783948', 'event': 'user absence detected', 'event_type': 'face_not_visible', 'details': 'Face not visible in camera'}
2025-04-15 10:10:56,871 - proctoring - INFO - [log_service.py:40] - Successfully stored 1 logs
2025-04-15 10:10:56,878 - proctoring - DEBUG - [image_utils.py:43] - Decoded base64 data length: 5848
2025-04-15 10:10:56,878 - proctoring - INFO - [detection_service.py:16] - Processing new frame
2025-04-15 10:10:56,888 - proctoring - DEBUG - [detection_service.py:37] - No Face detections
2025-04-15 10:10:56,897 - proctoring - DEBUG - [detection_service.py:37] - No Face Mesh detections
2025-04-15 10:10:56,904 - proctoring - DEBUG - [detection_service.py:37] - No Hand detections
2025-04-15 10:10:56,971 - proctoring - INFO - [detection_service.py:34] - YOLO detection found 1 events
2025-04-15 10:10:56,971 - proctoring - INFO - [detection_service.py:42] - Total events detected: 1
2025-04-15 10:10:56,971 - proctoring - INFO - [log_service.py:12] - Attempting to store 1 logs for user 1
2025-04-15 10:10:56,971 - proctoring - DEBUG - [log_service.py:26] - Created log entry: {'time': '2025-04-15 10:10:56.887890', 'event': 'user absence detected', 'event_type': 'face_not_visible', 'details': 'Face not visible in camera'}
2025-04-15 10:10:56,973 - proctoring - INFO - [log_service.py:40] - Successfully stored 1 logs
2025-04-15 10:10:56,984 - proctoring - DEBUG - [image_utils.py:43] - Decoded base64 data length: 7301
2025-04-15 10:10:56,984 - proctoring - INFO - [detection_service.py:16] - Processing new frame
2025-04-15 10:10:56,995 - proctoring - DEBUG - [detection_service.py:37] - No Face detections
2025-04-15 10:10:57,006 - proctoring - DEBUG - [detection_service.py:37] - No Face Mesh detections
2025-04-15 10:10:57,013 - proctoring - DEBUG - [detection_service.py:37] - No Hand detections
2025-04-15 10:10:57,082 - proctoring - INFO - [detection_service.py:34] - YOLO detection found 1 events
2025-04-15 10:10:57,082 - proctoring - INFO - [detection_service.py:42] - Total events detected: 1
2025-04-15 10:10:57,082 - proctoring - INFO - [log_service.py:12] - Attempting to store 1 logs for user 1
2025-04-15 10:10:57,082 - proctoring - DEBUG - [log_service.py:26] - Created log entry: {'time': '2025-04-15 10:10:56.995220', 'event': 'user absence detected', 'event_type': 'face_not_visible', 'details': 'Face not visible in camera'}
2025-04-15 10:10:57,084 - proctoring - INFO - [log_service.py:40] - Successfully stored 1 logs
2025-04-15 10:10:57,090 - proctoring - DEBUG - [image_utils.py:43] - Decoded base64 data length: 9466
2025-04-15 10:10:57,090 - proctoring - INFO - [detection_service.py:16] - Processing new frame
2025-04-15 10:10:57,102 - proctoring - DEBUG - [detection_service.py:37] - No Face detections
2025-04-15 10:10:57,114 - proctoring - DEBUG - [detection_service.py:37] - No Face Mesh detections
2025-04-15 10:10:57,118 - proctoring - DEBUG - [detection_service.py:37] - No Hand detections
2025-04-15 10:10:57,179 - proctoring - INFO - [detection_service.py:34] - YOLO detection found 1 events
2025-04-15 10:10:57,179 - proctoring - INFO - [detection_service.py:42] - Total events detected: 1
2025-04-15 10:10:57,179 - proctoring - INFO - [log_service.py:12] - Attempting to store 1 logs for user 1
2025-04-15 10:10:57,179 - proctoring - DEBUG - [log_service.py:26] - Created log entry: {'time': '2025-04-15 10:10:57.101604', 'event': 'user absence detected', 'event_type': 'face_not_visible', 'details': 'Face not visible in camera'}
2025-04-15 10:10:57,180 - proctoring - INFO - [log_service.py:40] - Successfully stored 1 logs
2025-04-15 10:10:57,197 - proctoring - DEBUG - [image_utils.py:43] - Decoded base64 data length: 15010
2025-04-15 10:10:57,197 - proctoring - INFO - [detection_service.py:16] - Processing new frame
2025-04-15 10:10:57,208 - proctoring - INFO - [detection_service.py:34] - Face detection found 3 events
2025-04-15 10:10:57,217 - proctoring - DEBUG - [detection_service.py:37] - No Face Mesh detections
2025-04-15 10:10:57,223 - proctoring - DEBUG - [detection_service.py:37] - No Hand detections
2025-04-15 10:10:57,289 - proctoring - DEBUG - [detection_service.py:37] - No YOLO detections
2025-04-15 10:10:57,289 - proctoring - INFO - [detection_service.py:42] - Total events detected: 3
2025-04-15 10:10:57,289 - proctoring - INFO - [log_service.py:12] - Attempting to store 3 logs for user 1
2025-04-15 10:10:57,289 - proctoring - DEBUG - [log_service.py:26] - Created log entry: {'time': '2025-04-15 10:10:57.197603', 'event': 'Face detected', 'event_type': 'face_detected'}
2025-04-15 10:10:57,289 - proctoring - DEBUG - [log_service.py:26] - Created log entry: {'time': '2025-04-15 10:10:57.197603', 'event': 'Eye movement detected', 'event_type': 'eye_movement'}
2025-04-15 10:10:57,289 - proctoring - DEBUG - [log_service.py:26] - Created log entry: {'time': '2025-04-15 10:10:57.197603', 'event': 'Mouth movement detected', 'event_type': 'mouth_movement'}
2025-04-15 10:10:57,291 - proctoring - INFO - [log_service.py:40] - Successfully stored 3 logs
2025-04-15 10:10:57,303 - proctoring - DEBUG - [image_utils.py:43] - Decoded base64 data length: 14937
2025-04-15 10:10:57,303 - proctoring - INFO - [detection_service.py:16] - Processing new frame
2025-04-15 10:10:57,312 - proctoring - INFO - [detection_service.py:34] - Face detection found 1 events
2025-04-15 10:10:57,328 - proctoring - DEBUG - [detection_service.py:37] - No Face Mesh detections
2025-04-15 10:10:57,332 - proctoring - DEBUG - [detection_service.py:37] - No Hand detections
2025-04-15 10:10:57,406 - proctoring - DEBUG - [detection_service.py:37] - No YOLO detections
2025-04-15 10:10:57,407 - proctoring - INFO - [detection_service.py:42] - Total events detected: 1
2025-04-15 10:10:57,407 - proctoring - INFO - [log_service.py:12] - Attempting to store 1 logs for user 1
2025-04-15 10:10:57,407 - proctoring - DEBUG - [log_service.py:26] - Created log entry: {'time': '2025-04-15 10:10:57.303980', 'event': 'Face detected', 'event_type': 'face_detected'}
2025-04-15 10:10:57,408 - proctoring - INFO - [log_service.py:40] - Successfully stored 1 logs
2025-04-15 10:10:57,410 - proctoring - DEBUG - [image_utils.py:43] - Decoded base64 data length: 15496
2025-04-15 10:10:57,410 - proctoring - INFO - [detection_service.py:16] - Processing new frame
2025-04-15 10:10:57,421 - proctoring - INFO - [detection_service.py:34] - Face detection found 1 events
2025-04-15 10:10:57,434 - proctoring - DEBUG - [detection_service.py:37] - No Face Mesh detections
2025-04-15 10:10:57,441 - proctoring - DEBUG - [detection_service.py:37] - No Hand detections
2025-04-15 10:10:57,504 - proctoring - DEBUG - [detection_service.py:37] - No YOLO detections
2025-04-15 10:10:57,504 - proctoring - INFO - [detection_service.py:42] - Total events detected: 1
2025-04-15 10:10:57,505 - proctoring - INFO - [log_service.py:12] - Attempting to store 1 logs for user 1
2025-04-15 10:10:57,505 - proctoring - DEBUG - [log_service.py:26] - Created log entry: {'time': '2025-04-15 10:10:57.410655', 'event': 'Face detected', 'event_type': 'face_detected'}
2025-04-15 10:10:57,506 - proctoring - INFO - [log_service.py:40] - Successfully stored 1 logs
2025-04-15 10:10:57,516 - proctoring - DEBUG - [image_utils.py:43] - Decoded base64 data length: 16155
2025-04-15 10:10:57,517 - proctoring - INFO - [detection_service.py:16] - Processing new frame
2025-04-15 10:10:57,530 - proctoring - INFO - [detection_service.py:34] - Face detection found 1 events
2025-04-15 10:10:57,546 - proctoring - DEBUG - [detection_service.py:37] - No Face Mesh detections
2025-04-15 10:10:57,548 - proctoring - DEBUG - [detection_service.py:37] - No Hand detections
2025-04-15 10:10:57,621 - proctoring - DEBUG - [detection_service.py:37] - No YOLO detections
2025-04-15 10:10:57,622 - proctoring - INFO - [detection_service.py:42] - Total events detected: 1
2025-04-15 10:10:57,622 - proctoring - INFO - [log_service.py:12] - Attempting to store 1 logs for user 1
2025-04-15 10:10:57,622 - proctoring - DEBUG - [log_service.py:26] - Created log entry: {'time': '2025-04-15 10:10:57.517425', 'event': 'Face detected', 'event_type': 'face_detected'}
2025-04-15 10:10:57,624 - proctoring - INFO - [log_service.py:40] - Successfully stored 1 logs
2025-04-15 10:10:57,626 - proctoring - DEBUG - [image_utils.py:43] - Decoded base64 data length: 16666
2025-04-15 10:10:57,627 - proctoring - INFO - [detection_service.py:16] - Processing new frame
2025-04-15 10:10:57,638 - proctoring - INFO - [detection_service.py:34] - Face detection found 1 events
2025-04-15 10:10:57,651 - proctoring - DEBUG - [detection_service.py:37] - No Face Mesh detections
2025-04-15 10:10:57,655 - proctoring - DEBUG - [detection_service.py:37] - No Hand detections
2025-04-15 10:10:57,730 - proctoring - DEBUG - [detection_service.py:37] - No YOLO detections
2025-04-15 10:10:57,731 - proctoring - INFO - [detection_service.py:42] - Total events detected: 1
2025-04-15 10:10:57,731 - proctoring - INFO - [log_service.py:12] - Attempting to store 1 logs for user 1
2025-04-15 10:10:57,731 - proctoring - DEBUG - [log_service.py:26] - Created log entry: {'time': '2025-04-15 10:10:57.627245', 'event': 'Face detected', 'event_type': 'face_detected'}
2025-04-15 10:10:57,732 - proctoring - INFO - [log_service.py:40] - Successfully stored 1 logs
2025-04-15 10:10:57,733 - proctoring - DEBUG - [image_utils.py:43] - Decoded base64 data length: 16903
2025-04-15 10:10:57,734 - proctoring - INFO - [detection_service.py:16] - Processing new frame
2025-04-15 10:10:57,746 - proctoring - INFO - [detection_service.py:34] - Face detection found 1 events
2025-04-15 10:10:57,759 - proctoring - DEBUG - [detection_service.py:37] - No Face Mesh detections
2025-04-15 10:10:57,762 - proctoring - DEBUG - [detection_service.py:37] - No Hand detections
2025-04-15 10:10:57,832 - proctoring - DEBUG - [detection_service.py:37] - No YOLO detections
2025-04-15 10:10:57,832 - proctoring - INFO - [detection_service.py:42] - Total events detected: 1
2025-04-15 10:10:57,832 - proctoring - INFO - [log_service.py:12] - Attempting to store 1 logs for user 1
2025-04-15 10:10:57,832 - proctoring - DEBUG - [log_service.py:26] - Created log entry: {'time': '2025-04-15 10:10:57.734144', 'event': 'Face detected', 'event_type': 'face_detected'}
2025-04-15 10:10:57,834 - proctoring - INFO - [log_service.py:40] - Successfully stored 1 logs
2025-04-15 10:10:57,841 - proctoring - DEBUG - [image_utils.py:43] - Decoded base64 data length: 17386
2025-04-15 10:10:57,842 - proctoring - INFO - [detection_service.py:16] - Processing new frame
2025-04-15 10:10:57,854 - proctoring - INFO - [detection_service.py:34] - Face detection found 1 events
2025-04-15 10:10:57,866 - proctoring - DEBUG - [detection_service.py:37] - No Face Mesh detections
2025-04-15 10:10:57,871 - proctoring - DEBUG - [detection_service.py:37] - No Hand detections
2025-04-15 10:10:57,941 - proctoring - DEBUG - [detection_service.py:37] - No YOLO detections
2025-04-15 10:10:57,941 - proctoring - INFO - [detection_service.py:42] - Total events detected: 1
2025-04-15 10:10:57,941 - proctoring - INFO - [log_service.py:12] - Attempting to store 1 logs for user 1
2025-04-15 10:10:57,941 - proctoring - DEBUG - [log_service.py:26] - Created log entry: {'time': '2025-04-15 10:10:57.842130', 'event': 'Face detected', 'event_type': 'face_detected'}
2025-04-15 10:10:57,943 - proctoring - INFO - [log_service.py:40] - Successfully stored 1 logs
2025-04-15 10:10:57,947 - proctoring - DEBUG - [image_utils.py:43] - Decoded base64 data length: 17877
2025-04-15 10:10:57,948 - proctoring - INFO - [detection_service.py:16] - Processing new frame
2025-04-15 10:10:57,959 - proctoring - INFO - [detection_service.py:34] - Face detection found 1 events
2025-04-15 10:10:57,973 - proctoring - DEBUG - [detection_service.py:37] - No Face Mesh detections
2025-04-15 10:10:57,976 - proctoring - DEBUG - [detection_service.py:37] - No Hand detections
2025-04-15 10:10:58,032 - proctoring - DEBUG - [detection_service.py:37] - No YOLO detections
2025-04-15 10:10:58,032 - proctoring - INFO - [detection_service.py:42] - Total events detected: 1
2025-04-15 10:10:58,032 - proctoring - INFO - [log_service.py:12] - Attempting to store 1 logs for user 1
2025-04-15 10:10:58,032 - proctoring - DEBUG - [log_service.py:26] - Created log entry: {'time': '2025-04-15 10:10:57.948217', 'event': 'Face detected', 'event_type': 'face_detected'}
2025-04-15 10:10:58,033 - proctoring - INFO - [log_service.py:40] - Successfully stored 1 logs
2025-04-15 10:10:58,053 - proctoring - DEBUG - [image_utils.py:43] - Decoded base64 data length: 18411
2025-04-15 10:10:58,054 - proctoring - INFO - [detection_service.py:16] - Processing new frame
2025-04-15 10:10:58,065 - proctoring - INFO - [detection_service.py:34] - Face detection found 1 events
2025-04-15 10:10:58,075 - proctoring - DEBUG - [detection_service.py:37] - No Face Mesh detections
2025-04-15 10:10:58,191 - proctoring - DEBUG - [detection_service.py:37] - No Hand detections
2025-04-15 10:10:58,257 - proctoring - DEBUG - [detection_service.py:37] - No YOLO detections
2025-04-15 10:10:58,257 - proctoring - INFO - [detection_service.py:42] - Total events detected: 1
2025-04-15 10:10:58,257 - proctoring - INFO - [log_service.py:12] - Attempting to store 1 logs for user 1
2025-04-15 10:10:58,257 - proctoring - DEBUG - [log_service.py:26] - Created log entry: {'time': '2025-04-15 10:10:58.054255', 'event': 'Face detected', 'event_type': 'face_detected'}
2025-04-15 10:10:58,258 - proctoring - INFO - [log_service.py:40] - Successfully stored 1 logs
2025-04-15 10:10:58,260 - proctoring - DEBUG - [image_utils.py:43] - Decoded base64 data length: 18686
2025-04-15 10:10:58,260 - proctoring - INFO - [detection_service.py:16] - Processing new frame
2025-04-15 10:10:58,270 - proctoring - INFO - [detection_service.py:34] - Face detection found 1 events
2025-04-15 10:10:58,283 - proctoring - DEBUG - [detection_service.py:37] - No Face Mesh detections
2025-04-15 10:10:58,286 - proctoring - DEBUG - [detection_service.py:37] - No Hand detections
2025-04-15 10:10:58,354 - proctoring - DEBUG - [detection_service.py:37] - No YOLO detections
2025-04-15 10:10:58,354 - proctoring - INFO - [detection_service.py:42] - Total events detected: 1
2025-04-15 10:10:58,354 - proctoring - INFO - [log_service.py:12] - Attempting to store 1 logs for user 1
2025-04-15 10:10:58,354 - proctoring - DEBUG - [log_service.py:26] - Created log entry: {'time': '2025-04-15 10:10:58.260828', 'event': 'Face detected', 'event_type': 'face_detected'}
2025-04-15 10:10:58,355 - proctoring - INFO - [log_service.py:40] - Successfully stored 1 logs
2025-04-15 10:10:58,357 - proctoring - DEBUG - [image_utils.py:43] - Decoded base64 data length: 19216
2025-04-15 10:10:58,357 - proctoring - INFO - [detection_service.py:16] - Processing new frame
2025-04-15 10:10:58,369 - proctoring - INFO - [detection_service.py:34] - Face detection found 1 events
2025-04-15 10:10:58,380 - proctoring - DEBUG - [detection_service.py:37] - No Face Mesh detections
2025-04-15 10:10:58,383 - proctoring - DEBUG - [detection_service.py:37] - No Hand detections
2025-04-15 10:10:58,447 - proctoring - DEBUG - [detection_service.py:37] - No YOLO detections
2025-04-15 10:10:58,447 - proctoring - INFO - [detection_service.py:42] - Total events detected: 1
2025-04-15 10:10:58,447 - proctoring - INFO - [log_service.py:12] - Attempting to store 1 logs for user 1
2025-04-15 10:10:58,447 - proctoring - DEBUG - [log_service.py:26] - Created log entry: {'time': '2025-04-15 10:10:58.357562', 'event': 'Face detected', 'event_type': 'face_detected'}
2025-04-15 10:10:58,448 - proctoring - INFO - [log_service.py:40] - Successfully stored 1 logs
2025-04-15 10:10:58,449 - proctoring - DEBUG - [image_utils.py:43] - Decoded base64 data length: 18879
2025-04-15 10:10:58,450 - proctoring - INFO - [detection_service.py:16] - Processing new frame
2025-04-15 10:10:58,463 - proctoring - INFO - [detection_service.py:34] - Face detection found 1 events
2025-04-15 10:10:58,474 - proctoring - INFO - [detection_service.py:34] - Face Mesh detection found 1 events
2025-04-15 10:10:58,477 - proctoring - DEBUG - [detection_service.py:37] - No Hand detections
2025-04-15 10:10:58,546 - proctoring - DEBUG - [detection_service.py:37] - No YOLO detections
2025-04-15 10:10:58,546 - proctoring - INFO - [detection_service.py:42] - Total events detected: 2
2025-04-15 10:10:58,546 - proctoring - INFO - [log_service.py:12] - Attempting to store 2 logs for user 1
2025-04-15 10:10:58,546 - proctoring - DEBUG - [log_service.py:26] - Created log entry: {'time': '2025-04-15 10:10:58.450430', 'event': 'Face detected', 'event_type': 'face_detected'}
2025-04-15 10:10:58,546 - proctoring - DEBUG - [log_service.py:26] - Created log entry: {'time': '2025-04-15 10:10:58.454750', 'event': 'Mouth movement detected'}
2025-04-15 10:10:58,547 - proctoring - INFO - [log_service.py:40] - Successfully stored 2 logs
2025-04-15 10:10:58,549 - proctoring - DEBUG - [image_utils.py:43] - Decoded base64 data length: 18829
2025-04-15 10:10:58,549 - proctoring - INFO - [detection_service.py:16] - Processing new frame
2025-04-15 10:10:58,562 - proctoring - INFO - [detection_service.py:34] - Face detection found 1 events
2025-04-15 10:10:58,572 - proctoring - INFO - [detection_service.py:34] - Face Mesh detection found 1 events
2025-04-15 10:10:58,577 - proctoring - DEBUG - [detection_service.py:37] - No Hand detections
2025-04-15 10:10:58,643 - proctoring - DEBUG - [detection_service.py:37] - No YOLO detections
2025-04-15 10:10:58,643 - proctoring - INFO - [detection_service.py:42] - Total events detected: 2
2025-04-15 10:10:58,643 - proctoring - INFO - [log_service.py:12] - Attempting to store 2 logs for user 1
2025-04-15 10:10:58,643 - proctoring - DEBUG - [log_service.py:26] - Created log entry: {'time': '2025-04-15 10:10:58.549968', 'event': 'Face detected', 'event_type': 'face_detected'}
2025-04-15 10:10:58,643 - proctoring - DEBUG - [log_service.py:26] - Created log entry: {'time': '2025-04-15 10:10:58.554385', 'event': 'Mouth movement detected'}
2025-04-15 10:10:58,645 - proctoring - INFO - [log_service.py:40] - Successfully stored 2 logs
2025-04-15 10:10:58,646 - proctoring - DEBUG - [image_utils.py:43] - Decoded base64 data length: 19054
2025-04-15 10:10:58,647 - proctoring - INFO - [detection_service.py:16] - Processing new frame
2025-04-15 10:10:58,657 - proctoring - INFO - [detection_service.py:34] - Face detection found 1 events
2025-04-15 10:10:58,671 - proctoring - INFO - [detection_service.py:34] - Face Mesh detection found 1 events
2025-04-15 10:10:58,672 - proctoring - DEBUG - [detection_service.py:37] - No Hand detections
2025-04-15 10:10:58,740 - proctoring - DEBUG - [detection_service.py:37] - No YOLO detections
2025-04-15 10:10:58,740 - proctoring - INFO - [detection_service.py:42] - Total events detected: 2
2025-04-15 10:10:58,740 - proctoring - INFO - [log_service.py:12] - Attempting to store 2 logs for user 1
2025-04-15 10:10:58,740 - proctoring - DEBUG - [log_service.py:26] - Created log entry: {'time': '2025-04-15 10:10:58.647359', 'event': 'Face detected', 'event_type': 'face_detected'}
2025-04-15 10:10:58,740 - proctoring - DEBUG - [log_service.py:26] - Created log entry: {'time': '2025-04-15 10:10:58.651194', 'event': 'Mouth movement detected'}
2025-04-15 10:10:58,741 - proctoring - INFO - [log_service.py:40] - Successfully stored 2 logs
2025-04-15 10:10:58,743 - proctoring - DEBUG - [image_utils.py:43] - Decoded base64 data length: 18981
2025-04-15 10:10:58,744 - proctoring - INFO - [detection_service.py:16] - Processing new frame
2025-04-15 10:10:58,754 - proctoring - INFO - [detection_service.py:34] - Face detection found 1 events
2025-04-15 10:10:58,764 - proctoring - INFO - [detection_service.py:34] - Face Mesh detection found 1 events
2025-04-15 10:10:58,771 - proctoring - DEBUG - [detection_service.py:37] - No Hand detections
2025-04-15 10:10:58,840 - proctoring - DEBUG - [detection_service.py:37] - No YOLO detections
2025-04-15 10:10:58,840 - proctoring - INFO - [detection_service.py:42] - Total events detected: 2
2025-04-15 10:10:58,840 - proctoring - INFO - [log_service.py:12] - Attempting to store 2 logs for user 1
2025-04-15 10:10:58,840 - proctoring - DEBUG - [log_service.py:26] - Created log entry: {'time': '2025-04-15 10:10:58.744151', 'event': 'Face detected', 'event_type': 'face_detected'}
2025-04-15 10:10:58,840 - proctoring - DEBUG - [log_service.py:26] - Created log entry: {'time': '2025-04-15 10:10:58.747752', 'event': 'Mouth movement detected'}
2025-04-15 10:10:58,841 - proctoring - INFO - [log_service.py:40] - Successfully stored 2 logs
2025-04-15 10:10:58,843 - proctoring - DEBUG - [image_utils.py:43] - Decoded base64 data length: 19230
2025-04-15 10:10:58,844 - proctoring - INFO - [detection_service.py:16] - Processing new frame
2025-04-15 10:10:58,854 - proctoring - INFO - [detection_service.py:34] - Face detection found 1 events
2025-04-15 10:10:58,866 - proctoring - INFO - [detection_service.py:34] - Face Mesh detection found 1 events
2025-04-15 10:10:58,870 - proctoring - DEBUG - [detection_service.py:37] - No Hand detections
2025-04-15 10:10:58,931 - proctoring - DEBUG - [detection_service.py:37] - No YOLO detections
2025-04-15 10:10:58,931 - proctoring - INFO - [detection_service.py:42] - Total events detected: 2
2025-04-15 10:10:58,931 - proctoring - INFO - [log_service.py:12] - Attempting to store 2 logs for user 1
2025-04-15 10:10:58,931 - proctoring - DEBUG - [log_service.py:26] - Created log entry: {'time': '2025-04-15 10:10:58.844076', 'event': 'Face detected', 'event_type': 'face_detected'}
2025-04-15 10:10:58,931 - proctoring - DEBUG - [log_service.py:26] - Created log entry: {'time': '2025-04-15 10:10:58.847734', 'event': 'Mouth movement detected'}
2025-04-15 10:10:58,933 - proctoring - INFO - [log_service.py:40] - Successfully stored 2 logs
2025-04-15 10:10:58,934 - proctoring - DEBUG - [image_utils.py:43] - Decoded base64 data length: 19526
2025-04-15 10:10:58,935 - proctoring - INFO - [detection_service.py:16] - Processing new frame
2025-04-15 10:10:58,945 - proctoring - INFO - [detection_service.py:34] - Face detection found 1 events
2025-04-15 10:10:58,955 - proctoring - INFO - [detection_service.py:34] - Face Mesh detection found 1 events
2025-04-15 10:10:58,961 - proctoring - DEBUG - [detection_service.py:37] - No Hand detections
2025-04-15 10:10:59,029 - proctoring - DEBUG - [detection_service.py:37] - No YOLO detections
2025-04-15 10:10:59,029 - proctoring - INFO - [detection_service.py:42] - Total events detected: 2
2025-04-15 10:10:59,029 - proctoring - INFO - [log_service.py:12] - Attempting to store 2 logs for user 1
2025-04-15 10:10:59,029 - proctoring - DEBUG - [log_service.py:26] - Created log entry: {'time': '2025-04-15 10:10:58.935306', 'event': 'Face detected', 'event_type': 'face_detected'}
2025-04-15 10:10:59,029 - proctoring - DEBUG - [log_service.py:26] - Created log entry: {'time': '2025-04-15 10:10:58.938990', 'event': 'Mouth movement detected'}
2025-04-15 10:10:59,030 - proctoring - INFO - [log_service.py:40] - Successfully stored 2 logs
2025-04-15 10:10:59,032 - proctoring - DEBUG - [image_utils.py:43] - Decoded base64 data length: 19810
2025-04-15 10:10:59,032 - proctoring - INFO - [detection_service.py:16] - Processing new frame
2025-04-15 10:10:59,042 - proctoring - INFO - [detection_service.py:34] - Face detection found 1 events
2025-04-15 10:10:59,054 - proctoring - INFO - [detection_service.py:34] - Face Mesh detection found 1 events
2025-04-15 10:10:59,057 - proctoring - DEBUG - [detection_service.py:37] - No Hand detections
2025-04-15 10:10:59,118 - proctoring - DEBUG - [detection_service.py:37] - No YOLO detections
2025-04-15 10:10:59,118 - proctoring - INFO - [detection_service.py:42] - Total events detected: 2
2025-04-15 10:10:59,119 - proctoring - INFO - [log_service.py:12] - Attempting to store 2 logs for user 1
2025-04-15 10:10:59,119 - proctoring - DEBUG - [log_service.py:26] - Created log entry: {'time': '2025-04-15 10:10:59.033015', 'event': 'Face detected', 'event_type': 'face_detected'}
2025-04-15 10:10:59,119 - proctoring - DEBUG - [log_service.py:26] - Created log entry: {'time': '2025-04-15 10:10:59.036892', 'event': 'Mouth movement detected'}
2025-04-15 10:10:59,121 - proctoring - INFO - [log_service.py:40] - Successfully stored 2 logs
2025-04-15 10:10:59,124 - proctoring - DEBUG - [image_utils.py:43] - Decoded base64 data length: 19897
2025-04-15 10:10:59,124 - proctoring - INFO - [detection_service.py:16] - Processing new frame
2025-04-15 10:10:59,134 - proctoring - INFO - [detection_service.py:34] - Face detection found 1 events
2025-04-15 10:10:59,144 - proctoring - INFO - [detection_service.py:34] - Face Mesh detection found 1 events
2025-04-15 10:10:59,157 - proctoring - DEBUG - [detection_service.py:37] - No Hand detections
2025-04-15 10:10:59,218 - proctoring - DEBUG - [detection_service.py:37] - No YOLO detections
2025-04-15 10:10:59,218 - proctoring - INFO - [detection_service.py:42] - Total events detected: 2
2025-04-15 10:10:59,218 - proctoring - INFO - [log_service.py:12] - Attempting to store 2 logs for user 1
2025-04-15 10:10:59,218 - proctoring - DEBUG - [log_service.py:26] - Created log entry: {'time': '2025-04-15 10:10:59.125074', 'event': 'Face detected', 'event_type': 'face_detected'}
2025-04-15 10:10:59,218 - proctoring - DEBUG - [log_service.py:26] - Created log entry: {'time': '2025-04-15 10:10:59.128925', 'event': 'Mouth movement detected'}
2025-04-15 10:10:59,219 - proctoring - INFO - [log_service.py:40] - Successfully stored 2 logs
2025-04-15 10:10:59,230 - proctoring - DEBUG - [image_utils.py:43] - Decoded base64 data length: 19811
2025-04-15 10:10:59,231 - proctoring - INFO - [detection_service.py:16] - Processing new frame
2025-04-15 10:10:59,242 - proctoring - INFO - [detection_service.py:34] - Face detection found 1 events
2025-04-15 10:10:59,253 - proctoring - INFO - [detection_service.py:34] - Face Mesh detection found 1 events
2025-04-15 10:10:59,256 - proctoring - DEBUG - [detection_service.py:37] - No Hand detections
2025-04-15 10:10:59,334 - proctoring - DEBUG - [detection_service.py:37] - No YOLO detections
2025-04-15 10:10:59,334 - proctoring - INFO - [detection_service.py:42] - Total events detected: 2
2025-04-15 10:10:59,334 - proctoring - INFO - [log_service.py:12] - Attempting to store 2 logs for user 1
2025-04-15 10:10:59,334 - proctoring - DEBUG - [log_service.py:26] - Created log entry: {'time': '2025-04-15 10:10:59.231546', 'event': 'Face detected', 'event_type': 'face_detected'}
2025-04-15 10:10:59,334 - proctoring - DEBUG - [log_service.py:26] - Created log entry: {'time': '2025-04-15 10:10:59.234984', 'event': 'Mouth movement detected'}
2025-04-15 10:10:59,336 - proctoring - INFO - [log_service.py:40] - Successfully stored 2 logs
2025-04-15 10:10:59,338 - proctoring - INFO - [main.py:177] - Client initiated disconnect for user 1
2025-04-15 10:10:59,339 - proctoring - INFO - [main.py:217] - Cleaning up connection for user 1
2025-04-15 10:10:59,339 - proctoring - INFO - [exam.py:158] - Closed WebSocket connection for user 1
2025-04-15 10:11:07,909 - proctoring - INFO - [exam.py:384] - Cleared 194 logs for user 1
2025-04-15 11:15:42,405 - proctoring - INFO - [database.py:13] - Using database: localhost:3306/Proctoring_AI
2025-04-15 11:15:48,083 - proctoring - INFO - [mediapipe_config.py:14] - MediaPipe configured for CPU-only mode
2025-04-15 11:15:48,083 - proctoring - INFO - [main.py:68] - MediaPipe configured successfully
2025-04-15 11:15:48,124 - proctoring - INFO - [main.py:74] - Database connection test successful
2025-04-15 11:15:48,128 - proctoring - INFO - [main.py:81] - Database initialized successfully
2025-04-15 11:15:48,142 - proctoring - INFO - [main.py:86] - YOLO model loaded successfully
2025-04-15 11:35:56,699 - proctoring - INFO - [database.py:13] - Using database: localhost:3306/Proctoring_AI
2025-04-15 11:36:00,055 - proctoring - INFO - [mediapipe_config.py:14] - MediaPipe configured for CPU-only mode
2025-04-15 11:36:00,055 - proctoring - INFO - [main.py:68] - MediaPipe configured successfully
2025-04-15 11:36:00,096 - proctoring - INFO - [main.py:74] - Database connection test successful
2025-04-15 11:36:00,100 - proctoring - INFO - [main.py:81] - Database initialized successfully
2025-04-15 11:36:00,114 - proctoring - INFO - [main.py:86] - YOLO model loaded successfully
2025-04-15 11:36:34,141 - proctoring - INFO - [auth.py:189] - Comparing face against 2 users
2025-04-15 11:36:35,395 - proctoring - INFO - [face_auth.py:48] - Face comparison: distance=0.111, threshold=0.6, verified=True
2025-04-15 11:36:35,395 - proctoring - INFO - [auth.py:200] - Face comparison with sharath@gmail.com: confidence=88.92
2025-04-15 11:36:35,798 - proctoring - INFO - [face_auth.py:48] - Face comparison: distance=0.336, threshold=0.6, verified=True
2025-04-15 11:36:35,799 - proctoring - INFO - [auth.py:200] - Face comparison with poojas410@gmail.com: confidence=66.36
2025-04-15 11:36:35,799 - proctoring - INFO - [auth.py:208] - Face login successful for sharath@gmail.com with confidence 88.92
2025-04-15 11:36:37,106 - proctoring - INFO - [main.py:133] - WebSocket connection attempt for user 1
2025-04-15 11:36:37,108 - proctoring - INFO - [connection.py:31] - WebSocket connection accepted for user 1
2025-04-15 11:36:37,108 - proctoring - INFO - [main.py:162] - WebSocket connection established for user 1
2025-04-15 11:36:37,114 - proctoring - DEBUG - [image_utils.py:43] - Decoded base64 data length: 21408
2025-04-15 11:36:37,115 - proctoring - INFO - [detection_service.py:16] - Processing new frame
2025-04-15 11:36:37,129 - proctoring - INFO - [detection_service.py:34] - Face detection found 1 events
2025-04-15 11:36:37,143 - proctoring - INFO - [detection_service.py:34] - Face Mesh detection found 1 events
2025-04-15 11:36:37,146 - proctoring - DEBUG - [detection_service.py:37] - No Hand detections
2025-04-15 11:36:37,660 - proctoring - DEBUG - [detection_service.py:37] - No YOLO detections
2025-04-15 11:36:37,660 - proctoring - INFO - [detection_service.py:42] - Total events detected: 2
2025-04-15 11:36:37,660 - proctoring - INFO - [log_service.py:12] - Attempting to store 2 logs for user 1
2025-04-15 11:36:37,660 - proctoring - DEBUG - [log_service.py:26] - Created log entry: {'time': '2025-04-15 11:36:37.115220', 'event': 'Face detected', 'event_type': 'face_detected'}
2025-04-15 11:36:37,660 - proctoring - DEBUG - [log_service.py:26] - Created log entry: {'time': '2025-04-15 11:36:37.121891', 'event': 'Eye movement detected'}
2025-04-15 11:36:37,663 - proctoring - INFO - [log_service.py:40] - Successfully stored 2 logs
2025-04-15 11:36:37,666 - proctoring - DEBUG - [image_utils.py:43] - Decoded base64 data length: 21415
2025-04-15 11:36:37,666 - proctoring - INFO - [detection_service.py:16] - Processing new frame
2025-04-15 11:36:37,678 - proctoring - INFO - [detection_service.py:34] - Face detection found 1 events
2025-04-15 11:36:37,690 - proctoring - INFO - [detection_service.py:34] - Face Mesh detection found 1 events
2025-04-15 11:36:37,694 - proctoring - DEBUG - [detection_service.py:37] - No Hand detections
2025-04-15 11:36:37,762 - proctoring - DEBUG - [detection_service.py:37] - No YOLO detections
2025-04-15 11:36:37,762 - proctoring - INFO - [detection_service.py:42] - Total events detected: 2
2025-04-15 11:36:37,762 - proctoring - INFO - [log_service.py:12] - Attempting to store 2 logs for user 1
2025-04-15 11:36:37,762 - proctoring - DEBUG - [log_service.py:26] - Created log entry: {'time': '2025-04-15 11:36:37.666988', 'event': 'Face detected', 'event_type': 'face_detected'}
2025-04-15 11:36:37,762 - proctoring - DEBUG - [log_service.py:26] - Created log entry: {'time': '2025-04-15 11:36:37.670625', 'event': 'Eye movement detected'}
2025-04-15 11:36:37,764 - proctoring - INFO - [log_service.py:40] - Successfully stored 2 logs
2025-04-15 11:36:37,766 - proctoring - DEBUG - [image_utils.py:43] - Decoded base64 data length: 21498
2025-04-15 11:36:37,766 - proctoring - INFO - [detection_service.py:16] - Processing new frame
2025-04-15 11:36:37,776 - proctoring - INFO - [detection_service.py:34] - Face detection found 1 events
2025-04-15 11:36:37,790 - proctoring - INFO - [detection_service.py:34] - Face Mesh detection found 1 events
2025-04-15 11:36:37,794 - proctoring - DEBUG - [detection_service.py:37] - No Hand detections
2025-04-15 11:36:37,865 - proctoring - DEBUG - [detection_service.py:37] - No YOLO detections
2025-04-15 11:36:37,865 - proctoring - INFO - [detection_service.py:42] - Total events detected: 2
2025-04-15 11:36:37,865 - proctoring - INFO - [log_service.py:12] - Attempting to store 2 logs for user 1
2025-04-15 11:36:37,865 - proctoring - DEBUG - [log_service.py:26] - Created log entry: {'time': '2025-04-15 11:36:37.766601', 'event': 'Face detected', 'event_type': 'face_detected'}
2025-04-15 11:36:37,865 - proctoring - DEBUG - [log_service.py:26] - Created log entry: {'time': '2025-04-15 11:36:37.769976', 'event': 'Eye movement detected'}
2025-04-15 11:36:37,867 - proctoring - INFO - [log_service.py:40] - Successfully stored 2 logs
2025-04-15 11:36:37,868 - proctoring - DEBUG - [image_utils.py:43] - Decoded base64 data length: 21550
2025-04-15 11:36:37,869 - proctoring - INFO - [detection_service.py:16] - Processing new frame
2025-04-15 11:36:37,879 - proctoring - INFO - [detection_service.py:34] - Face detection found 1 events
2025-04-15 11:36:37,893 - proctoring - INFO - [detection_service.py:34] - Face Mesh detection found 1 events
2025-04-15 11:36:37,895 - proctoring - DEBUG - [detection_service.py:37] - No Hand detections
2025-04-15 11:36:37,966 - proctoring - DEBUG - [detection_service.py:37] - No YOLO detections
2025-04-15 11:36:37,966 - proctoring - INFO - [detection_service.py:42] - Total events detected: 2
2025-04-15 11:36:37,966 - proctoring - INFO - [log_service.py:12] - Attempting to store 2 logs for user 1
2025-04-15 11:36:37,966 - proctoring - DEBUG - [log_service.py:26] - Created log entry: {'time': '2025-04-15 11:36:37.869596', 'event': 'Face detected', 'event_type': 'face_detected'}
2025-04-15 11:36:37,966 - proctoring - DEBUG - [log_service.py:26] - Created log entry: {'time': '2025-04-15 11:36:37.873252', 'event': 'Eye movement detected'}
2025-04-15 11:36:37,968 - proctoring - INFO - [log_service.py:40] - Successfully stored 2 logs
2025-04-15 11:36:37,970 - proctoring - DEBUG - [image_utils.py:43] - Decoded base64 data length: 21322
2025-04-15 11:36:37,970 - proctoring - INFO - [detection_service.py:16] - Processing new frame
2025-04-15 11:36:37,981 - proctoring - INFO - [detection_service.py:34] - Face detection found 1 events
2025-04-15 11:36:37,996 - proctoring - INFO - [detection_service.py:34] - Face Mesh detection found 1 events
2025-04-15 11:36:38,000 - proctoring - DEBUG - [detection_service.py:37] - No Hand detections
2025-04-15 11:36:38,073 - proctoring - DEBUG - [detection_service.py:37] - No YOLO detections
2025-04-15 11:36:38,073 - proctoring - INFO - [detection_service.py:42] - Total events detected: 2
2025-04-15 11:36:38,073 - proctoring - INFO - [log_service.py:12] - Attempting to store 2 logs for user 1
2025-04-15 11:36:38,073 - proctoring - DEBUG - [log_service.py:26] - Created log entry: {'time': '2025-04-15 11:36:37.970796', 'event': 'Face detected', 'event_type': 'face_detected'}
2025-04-15 11:36:38,073 - proctoring - DEBUG - [log_service.py:26] - Created log entry: {'time': '2025-04-15 11:36:37.975286', 'event': 'Eye movement detected'}
2025-04-15 11:36:38,074 - proctoring - INFO - [log_service.py:40] - Successfully stored 2 logs
2025-04-15 11:36:38,076 - proctoring - DEBUG - [image_utils.py:43] - Decoded base64 data length: 21124
2025-04-15 11:36:38,076 - proctoring - INFO - [detection_service.py:16] - Processing new frame
2025-04-15 11:36:38,086 - proctoring - INFO - [detection_service.py:34] - Face detection found 1 events
2025-04-15 11:36:38,100 - proctoring - INFO - [detection_service.py:34] - Face Mesh detection found 1 events
2025-04-15 11:36:38,104 - proctoring - DEBUG - [detection_service.py:37] - No Hand detections
2025-04-15 11:36:38,176 - proctoring - DEBUG - [detection_service.py:37] - No YOLO detections
2025-04-15 11:36:38,176 - proctoring - INFO - [detection_service.py:42] - Total events detected: 2
2025-04-15 11:36:38,176 - proctoring - INFO - [log_service.py:12] - Attempting to store 2 logs for user 1
2025-04-15 11:36:38,176 - proctoring - DEBUG - [log_service.py:26] - Created log entry: {'time': '2025-04-15 11:36:38.076976', 'event': 'Face detected', 'event_type': 'face_detected'}
2025-04-15 11:36:38,176 - proctoring - DEBUG - [log_service.py:26] - Created log entry: {'time': '2025-04-15 11:36:38.080500', 'event': 'Eye movement detected'}
2025-04-15 11:36:38,178 - proctoring - INFO - [log_service.py:40] - Successfully stored 2 logs
2025-04-15 11:36:38,180 - proctoring - DEBUG - [image_utils.py:43] - Decoded base64 data length: 21003
2025-04-15 11:36:38,181 - proctoring - INFO - [detection_service.py:16] - Processing new frame
2025-04-15 11:36:38,191 - proctoring - INFO - [detection_service.py:34] - Face detection found 1 events
2025-04-15 11:36:38,204 - proctoring - INFO - [detection_service.py:34] - Face Mesh detection found 1 events
2025-04-15 11:36:38,208 - proctoring - DEBUG - [detection_service.py:37] - No Hand detections
2025-04-15 11:36:38,272 - proctoring - DEBUG - [detection_service.py:37] - No YOLO detections
2025-04-15 11:36:38,272 - proctoring - INFO - [detection_service.py:42] - Total events detected: 2
2025-04-15 11:36:38,272 - proctoring - INFO - [log_service.py:12] - Attempting to store 2 logs for user 1
2025-04-15 11:36:38,272 - proctoring - DEBUG - [log_service.py:26] - Created log entry: {'time': '2025-04-15 11:36:38.181355', 'event': 'Face detected', 'event_type': 'face_detected'}
2025-04-15 11:36:38,272 - proctoring - DEBUG - [log_service.py:26] - Created log entry: {'time': '2025-04-15 11:36:38.185650', 'event': 'Eye movement detected'}
2025-04-15 11:36:38,273 - proctoring - INFO - [log_service.py:40] - Successfully stored 2 logs
2025-04-15 11:36:38,275 - proctoring - DEBUG - [image_utils.py:43] - Decoded base64 data length: 21061
2025-04-15 11:36:38,275 - proctoring - INFO - [detection_service.py:16] - Processing new frame
2025-04-15 11:36:38,286 - proctoring - INFO - [detection_service.py:34] - Face detection found 1 events
2025-04-15 11:36:38,300 - proctoring - INFO - [detection_service.py:34] - Face Mesh detection found 1 events
2025-04-15 11:36:38,303 - proctoring - DEBUG - [detection_service.py:37] - No Hand detections
2025-04-15 11:36:38,372 - proctoring - DEBUG - [detection_service.py:37] - No YOLO detections
2025-04-15 11:36:38,372 - proctoring - INFO - [detection_service.py:42] - Total events detected: 2
2025-04-15 11:36:38,372 - proctoring - INFO - [log_service.py:12] - Attempting to store 2 logs for user 1
2025-04-15 11:36:38,372 - proctoring - DEBUG - [log_service.py:26] - Created log entry: {'time': '2025-04-15 11:36:38.275909', 'event': 'Face detected', 'event_type': 'face_detected'}
2025-04-15 11:36:38,372 - proctoring - DEBUG - [log_service.py:26] - Created log entry: {'time': '2025-04-15 11:36:38.279554', 'event': 'Eye movement detected'}
2025-04-15 11:36:38,374 - proctoring - INFO - [log_service.py:40] - Successfully stored 2 logs
2025-04-15 11:36:38,375 - proctoring - DEBUG - [image_utils.py:43] - Decoded base64 data length: 21158
2025-04-15 11:36:38,376 - proctoring - INFO - [detection_service.py:16] - Processing new frame
2025-04-15 11:36:38,386 - proctoring - INFO - [detection_service.py:34] - Face detection found 1 events
2025-04-15 11:36:38,398 - proctoring - INFO - [detection_service.py:34] - Face Mesh detection found 1 events
2025-04-15 11:36:38,405 - proctoring - DEBUG - [detection_service.py:37] - No Hand detections
2025-04-15 11:36:38,478 - proctoring - DEBUG - [detection_service.py:37] - No YOLO detections
2025-04-15 11:36:38,478 - proctoring - INFO - [detection_service.py:42] - Total events detected: 2
2025-04-15 11:36:38,478 - proctoring - INFO - [log_service.py:12] - Attempting to store 2 logs for user 1
2025-04-15 11:36:38,478 - proctoring - DEBUG - [log_service.py:26] - Created log entry: {'time': '2025-04-15 11:36:38.376259', 'event': 'Face detected', 'event_type': 'face_detected'}
2025-04-15 11:36:38,478 - proctoring - DEBUG - [log_service.py:26] - Created log entry: {'time': '2025-04-15 11:36:38.380050', 'event': 'Eye movement detected'}
2025-04-15 11:36:38,480 - proctoring - INFO - [log_service.py:40] - Successfully stored 2 logs
2025-04-15 11:36:38,482 - proctoring - DEBUG - [image_utils.py:43] - Decoded base64 data length: 21330
2025-04-15 11:36:38,482 - proctoring - INFO - [detection_service.py:16] - Processing new frame
2025-04-15 11:36:38,493 - proctoring - INFO - [detection_service.py:34] - Face detection found 1 events
2025-04-15 11:36:38,504 - proctoring - INFO - [detection_service.py:34] - Face Mesh detection found 1 events
2025-04-15 11:36:38,511 - proctoring - DEBUG - [detection_service.py:37] - No Hand detections
2025-04-15 11:36:38,590 - proctoring - DEBUG - [detection_service.py:37] - No YOLO detections
2025-04-15 11:36:38,590 - proctoring - INFO - [detection_service.py:42] - Total events detected: 2
2025-04-15 11:36:38,590 - proctoring - INFO - [log_service.py:12] - Attempting to store 2 logs for user 1
2025-04-15 11:36:38,590 - proctoring - DEBUG - [log_service.py:26] - Created log entry: {'time': '2025-04-15 11:36:38.482857', 'event': 'Face detected', 'event_type': 'face_detected'}
2025-04-15 11:36:38,590 - proctoring - DEBUG - [log_service.py:26] - Created log entry: {'time': '2025-04-15 11:36:38.487420', 'event': 'Eye movement detected'}
2025-04-15 11:36:38,592 - proctoring - INFO - [log_service.py:40] - Successfully stored 2 logs
2025-04-15 11:36:38,595 - proctoring - DEBUG - [image_utils.py:43] - Decoded base64 data length: 21424
2025-04-15 11:36:38,595 - proctoring - INFO - [detection_service.py:16] - Processing new frame
2025-04-15 11:36:38,605 - proctoring - INFO - [detection_service.py:34] - Face detection found 1 events
2025-04-15 11:36:38,620 - proctoring - INFO - [detection_service.py:34] - Face Mesh detection found 1 events
2025-04-15 11:36:38,622 - proctoring - DEBUG - [detection_service.py:37] - No Hand detections
2025-04-15 11:36:38,691 - proctoring - DEBUG - [detection_service.py:37] - No YOLO detections
2025-04-15 11:36:38,691 - proctoring - INFO - [detection_service.py:42] - Total events detected: 2
2025-04-15 11:36:38,691 - proctoring - INFO - [log_service.py:12] - Attempting to store 2 logs for user 1
2025-04-15 11:36:38,691 - proctoring - DEBUG - [log_service.py:26] - Created log entry: {'time': '2025-04-15 11:36:38.595636', 'event': 'Face detected', 'event_type': 'face_detected'}
2025-04-15 11:36:38,691 - proctoring - DEBUG - [log_service.py:26] - Created log entry: {'time': '2025-04-15 11:36:38.599244', 'event': 'Eye movement detected'}
2025-04-15 11:36:38,693 - proctoring - INFO - [log_service.py:40] - Successfully stored 2 logs
2025-04-15 11:36:38,695 - proctoring - DEBUG - [image_utils.py:43] - Decoded base64 data length: 21261
2025-04-15 11:36:38,695 - proctoring - INFO - [detection_service.py:16] - Processing new frame
2025-04-15 11:36:38,704 - proctoring - INFO - [detection_service.py:34] - Face detection found 1 events
2025-04-15 11:36:38,718 - proctoring - INFO - [detection_service.py:34] - Face Mesh detection found 1 events
2025-04-15 11:36:38,722 - proctoring - DEBUG - [detection_service.py:37] - No Hand detections
2025-04-15 11:36:38,795 - proctoring - DEBUG - [detection_service.py:37] - No YOLO detections
2025-04-15 11:36:38,796 - proctoring - INFO - [detection_service.py:42] - Total events detected: 2
2025-04-15 11:36:38,796 - proctoring - INFO - [log_service.py:12] - Attempting to store 2 logs for user 1
2025-04-15 11:36:38,796 - proctoring - DEBUG - [log_service.py:26] - Created log entry: {'time': '2025-04-15 11:36:38.695545', 'event': 'Face detected', 'event_type': 'face_detected'}
2025-04-15 11:36:38,796 - proctoring - DEBUG - [log_service.py:26] - Created log entry: {'time': '2025-04-15 11:36:38.698843', 'event': 'Eye movement detected'}
2025-04-15 11:36:38,797 - proctoring - INFO - [log_service.py:40] - Successfully stored 2 logs
2025-04-15 11:36:38,799 - proctoring - DEBUG - [image_utils.py:43] - Decoded base64 data length: 21229
2025-04-15 11:36:38,799 - proctoring - INFO - [detection_service.py:16] - Processing new frame
2025-04-15 11:36:38,810 - proctoring - INFO - [detection_service.py:34] - Face detection found 1 events
2025-04-15 11:36:38,824 - proctoring - INFO - [detection_service.py:34] - Face Mesh detection found 1 events
2025-04-15 11:36:38,828 - proctoring - DEBUG - [detection_service.py:37] - No Hand detections
2025-04-15 11:36:38,898 - proctoring - DEBUG - [detection_service.py:37] - No YOLO detections
2025-04-15 11:36:38,898 - proctoring - INFO - [detection_service.py:42] - Total events detected: 2
2025-04-15 11:36:38,898 - proctoring - INFO - [log_service.py:12] - Attempting to store 2 logs for user 1
2025-04-15 11:36:38,898 - proctoring - DEBUG - [log_service.py:26] - Created log entry: {'time': '2025-04-15 11:36:38.799742', 'event': 'Face detected', 'event_type': 'face_detected'}
2025-04-15 11:36:38,898 - proctoring - DEBUG - [log_service.py:26] - Created log entry: {'time': '2025-04-15 11:36:38.803239', 'event': 'Eye movement detected'}
2025-04-15 11:36:38,900 - proctoring - INFO - [log_service.py:40] - Successfully stored 2 logs
2025-04-15 11:36:38,902 - proctoring - DEBUG - [image_utils.py:43] - Decoded base64 data length: 21065
2025-04-15 11:36:38,902 - proctoring - INFO - [detection_service.py:16] - Processing new frame
2025-04-15 11:36:38,912 - proctoring - INFO - [detection_service.py:34] - Face detection found 1 events
2025-04-15 11:36:38,928 - proctoring - INFO - [detection_service.py:34] - Face Mesh detection found 1 events
2025-04-15 11:36:38,930 - proctoring - DEBUG - [detection_service.py:37] - No Hand detections
2025-04-15 11:36:39,006 - proctoring - DEBUG - [detection_service.py:37] - No YOLO detections
2025-04-15 11:36:39,006 - proctoring - INFO - [detection_service.py:42] - Total events detected: 2
2025-04-15 11:36:39,006 - proctoring - INFO - [log_service.py:12] - Attempting to store 2 logs for user 1
2025-04-15 11:36:39,006 - proctoring - DEBUG - [log_service.py:26] - Created log entry: {'time': '2025-04-15 11:36:38.902948', 'event': 'Face detected', 'event_type': 'face_detected'}
2025-04-15 11:36:39,006 - proctoring - DEBUG - [log_service.py:26] - Created log entry: {'time': '2025-04-15 11:36:38.907053', 'event': 'Eye movement detected'}
2025-04-15 11:36:39,008 - proctoring - INFO - [log_service.py:40] - Successfully stored 2 logs
2025-04-15 11:36:39,010 - proctoring - DEBUG - [image_utils.py:43] - Decoded base64 data length: 21031
2025-04-15 11:36:39,011 - proctoring - INFO - [detection_service.py:16] - Processing new frame
2025-04-15 11:36:39,021 - proctoring - INFO - [detection_service.py:34] - Face detection found 1 events
2025-04-15 11:36:39,033 - proctoring - INFO - [detection_service.py:34] - Face Mesh detection found 1 events
2025-04-15 11:36:39,037 - proctoring - DEBUG - [detection_service.py:37] - No Hand detections
2025-04-15 11:36:39,108 - proctoring - DEBUG - [detection_service.py:37] - No YOLO detections
2025-04-15 11:36:39,108 - proctoring - INFO - [detection_service.py:42] - Total events detected: 2
2025-04-15 11:36:39,108 - proctoring - INFO - [log_service.py:12] - Attempting to store 2 logs for user 1
2025-04-15 11:36:39,108 - proctoring - DEBUG - [log_service.py:26] - Created log entry: {'time': '2025-04-15 11:36:39.011177', 'event': 'Face detected', 'event_type': 'face_detected'}
2025-04-15 11:36:39,108 - proctoring - DEBUG - [log_service.py:26] - Created log entry: {'time': '2025-04-15 11:36:39.014713', 'event': 'Eye movement detected'}
2025-04-15 11:36:39,110 - proctoring - INFO - [log_service.py:40] - Successfully stored 2 logs
2025-04-15 11:36:39,111 - proctoring - DEBUG - [image_utils.py:43] - Decoded base64 data length: 20995
2025-04-15 11:36:39,112 - proctoring - INFO - [detection_service.py:16] - Processing new frame
2025-04-15 11:36:39,123 - proctoring - INFO - [detection_service.py:34] - Face detection found 1 events
2025-04-15 11:36:39,136 - proctoring - DEBUG - [detection_service.py:37] - No Hand detections
2025-04-15 11:36:39,139 - proctoring - INFO - [detection_service.py:34] - Face Mesh detection found 1 events
2025-04-15 11:36:39,211 - proctoring - DEBUG - [detection_service.py:37] - No YOLO detections
2025-04-15 11:36:39,211 - proctoring - INFO - [detection_service.py:42] - Total events detected: 2
2025-04-15 11:36:39,211 - proctoring - INFO - [log_service.py:12] - Attempting to store 2 logs for user 1
2025-04-15 11:36:39,211 - proctoring - DEBUG - [log_service.py:26] - Created log entry: {'time': '2025-04-15 11:36:39.112358', 'event': 'Face detected', 'event_type': 'face_detected'}
2025-04-15 11:36:39,211 - proctoring - DEBUG - [log_service.py:26] - Created log entry: {'time': '2025-04-15 11:36:39.116321', 'event': 'Eye movement detected'}
2025-04-15 11:36:39,213 - proctoring - INFO - [log_service.py:40] - Successfully stored 2 logs
2025-04-15 11:36:39,214 - proctoring - DEBUG - [image_utils.py:43] - Decoded base64 data length: 21085
2025-04-15 11:36:39,215 - proctoring - INFO - [detection_service.py:16] - Processing new frame
2025-04-15 11:36:39,226 - proctoring - INFO - [detection_service.py:34] - Face detection found 1 events
2025-04-15 11:36:39,238 - proctoring - INFO - [detection_service.py:34] - Face Mesh detection found 1 events
2025-04-15 11:36:39,243 - proctoring - DEBUG - [detection_service.py:37] - No Hand detections
2025-04-15 11:36:39,316 - proctoring - DEBUG - [detection_service.py:37] - No YOLO detections
2025-04-15 11:36:39,316 - proctoring - INFO - [detection_service.py:42] - Total events detected: 2
2025-04-15 11:36:39,316 - proctoring - INFO - [log_service.py:12] - Attempting to store 2 logs for user 1
2025-04-15 11:36:39,316 - proctoring - DEBUG - [log_service.py:26] - Created log entry: {'time': '2025-04-15 11:36:39.215297', 'event': 'Face detected', 'event_type': 'face_detected'}
2025-04-15 11:36:39,316 - proctoring - DEBUG - [log_service.py:26] - Created log entry: {'time': '2025-04-15 11:36:39.219536', 'event': 'Eye movement detected'}
2025-04-15 11:36:39,318 - proctoring - INFO - [log_service.py:40] - Successfully stored 2 logs
2025-04-15 11:36:39,320 - proctoring - DEBUG - [image_utils.py:43] - Decoded base64 data length: 21140
2025-04-15 11:36:39,320 - proctoring - INFO - [detection_service.py:16] - Processing new frame
2025-04-15 11:36:39,330 - proctoring - INFO - [detection_service.py:34] - Face detection found 1 events
2025-04-15 11:36:39,340 - proctoring - INFO - [detection_service.py:34] - Face Mesh detection found 1 events
2025-04-15 11:36:39,346 - proctoring - DEBUG - [detection_service.py:37] - No Hand detections
2025-04-15 11:36:39,412 - proctoring - DEBUG - [detection_service.py:37] - No YOLO detections
2025-04-15 11:36:39,412 - proctoring - INFO - [detection_service.py:42] - Total events detected: 2
2025-04-15 11:36:39,412 - proctoring - INFO - [log_service.py:12] - Attempting to store 2 logs for user 1
2025-04-15 11:36:39,412 - proctoring - DEBUG - [log_service.py:26] - Created log entry: {'time': '2025-04-15 11:36:39.320787', 'event': 'Face detected', 'event_type': 'face_detected'}
2025-04-15 11:36:39,412 - proctoring - DEBUG - [log_service.py:26] - Created log entry: {'time': '2025-04-15 11:36:39.325429', 'event': 'Eye movement detected'}
2025-04-15 11:36:39,414 - proctoring - INFO - [log_service.py:40] - Successfully stored 2 logs
2025-04-15 11:36:39,416 - proctoring - DEBUG - [image_utils.py:43] - Decoded base64 data length: 21130
2025-04-15 11:36:39,416 - proctoring - INFO - [detection_service.py:16] - Processing new frame
2025-04-15 11:36:39,427 - proctoring - INFO - [detection_service.py:34] - Face detection found 1 events
2025-04-15 11:36:39,438 - proctoring - INFO - [detection_service.py:34] - Face Mesh detection found 1 events
2025-04-15 11:36:39,444 - proctoring - DEBUG - [detection_service.py:37] - No Hand detections
2025-04-15 11:36:39,512 - proctoring - DEBUG - [detection_service.py:37] - No YOLO detections
2025-04-15 11:36:39,512 - proctoring - INFO - [detection_service.py:42] - Total events detected: 2
2025-04-15 11:36:39,512 - proctoring - INFO - [log_service.py:12] - Attempting to store 2 logs for user 1
2025-04-15 11:36:39,512 - proctoring - DEBUG - [log_service.py:26] - Created log entry: {'time': '2025-04-15 11:36:39.417078', 'event': 'Face detected', 'event_type': 'face_detected'}
2025-04-15 11:36:39,512 - proctoring - DEBUG - [log_service.py:26] - Created log entry: {'time': '2025-04-15 11:36:39.421010', 'event': 'Eye movement detected'}
2025-04-15 11:36:39,514 - proctoring - INFO - [log_service.py:40] - Successfully stored 2 logs
2025-04-15 11:36:39,515 - proctoring - DEBUG - [image_utils.py:43] - Decoded base64 data length: 21168
2025-04-15 11:36:39,516 - proctoring - INFO - [detection_service.py:16] - Processing new frame
2025-04-15 11:36:39,528 - proctoring - INFO - [detection_service.py:34] - Face detection found 1 events
2025-04-15 11:36:39,538 - proctoring - INFO - [detection_service.py:34] - Face Mesh detection found 1 events
2025-04-15 11:36:39,542 - proctoring - DEBUG - [detection_service.py:37] - No Hand detections
2025-04-15 11:36:39,604 - proctoring - DEBUG - [detection_service.py:37] - No YOLO detections
2025-04-15 11:36:39,604 - proctoring - INFO - [detection_service.py:42] - Total events detected: 2
2025-04-15 11:36:39,604 - proctoring - INFO - [log_service.py:12] - Attempting to store 2 logs for user 1
2025-04-15 11:36:39,604 - proctoring - DEBUG - [log_service.py:26] - Created log entry: {'time': '2025-04-15 11:36:39.516654', 'event': 'Face detected', 'event_type': 'face_detected'}
2025-04-15 11:36:39,604 - proctoring - DEBUG - [log_service.py:26] - Created log entry: {'time': '2025-04-15 11:36:39.520839', 'event': 'Eye movement detected'}
2025-04-15 11:36:39,605 - proctoring - INFO - [log_service.py:40] - Successfully stored 2 logs
2025-04-15 11:36:39,607 - proctoring - DEBUG - [image_utils.py:43] - Decoded base64 data length: 21162
2025-04-15 11:36:39,607 - proctoring - INFO - [detection_service.py:16] - Processing new frame
2025-04-15 11:36:39,618 - proctoring - INFO - [detection_service.py:34] - Face detection found 1 events
2025-04-15 11:36:39,629 - proctoring - INFO - [detection_service.py:34] - Face Mesh detection found 1 events
2025-04-15 11:36:39,632 - proctoring - DEBUG - [detection_service.py:37] - No Hand detections
2025-04-15 11:36:39,694 - proctoring - DEBUG - [detection_service.py:37] - No YOLO detections
2025-04-15 11:36:39,694 - proctoring - INFO - [detection_service.py:42] - Total events detected: 2
2025-04-15 11:36:39,694 - proctoring - INFO - [log_service.py:12] - Attempting to store 2 logs for user 1
2025-04-15 11:36:39,694 - proctoring - DEBUG - [log_service.py:26] - Created log entry: {'time': '2025-04-15 11:36:39.607925', 'event': 'Face detected', 'event_type': 'face_detected'}
2025-04-15 11:36:39,694 - proctoring - DEBUG - [log_service.py:26] - Created log entry: {'time': '2025-04-15 11:36:39.611652', 'event': 'Eye movement detected'}
2025-04-15 11:36:39,695 - proctoring - INFO - [log_service.py:40] - Successfully stored 2 logs
2025-04-15 11:36:39,697 - proctoring - DEBUG - [image_utils.py:43] - Decoded base64 data length: 21272
2025-04-15 11:36:39,697 - proctoring - INFO - [detection_service.py:16] - Processing new frame
2025-04-15 11:36:39,707 - proctoring - INFO - [detection_service.py:34] - Face detection found 1 events
2025-04-15 11:36:39,720 - proctoring - INFO - [detection_service.py:34] - Face Mesh detection found 1 events
2025-04-15 11:36:39,722 - proctoring - DEBUG - [detection_service.py:37] - No Hand detections
2025-04-15 11:36:39,784 - proctoring - DEBUG - [detection_service.py:37] - No YOLO detections
2025-04-15 11:36:39,784 - proctoring - INFO - [detection_service.py:42] - Total events detected: 2
2025-04-15 11:36:39,784 - proctoring - INFO - [log_service.py:12] - Attempting to store 2 logs for user 1
2025-04-15 11:36:39,784 - proctoring - DEBUG - [log_service.py:26] - Created log entry: {'time': '2025-04-15 11:36:39.697852', 'event': 'Face detected', 'event_type': 'face_detected'}
2025-04-15 11:36:39,784 - proctoring - DEBUG - [log_service.py:26] - Created log entry: {'time': '2025-04-15 11:36:39.701444', 'event': 'Eye movement detected'}
2025-04-15 11:36:39,786 - proctoring - INFO - [log_service.py:40] - Successfully stored 2 logs
2025-04-15 11:36:39,788 - proctoring - DEBUG - [image_utils.py:43] - Decoded base64 data length: 21356
2025-04-15 11:36:39,789 - proctoring - INFO - [detection_service.py:16] - Processing new frame
2025-04-15 11:36:39,798 - proctoring - INFO - [detection_service.py:34] - Face detection found 1 events
2025-04-15 11:36:39,810 - proctoring - INFO - [detection_service.py:34] - Face Mesh detection found 1 events
2025-04-15 11:36:39,813 - proctoring - DEBUG - [detection_service.py:37] - No Hand detections
2025-04-15 11:36:39,880 - proctoring - DEBUG - [detection_service.py:37] - No YOLO detections
2025-04-15 11:36:39,880 - proctoring - INFO - [detection_service.py:42] - Total events detected: 2
2025-04-15 11:36:39,880 - proctoring - INFO - [log_service.py:12] - Attempting to store 2 logs for user 1
2025-04-15 11:36:39,880 - proctoring - DEBUG - [log_service.py:26] - Created log entry: {'time': '2025-04-15 11:36:39.789322', 'event': 'Face detected', 'event_type': 'face_detected'}
2025-04-15 11:36:39,880 - proctoring - DEBUG - [log_service.py:26] - Created log entry: {'time': '2025-04-15 11:36:39.792878', 'event': 'Eye movement detected'}
2025-04-15 11:36:39,882 - proctoring - INFO - [log_service.py:40] - Successfully stored 2 logs
2025-04-15 11:36:39,884 - proctoring - DEBUG - [image_utils.py:43] - Decoded base64 data length: 21442
2025-04-15 11:36:39,884 - proctoring - INFO - [detection_service.py:16] - Processing new frame
2025-04-15 11:36:39,896 - proctoring - INFO - [detection_service.py:34] - Face detection found 1 events
2025-04-15 11:36:39,908 - proctoring - INFO - [detection_service.py:34] - Face Mesh detection found 1 events
2025-04-15 11:36:39,910 - proctoring - DEBUG - [detection_service.py:37] - No Hand detections
2025-04-15 11:36:39,978 - proctoring - DEBUG - [detection_service.py:37] - No YOLO detections
2025-04-15 11:36:39,978 - proctoring - INFO - [detection_service.py:42] - Total events detected: 2
2025-04-15 11:36:39,978 - proctoring - INFO - [log_service.py:12] - Attempting to store 2 logs for user 1
2025-04-15 11:36:39,978 - proctoring - DEBUG - [log_service.py:26] - Created log entry: {'time': '2025-04-15 11:36:39.884942', 'event': 'Face detected', 'event_type': 'face_detected'}
2025-04-15 11:36:39,979 - proctoring - DEBUG - [log_service.py:26] - Created log entry: {'time': '2025-04-15 11:36:39.889170', 'event': 'Eye movement detected'}
2025-04-15 11:36:39,980 - proctoring - INFO - [log_service.py:40] - Successfully stored 2 logs
2025-04-15 11:36:39,982 - proctoring - DEBUG - [image_utils.py:43] - Decoded base64 data length: 21499
2025-04-15 11:36:39,983 - proctoring - INFO - [detection_service.py:16] - Processing new frame
2025-04-15 11:36:39,995 - proctoring - INFO - [detection_service.py:34] - Face detection found 1 events
2025-04-15 11:36:40,006 - proctoring - INFO - [detection_service.py:34] - Face Mesh detection found 1 events
2025-04-15 11:36:40,015 - proctoring - DEBUG - [detection_service.py:37] - No Hand detections
2025-04-15 11:36:40,090 - proctoring - DEBUG - [detection_service.py:37] - No YOLO detections
2025-04-15 11:36:40,090 - proctoring - INFO - [detection_service.py:42] - Total events detected: 2
2025-04-15 11:36:40,090 - proctoring - INFO - [log_service.py:12] - Attempting to store 2 logs for user 1
2025-04-15 11:36:40,090 - proctoring - DEBUG - [log_service.py:26] - Created log entry: {'time': '2025-04-15 11:36:39.983177', 'event': 'Face detected', 'event_type': 'face_detected'}
2025-04-15 11:36:40,090 - proctoring - DEBUG - [log_service.py:26] - Created log entry: {'time': '2025-04-15 11:36:39.987420', 'event': 'Eye movement detected'}
2025-04-15 11:36:40,092 - proctoring - INFO - [log_service.py:40] - Successfully stored 2 logs
2025-04-15 11:36:40,093 - proctoring - DEBUG - [image_utils.py:43] - Decoded base64 data length: 21553
2025-04-15 11:36:40,094 - proctoring - INFO - [detection_service.py:16] - Processing new frame
2025-04-15 11:36:40,103 - proctoring - INFO - [detection_service.py:34] - Face detection found 1 events
2025-04-15 11:36:40,113 - proctoring - INFO - [detection_service.py:34] - Face Mesh detection found 1 events
2025-04-15 11:36:40,224 - proctoring - DEBUG - [detection_service.py:37] - No Hand detections
2025-04-15 11:36:40,305 - proctoring - DEBUG - [detection_service.py:37] - No YOLO detections
2025-04-15 11:36:40,305 - proctoring - INFO - [detection_service.py:42] - Total events detected: 2
2025-04-15 11:36:40,305 - proctoring - INFO - [log_service.py:12] - Attempting to store 2 logs for user 1
2025-04-15 11:36:40,305 - proctoring - DEBUG - [log_service.py:26] - Created log entry: {'time': '2025-04-15 11:36:40.094695', 'event': 'Face detected', 'event_type': 'face_detected'}
2025-04-15 11:36:40,305 - proctoring - DEBUG - [log_service.py:26] - Created log entry: {'time': '2025-04-15 11:36:40.098098', 'event': 'Eye movement detected'}
2025-04-15 11:36:40,307 - proctoring - INFO - [log_service.py:40] - Successfully stored 2 logs
2025-04-15 11:36:40,308 - proctoring - INFO - [main.py:217] - Cleaning up connection for user 1
