2025-04-13 20:34:34,822 - proctoring - INFO - [database.py:13] - Using database: localhost:3306/Proctoring_AI
2025-04-13 20:34:38,721 - proctoring - INFO - [mediapipe_config.py:14] - MediaPipe configured for CPU-only mode
2025-04-13 20:34:38,721 - proctoring - INFO - [main.py:68] - MediaPipe configured successfully
2025-04-13 20:34:38,763 - proctoring - INFO - [main.py:74] - Database connection test successful
2025-04-13 20:34:38,776 - proctoring - INFO - [main.py:81] - Database initialized successfully
2025-04-13 20:34:38,794 - proctoring - INFO - [main.py:86] - YOLO model loaded successfully
2025-04-13 20:34:39,078 - proctoring - INFO - [database.py:13] - Using database: localhost:3306/Proctoring_AI
2025-04-13 20:34:42,561 - proctoring - INFO - [mediapipe_config.py:14] - MediaPipe configured for CPU-only mode
2025-04-13 20:34:42,561 - proctoring - INFO - [main.py:68] - MediaPipe configured successfully
2025-04-13 20:34:42,578 - proctoring - INFO - [main.py:74] - Database connection test successful
2025-04-13 20:34:42,582 - proctoring - INFO - [main.py:81] - Database initialized successfully
2025-04-13 20:34:42,595 - proctoring - INFO - [main.py:86] - YOLO model loaded successfully
2025-04-13 20:35:48,184 - proctoring - INFO - [database.py:13] - Using database: localhost:3306/Proctoring_AI
2025-04-13 20:35:51,675 - proctoring - INFO - [mediapipe_config.py:14] - MediaPipe configured for CPU-only mode
2025-04-13 20:35:51,675 - proctoring - INFO - [main.py:68] - MediaPipe configured successfully
2025-04-13 20:35:51,714 - proctoring - INFO - [main.py:74] - Database connection test successful
2025-04-13 20:35:51,718 - proctoring - INFO - [main.py:81] - Database initialized successfully
2025-04-13 20:35:51,731 - proctoring - INFO - [main.py:86] - YOLO model loaded successfully
2025-04-13 20:35:52,012 - proctoring - INFO - [database.py:13] - Using database: localhost:3306/Proctoring_AI
2025-04-13 20:35:55,509 - proctoring - INFO - [mediapipe_config.py:14] - MediaPipe configured for CPU-only mode
2025-04-13 20:35:55,509 - proctoring - INFO - [main.py:68] - MediaPipe configured successfully
2025-04-13 20:35:55,524 - proctoring - INFO - [main.py:74] - Database connection test successful
2025-04-13 20:35:55,527 - proctoring - INFO - [main.py:81] - Database initialized successfully
2025-04-13 20:35:55,540 - proctoring - INFO - [main.py:86] - YOLO model loaded successfully
2025-04-13 20:37:30,814 - proctoring - INFO - [main.py:133] - WebSocket connection attempt for user 1
2025-04-13 20:37:30,815 - proctoring - INFO - [connection.py:19] - WebSocket connection accepted for user 1
2025-04-13 20:37:30,815 - proctoring - INFO - [main.py:162] - WebSocket connection established for user 1
2025-04-13 20:37:30,820 - proctoring - DEBUG - [image_utils.py:43] - Decoded base64 data length: 13410
2025-04-13 20:37:30,821 - proctoring - INFO - [detection_service.py:13] - Processing new frame
2025-04-13 20:37:30,821 - proctoring - INFO - [face_detection.py:9] - Starting face detection
2025-04-13 20:37:30,884 - proctoring - INFO - [face_detection.py:32] - Face detected with confidence 0.90
2025-04-13 20:37:31,493 - proctoring - INFO - [detection_service.py:28] - Face detection found 1 events
2025-04-13 20:37:31,493 - proctoring - DEBUG - [detection_service.py:31] - No Hand detections
2025-04-13 20:37:31,493 - proctoring - DEBUG - [detection_service.py:31] - No Face Mesh detections
2025-04-13 20:37:31,493 - proctoring - DEBUG - [detection_service.py:31] - No YOLO detections
2025-04-13 20:37:31,493 - proctoring - INFO - [detection_service.py:34] - Total events detected: 1
2025-04-13 20:37:31,493 - proctoring - INFO - [log_service.py:12] - Attempting to store 1 logs for user 1
2025-04-13 20:37:31,493 - proctoring - DEBUG - [log_service.py:26] - Created log entry: {'time': '2025-04-13 20:37:30.821658', 'event': 'Face detected'}
2025-04-13 20:37:31,496 - proctoring - INFO - [log_service.py:40] - Successfully stored 1 logs
2025-04-13 20:37:31,498 - proctoring - DEBUG - [image_utils.py:43] - Decoded base64 data length: 13579
2025-04-13 20:37:31,499 - proctoring - INFO - [detection_service.py:13] - Processing new frame
2025-04-13 20:37:31,499 - proctoring - INFO - [face_detection.py:9] - Starting face detection
2025-04-13 20:37:31,507 - proctoring - INFO - [face_detection.py:32] - Face detected with confidence 0.91
2025-04-13 20:37:31,593 - proctoring - INFO - [detection_service.py:28] - Face detection found 1 events
2025-04-13 20:37:31,593 - proctoring - DEBUG - [detection_service.py:31] - No Hand detections
2025-04-13 20:37:31,593 - proctoring - DEBUG - [detection_service.py:31] - No Face Mesh detections
2025-04-13 20:37:31,593 - proctoring - DEBUG - [detection_service.py:31] - No YOLO detections
2025-04-13 20:37:31,593 - proctoring - INFO - [detection_service.py:34] - Total events detected: 1
2025-04-13 20:37:31,593 - proctoring - INFO - [log_service.py:12] - Attempting to store 1 logs for user 1
2025-04-13 20:37:31,593 - proctoring - DEBUG - [log_service.py:26] - Created log entry: {'time': '2025-04-13 20:37:31.499286', 'event': 'Face detected'}
2025-04-13 20:37:31,595 - proctoring - INFO - [log_service.py:40] - Successfully stored 1 logs
2025-04-13 20:37:31,596 - proctoring - DEBUG - [image_utils.py:43] - Decoded base64 data length: 14742
2025-04-13 20:37:31,597 - proctoring - INFO - [detection_service.py:13] - Processing new frame
2025-04-13 20:37:31,597 - proctoring - INFO - [face_detection.py:9] - Starting face detection
2025-04-13 20:37:31,602 - proctoring - INFO - [face_detection.py:32] - Face detected with confidence 0.91
2025-04-13 20:37:31,688 - proctoring - INFO - [detection_service.py:28] - Face detection found 1 events
2025-04-13 20:37:31,688 - proctoring - DEBUG - [detection_service.py:31] - No Hand detections
2025-04-13 20:37:31,688 - proctoring - DEBUG - [detection_service.py:31] - No Face Mesh detections
2025-04-13 20:37:31,688 - proctoring - DEBUG - [detection_service.py:31] - No YOLO detections
2025-04-13 20:37:31,688 - proctoring - INFO - [detection_service.py:34] - Total events detected: 1
2025-04-13 20:37:31,688 - proctoring - INFO - [log_service.py:12] - Attempting to store 1 logs for user 1
2025-04-13 20:37:31,688 - proctoring - DEBUG - [log_service.py:26] - Created log entry: {'time': '2025-04-13 20:37:31.597565', 'event': 'Face detected'}
2025-04-13 20:37:31,690 - proctoring - INFO - [log_service.py:40] - Successfully stored 1 logs
2025-04-13 20:37:31,690 - proctoring - DEBUG - [image_utils.py:43] - Decoded base64 data length: 15538
2025-04-13 20:37:31,691 - proctoring - INFO - [detection_service.py:13] - Processing new frame
2025-04-13 20:37:31,691 - proctoring - INFO - [face_detection.py:9] - Starting face detection
2025-04-13 20:37:31,696 - proctoring - INFO - [face_detection.py:32] - Face detected with confidence 0.92
2025-04-13 20:37:31,786 - proctoring - INFO - [detection_service.py:28] - Face detection found 1 events
2025-04-13 20:37:31,786 - proctoring - DEBUG - [detection_service.py:31] - No Hand detections
2025-04-13 20:37:31,786 - proctoring - DEBUG - [detection_service.py:31] - No Face Mesh detections
2025-04-13 20:37:31,786 - proctoring - DEBUG - [detection_service.py:31] - No YOLO detections
2025-04-13 20:37:31,786 - proctoring - INFO - [detection_service.py:34] - Total events detected: 1
2025-04-13 20:37:31,786 - proctoring - INFO - [log_service.py:12] - Attempting to store 1 logs for user 1
2025-04-13 20:37:31,786 - proctoring - DEBUG - [log_service.py:26] - Created log entry: {'time': '2025-04-13 20:37:31.691533', 'event': 'Face detected'}
2025-04-13 20:37:31,788 - proctoring - INFO - [log_service.py:40] - Successfully stored 1 logs
2025-04-13 20:37:31,789 - proctoring - DEBUG - [image_utils.py:43] - Decoded base64 data length: 15867
2025-04-13 20:37:31,789 - proctoring - INFO - [detection_service.py:13] - Processing new frame
2025-04-13 20:37:31,790 - proctoring - INFO - [face_detection.py:9] - Starting face detection
2025-04-13 20:37:31,794 - proctoring - INFO - [face_detection.py:32] - Face detected with confidence 0.91
2025-04-13 20:37:31,902 - proctoring - INFO - [detection_service.py:28] - Face detection found 1 events
2025-04-13 20:37:31,902 - proctoring - DEBUG - [detection_service.py:31] - No Hand detections
2025-04-13 20:37:31,902 - proctoring - DEBUG - [detection_service.py:31] - No Face Mesh detections
2025-04-13 20:37:31,902 - proctoring - DEBUG - [detection_service.py:31] - No YOLO detections
2025-04-13 20:37:31,902 - proctoring - INFO - [detection_service.py:34] - Total events detected: 1
2025-04-13 20:37:31,902 - proctoring - INFO - [log_service.py:12] - Attempting to store 1 logs for user 1
2025-04-13 20:37:31,902 - proctoring - DEBUG - [log_service.py:26] - Created log entry: {'time': '2025-04-13 20:37:31.790049', 'event': 'Face detected'}
2025-04-13 20:37:31,904 - proctoring - INFO - [log_service.py:40] - Successfully stored 1 logs
2025-04-13 20:37:31,905 - proctoring - DEBUG - [image_utils.py:43] - Decoded base64 data length: 15988
2025-04-13 20:37:31,905 - proctoring - INFO - [detection_service.py:13] - Processing new frame
2025-04-13 20:37:31,905 - proctoring - INFO - [face_detection.py:9] - Starting face detection
2025-04-13 20:37:31,909 - proctoring - INFO - [face_detection.py:32] - Face detected with confidence 0.91
2025-04-13 20:37:31,996 - proctoring - INFO - [detection_service.py:28] - Face detection found 1 events
2025-04-13 20:37:31,996 - proctoring - DEBUG - [detection_service.py:31] - No Hand detections
2025-04-13 20:37:31,996 - proctoring - DEBUG - [detection_service.py:31] - No Face Mesh detections
2025-04-13 20:37:31,996 - proctoring - DEBUG - [detection_service.py:31] - No YOLO detections
2025-04-13 20:37:31,996 - proctoring - INFO - [detection_service.py:34] - Total events detected: 1
2025-04-13 20:37:31,996 - proctoring - INFO - [log_service.py:12] - Attempting to store 1 logs for user 1
2025-04-13 20:37:31,997 - proctoring - DEBUG - [log_service.py:26] - Created log entry: {'time': '2025-04-13 20:37:31.905760', 'event': 'Face detected'}
2025-04-13 20:37:31,998 - proctoring - INFO - [log_service.py:40] - Successfully stored 1 logs
2025-04-13 20:37:31,999 - proctoring - DEBUG - [image_utils.py:43] - Decoded base64 data length: 16126
2025-04-13 20:37:32,000 - proctoring - INFO - [detection_service.py:13] - Processing new frame
2025-04-13 20:37:32,000 - proctoring - INFO - [face_detection.py:9] - Starting face detection
2025-04-13 20:37:32,004 - proctoring - INFO - [face_detection.py:32] - Face detected with confidence 0.92
2025-04-13 20:37:32,086 - proctoring - INFO - [detection_service.py:28] - Face detection found 1 events
2025-04-13 20:37:32,086 - proctoring - DEBUG - [detection_service.py:31] - No Hand detections
2025-04-13 20:37:32,087 - proctoring - DEBUG - [detection_service.py:31] - No Face Mesh detections
2025-04-13 20:37:32,087 - proctoring - DEBUG - [detection_service.py:31] - No YOLO detections
2025-04-13 20:37:32,087 - proctoring - INFO - [detection_service.py:34] - Total events detected: 1
2025-04-13 20:37:32,087 - proctoring - INFO - [log_service.py:12] - Attempting to store 1 logs for user 1
2025-04-13 20:37:32,087 - proctoring - DEBUG - [log_service.py:26] - Created log entry: {'time': '2025-04-13 20:37:32.000450', 'event': 'Face detected'}
2025-04-13 20:37:32,088 - proctoring - INFO - [log_service.py:40] - Successfully stored 1 logs
2025-04-13 20:37:32,090 - proctoring - DEBUG - [image_utils.py:43] - Decoded base64 data length: 16579
2025-04-13 20:37:32,090 - proctoring - INFO - [detection_service.py:13] - Processing new frame
2025-04-13 20:37:32,090 - proctoring - INFO - [face_detection.py:9] - Starting face detection
2025-04-13 20:37:32,095 - proctoring - INFO - [face_detection.py:32] - Face detected with confidence 0.93
2025-04-13 20:37:32,181 - proctoring - INFO - [detection_service.py:28] - Face detection found 1 events
2025-04-13 20:37:32,181 - proctoring - DEBUG - [detection_service.py:31] - No Hand detections
2025-04-13 20:37:32,181 - proctoring - DEBUG - [detection_service.py:31] - No Face Mesh detections
2025-04-13 20:37:32,181 - proctoring - DEBUG - [detection_service.py:31] - No YOLO detections
2025-04-13 20:37:32,181 - proctoring - INFO - [detection_service.py:34] - Total events detected: 1
2025-04-13 20:37:32,181 - proctoring - INFO - [log_service.py:12] - Attempting to store 1 logs for user 1
2025-04-13 20:37:32,181 - proctoring - DEBUG - [log_service.py:26] - Created log entry: {'time': '2025-04-13 20:37:32.090945', 'event': 'Face detected'}
2025-04-13 20:37:32,183 - proctoring - INFO - [log_service.py:40] - Successfully stored 1 logs
2025-04-13 20:37:32,184 - proctoring - DEBUG - [image_utils.py:43] - Decoded base64 data length: 16288
2025-04-13 20:37:32,184 - proctoring - INFO - [detection_service.py:13] - Processing new frame
2025-04-13 20:37:32,184 - proctoring - INFO - [face_detection.py:9] - Starting face detection
2025-04-13 20:37:32,189 - proctoring - INFO - [face_detection.py:32] - Face detected with confidence 0.93
2025-04-13 20:37:32,280 - proctoring - INFO - [detection_service.py:28] - Face detection found 1 events
2025-04-13 20:37:32,280 - proctoring - DEBUG - [detection_service.py:31] - No Hand detections
2025-04-13 20:37:32,280 - proctoring - DEBUG - [detection_service.py:31] - No Face Mesh detections
2025-04-13 20:37:32,280 - proctoring - DEBUG - [detection_service.py:31] - No YOLO detections
2025-04-13 20:37:32,280 - proctoring - INFO - [detection_service.py:34] - Total events detected: 1
2025-04-13 20:37:32,280 - proctoring - INFO - [log_service.py:12] - Attempting to store 1 logs for user 1
2025-04-13 20:37:32,280 - proctoring - DEBUG - [log_service.py:26] - Created log entry: {'time': '2025-04-13 20:37:32.184679', 'event': 'Face detected'}
2025-04-13 20:37:32,281 - proctoring - INFO - [log_service.py:40] - Successfully stored 1 logs
2025-04-13 20:37:32,282 - proctoring - DEBUG - [image_utils.py:43] - Decoded base64 data length: 16251
2025-04-13 20:37:32,283 - proctoring - INFO - [detection_service.py:13] - Processing new frame
2025-04-13 20:37:32,283 - proctoring - INFO - [face_detection.py:9] - Starting face detection
2025-04-13 20:37:32,289 - proctoring - INFO - [face_detection.py:32] - Face detected with confidence 0.93
2025-04-13 20:37:32,376 - proctoring - INFO - [detection_service.py:28] - Face detection found 1 events
2025-04-13 20:37:32,376 - proctoring - DEBUG - [detection_service.py:31] - No Hand detections
2025-04-13 20:37:32,376 - proctoring - DEBUG - [detection_service.py:31] - No Face Mesh detections
2025-04-13 20:37:32,376 - proctoring - DEBUG - [detection_service.py:31] - No YOLO detections
2025-04-13 20:37:32,376 - proctoring - INFO - [detection_service.py:34] - Total events detected: 1
2025-04-13 20:37:32,376 - proctoring - INFO - [log_service.py:12] - Attempting to store 1 logs for user 1
2025-04-13 20:37:32,376 - proctoring - DEBUG - [log_service.py:26] - Created log entry: {'time': '2025-04-13 20:37:32.283556', 'event': 'Face detected'}
2025-04-13 20:37:32,378 - proctoring - INFO - [log_service.py:40] - Successfully stored 1 logs
2025-04-13 20:37:32,379 - proctoring - DEBUG - [image_utils.py:43] - Decoded base64 data length: 16375
2025-04-13 20:37:32,380 - proctoring - INFO - [detection_service.py:13] - Processing new frame
2025-04-13 20:37:32,380 - proctoring - INFO - [face_detection.py:9] - Starting face detection
2025-04-13 20:37:32,384 - proctoring - INFO - [face_detection.py:32] - Face detected with confidence 0.92
2025-04-13 20:37:32,472 - proctoring - INFO - [detection_service.py:28] - Face detection found 1 events
2025-04-13 20:37:32,472 - proctoring - DEBUG - [detection_service.py:31] - No Hand detections
2025-04-13 20:37:32,472 - proctoring - DEBUG - [detection_service.py:31] - No Face Mesh detections
2025-04-13 20:37:32,472 - proctoring - DEBUG - [detection_service.py:31] - No YOLO detections
2025-04-13 20:37:32,472 - proctoring - INFO - [detection_service.py:34] - Total events detected: 1
2025-04-13 20:37:32,472 - proctoring - INFO - [log_service.py:12] - Attempting to store 1 logs for user 1
2025-04-13 20:37:32,472 - proctoring - DEBUG - [log_service.py:26] - Created log entry: {'time': '2025-04-13 20:37:32.380146', 'event': 'Face detected'}
2025-04-13 20:37:32,474 - proctoring - INFO - [log_service.py:40] - Successfully stored 1 logs
2025-04-13 20:37:32,475 - proctoring - DEBUG - [image_utils.py:43] - Decoded base64 data length: 16527
2025-04-13 20:37:32,476 - proctoring - INFO - [detection_service.py:13] - Processing new frame
2025-04-13 20:37:32,476 - proctoring - INFO - [face_detection.py:9] - Starting face detection
2025-04-13 20:37:32,480 - proctoring - INFO - [face_detection.py:32] - Face detected with confidence 0.93
2025-04-13 20:37:32,571 - proctoring - INFO - [detection_service.py:28] - Face detection found 1 events
2025-04-13 20:37:32,571 - proctoring - DEBUG - [detection_service.py:31] - No Hand detections
2025-04-13 20:37:32,571 - proctoring - DEBUG - [detection_service.py:31] - No Face Mesh detections
2025-04-13 20:37:32,571 - proctoring - DEBUG - [detection_service.py:31] - No YOLO detections
2025-04-13 20:37:32,571 - proctoring - INFO - [detection_service.py:34] - Total events detected: 1
2025-04-13 20:37:32,571 - proctoring - INFO - [log_service.py:12] - Attempting to store 1 logs for user 1
2025-04-13 20:37:32,571 - proctoring - DEBUG - [log_service.py:26] - Created log entry: {'time': '2025-04-13 20:37:32.476543', 'event': 'Face detected'}
2025-04-13 20:37:32,572 - proctoring - INFO - [log_service.py:40] - Successfully stored 1 logs
2025-04-13 20:37:32,574 - proctoring - DEBUG - [image_utils.py:43] - Decoded base64 data length: 16456
2025-04-13 20:37:32,574 - proctoring - INFO - [detection_service.py:13] - Processing new frame
2025-04-13 20:37:32,574 - proctoring - INFO - [face_detection.py:9] - Starting face detection
2025-04-13 20:37:32,578 - proctoring - INFO - [face_detection.py:32] - Face detected with confidence 0.93
2025-04-13 20:37:32,667 - proctoring - INFO - [detection_service.py:28] - Face detection found 1 events
2025-04-13 20:37:32,667 - proctoring - DEBUG - [detection_service.py:31] - No Hand detections
2025-04-13 20:37:32,667 - proctoring - DEBUG - [detection_service.py:31] - No Face Mesh detections
2025-04-13 20:37:32,667 - proctoring - DEBUG - [detection_service.py:31] - No YOLO detections
2025-04-13 20:37:32,667 - proctoring - INFO - [detection_service.py:34] - Total events detected: 1
2025-04-13 20:37:32,667 - proctoring - INFO - [log_service.py:12] - Attempting to store 1 logs for user 1
2025-04-13 20:37:32,667 - proctoring - DEBUG - [log_service.py:26] - Created log entry: {'time': '2025-04-13 20:37:32.575004', 'event': 'Face detected'}
2025-04-13 20:37:32,669 - proctoring - INFO - [log_service.py:40] - Successfully stored 1 logs
2025-04-13 20:37:32,669 - proctoring - DEBUG - [image_utils.py:43] - Decoded base64 data length: 16507
2025-04-13 20:37:32,670 - proctoring - INFO - [detection_service.py:13] - Processing new frame
2025-04-13 20:37:32,670 - proctoring - INFO - [face_detection.py:9] - Starting face detection
2025-04-13 20:37:32,675 - proctoring - INFO - [face_detection.py:32] - Face detected with confidence 0.94
2025-04-13 20:37:32,767 - proctoring - INFO - [detection_service.py:28] - Face detection found 1 events
2025-04-13 20:37:32,767 - proctoring - DEBUG - [detection_service.py:31] - No Hand detections
2025-04-13 20:37:32,767 - proctoring - DEBUG - [detection_service.py:31] - No Face Mesh detections
2025-04-13 20:37:32,767 - proctoring - DEBUG - [detection_service.py:31] - No YOLO detections
2025-04-13 20:37:32,767 - proctoring - INFO - [detection_service.py:34] - Total events detected: 1
2025-04-13 20:37:32,767 - proctoring - INFO - [log_service.py:12] - Attempting to store 1 logs for user 1
2025-04-13 20:37:32,767 - proctoring - DEBUG - [log_service.py:26] - Created log entry: {'time': '2025-04-13 20:37:32.670743', 'event': 'Face detected'}
2025-04-13 20:37:32,769 - proctoring - INFO - [log_service.py:40] - Successfully stored 1 logs
2025-04-13 20:37:32,770 - proctoring - DEBUG - [image_utils.py:43] - Decoded base64 data length: 16884
2025-04-13 20:37:32,770 - proctoring - INFO - [detection_service.py:13] - Processing new frame
2025-04-13 20:37:32,770 - proctoring - INFO - [face_detection.py:9] - Starting face detection
2025-04-13 20:37:32,775 - proctoring - INFO - [face_detection.py:32] - Face detected with confidence 0.92
2025-04-13 20:37:32,858 - proctoring - INFO - [detection_service.py:28] - Face detection found 1 events
2025-04-13 20:37:32,858 - proctoring - DEBUG - [detection_service.py:31] - No Hand detections
2025-04-13 20:37:32,858 - proctoring - DEBUG - [detection_service.py:31] - No Face Mesh detections
2025-04-13 20:37:32,858 - proctoring - DEBUG - [detection_service.py:31] - No YOLO detections
2025-04-13 20:37:32,858 - proctoring - INFO - [detection_service.py:34] - Total events detected: 1
2025-04-13 20:37:32,858 - proctoring - INFO - [log_service.py:12] - Attempting to store 1 logs for user 1
2025-04-13 20:37:32,858 - proctoring - DEBUG - [log_service.py:26] - Created log entry: {'time': '2025-04-13 20:37:32.770994', 'event': 'Face detected'}
2025-04-13 20:37:32,860 - proctoring - INFO - [log_service.py:40] - Successfully stored 1 logs
2025-04-13 20:37:32,861 - proctoring - DEBUG - [image_utils.py:43] - Decoded base64 data length: 17011
2025-04-13 20:37:32,862 - proctoring - INFO - [detection_service.py:13] - Processing new frame
2025-04-13 20:37:32,862 - proctoring - INFO - [face_detection.py:9] - Starting face detection
2025-04-13 20:37:32,866 - proctoring - INFO - [face_detection.py:32] - Face detected with confidence 0.93
2025-04-13 20:37:32,949 - proctoring - INFO - [detection_service.py:28] - Face detection found 1 events
2025-04-13 20:37:32,949 - proctoring - DEBUG - [detection_service.py:31] - No Hand detections
2025-04-13 20:37:32,949 - proctoring - DEBUG - [detection_service.py:31] - No Face Mesh detections
2025-04-13 20:37:32,949 - proctoring - DEBUG - [detection_service.py:31] - No YOLO detections
2025-04-13 20:37:32,949 - proctoring - INFO - [detection_service.py:34] - Total events detected: 1
2025-04-13 20:37:32,949 - proctoring - INFO - [log_service.py:12] - Attempting to store 1 logs for user 1
2025-04-13 20:37:32,949 - proctoring - DEBUG - [log_service.py:26] - Created log entry: {'time': '2025-04-13 20:37:32.862361', 'event': 'Face detected'}
2025-04-13 20:37:32,951 - proctoring - INFO - [log_service.py:40] - Successfully stored 1 logs
2025-04-13 20:37:32,952 - proctoring - DEBUG - [image_utils.py:43] - Decoded base64 data length: 17185
2025-04-13 20:37:32,953 - proctoring - INFO - [detection_service.py:13] - Processing new frame
2025-04-13 20:37:32,953 - proctoring - INFO - [face_detection.py:9] - Starting face detection
2025-04-13 20:37:32,957 - proctoring - INFO - [face_detection.py:32] - Face detected with confidence 0.93
2025-04-13 20:37:33,042 - proctoring - INFO - [detection_service.py:28] - Face detection found 1 events
2025-04-13 20:37:33,042 - proctoring - DEBUG - [detection_service.py:31] - No Hand detections
2025-04-13 20:37:33,042 - proctoring - DEBUG - [detection_service.py:31] - No Face Mesh detections
2025-04-13 20:37:33,042 - proctoring - DEBUG - [detection_service.py:31] - No YOLO detections
2025-04-13 20:37:33,042 - proctoring - INFO - [detection_service.py:34] - Total events detected: 1
2025-04-13 20:37:33,042 - proctoring - INFO - [log_service.py:12] - Attempting to store 1 logs for user 1
2025-04-13 20:37:33,042 - proctoring - DEBUG - [log_service.py:26] - Created log entry: {'time': '2025-04-13 20:37:32.953190', 'event': 'Face detected'}
2025-04-13 20:37:33,044 - proctoring - INFO - [log_service.py:40] - Successfully stored 1 logs
2025-04-13 20:37:33,046 - proctoring - DEBUG - [image_utils.py:43] - Decoded base64 data length: 17350
2025-04-13 20:37:33,046 - proctoring - INFO - [detection_service.py:13] - Processing new frame
2025-04-13 20:37:33,046 - proctoring - INFO - [face_detection.py:9] - Starting face detection
2025-04-13 20:37:33,050 - proctoring - INFO - [face_detection.py:32] - Face detected with confidence 0.93
2025-04-13 20:37:33,139 - proctoring - INFO - [detection_service.py:28] - Face detection found 1 events
2025-04-13 20:37:33,139 - proctoring - DEBUG - [detection_service.py:31] - No Hand detections
2025-04-13 20:37:33,139 - proctoring - DEBUG - [detection_service.py:31] - No Face Mesh detections
2025-04-13 20:37:33,139 - proctoring - DEBUG - [detection_service.py:31] - No YOLO detections
2025-04-13 20:37:33,139 - proctoring - INFO - [detection_service.py:34] - Total events detected: 1
2025-04-13 20:37:33,139 - proctoring - INFO - [log_service.py:12] - Attempting to store 1 logs for user 1
2025-04-13 20:37:33,139 - proctoring - DEBUG - [log_service.py:26] - Created log entry: {'time': '2025-04-13 20:37:33.046647', 'event': 'Face detected'}
2025-04-13 20:37:33,140 - proctoring - INFO - [log_service.py:40] - Successfully stored 1 logs
2025-04-13 20:37:33,141 - proctoring - DEBUG - [image_utils.py:43] - Decoded base64 data length: 17316
2025-04-13 20:37:33,142 - proctoring - INFO - [detection_service.py:13] - Processing new frame
2025-04-13 20:37:33,142 - proctoring - INFO - [face_detection.py:9] - Starting face detection
2025-04-13 20:37:33,146 - proctoring - INFO - [face_detection.py:32] - Face detected with confidence 0.92
2025-04-13 20:37:33,235 - proctoring - INFO - [detection_service.py:28] - Face detection found 1 events
2025-04-13 20:37:33,235 - proctoring - DEBUG - [detection_service.py:31] - No Hand detections
2025-04-13 20:37:33,235 - proctoring - DEBUG - [detection_service.py:31] - No Face Mesh detections
2025-04-13 20:37:33,235 - proctoring - DEBUG - [detection_service.py:31] - No YOLO detections
2025-04-13 20:37:33,235 - proctoring - INFO - [detection_service.py:34] - Total events detected: 1
2025-04-13 20:37:33,235 - proctoring - INFO - [log_service.py:12] - Attempting to store 1 logs for user 1
2025-04-13 20:37:33,235 - proctoring - DEBUG - [log_service.py:26] - Created log entry: {'time': '2025-04-13 20:37:33.142344', 'event': 'Face detected'}
2025-04-13 20:37:33,237 - proctoring - INFO - [log_service.py:40] - Successfully stored 1 logs
2025-04-13 20:37:33,238 - proctoring - DEBUG - [image_utils.py:43] - Decoded base64 data length: 17251
2025-04-13 20:37:33,238 - proctoring - INFO - [detection_service.py:13] - Processing new frame
2025-04-13 20:37:33,238 - proctoring - INFO - [face_detection.py:9] - Starting face detection
2025-04-13 20:37:33,242 - proctoring - INFO - [face_detection.py:32] - Face detected with confidence 0.93
2025-04-13 20:37:33,331 - proctoring - INFO - [detection_service.py:28] - Face detection found 1 events
2025-04-13 20:37:33,331 - proctoring - DEBUG - [detection_service.py:31] - No Hand detections
2025-04-13 20:37:33,331 - proctoring - DEBUG - [detection_service.py:31] - No Face Mesh detections
2025-04-13 20:37:33,331 - proctoring - DEBUG - [detection_service.py:31] - No YOLO detections
2025-04-13 20:37:33,331 - proctoring - INFO - [detection_service.py:34] - Total events detected: 1
2025-04-13 20:37:33,331 - proctoring - INFO - [log_service.py:12] - Attempting to store 1 logs for user 1
2025-04-13 20:37:33,331 - proctoring - DEBUG - [log_service.py:26] - Created log entry: {'time': '2025-04-13 20:37:33.238959', 'event': 'Face detected'}
2025-04-13 20:37:33,332 - proctoring - INFO - [log_service.py:40] - Successfully stored 1 logs
2025-04-13 20:37:33,334 - proctoring - DEBUG - [image_utils.py:43] - Decoded base64 data length: 17267
2025-04-13 20:37:33,335 - proctoring - INFO - [detection_service.py:13] - Processing new frame
2025-04-13 20:37:33,335 - proctoring - INFO - [face_detection.py:9] - Starting face detection
2025-04-13 20:37:33,339 - proctoring - INFO - [face_detection.py:32] - Face detected with confidence 0.92
2025-04-13 20:37:33,430 - proctoring - INFO - [detection_service.py:28] - Face detection found 1 events
2025-04-13 20:37:33,430 - proctoring - DEBUG - [detection_service.py:31] - No Hand detections
2025-04-13 20:37:33,430 - proctoring - DEBUG - [detection_service.py:31] - No Face Mesh detections
2025-04-13 20:37:33,430 - proctoring - DEBUG - [detection_service.py:31] - No YOLO detections
2025-04-13 20:37:33,430 - proctoring - INFO - [detection_service.py:34] - Total events detected: 1
2025-04-13 20:37:33,430 - proctoring - INFO - [log_service.py:12] - Attempting to store 1 logs for user 1
2025-04-13 20:37:33,430 - proctoring - DEBUG - [log_service.py:26] - Created log entry: {'time': '2025-04-13 20:37:33.335077', 'event': 'Face detected'}
2025-04-13 20:37:33,431 - proctoring - INFO - [log_service.py:40] - Successfully stored 1 logs
2025-04-13 20:37:33,433 - proctoring - DEBUG - [image_utils.py:43] - Decoded base64 data length: 17329
2025-04-13 20:37:33,433 - proctoring - INFO - [detection_service.py:13] - Processing new frame
2025-04-13 20:37:33,433 - proctoring - INFO - [face_detection.py:9] - Starting face detection
2025-04-13 20:37:33,438 - proctoring - INFO - [face_detection.py:32] - Face detected with confidence 0.93
2025-04-13 20:37:33,524 - proctoring - INFO - [detection_service.py:28] - Face detection found 1 events
2025-04-13 20:37:33,524 - proctoring - DEBUG - [detection_service.py:31] - No Hand detections
2025-04-13 20:37:33,524 - proctoring - DEBUG - [detection_service.py:31] - No Face Mesh detections
2025-04-13 20:37:33,524 - proctoring - DEBUG - [detection_service.py:31] - No YOLO detections
2025-04-13 20:37:33,524 - proctoring - INFO - [detection_service.py:34] - Total events detected: 1
2025-04-13 20:37:33,524 - proctoring - INFO - [log_service.py:12] - Attempting to store 1 logs for user 1
2025-04-13 20:37:33,524 - proctoring - DEBUG - [log_service.py:26] - Created log entry: {'time': '2025-04-13 20:37:33.433926', 'event': 'Face detected'}
2025-04-13 20:37:33,525 - proctoring - INFO - [log_service.py:40] - Successfully stored 1 logs
2025-04-13 20:37:33,527 - proctoring - DEBUG - [image_utils.py:43] - Decoded base64 data length: 17305
2025-04-13 20:37:33,528 - proctoring - INFO - [detection_service.py:13] - Processing new frame
2025-04-13 20:37:33,528 - proctoring - INFO - [face_detection.py:9] - Starting face detection
2025-04-13 20:37:33,532 - proctoring - INFO - [face_detection.py:32] - Face detected with confidence 0.93
2025-04-13 20:37:33,621 - proctoring - INFO - [detection_service.py:28] - Face detection found 1 events
2025-04-13 20:37:33,621 - proctoring - DEBUG - [detection_service.py:31] - No Hand detections
2025-04-13 20:37:33,621 - proctoring - DEBUG - [detection_service.py:31] - No Face Mesh detections
2025-04-13 20:37:33,621 - proctoring - DEBUG - [detection_service.py:31] - No YOLO detections
2025-04-13 20:37:33,621 - proctoring - INFO - [detection_service.py:34] - Total events detected: 1
2025-04-13 20:37:33,621 - proctoring - INFO - [log_service.py:12] - Attempting to store 1 logs for user 1
2025-04-13 20:37:33,621 - proctoring - DEBUG - [log_service.py:26] - Created log entry: {'time': '2025-04-13 20:37:33.528214', 'event': 'Face detected'}
2025-04-13 20:37:33,623 - proctoring - INFO - [log_service.py:40] - Successfully stored 1 logs
2025-04-13 20:37:33,624 - proctoring - DEBUG - [image_utils.py:43] - Decoded base64 data length: 17333
2025-04-13 20:37:33,625 - proctoring - INFO - [detection_service.py:13] - Processing new frame
2025-04-13 20:37:33,625 - proctoring - INFO - [face_detection.py:9] - Starting face detection
2025-04-13 20:37:33,630 - proctoring - INFO - [face_detection.py:32] - Face detected with confidence 0.93
2025-04-13 20:37:33,717 - proctoring - INFO - [detection_service.py:28] - Face detection found 1 events
2025-04-13 20:37:33,717 - proctoring - DEBUG - [detection_service.py:31] - No Hand detections
2025-04-13 20:37:33,717 - proctoring - DEBUG - [detection_service.py:31] - No Face Mesh detections
2025-04-13 20:37:33,717 - proctoring - DEBUG - [detection_service.py:31] - No YOLO detections
2025-04-13 20:37:33,717 - proctoring - INFO - [detection_service.py:34] - Total events detected: 1
2025-04-13 20:37:33,717 - proctoring - INFO - [log_service.py:12] - Attempting to store 1 logs for user 1
2025-04-13 20:37:33,717 - proctoring - DEBUG - [log_service.py:26] - Created log entry: {'time': '2025-04-13 20:37:33.625095', 'event': 'Face detected'}
2025-04-13 20:37:33,719 - proctoring - INFO - [log_service.py:40] - Successfully stored 1 logs
2025-04-13 20:37:33,720 - proctoring - DEBUG - [image_utils.py:43] - Decoded base64 data length: 17069
2025-04-13 20:37:33,721 - proctoring - INFO - [detection_service.py:13] - Processing new frame
2025-04-13 20:37:33,721 - proctoring - INFO - [face_detection.py:9] - Starting face detection
2025-04-13 20:37:33,725 - proctoring - INFO - [face_detection.py:32] - Face detected with confidence 0.94
2025-04-13 20:37:33,811 - proctoring - INFO - [detection_service.py:28] - Face detection found 1 events
2025-04-13 20:37:33,811 - proctoring - DEBUG - [detection_service.py:31] - No Hand detections
2025-04-13 20:37:33,811 - proctoring - DEBUG - [detection_service.py:31] - No Face Mesh detections
2025-04-13 20:37:33,811 - proctoring - DEBUG - [detection_service.py:31] - No YOLO detections
2025-04-13 20:37:33,811 - proctoring - INFO - [detection_service.py:34] - Total events detected: 1
2025-04-13 20:37:33,811 - proctoring - INFO - [log_service.py:12] - Attempting to store 1 logs for user 1
2025-04-13 20:37:33,811 - proctoring - DEBUG - [log_service.py:26] - Created log entry: {'time': '2025-04-13 20:37:33.721403', 'event': 'Face detected'}
2025-04-13 20:37:33,813 - proctoring - INFO - [log_service.py:40] - Successfully stored 1 logs
2025-04-13 20:37:33,814 - proctoring - DEBUG - [image_utils.py:43] - Decoded base64 data length: 16758
2025-04-13 20:37:33,815 - proctoring - INFO - [detection_service.py:13] - Processing new frame
2025-04-13 20:37:33,815 - proctoring - INFO - [face_detection.py:9] - Starting face detection
2025-04-13 20:37:33,819 - proctoring - INFO - [face_detection.py:32] - Face detected with confidence 0.92
2025-04-13 20:37:33,905 - proctoring - INFO - [detection_service.py:28] - Face detection found 1 events
2025-04-13 20:37:33,905 - proctoring - DEBUG - [detection_service.py:31] - No Hand detections
2025-04-13 20:37:33,905 - proctoring - DEBUG - [detection_service.py:31] - No Face Mesh detections
2025-04-13 20:37:33,905 - proctoring - DEBUG - [detection_service.py:31] - No YOLO detections
2025-04-13 20:37:33,905 - proctoring - INFO - [detection_service.py:34] - Total events detected: 1
2025-04-13 20:37:33,905 - proctoring - INFO - [log_service.py:12] - Attempting to store 1 logs for user 1
2025-04-13 20:37:33,906 - proctoring - DEBUG - [log_service.py:26] - Created log entry: {'time': '2025-04-13 20:37:33.815390', 'event': 'Face detected'}
2025-04-13 20:37:33,907 - proctoring - INFO - [log_service.py:40] - Successfully stored 1 logs
2025-04-13 20:37:33,908 - proctoring - DEBUG - [image_utils.py:43] - Decoded base64 data length: 16847
2025-04-13 20:37:33,909 - proctoring - INFO - [detection_service.py:13] - Processing new frame
2025-04-13 20:37:33,909 - proctoring - INFO - [face_detection.py:9] - Starting face detection
2025-04-13 20:37:33,913 - proctoring - INFO - [face_detection.py:32] - Face detected with confidence 0.93
2025-04-13 20:37:34,008 - proctoring - INFO - [detection_service.py:28] - Face detection found 1 events
2025-04-13 20:37:34,008 - proctoring - DEBUG - [detection_service.py:31] - No Hand detections
2025-04-13 20:37:34,008 - proctoring - DEBUG - [detection_service.py:31] - No Face Mesh detections
2025-04-13 20:37:34,008 - proctoring - DEBUG - [detection_service.py:31] - No YOLO detections
2025-04-13 20:37:34,008 - proctoring - INFO - [detection_service.py:34] - Total events detected: 1
2025-04-13 20:37:34,008 - proctoring - INFO - [log_service.py:12] - Attempting to store 1 logs for user 1
2025-04-13 20:37:34,008 - proctoring - DEBUG - [log_service.py:26] - Created log entry: {'time': '2025-04-13 20:37:33.909737', 'event': 'Face detected'}
2025-04-13 20:37:34,010 - proctoring - INFO - [log_service.py:40] - Successfully stored 1 logs
2025-04-13 20:37:34,011 - proctoring - DEBUG - [image_utils.py:43] - Decoded base64 data length: 16550
2025-04-13 20:37:34,012 - proctoring - INFO - [detection_service.py:13] - Processing new frame
2025-04-13 20:37:34,012 - proctoring - INFO - [face_detection.py:9] - Starting face detection
2025-04-13 20:37:34,016 - proctoring - INFO - [face_detection.py:32] - Face detected with confidence 0.94
2025-04-13 20:37:34,105 - proctoring - INFO - [detection_service.py:28] - Face detection found 1 events
2025-04-13 20:37:34,105 - proctoring - DEBUG - [detection_service.py:31] - No Hand detections
2025-04-13 20:37:34,105 - proctoring - DEBUG - [detection_service.py:31] - No Face Mesh detections
2025-04-13 20:37:34,105 - proctoring - DEBUG - [detection_service.py:31] - No YOLO detections
2025-04-13 20:37:34,105 - proctoring - INFO - [detection_service.py:34] - Total events detected: 1
2025-04-13 20:37:34,105 - proctoring - INFO - [log_service.py:12] - Attempting to store 1 logs for user 1
2025-04-13 20:37:34,105 - proctoring - DEBUG - [log_service.py:26] - Created log entry: {'time': '2025-04-13 20:37:34.012382', 'event': 'Face detected'}
2025-04-13 20:37:34,107 - proctoring - INFO - [log_service.py:40] - Successfully stored 1 logs
2025-04-13 20:37:34,108 - proctoring - DEBUG - [image_utils.py:43] - Decoded base64 data length: 16748
2025-04-13 20:37:34,109 - proctoring - INFO - [detection_service.py:13] - Processing new frame
2025-04-13 20:37:34,109 - proctoring - INFO - [face_detection.py:9] - Starting face detection
2025-04-13 20:37:34,113 - proctoring - INFO - [face_detection.py:32] - Face detected with confidence 0.93
2025-04-13 20:37:34,203 - proctoring - INFO - [detection_service.py:28] - Face detection found 1 events
2025-04-13 20:37:34,203 - proctoring - DEBUG - [detection_service.py:31] - No Hand detections
2025-04-13 20:37:34,203 - proctoring - DEBUG - [detection_service.py:31] - No Face Mesh detections
2025-04-13 20:37:34,203 - proctoring - DEBUG - [detection_service.py:31] - No YOLO detections
2025-04-13 20:37:34,203 - proctoring - INFO - [detection_service.py:34] - Total events detected: 1
2025-04-13 20:37:34,203 - proctoring - INFO - [log_service.py:12] - Attempting to store 1 logs for user 1
2025-04-13 20:37:34,203 - proctoring - DEBUG - [log_service.py:26] - Created log entry: {'time': '2025-04-13 20:37:34.109226', 'event': 'Face detected'}
2025-04-13 20:37:34,204 - proctoring - INFO - [log_service.py:40] - Successfully stored 1 logs
2025-04-13 20:37:34,205 - proctoring - DEBUG - [image_utils.py:43] - Decoded base64 data length: 16745
2025-04-13 20:37:34,206 - proctoring - INFO - [detection_service.py:13] - Processing new frame
2025-04-13 20:37:34,206 - proctoring - INFO - [face_detection.py:9] - Starting face detection
2025-04-13 20:37:34,210 - proctoring - INFO - [face_detection.py:32] - Face detected with confidence 0.93
2025-04-13 20:37:34,299 - proctoring - INFO - [detection_service.py:28] - Face detection found 1 events
2025-04-13 20:37:34,299 - proctoring - DEBUG - [detection_service.py:31] - No Hand detections
2025-04-13 20:37:34,299 - proctoring - DEBUG - [detection_service.py:31] - No Face Mesh detections
2025-04-13 20:37:34,299 - proctoring - DEBUG - [detection_service.py:31] - No YOLO detections
2025-04-13 20:37:34,299 - proctoring - INFO - [detection_service.py:34] - Total events detected: 1
2025-04-13 20:37:34,299 - proctoring - INFO - [log_service.py:12] - Attempting to store 1 logs for user 1
2025-04-13 20:37:34,299 - proctoring - DEBUG - [log_service.py:26] - Created log entry: {'time': '2025-04-13 20:37:34.206813', 'event': 'Face detected'}
2025-04-13 20:37:34,301 - proctoring - INFO - [log_service.py:40] - Successfully stored 1 logs
2025-04-13 20:37:34,301 - proctoring - DEBUG - [image_utils.py:43] - Decoded base64 data length: 16755
2025-04-13 20:37:34,302 - proctoring - INFO - [detection_service.py:13] - Processing new frame
2025-04-13 20:37:34,302 - proctoring - INFO - [face_detection.py:9] - Starting face detection
2025-04-13 20:37:34,307 - proctoring - INFO - [face_detection.py:32] - Face detected with confidence 0.93
2025-04-13 20:37:34,395 - proctoring - INFO - [detection_service.py:28] - Face detection found 1 events
2025-04-13 20:37:34,396 - proctoring - DEBUG - [detection_service.py:31] - No Hand detections
2025-04-13 20:37:34,396 - proctoring - DEBUG - [detection_service.py:31] - No Face Mesh detections
2025-04-13 20:37:34,396 - proctoring - DEBUG - [detection_service.py:31] - No YOLO detections
2025-04-13 20:37:34,396 - proctoring - INFO - [detection_service.py:34] - Total events detected: 1
2025-04-13 20:37:34,396 - proctoring - INFO - [log_service.py:12] - Attempting to store 1 logs for user 1
2025-04-13 20:37:34,396 - proctoring - DEBUG - [log_service.py:26] - Created log entry: {'time': '2025-04-13 20:37:34.302675', 'event': 'Face detected'}
2025-04-13 20:37:34,397 - proctoring - INFO - [log_service.py:40] - Successfully stored 1 logs
2025-04-13 20:37:34,398 - proctoring - DEBUG - [image_utils.py:43] - Decoded base64 data length: 16556
2025-04-13 20:37:34,399 - proctoring - INFO - [detection_service.py:13] - Processing new frame
2025-04-13 20:37:34,399 - proctoring - INFO - [face_detection.py:9] - Starting face detection
2025-04-13 20:37:34,403 - proctoring - INFO - [face_detection.py:32] - Face detected with confidence 0.93
2025-04-13 20:37:34,501 - proctoring - INFO - [detection_service.py:28] - Face detection found 1 events
2025-04-13 20:37:34,501 - proctoring - DEBUG - [detection_service.py:31] - No Hand detections
2025-04-13 20:37:34,501 - proctoring - DEBUG - [detection_service.py:31] - No Face Mesh detections
2025-04-13 20:37:34,501 - proctoring - DEBUG - [detection_service.py:31] - No YOLO detections
2025-04-13 20:37:34,501 - proctoring - INFO - [detection_service.py:34] - Total events detected: 1
2025-04-13 20:37:34,501 - proctoring - INFO - [log_service.py:12] - Attempting to store 1 logs for user 1
2025-04-13 20:37:34,501 - proctoring - DEBUG - [log_service.py:26] - Created log entry: {'time': '2025-04-13 20:37:34.399305', 'event': 'Face detected'}
2025-04-13 20:37:34,503 - proctoring - INFO - [log_service.py:40] - Successfully stored 1 logs
2025-04-13 20:37:34,504 - proctoring - DEBUG - [image_utils.py:43] - Decoded base64 data length: 16436
2025-04-13 20:37:34,505 - proctoring - INFO - [detection_service.py:13] - Processing new frame
2025-04-13 20:37:34,505 - proctoring - INFO - [face_detection.py:9] - Starting face detection
2025-04-13 20:37:34,509 - proctoring - INFO - [face_detection.py:32] - Face detected with confidence 0.93
2025-04-13 20:37:34,598 - proctoring - INFO - [detection_service.py:28] - Face detection found 1 events
2025-04-13 20:37:34,598 - proctoring - DEBUG - [detection_service.py:31] - No Hand detections
2025-04-13 20:37:34,598 - proctoring - DEBUG - [detection_service.py:31] - No Face Mesh detections
2025-04-13 20:37:34,598 - proctoring - DEBUG - [detection_service.py:31] - No YOLO detections
2025-04-13 20:37:34,598 - proctoring - INFO - [detection_service.py:34] - Total events detected: 1
2025-04-13 20:37:34,598 - proctoring - INFO - [log_service.py:12] - Attempting to store 1 logs for user 1
2025-04-13 20:37:34,598 - proctoring - DEBUG - [log_service.py:26] - Created log entry: {'time': '2025-04-13 20:37:34.505240', 'event': 'Face detected'}
2025-04-13 20:37:34,600 - proctoring - INFO - [log_service.py:40] - Successfully stored 1 logs
2025-04-13 20:37:34,602 - proctoring - DEBUG - [image_utils.py:43] - Decoded base64 data length: 16463
2025-04-13 20:37:34,602 - proctoring - INFO - [detection_service.py:13] - Processing new frame
2025-04-13 20:37:34,602 - proctoring - INFO - [face_detection.py:9] - Starting face detection
2025-04-13 20:37:34,608 - proctoring - INFO - [face_detection.py:32] - Face detected with confidence 0.93
2025-04-13 20:37:34,699 - proctoring - INFO - [detection_service.py:28] - Face detection found 1 events
2025-04-13 20:37:34,699 - proctoring - DEBUG - [detection_service.py:31] - No Hand detections
2025-04-13 20:37:34,699 - proctoring - DEBUG - [detection_service.py:31] - No Face Mesh detections
2025-04-13 20:37:34,700 - proctoring - DEBUG - [detection_service.py:31] - No YOLO detections
2025-04-13 20:37:34,700 - proctoring - INFO - [detection_service.py:34] - Total events detected: 1
2025-04-13 20:37:34,700 - proctoring - INFO - [log_service.py:12] - Attempting to store 1 logs for user 1
2025-04-13 20:37:34,700 - proctoring - DEBUG - [log_service.py:26] - Created log entry: {'time': '2025-04-13 20:37:34.602561', 'event': 'Face detected'}
2025-04-13 20:37:34,702 - proctoring - INFO - [log_service.py:40] - Successfully stored 1 logs
2025-04-13 20:37:34,703 - proctoring - DEBUG - [image_utils.py:43] - Decoded base64 data length: 16511
2025-04-13 20:37:34,703 - proctoring - INFO - [detection_service.py:13] - Processing new frame
2025-04-13 20:37:34,703 - proctoring - INFO - [face_detection.py:9] - Starting face detection
2025-04-13 20:37:34,707 - proctoring - INFO - [face_detection.py:32] - Face detected with confidence 0.93
2025-04-13 20:37:34,802 - proctoring - INFO - [detection_service.py:28] - Face detection found 1 events
2025-04-13 20:37:34,802 - proctoring - DEBUG - [detection_service.py:31] - No Hand detections
2025-04-13 20:37:34,802 - proctoring - DEBUG - [detection_service.py:31] - No Face Mesh detections
2025-04-13 20:37:34,802 - proctoring - DEBUG - [detection_service.py:31] - No YOLO detections
2025-04-13 20:37:34,802 - proctoring - INFO - [detection_service.py:34] - Total events detected: 1
2025-04-13 20:37:34,802 - proctoring - INFO - [log_service.py:12] - Attempting to store 1 logs for user 1
2025-04-13 20:37:34,802 - proctoring - DEBUG - [log_service.py:26] - Created log entry: {'time': '2025-04-13 20:37:34.703878', 'event': 'Face detected'}
2025-04-13 20:37:34,804 - proctoring - INFO - [log_service.py:40] - Successfully stored 1 logs
2025-04-13 20:37:34,805 - proctoring - DEBUG - [image_utils.py:43] - Decoded base64 data length: 16740
2025-04-13 20:37:34,806 - proctoring - INFO - [detection_service.py:13] - Processing new frame
2025-04-13 20:37:34,806 - proctoring - INFO - [face_detection.py:9] - Starting face detection
2025-04-13 20:37:34,810 - proctoring - INFO - [face_detection.py:32] - Face detected with confidence 0.93
2025-04-13 20:37:34,898 - proctoring - INFO - [detection_service.py:28] - Face detection found 1 events
2025-04-13 20:37:34,898 - proctoring - DEBUG - [detection_service.py:31] - No Hand detections
2025-04-13 20:37:34,898 - proctoring - DEBUG - [detection_service.py:31] - No Face Mesh detections
2025-04-13 20:37:34,898 - proctoring - DEBUG - [detection_service.py:31] - No YOLO detections
2025-04-13 20:37:34,898 - proctoring - INFO - [detection_service.py:34] - Total events detected: 1
2025-04-13 20:37:34,898 - proctoring - INFO - [log_service.py:12] - Attempting to store 1 logs for user 1
2025-04-13 20:37:34,898 - proctoring - DEBUG - [log_service.py:26] - Created log entry: {'time': '2025-04-13 20:37:34.806398', 'event': 'Face detected'}
2025-04-13 20:37:34,900 - proctoring - INFO - [log_service.py:40] - Successfully stored 1 logs
2025-04-13 20:37:34,901 - proctoring - DEBUG - [image_utils.py:43] - Decoded base64 data length: 16852
2025-04-13 20:37:34,902 - proctoring - INFO - [detection_service.py:13] - Processing new frame
2025-04-13 20:37:34,902 - proctoring - INFO - [face_detection.py:9] - Starting face detection
2025-04-13 20:37:34,906 - proctoring - INFO - [face_detection.py:32] - Face detected with confidence 0.93
2025-04-13 20:37:34,992 - proctoring - INFO - [detection_service.py:28] - Face detection found 1 events
2025-04-13 20:37:34,992 - proctoring - DEBUG - [detection_service.py:31] - No Hand detections
2025-04-13 20:37:34,992 - proctoring - DEBUG - [detection_service.py:31] - No Face Mesh detections
2025-04-13 20:37:34,992 - proctoring - DEBUG - [detection_service.py:31] - No YOLO detections
2025-04-13 20:37:34,992 - proctoring - INFO - [detection_service.py:34] - Total events detected: 1
2025-04-13 20:37:34,992 - proctoring - INFO - [log_service.py:12] - Attempting to store 1 logs for user 1
2025-04-13 20:37:34,992 - proctoring - DEBUG - [log_service.py:26] - Created log entry: {'time': '2025-04-13 20:37:34.902081', 'event': 'Face detected'}
2025-04-13 20:37:34,994 - proctoring - INFO - [log_service.py:40] - Successfully stored 1 logs
2025-04-13 20:37:34,995 - proctoring - DEBUG - [image_utils.py:43] - Decoded base64 data length: 16963
2025-04-13 20:37:34,996 - proctoring - INFO - [detection_service.py:13] - Processing new frame
2025-04-13 20:37:34,996 - proctoring - INFO - [face_detection.py:9] - Starting face detection
2025-04-13 20:37:35,000 - proctoring - INFO - [face_detection.py:32] - Face detected with confidence 0.92
2025-04-13 20:37:35,084 - proctoring - INFO - [detection_service.py:28] - Face detection found 1 events
2025-04-13 20:37:35,084 - proctoring - DEBUG - [detection_service.py:31] - No Hand detections
2025-04-13 20:37:35,084 - proctoring - DEBUG - [detection_service.py:31] - No Face Mesh detections
2025-04-13 20:37:35,084 - proctoring - DEBUG - [detection_service.py:31] - No YOLO detections
2025-04-13 20:37:35,084 - proctoring - INFO - [detection_service.py:34] - Total events detected: 1
2025-04-13 20:37:35,084 - proctoring - INFO - [log_service.py:12] - Attempting to store 1 logs for user 1
2025-04-13 20:37:35,084 - proctoring - DEBUG - [log_service.py:26] - Created log entry: {'time': '2025-04-13 20:37:34.996485', 'event': 'Face detected'}
2025-04-13 20:37:35,086 - proctoring - INFO - [log_service.py:40] - Successfully stored 1 logs
2025-04-13 20:37:35,087 - proctoring - DEBUG - [image_utils.py:43] - Decoded base64 data length: 16998
2025-04-13 20:37:35,087 - proctoring - INFO - [detection_service.py:13] - Processing new frame
2025-04-13 20:37:35,088 - proctoring - INFO - [face_detection.py:9] - Starting face detection
2025-04-13 20:37:35,091 - proctoring - INFO - [face_detection.py:32] - Face detected with confidence 0.92
2025-04-13 20:37:35,178 - proctoring - INFO - [detection_service.py:28] - Face detection found 1 events
2025-04-13 20:37:35,178 - proctoring - DEBUG - [detection_service.py:31] - No Hand detections
2025-04-13 20:37:35,178 - proctoring - DEBUG - [detection_service.py:31] - No Face Mesh detections
2025-04-13 20:37:35,178 - proctoring - DEBUG - [detection_service.py:31] - No YOLO detections
2025-04-13 20:37:35,178 - proctoring - INFO - [detection_service.py:34] - Total events detected: 1
2025-04-13 20:37:35,178 - proctoring - INFO - [log_service.py:12] - Attempting to store 1 logs for user 1
2025-04-13 20:37:35,178 - proctoring - DEBUG - [log_service.py:26] - Created log entry: {'time': '2025-04-13 20:37:35.088035', 'event': 'Face detected'}
2025-04-13 20:37:35,179 - proctoring - INFO - [log_service.py:40] - Successfully stored 1 logs
2025-04-13 20:37:35,181 - proctoring - DEBUG - [image_utils.py:43] - Decoded base64 data length: 17070
2025-04-13 20:37:35,181 - proctoring - INFO - [detection_service.py:13] - Processing new frame
2025-04-13 20:37:35,181 - proctoring - INFO - [face_detection.py:9] - Starting face detection
2025-04-13 20:37:35,186 - proctoring - INFO - [face_detection.py:32] - Face detected with confidence 0.92
2025-04-13 20:37:35,274 - proctoring - INFO - [detection_service.py:28] - Face detection found 1 events
2025-04-13 20:37:35,274 - proctoring - DEBUG - [detection_service.py:31] - No Hand detections
2025-04-13 20:37:35,274 - proctoring - DEBUG - [detection_service.py:31] - No Face Mesh detections
2025-04-13 20:37:35,274 - proctoring - DEBUG - [detection_service.py:31] - No YOLO detections
2025-04-13 20:37:35,274 - proctoring - INFO - [detection_service.py:34] - Total events detected: 1
2025-04-13 20:37:35,274 - proctoring - INFO - [log_service.py:12] - Attempting to store 1 logs for user 1
2025-04-13 20:37:35,274 - proctoring - DEBUG - [log_service.py:26] - Created log entry: {'time': '2025-04-13 20:37:35.181865', 'event': 'Face detected'}
2025-04-13 20:37:35,275 - proctoring - INFO - [log_service.py:40] - Successfully stored 1 logs
2025-04-13 20:37:35,276 - proctoring - DEBUG - [image_utils.py:43] - Decoded base64 data length: 17099
2025-04-13 20:37:35,277 - proctoring - INFO - [detection_service.py:13] - Processing new frame
2025-04-13 20:37:35,277 - proctoring - INFO - [face_detection.py:9] - Starting face detection
2025-04-13 20:37:35,281 - proctoring - INFO - [face_detection.py:32] - Face detected with confidence 0.92
2025-04-13 20:37:35,368 - proctoring - INFO - [detection_service.py:28] - Face detection found 1 events
2025-04-13 20:37:35,368 - proctoring - DEBUG - [detection_service.py:31] - No Hand detections
2025-04-13 20:37:35,368 - proctoring - DEBUG - [detection_service.py:31] - No Face Mesh detections
2025-04-13 20:37:35,368 - proctoring - DEBUG - [detection_service.py:31] - No YOLO detections
2025-04-13 20:37:35,368 - proctoring - INFO - [detection_service.py:34] - Total events detected: 1
2025-04-13 20:37:35,368 - proctoring - INFO - [log_service.py:12] - Attempting to store 1 logs for user 1
2025-04-13 20:37:35,368 - proctoring - DEBUG - [log_service.py:26] - Created log entry: {'time': '2025-04-13 20:37:35.277476', 'event': 'Face detected'}
2025-04-13 20:37:35,370 - proctoring - INFO - [log_service.py:40] - Successfully stored 1 logs
2025-04-13 20:37:35,371 - proctoring - DEBUG - [image_utils.py:43] - Decoded base64 data length: 17155
2025-04-13 20:37:35,372 - proctoring - INFO - [detection_service.py:13] - Processing new frame
2025-04-13 20:37:35,372 - proctoring - INFO - [face_detection.py:9] - Starting face detection
2025-04-13 20:37:35,376 - proctoring - INFO - [face_detection.py:32] - Face detected with confidence 0.92
2025-04-13 20:37:35,459 - proctoring - INFO - [detection_service.py:28] - Face detection found 1 events
2025-04-13 20:37:35,459 - proctoring - DEBUG - [detection_service.py:31] - No Hand detections
2025-04-13 20:37:35,459 - proctoring - DEBUG - [detection_service.py:31] - No Face Mesh detections
2025-04-13 20:37:35,459 - proctoring - DEBUG - [detection_service.py:31] - No YOLO detections
2025-04-13 20:37:35,459 - proctoring - INFO - [detection_service.py:34] - Total events detected: 1
2025-04-13 20:37:35,459 - proctoring - INFO - [log_service.py:12] - Attempting to store 1 logs for user 1
2025-04-13 20:37:35,459 - proctoring - DEBUG - [log_service.py:26] - Created log entry: {'time': '2025-04-13 20:37:35.372211', 'event': 'Face detected'}
2025-04-13 20:37:35,461 - proctoring - INFO - [log_service.py:40] - Successfully stored 1 logs
2025-04-13 20:37:35,463 - proctoring - DEBUG - [image_utils.py:43] - Decoded base64 data length: 17157
2025-04-13 20:37:35,463 - proctoring - INFO - [detection_service.py:13] - Processing new frame
2025-04-13 20:37:35,463 - proctoring - INFO - [face_detection.py:9] - Starting face detection
2025-04-13 20:37:35,467 - proctoring - INFO - [face_detection.py:32] - Face detected with confidence 0.91
2025-04-13 20:37:35,552 - proctoring - INFO - [detection_service.py:28] - Face detection found 1 events
2025-04-13 20:37:35,552 - proctoring - DEBUG - [detection_service.py:31] - No Hand detections
2025-04-13 20:37:35,552 - proctoring - DEBUG - [detection_service.py:31] - No Face Mesh detections
2025-04-13 20:37:35,552 - proctoring - DEBUG - [detection_service.py:31] - No YOLO detections
2025-04-13 20:37:35,552 - proctoring - INFO - [detection_service.py:34] - Total events detected: 1
2025-04-13 20:37:35,552 - proctoring - INFO - [log_service.py:12] - Attempting to store 1 logs for user 1
2025-04-13 20:37:35,552 - proctoring - DEBUG - [log_service.py:26] - Created log entry: {'time': '2025-04-13 20:37:35.463655', 'event': 'Face detected'}
2025-04-13 20:37:35,554 - proctoring - INFO - [log_service.py:40] - Successfully stored 1 logs
2025-04-13 20:37:35,555 - proctoring - DEBUG - [image_utils.py:43] - Decoded base64 data length: 17112
2025-04-13 20:37:35,555 - proctoring - INFO - [detection_service.py:13] - Processing new frame
2025-04-13 20:37:35,555 - proctoring - INFO - [face_detection.py:9] - Starting face detection
2025-04-13 20:37:35,559 - proctoring - INFO - [face_detection.py:32] - Face detected with confidence 0.92
2025-04-13 20:37:35,648 - proctoring - INFO - [detection_service.py:28] - Face detection found 1 events
2025-04-13 20:37:35,648 - proctoring - DEBUG - [detection_service.py:31] - No Hand detections
2025-04-13 20:37:35,648 - proctoring - DEBUG - [detection_service.py:31] - No Face Mesh detections
2025-04-13 20:37:35,648 - proctoring - DEBUG - [detection_service.py:31] - No YOLO detections
2025-04-13 20:37:35,648 - proctoring - INFO - [detection_service.py:34] - Total events detected: 1
2025-04-13 20:37:35,648 - proctoring - INFO - [log_service.py:12] - Attempting to store 1 logs for user 1
2025-04-13 20:37:35,648 - proctoring - DEBUG - [log_service.py:26] - Created log entry: {'time': '2025-04-13 20:37:35.555889', 'event': 'Face detected'}
2025-04-13 20:37:35,649 - proctoring - INFO - [log_service.py:40] - Successfully stored 1 logs
2025-04-13 20:37:35,651 - proctoring - DEBUG - [image_utils.py:43] - Decoded base64 data length: 17094
2025-04-13 20:37:35,651 - proctoring - INFO - [detection_service.py:13] - Processing new frame
2025-04-13 20:37:35,651 - proctoring - INFO - [face_detection.py:9] - Starting face detection
2025-04-13 20:37:35,656 - proctoring - INFO - [face_detection.py:32] - Face detected with confidence 0.92
2025-04-13 20:37:35,749 - proctoring - INFO - [detection_service.py:28] - Face detection found 1 events
2025-04-13 20:37:35,749 - proctoring - DEBUG - [detection_service.py:31] - No Hand detections
2025-04-13 20:37:35,749 - proctoring - DEBUG - [detection_service.py:31] - No Face Mesh detections
2025-04-13 20:37:35,749 - proctoring - DEBUG - [detection_service.py:31] - No YOLO detections
2025-04-13 20:37:35,749 - proctoring - INFO - [detection_service.py:34] - Total events detected: 1
2025-04-13 20:37:35,749 - proctoring - INFO - [log_service.py:12] - Attempting to store 1 logs for user 1
2025-04-13 20:37:35,749 - proctoring - DEBUG - [log_service.py:26] - Created log entry: {'time': '2025-04-13 20:37:35.651530', 'event': 'Face detected'}
2025-04-13 20:37:35,751 - proctoring - INFO - [log_service.py:40] - Successfully stored 1 logs
2025-04-13 20:37:35,753 - proctoring - DEBUG - [image_utils.py:43] - Decoded base64 data length: 17010
2025-04-13 20:37:35,753 - proctoring - INFO - [detection_service.py:13] - Processing new frame
2025-04-13 20:37:35,753 - proctoring - INFO - [face_detection.py:9] - Starting face detection
2025-04-13 20:37:35,757 - proctoring - INFO - [face_detection.py:32] - Face detected with confidence 0.93
2025-04-13 20:37:35,845 - proctoring - INFO - [detection_service.py:28] - Face detection found 1 events
2025-04-13 20:37:35,845 - proctoring - DEBUG - [detection_service.py:31] - No Hand detections
2025-04-13 20:37:35,845 - proctoring - DEBUG - [detection_service.py:31] - No Face Mesh detections
2025-04-13 20:37:35,845 - proctoring - DEBUG - [detection_service.py:31] - No YOLO detections
2025-04-13 20:37:35,845 - proctoring - INFO - [detection_service.py:34] - Total events detected: 1
2025-04-13 20:37:35,845 - proctoring - INFO - [log_service.py:12] - Attempting to store 1 logs for user 1
2025-04-13 20:37:35,846 - proctoring - DEBUG - [log_service.py:26] - Created log entry: {'time': '2025-04-13 20:37:35.753677', 'event': 'Face detected'}
2025-04-13 20:37:35,847 - proctoring - INFO - [log_service.py:40] - Successfully stored 1 logs
2025-04-13 20:37:35,849 - proctoring - DEBUG - [image_utils.py:43] - Decoded base64 data length: 17042
2025-04-13 20:37:35,849 - proctoring - INFO - [detection_service.py:13] - Processing new frame
2025-04-13 20:37:35,849 - proctoring - INFO - [face_detection.py:9] - Starting face detection
2025-04-13 20:37:35,854 - proctoring - INFO - [face_detection.py:32] - Face detected with confidence 0.93
2025-04-13 20:37:35,944 - proctoring - INFO - [detection_service.py:28] - Face detection found 1 events
2025-04-13 20:37:35,944 - proctoring - DEBUG - [detection_service.py:31] - No Hand detections
2025-04-13 20:37:35,944 - proctoring - DEBUG - [detection_service.py:31] - No Face Mesh detections
2025-04-13 20:37:35,944 - proctoring - DEBUG - [detection_service.py:31] - No YOLO detections
2025-04-13 20:37:35,944 - proctoring - INFO - [detection_service.py:34] - Total events detected: 1
2025-04-13 20:37:35,944 - proctoring - INFO - [log_service.py:12] - Attempting to store 1 logs for user 1
2025-04-13 20:37:35,944 - proctoring - DEBUG - [log_service.py:26] - Created log entry: {'time': '2025-04-13 20:37:35.849699', 'event': 'Face detected'}
2025-04-13 20:37:35,946 - proctoring - INFO - [log_service.py:40] - Successfully stored 1 logs
2025-04-13 20:37:35,947 - proctoring - DEBUG - [image_utils.py:43] - Decoded base64 data length: 17014
2025-04-13 20:37:35,948 - proctoring - INFO - [detection_service.py:13] - Processing new frame
2025-04-13 20:37:35,948 - proctoring - INFO - [face_detection.py:9] - Starting face detection
2025-04-13 20:37:35,955 - proctoring - INFO - [face_detection.py:32] - Face detected with confidence 0.93
2025-04-13 20:37:36,042 - proctoring - INFO - [detection_service.py:28] - Face detection found 1 events
2025-04-13 20:37:36,042 - proctoring - DEBUG - [detection_service.py:31] - No Hand detections
2025-04-13 20:37:36,042 - proctoring - DEBUG - [detection_service.py:31] - No Face Mesh detections
2025-04-13 20:37:36,042 - proctoring - DEBUG - [detection_service.py:31] - No YOLO detections
2025-04-13 20:37:36,042 - proctoring - INFO - [detection_service.py:34] - Total events detected: 1
2025-04-13 20:37:36,042 - proctoring - INFO - [log_service.py:12] - Attempting to store 1 logs for user 1
2025-04-13 20:37:36,042 - proctoring - DEBUG - [log_service.py:26] - Created log entry: {'time': '2025-04-13 20:37:35.948357', 'event': 'Face detected'}
2025-04-13 20:37:36,044 - proctoring - INFO - [log_service.py:40] - Successfully stored 1 logs
2025-04-13 20:37:36,045 - proctoring - DEBUG - [image_utils.py:43] - Decoded base64 data length: 16964
2025-04-13 20:37:36,046 - proctoring - INFO - [detection_service.py:13] - Processing new frame
2025-04-13 20:37:36,046 - proctoring - INFO - [face_detection.py:9] - Starting face detection
2025-04-13 20:37:36,050 - proctoring - INFO - [face_detection.py:32] - Face detected with confidence 0.93
2025-04-13 20:37:36,137 - proctoring - INFO - [detection_service.py:28] - Face detection found 1 events
2025-04-13 20:37:36,137 - proctoring - DEBUG - [detection_service.py:31] - No Hand detections
2025-04-13 20:37:36,137 - proctoring - DEBUG - [detection_service.py:31] - No Face Mesh detections
2025-04-13 20:37:36,137 - proctoring - DEBUG - [detection_service.py:31] - No YOLO detections
2025-04-13 20:37:36,137 - proctoring - INFO - [detection_service.py:34] - Total events detected: 1
2025-04-13 20:37:36,137 - proctoring - INFO - [log_service.py:12] - Attempting to store 1 logs for user 1
2025-04-13 20:37:36,137 - proctoring - DEBUG - [log_service.py:26] - Created log entry: {'time': '2025-04-13 20:37:36.046200', 'event': 'Face detected'}
2025-04-13 20:37:36,139 - proctoring - INFO - [log_service.py:40] - Successfully stored 1 logs
2025-04-13 20:37:36,140 - proctoring - DEBUG - [image_utils.py:43] - Decoded base64 data length: 17034
2025-04-13 20:37:36,141 - proctoring - INFO - [detection_service.py:13] - Processing new frame
2025-04-13 20:37:36,141 - proctoring - INFO - [face_detection.py:9] - Starting face detection
2025-04-13 20:37:36,145 - proctoring - INFO - [face_detection.py:32] - Face detected with confidence 0.92
2025-04-13 20:37:36,232 - proctoring - INFO - [detection_service.py:28] - Face detection found 1 events
2025-04-13 20:37:36,232 - proctoring - DEBUG - [detection_service.py:31] - No Hand detections
2025-04-13 20:37:36,232 - proctoring - DEBUG - [detection_service.py:31] - No Face Mesh detections
2025-04-13 20:37:36,232 - proctoring - DEBUG - [detection_service.py:31] - No YOLO detections
2025-04-13 20:37:36,232 - proctoring - INFO - [detection_service.py:34] - Total events detected: 1
2025-04-13 20:37:36,232 - proctoring - INFO - [log_service.py:12] - Attempting to store 1 logs for user 1
2025-04-13 20:37:36,232 - proctoring - DEBUG - [log_service.py:26] - Created log entry: {'time': '2025-04-13 20:37:36.141449', 'event': 'Face detected'}
2025-04-13 20:37:36,234 - proctoring - INFO - [log_service.py:40] - Successfully stored 1 logs
2025-04-13 20:37:36,244 - proctoring - DEBUG - [image_utils.py:43] - Decoded base64 data length: 17068
2025-04-13 20:37:36,245 - proctoring - INFO - [detection_service.py:13] - Processing new frame
2025-04-13 20:37:36,245 - proctoring - INFO - [face_detection.py:9] - Starting face detection
2025-04-13 20:37:36,249 - proctoring - INFO - [face_detection.py:32] - Face detected with confidence 0.91
2025-04-13 20:37:36,334 - proctoring - INFO - [detection_service.py:28] - Face detection found 1 events
2025-04-13 20:37:36,334 - proctoring - DEBUG - [detection_service.py:31] - No Hand detections
2025-04-13 20:37:36,334 - proctoring - DEBUG - [detection_service.py:31] - No Face Mesh detections
2025-04-13 20:37:36,334 - proctoring - DEBUG - [detection_service.py:31] - No YOLO detections
2025-04-13 20:37:36,334 - proctoring - INFO - [detection_service.py:34] - Total events detected: 1
2025-04-13 20:37:36,334 - proctoring - INFO - [log_service.py:12] - Attempting to store 1 logs for user 1
2025-04-13 20:37:36,334 - proctoring - DEBUG - [log_service.py:26] - Created log entry: {'time': '2025-04-13 20:37:36.245232', 'event': 'Face detected'}
2025-04-13 20:37:36,337 - proctoring - INFO - [log_service.py:40] - Successfully stored 1 logs
2025-04-13 20:37:36,353 - proctoring - DEBUG - [image_utils.py:43] - Decoded base64 data length: 17127
2025-04-13 20:37:36,353 - proctoring - INFO - [detection_service.py:13] - Processing new frame
2025-04-13 20:37:36,353 - proctoring - INFO - [face_detection.py:9] - Starting face detection
2025-04-13 20:37:36,358 - proctoring - INFO - [face_detection.py:32] - Face detected with confidence 0.92
2025-04-13 20:37:36,447 - proctoring - INFO - [detection_service.py:28] - Face detection found 1 events
2025-04-13 20:37:36,447 - proctoring - DEBUG - [detection_service.py:31] - No Hand detections
2025-04-13 20:37:36,447 - proctoring - DEBUG - [detection_service.py:31] - No Face Mesh detections
2025-04-13 20:37:36,447 - proctoring - DEBUG - [detection_service.py:31] - No YOLO detections
2025-04-13 20:37:36,447 - proctoring - INFO - [detection_service.py:34] - Total events detected: 1
2025-04-13 20:37:36,447 - proctoring - INFO - [log_service.py:12] - Attempting to store 1 logs for user 1
2025-04-13 20:37:36,447 - proctoring - DEBUG - [log_service.py:26] - Created log entry: {'time': '2025-04-13 20:37:36.353737', 'event': 'Face detected'}
2025-04-13 20:37:36,449 - proctoring - INFO - [log_service.py:40] - Successfully stored 1 logs
2025-04-13 20:37:36,462 - proctoring - DEBUG - [image_utils.py:43] - Decoded base64 data length: 17136
2025-04-13 20:37:36,463 - proctoring - INFO - [detection_service.py:13] - Processing new frame
2025-04-13 20:37:36,463 - proctoring - INFO - [face_detection.py:9] - Starting face detection
2025-04-13 20:37:36,468 - proctoring - INFO - [face_detection.py:32] - Face detected with confidence 0.92
2025-04-13 20:37:36,559 - proctoring - INFO - [detection_service.py:28] - Face detection found 1 events
2025-04-13 20:37:36,559 - proctoring - DEBUG - [detection_service.py:31] - No Hand detections
2025-04-13 20:37:36,559 - proctoring - DEBUG - [detection_service.py:31] - No Face Mesh detections
2025-04-13 20:37:36,559 - proctoring - DEBUG - [detection_service.py:31] - No YOLO detections
2025-04-13 20:37:36,559 - proctoring - INFO - [detection_service.py:34] - Total events detected: 1
2025-04-13 20:37:36,559 - proctoring - INFO - [log_service.py:12] - Attempting to store 1 logs for user 1
2025-04-13 20:37:36,559 - proctoring - DEBUG - [log_service.py:26] - Created log entry: {'time': '2025-04-13 20:37:36.463315', 'event': 'Face detected'}
2025-04-13 20:37:36,561 - proctoring - INFO - [log_service.py:40] - Successfully stored 1 logs
2025-04-13 20:37:36,564 - proctoring - INFO - [main.py:177] - Client initiated disconnect for user 1
2025-04-13 20:37:36,564 - proctoring - ERROR - [connection.py:33] - Error closing WebSocket: Unexpected ASGI message 'websocket.close', after sending 'websocket.close' or response already completed.
2025-04-13 20:37:36,564 - proctoring - INFO - [main.py:217] - Cleaning up connection for user 1
2025-04-13 20:40:04,380 - proctoring - INFO - [main.py:133] - WebSocket connection attempt for user 1
2025-04-13 20:40:04,381 - proctoring - INFO - [connection.py:19] - WebSocket connection accepted for user 1
2025-04-13 20:40:04,381 - proctoring - INFO - [main.py:162] - WebSocket connection established for user 1
2025-04-13 20:40:04,386 - proctoring - DEBUG - [image_utils.py:43] - Decoded base64 data length: 14347
2025-04-13 20:40:04,387 - proctoring - INFO - [detection_service.py:13] - Processing new frame
2025-04-13 20:40:04,387 - proctoring - INFO - [face_detection.py:9] - Starting face detection
2025-04-13 20:40:04,392 - proctoring - INFO - [face_detection.py:32] - Face detected with confidence 0.89
2025-04-13 20:40:04,515 - proctoring - INFO - [detection_service.py:28] - Face detection found 1 events
2025-04-13 20:40:04,515 - proctoring - DEBUG - [detection_service.py:31] - No Hand detections
2025-04-13 20:40:04,515 - proctoring - DEBUG - [detection_service.py:31] - No Face Mesh detections
2025-04-13 20:40:04,515 - proctoring - DEBUG - [detection_service.py:31] - No YOLO detections
2025-04-13 20:40:04,515 - proctoring - INFO - [detection_service.py:34] - Total events detected: 1
2025-04-13 20:40:04,515 - proctoring - INFO - [log_service.py:12] - Attempting to store 1 logs for user 1
2025-04-13 20:40:04,515 - proctoring - DEBUG - [log_service.py:26] - Created log entry: {'time': '2025-04-13 20:40:04.387469', 'event': 'Face detected'}
2025-04-13 20:40:04,517 - proctoring - INFO - [log_service.py:40] - Successfully stored 1 logs
2025-04-13 20:40:04,518 - proctoring - DEBUG - [image_utils.py:43] - Decoded base64 data length: 13289
2025-04-13 20:40:04,518 - proctoring - INFO - [detection_service.py:13] - Processing new frame
2025-04-13 20:40:04,518 - proctoring - INFO - [face_detection.py:9] - Starting face detection
2025-04-13 20:40:04,526 - proctoring - INFO - [face_detection.py:32] - Face detected with confidence 0.91
2025-04-13 20:40:04,629 - proctoring - INFO - [detection_service.py:28] - Face detection found 1 events
2025-04-13 20:40:04,629 - proctoring - DEBUG - [detection_service.py:31] - No Hand detections
2025-04-13 20:40:04,629 - proctoring - DEBUG - [detection_service.py:31] - No Face Mesh detections
2025-04-13 20:40:04,629 - proctoring - DEBUG - [detection_service.py:31] - No YOLO detections
2025-04-13 20:40:04,629 - proctoring - INFO - [detection_service.py:34] - Total events detected: 1
2025-04-13 20:40:04,629 - proctoring - INFO - [log_service.py:12] - Attempting to store 1 logs for user 1
2025-04-13 20:40:04,630 - proctoring - DEBUG - [log_service.py:26] - Created log entry: {'time': '2025-04-13 20:40:04.519100', 'event': 'Face detected'}
2025-04-13 20:40:04,631 - proctoring - INFO - [log_service.py:40] - Successfully stored 1 logs
2025-04-13 20:40:04,632 - proctoring - DEBUG - [image_utils.py:43] - Decoded base64 data length: 13454
2025-04-13 20:40:04,632 - proctoring - INFO - [detection_service.py:13] - Processing new frame
2025-04-13 20:40:04,632 - proctoring - INFO - [face_detection.py:9] - Starting face detection
2025-04-13 20:40:04,638 - proctoring - INFO - [face_detection.py:32] - Face detected with confidence 0.92
2025-04-13 20:40:04,735 - proctoring - INFO - [detection_service.py:28] - Face detection found 1 events
2025-04-13 20:40:04,735 - proctoring - DEBUG - [detection_service.py:31] - No Hand detections
2025-04-13 20:40:04,735 - proctoring - DEBUG - [detection_service.py:31] - No Face Mesh detections
2025-04-13 20:40:04,735 - proctoring - DEBUG - [detection_service.py:31] - No YOLO detections
2025-04-13 20:40:04,735 - proctoring - INFO - [detection_service.py:34] - Total events detected: 1
2025-04-13 20:40:04,735 - proctoring - INFO - [log_service.py:12] - Attempting to store 1 logs for user 1
2025-04-13 20:40:04,736 - proctoring - DEBUG - [log_service.py:26] - Created log entry: {'time': '2025-04-13 20:40:04.632857', 'event': 'Face detected'}
2025-04-13 20:40:04,737 - proctoring - INFO - [log_service.py:40] - Successfully stored 1 logs
2025-04-13 20:40:04,739 - proctoring - DEBUG - [image_utils.py:43] - Decoded base64 data length: 14816
2025-04-13 20:40:04,739 - proctoring - INFO - [detection_service.py:13] - Processing new frame
2025-04-13 20:40:04,739 - proctoring - INFO - [face_detection.py:9] - Starting face detection
2025-04-13 20:40:04,745 - proctoring - INFO - [face_detection.py:32] - Face detected with confidence 0.92
2025-04-13 20:40:04,855 - proctoring - INFO - [detection_service.py:28] - Face detection found 1 events
2025-04-13 20:40:04,855 - proctoring - DEBUG - [detection_service.py:31] - No Hand detections
2025-04-13 20:40:04,855 - proctoring - DEBUG - [detection_service.py:31] - No Face Mesh detections
2025-04-13 20:40:04,855 - proctoring - DEBUG - [detection_service.py:31] - No YOLO detections
2025-04-13 20:40:04,855 - proctoring - INFO - [detection_service.py:34] - Total events detected: 1
2025-04-13 20:40:04,855 - proctoring - INFO - [log_service.py:12] - Attempting to store 1 logs for user 1
2025-04-13 20:40:04,855 - proctoring - DEBUG - [log_service.py:26] - Created log entry: {'time': '2025-04-13 20:40:04.739634', 'event': 'Face detected'}
2025-04-13 20:40:04,857 - proctoring - INFO - [log_service.py:40] - Successfully stored 1 logs
2025-04-13 20:40:04,858 - proctoring - DEBUG - [image_utils.py:43] - Decoded base64 data length: 15482
2025-04-13 20:40:04,859 - proctoring - INFO - [detection_service.py:13] - Processing new frame
2025-04-13 20:40:04,859 - proctoring - INFO - [face_detection.py:9] - Starting face detection
2025-04-13 20:40:04,864 - proctoring - INFO - [face_detection.py:32] - Face detected with confidence 0.92
2025-04-13 20:40:04,994 - proctoring - INFO - [detection_service.py:28] - Face detection found 1 events
2025-04-13 20:40:04,994 - proctoring - DEBUG - [detection_service.py:31] - No Hand detections
2025-04-13 20:40:04,994 - proctoring - DEBUG - [detection_service.py:31] - No Face Mesh detections
2025-04-13 20:40:04,994 - proctoring - DEBUG - [detection_service.py:31] - No YOLO detections
2025-04-13 20:40:04,994 - proctoring - INFO - [detection_service.py:34] - Total events detected: 1
2025-04-13 20:40:04,994 - proctoring - INFO - [log_service.py:12] - Attempting to store 1 logs for user 1
2025-04-13 20:40:04,994 - proctoring - DEBUG - [log_service.py:26] - Created log entry: {'time': '2025-04-13 20:40:04.859297', 'event': 'Face detected'}
2025-04-13 20:40:04,995 - proctoring - INFO - [log_service.py:40] - Successfully stored 1 logs
2025-04-13 20:40:04,997 - proctoring - DEBUG - [image_utils.py:43] - Decoded base64 data length: 15952
2025-04-13 20:40:04,997 - proctoring - INFO - [detection_service.py:13] - Processing new frame
2025-04-13 20:40:04,997 - proctoring - INFO - [face_detection.py:9] - Starting face detection
2025-04-13 20:40:05,006 - proctoring - INFO - [face_detection.py:32] - Face detected with confidence 0.93
2025-04-13 20:40:05,111 - proctoring - INFO - [detection_service.py:28] - Face detection found 1 events
2025-04-13 20:40:05,111 - proctoring - DEBUG - [detection_service.py:31] - No Hand detections
2025-04-13 20:40:05,111 - proctoring - DEBUG - [detection_service.py:31] - No Face Mesh detections
2025-04-13 20:40:05,111 - proctoring - DEBUG - [detection_service.py:31] - No YOLO detections
2025-04-13 20:40:05,111 - proctoring - INFO - [detection_service.py:34] - Total events detected: 1
2025-04-13 20:40:05,111 - proctoring - INFO - [log_service.py:12] - Attempting to store 1 logs for user 1
2025-04-13 20:40:05,111 - proctoring - DEBUG - [log_service.py:26] - Created log entry: {'time': '2025-04-13 20:40:04.997774', 'event': 'Face detected'}
2025-04-13 20:40:05,113 - proctoring - INFO - [log_service.py:40] - Successfully stored 1 logs
2025-04-13 20:40:05,114 - proctoring - DEBUG - [image_utils.py:43] - Decoded base64 data length: 16110
2025-04-13 20:40:05,115 - proctoring - INFO - [detection_service.py:13] - Processing new frame
2025-04-13 20:40:05,115 - proctoring - INFO - [face_detection.py:9] - Starting face detection
2025-04-13 20:40:05,120 - proctoring - INFO - [face_detection.py:32] - Face detected with confidence 0.94
2025-04-13 20:40:05,214 - proctoring - INFO - [detection_service.py:28] - Face detection found 1 events
2025-04-13 20:40:05,214 - proctoring - DEBUG - [detection_service.py:31] - No Hand detections
2025-04-13 20:40:05,214 - proctoring - DEBUG - [detection_service.py:31] - No Face Mesh detections
2025-04-13 20:40:05,214 - proctoring - DEBUG - [detection_service.py:31] - No YOLO detections
2025-04-13 20:40:05,214 - proctoring - INFO - [detection_service.py:34] - Total events detected: 1
2025-04-13 20:40:05,214 - proctoring - INFO - [log_service.py:12] - Attempting to store 1 logs for user 1
2025-04-13 20:40:05,214 - proctoring - DEBUG - [log_service.py:26] - Created log entry: {'time': '2025-04-13 20:40:05.115269', 'event': 'Face detected'}
2025-04-13 20:40:05,216 - proctoring - INFO - [log_service.py:40] - Successfully stored 1 logs
2025-04-13 20:40:05,217 - proctoring - DEBUG - [image_utils.py:43] - Decoded base64 data length: 16384
2025-04-13 20:40:05,218 - proctoring - INFO - [detection_service.py:13] - Processing new frame
2025-04-13 20:40:05,218 - proctoring - INFO - [face_detection.py:9] - Starting face detection
2025-04-13 20:40:05,222 - proctoring - INFO - [face_detection.py:32] - Face detected with confidence 0.94
2025-04-13 20:40:05,317 - proctoring - INFO - [detection_service.py:28] - Face detection found 1 events
2025-04-13 20:40:05,317 - proctoring - DEBUG - [detection_service.py:31] - No Hand detections
2025-04-13 20:40:05,317 - proctoring - DEBUG - [detection_service.py:31] - No Face Mesh detections
2025-04-13 20:40:05,317 - proctoring - DEBUG - [detection_service.py:31] - No YOLO detections
2025-04-13 20:40:05,317 - proctoring - INFO - [detection_service.py:34] - Total events detected: 1
2025-04-13 20:40:05,317 - proctoring - INFO - [log_service.py:12] - Attempting to store 1 logs for user 1
2025-04-13 20:40:05,317 - proctoring - DEBUG - [log_service.py:26] - Created log entry: {'time': '2025-04-13 20:40:05.218298', 'event': 'Face detected'}
2025-04-13 20:40:05,318 - proctoring - INFO - [log_service.py:40] - Successfully stored 1 logs
2025-04-13 20:40:05,320 - proctoring - DEBUG - [image_utils.py:43] - Decoded base64 data length: 16402
2025-04-13 20:40:05,320 - proctoring - INFO - [detection_service.py:13] - Processing new frame
2025-04-13 20:40:05,320 - proctoring - INFO - [face_detection.py:9] - Starting face detection
2025-04-13 20:40:05,325 - proctoring - INFO - [face_detection.py:32] - Face detected with confidence 0.94
2025-04-13 20:40:05,414 - proctoring - INFO - [detection_service.py:28] - Face detection found 1 events
2025-04-13 20:40:05,414 - proctoring - DEBUG - [detection_service.py:31] - No Hand detections
2025-04-13 20:40:05,414 - proctoring - DEBUG - [detection_service.py:31] - No Face Mesh detections
2025-04-13 20:40:05,414 - proctoring - DEBUG - [detection_service.py:31] - No YOLO detections
2025-04-13 20:40:05,414 - proctoring - INFO - [detection_service.py:34] - Total events detected: 1
2025-04-13 20:40:05,414 - proctoring - INFO - [log_service.py:12] - Attempting to store 1 logs for user 1
2025-04-13 20:40:05,414 - proctoring - DEBUG - [log_service.py:26] - Created log entry: {'time': '2025-04-13 20:40:05.320940', 'event': 'Face detected'}
2025-04-13 20:40:05,416 - proctoring - INFO - [log_service.py:40] - Successfully stored 1 logs
2025-04-13 20:40:05,417 - proctoring - DEBUG - [image_utils.py:43] - Decoded base64 data length: 16741
2025-04-13 20:40:05,417 - proctoring - INFO - [detection_service.py:13] - Processing new frame
2025-04-13 20:40:05,417 - proctoring - INFO - [face_detection.py:9] - Starting face detection
2025-04-13 20:40:05,422 - proctoring - INFO - [face_detection.py:32] - Face detected with confidence 0.95
2025-04-13 20:40:05,511 - proctoring - INFO - [detection_service.py:28] - Face detection found 1 events
2025-04-13 20:40:05,511 - proctoring - DEBUG - [detection_service.py:31] - No Hand detections
2025-04-13 20:40:05,511 - proctoring - DEBUG - [detection_service.py:31] - No Face Mesh detections
2025-04-13 20:40:05,511 - proctoring - DEBUG - [detection_service.py:31] - No YOLO detections
2025-04-13 20:40:05,511 - proctoring - INFO - [detection_service.py:34] - Total events detected: 1
2025-04-13 20:40:05,511 - proctoring - INFO - [log_service.py:12] - Attempting to store 1 logs for user 1
2025-04-13 20:40:05,511 - proctoring - DEBUG - [log_service.py:26] - Created log entry: {'time': '2025-04-13 20:40:05.417872', 'event': 'Face detected'}
2025-04-13 20:40:05,513 - proctoring - INFO - [log_service.py:40] - Successfully stored 1 logs
2025-04-13 20:40:05,514 - proctoring - DEBUG - [image_utils.py:43] - Decoded base64 data length: 17283
2025-04-13 20:40:05,515 - proctoring - INFO - [detection_service.py:13] - Processing new frame
2025-04-13 20:40:05,515 - proctoring - INFO - [face_detection.py:9] - Starting face detection
2025-04-13 20:40:05,519 - proctoring - INFO - [face_detection.py:32] - Face detected with confidence 0.94
2025-04-13 20:40:05,609 - proctoring - INFO - [detection_service.py:28] - Face detection found 1 events
2025-04-13 20:40:05,609 - proctoring - DEBUG - [detection_service.py:31] - No Hand detections
2025-04-13 20:40:05,609 - proctoring - DEBUG - [detection_service.py:31] - No Face Mesh detections
2025-04-13 20:40:05,609 - proctoring - DEBUG - [detection_service.py:31] - No YOLO detections
2025-04-13 20:40:05,609 - proctoring - INFO - [detection_service.py:34] - Total events detected: 1
2025-04-13 20:40:05,609 - proctoring - INFO - [log_service.py:12] - Attempting to store 1 logs for user 1
2025-04-13 20:40:05,609 - proctoring - DEBUG - [log_service.py:26] - Created log entry: {'time': '2025-04-13 20:40:05.515408', 'event': 'Face detected'}
2025-04-13 20:40:05,610 - proctoring - INFO - [log_service.py:40] - Successfully stored 1 logs
2025-04-13 20:40:05,612 - proctoring - DEBUG - [image_utils.py:43] - Decoded base64 data length: 17024
2025-04-13 20:40:05,612 - proctoring - INFO - [detection_service.py:13] - Processing new frame
2025-04-13 20:40:05,612 - proctoring - INFO - [face_detection.py:9] - Starting face detection
2025-04-13 20:40:05,616 - proctoring - INFO - [face_detection.py:32] - Face detected with confidence 0.95
2025-04-13 20:40:05,706 - proctoring - INFO - [detection_service.py:28] - Face detection found 1 events
2025-04-13 20:40:05,706 - proctoring - DEBUG - [detection_service.py:31] - No Hand detections
2025-04-13 20:40:05,706 - proctoring - DEBUG - [detection_service.py:31] - No Face Mesh detections
2025-04-13 20:40:05,706 - proctoring - DEBUG - [detection_service.py:31] - No YOLO detections
2025-04-13 20:40:05,706 - proctoring - INFO - [detection_service.py:34] - Total events detected: 1
2025-04-13 20:40:05,706 - proctoring - INFO - [log_service.py:12] - Attempting to store 1 logs for user 1
2025-04-13 20:40:05,706 - proctoring - DEBUG - [log_service.py:26] - Created log entry: {'time': '2025-04-13 20:40:05.612493', 'event': 'Face detected'}
2025-04-13 20:40:05,708 - proctoring - INFO - [log_service.py:40] - Successfully stored 1 logs
2025-04-13 20:40:05,709 - proctoring - DEBUG - [image_utils.py:43] - Decoded base64 data length: 16923
2025-04-13 20:40:05,710 - proctoring - INFO - [detection_service.py:13] - Processing new frame
2025-04-13 20:40:05,710 - proctoring - INFO - [face_detection.py:9] - Starting face detection
2025-04-13 20:40:05,714 - proctoring - INFO - [face_detection.py:32] - Face detected with confidence 0.95
2025-04-13 20:40:05,802 - proctoring - INFO - [detection_service.py:28] - Face detection found 1 events
2025-04-13 20:40:05,802 - proctoring - DEBUG - [detection_service.py:31] - No Hand detections
2025-04-13 20:40:05,802 - proctoring - DEBUG - [detection_service.py:31] - No Face Mesh detections
2025-04-13 20:40:05,802 - proctoring - DEBUG - [detection_service.py:31] - No YOLO detections
2025-04-13 20:40:05,802 - proctoring - INFO - [detection_service.py:34] - Total events detected: 1
2025-04-13 20:40:05,802 - proctoring - INFO - [log_service.py:12] - Attempting to store 1 logs for user 1
2025-04-13 20:40:05,802 - proctoring - DEBUG - [log_service.py:26] - Created log entry: {'time': '2025-04-13 20:40:05.710328', 'event': 'Face detected'}
2025-04-13 20:40:05,804 - proctoring - INFO - [log_service.py:40] - Successfully stored 1 logs
2025-04-13 20:40:05,805 - proctoring - DEBUG - [image_utils.py:43] - Decoded base64 data length: 17023
2025-04-13 20:40:05,806 - proctoring - INFO - [detection_service.py:13] - Processing new frame
2025-04-13 20:40:05,806 - proctoring - INFO - [face_detection.py:9] - Starting face detection
2025-04-13 20:40:05,810 - proctoring - INFO - [face_detection.py:32] - Face detected with confidence 0.94
2025-04-13 20:40:05,901 - proctoring - INFO - [detection_service.py:28] - Face detection found 1 events
2025-04-13 20:40:05,901 - proctoring - DEBUG - [detection_service.py:31] - No Hand detections
2025-04-13 20:40:05,901 - proctoring - DEBUG - [detection_service.py:31] - No Face Mesh detections
2025-04-13 20:40:05,901 - proctoring - DEBUG - [detection_service.py:31] - No YOLO detections
2025-04-13 20:40:05,901 - proctoring - INFO - [detection_service.py:34] - Total events detected: 1
2025-04-13 20:40:05,901 - proctoring - INFO - [log_service.py:12] - Attempting to store 1 logs for user 1
2025-04-13 20:40:05,901 - proctoring - DEBUG - [log_service.py:26] - Created log entry: {'time': '2025-04-13 20:40:05.806187', 'event': 'Face detected'}
2025-04-13 20:40:05,903 - proctoring - INFO - [log_service.py:40] - Successfully stored 1 logs
2025-04-13 20:40:05,904 - proctoring - DEBUG - [image_utils.py:43] - Decoded base64 data length: 17170
2025-04-13 20:40:05,904 - proctoring - INFO - [detection_service.py:13] - Processing new frame
2025-04-13 20:40:05,904 - proctoring - INFO - [face_detection.py:9] - Starting face detection
2025-04-13 20:40:05,909 - proctoring - INFO - [face_detection.py:32] - Face detected with confidence 0.93
2025-04-13 20:40:05,998 - proctoring - INFO - [detection_service.py:28] - Face detection found 1 events
2025-04-13 20:40:05,998 - proctoring - DEBUG - [detection_service.py:31] - No Hand detections
2025-04-13 20:40:05,998 - proctoring - DEBUG - [detection_service.py:31] - No Face Mesh detections
2025-04-13 20:40:05,998 - proctoring - DEBUG - [detection_service.py:31] - No YOLO detections
2025-04-13 20:40:05,998 - proctoring - INFO - [detection_service.py:34] - Total events detected: 1
2025-04-13 20:40:05,998 - proctoring - INFO - [log_service.py:12] - Attempting to store 1 logs for user 1
2025-04-13 20:40:05,998 - proctoring - DEBUG - [log_service.py:26] - Created log entry: {'time': '2025-04-13 20:40:05.904948', 'event': 'Face detected'}
2025-04-13 20:40:06,000 - proctoring - INFO - [log_service.py:40] - Successfully stored 1 logs
2025-04-13 20:40:06,007 - proctoring - DEBUG - [image_utils.py:43] - Decoded base64 data length: 17211
2025-04-13 20:40:06,008 - proctoring - INFO - [detection_service.py:13] - Processing new frame
2025-04-13 20:40:06,008 - proctoring - INFO - [face_detection.py:9] - Starting face detection
2025-04-13 20:40:06,012 - proctoring - INFO - [face_detection.py:32] - Face detected with confidence 0.93
2025-04-13 20:40:06,100 - proctoring - INFO - [detection_service.py:28] - Face detection found 1 events
2025-04-13 20:40:06,100 - proctoring - DEBUG - [detection_service.py:31] - No Hand detections
2025-04-13 20:40:06,100 - proctoring - DEBUG - [detection_service.py:31] - No Face Mesh detections
2025-04-13 20:40:06,100 - proctoring - DEBUG - [detection_service.py:31] - No YOLO detections
2025-04-13 20:40:06,100 - proctoring - INFO - [detection_service.py:34] - Total events detected: 1
2025-04-13 20:40:06,100 - proctoring - INFO - [log_service.py:12] - Attempting to store 1 logs for user 1
2025-04-13 20:40:06,100 - proctoring - DEBUG - [log_service.py:26] - Created log entry: {'time': '2025-04-13 20:40:06.008534', 'event': 'Face detected'}
2025-04-13 20:40:06,102 - proctoring - INFO - [log_service.py:40] - Successfully stored 1 logs
2025-04-13 20:40:06,115 - proctoring - DEBUG - [image_utils.py:43] - Decoded base64 data length: 17199
2025-04-13 20:40:06,115 - proctoring - INFO - [detection_service.py:13] - Processing new frame
2025-04-13 20:40:06,115 - proctoring - INFO - [face_detection.py:9] - Starting face detection
2025-04-13 20:40:06,120 - proctoring - INFO - [face_detection.py:32] - Face detected with confidence 0.93
2025-04-13 20:40:06,207 - proctoring - INFO - [detection_service.py:28] - Face detection found 1 events
2025-04-13 20:40:06,207 - proctoring - DEBUG - [detection_service.py:31] - No Hand detections
2025-04-13 20:40:06,207 - proctoring - DEBUG - [detection_service.py:31] - No Face Mesh detections
2025-04-13 20:40:06,208 - proctoring - DEBUG - [detection_service.py:31] - No YOLO detections
2025-04-13 20:40:06,208 - proctoring - INFO - [detection_service.py:34] - Total events detected: 1
2025-04-13 20:40:06,208 - proctoring - INFO - [log_service.py:12] - Attempting to store 1 logs for user 1
2025-04-13 20:40:06,208 - proctoring - DEBUG - [log_service.py:26] - Created log entry: {'time': '2025-04-13 20:40:06.115948', 'event': 'Face detected'}
2025-04-13 20:40:06,209 - proctoring - INFO - [log_service.py:40] - Successfully stored 1 logs
2025-04-13 20:40:06,225 - proctoring - DEBUG - [image_utils.py:43] - Decoded base64 data length: 17152
2025-04-13 20:40:06,225 - proctoring - INFO - [detection_service.py:13] - Processing new frame
2025-04-13 20:40:06,225 - proctoring - INFO - [face_detection.py:9] - Starting face detection
2025-04-13 20:40:06,229 - proctoring - INFO - [face_detection.py:32] - Face detected with confidence 0.93
2025-04-13 20:40:06,321 - proctoring - INFO - [detection_service.py:28] - Face detection found 1 events
2025-04-13 20:40:06,321 - proctoring - DEBUG - [detection_service.py:31] - No Hand detections
2025-04-13 20:40:06,321 - proctoring - DEBUG - [detection_service.py:31] - No Face Mesh detections
2025-04-13 20:40:06,321 - proctoring - DEBUG - [detection_service.py:31] - No YOLO detections
2025-04-13 20:40:06,321 - proctoring - INFO - [detection_service.py:34] - Total events detected: 1
2025-04-13 20:40:06,322 - proctoring - INFO - [log_service.py:12] - Attempting to store 1 logs for user 1
2025-04-13 20:40:06,322 - proctoring - DEBUG - [log_service.py:26] - Created log entry: {'time': '2025-04-13 20:40:06.225609', 'event': 'Face detected'}
2025-04-13 20:40:06,324 - proctoring - INFO - [log_service.py:40] - Successfully stored 1 logs
2025-04-13 20:40:06,332 - proctoring - DEBUG - [image_utils.py:43] - Decoded base64 data length: 17164
2025-04-13 20:40:06,332 - proctoring - INFO - [detection_service.py:13] - Processing new frame
2025-04-13 20:40:06,332 - proctoring - INFO - [face_detection.py:9] - Starting face detection
2025-04-13 20:40:06,337 - proctoring - INFO - [face_detection.py:32] - Face detected with confidence 0.93
2025-04-13 20:40:06,428 - proctoring - INFO - [detection_service.py:28] - Face detection found 1 events
2025-04-13 20:40:06,428 - proctoring - DEBUG - [detection_service.py:31] - No Hand detections
2025-04-13 20:40:06,428 - proctoring - DEBUG - [detection_service.py:31] - No Face Mesh detections
2025-04-13 20:40:06,428 - proctoring - DEBUG - [detection_service.py:31] - No YOLO detections
2025-04-13 20:40:06,428 - proctoring - INFO - [detection_service.py:34] - Total events detected: 1
2025-04-13 20:40:06,428 - proctoring - INFO - [log_service.py:12] - Attempting to store 1 logs for user 1
2025-04-13 20:40:06,428 - proctoring - DEBUG - [log_service.py:26] - Created log entry: {'time': '2025-04-13 20:40:06.332646', 'event': 'Face detected'}
2025-04-13 20:40:06,430 - proctoring - INFO - [log_service.py:40] - Successfully stored 1 logs
2025-04-13 20:40:06,439 - proctoring - DEBUG - [image_utils.py:43] - Decoded base64 data length: 17093
2025-04-13 20:40:06,439 - proctoring - INFO - [detection_service.py:13] - Processing new frame
2025-04-13 20:40:06,439 - proctoring - INFO - [face_detection.py:9] - Starting face detection
2025-04-13 20:40:06,443 - proctoring - INFO - [face_detection.py:32] - Face detected with confidence 0.94
2025-04-13 20:40:06,534 - proctoring - INFO - [detection_service.py:28] - Face detection found 1 events
2025-04-13 20:40:06,534 - proctoring - DEBUG - [detection_service.py:31] - No Hand detections
2025-04-13 20:40:06,534 - proctoring - DEBUG - [detection_service.py:31] - No Face Mesh detections
2025-04-13 20:40:06,534 - proctoring - DEBUG - [detection_service.py:31] - No YOLO detections
2025-04-13 20:40:06,534 - proctoring - INFO - [detection_service.py:34] - Total events detected: 1
2025-04-13 20:40:06,534 - proctoring - INFO - [log_service.py:12] - Attempting to store 1 logs for user 1
2025-04-13 20:40:06,534 - proctoring - DEBUG - [log_service.py:26] - Created log entry: {'time': '2025-04-13 20:40:06.439963', 'event': 'Face detected'}
2025-04-13 20:40:06,536 - proctoring - INFO - [log_service.py:40] - Successfully stored 1 logs
2025-04-13 20:40:06,548 - proctoring - DEBUG - [image_utils.py:43] - Decoded base64 data length: 16981
2025-04-13 20:40:06,548 - proctoring - INFO - [detection_service.py:13] - Processing new frame
2025-04-13 20:40:06,548 - proctoring - INFO - [face_detection.py:9] - Starting face detection
2025-04-13 20:40:06,552 - proctoring - INFO - [face_detection.py:32] - Face detected with confidence 0.93
2025-04-13 20:40:06,638 - proctoring - INFO - [detection_service.py:28] - Face detection found 1 events
2025-04-13 20:40:06,638 - proctoring - DEBUG - [detection_service.py:31] - No Hand detections
2025-04-13 20:40:06,638 - proctoring - DEBUG - [detection_service.py:31] - No Face Mesh detections
2025-04-13 20:40:06,638 - proctoring - DEBUG - [detection_service.py:31] - No YOLO detections
2025-04-13 20:40:06,638 - proctoring - INFO - [detection_service.py:34] - Total events detected: 1
2025-04-13 20:40:06,638 - proctoring - INFO - [log_service.py:12] - Attempting to store 1 logs for user 1
2025-04-13 20:40:06,638 - proctoring - DEBUG - [log_service.py:26] - Created log entry: {'time': '2025-04-13 20:40:06.548745', 'event': 'Face detected'}
2025-04-13 20:40:06,640 - proctoring - INFO - [log_service.py:40] - Successfully stored 1 logs
2025-04-13 20:40:06,658 - proctoring - DEBUG - [image_utils.py:43] - Decoded base64 data length: 16935
2025-04-13 20:40:06,659 - proctoring - INFO - [detection_service.py:13] - Processing new frame
2025-04-13 20:40:06,659 - proctoring - INFO - [face_detection.py:9] - Starting face detection
2025-04-13 20:40:06,663 - proctoring - INFO - [face_detection.py:32] - Face detected with confidence 0.93
2025-04-13 20:40:06,751 - proctoring - INFO - [detection_service.py:28] - Face detection found 1 events
2025-04-13 20:40:06,751 - proctoring - DEBUG - [detection_service.py:31] - No Hand detections
2025-04-13 20:40:06,751 - proctoring - DEBUG - [detection_service.py:31] - No Face Mesh detections
2025-04-13 20:40:06,751 - proctoring - DEBUG - [detection_service.py:31] - No YOLO detections
2025-04-13 20:40:06,751 - proctoring - INFO - [detection_service.py:34] - Total events detected: 1
2025-04-13 20:40:06,751 - proctoring - INFO - [log_service.py:12] - Attempting to store 1 logs for user 1
2025-04-13 20:40:06,751 - proctoring - DEBUG - [log_service.py:26] - Created log entry: {'time': '2025-04-13 20:40:06.659528', 'event': 'Face detected'}
2025-04-13 20:40:06,753 - proctoring - INFO - [log_service.py:40] - Successfully stored 1 logs
2025-04-13 20:40:06,765 - proctoring - DEBUG - [image_utils.py:43] - Decoded base64 data length: 17092
2025-04-13 20:40:06,765 - proctoring - INFO - [detection_service.py:13] - Processing new frame
2025-04-13 20:40:06,765 - proctoring - INFO - [face_detection.py:9] - Starting face detection
2025-04-13 20:40:06,770 - proctoring - INFO - [face_detection.py:32] - Face detected with confidence 0.94
2025-04-13 20:40:06,860 - proctoring - INFO - [detection_service.py:28] - Face detection found 1 events
2025-04-13 20:40:06,860 - proctoring - DEBUG - [detection_service.py:31] - No Hand detections
2025-04-13 20:40:06,860 - proctoring - DEBUG - [detection_service.py:31] - No Face Mesh detections
2025-04-13 20:40:06,860 - proctoring - DEBUG - [detection_service.py:31] - No YOLO detections
2025-04-13 20:40:06,860 - proctoring - INFO - [detection_service.py:34] - Total events detected: 1
2025-04-13 20:40:06,860 - proctoring - INFO - [log_service.py:12] - Attempting to store 1 logs for user 1
2025-04-13 20:40:06,860 - proctoring - DEBUG - [log_service.py:26] - Created log entry: {'time': '2025-04-13 20:40:06.765869', 'event': 'Face detected'}
2025-04-13 20:40:06,862 - proctoring - INFO - [log_service.py:40] - Successfully stored 1 logs
2025-04-13 20:40:06,874 - proctoring - DEBUG - [image_utils.py:43] - Decoded base64 data length: 17006
2025-04-13 20:40:06,875 - proctoring - INFO - [detection_service.py:13] - Processing new frame
2025-04-13 20:40:06,875 - proctoring - INFO - [face_detection.py:9] - Starting face detection
2025-04-13 20:40:06,879 - proctoring - INFO - [face_detection.py:32] - Face detected with confidence 0.94
2025-04-13 20:40:06,970 - proctoring - INFO - [detection_service.py:28] - Face detection found 1 events
2025-04-13 20:40:06,970 - proctoring - DEBUG - [detection_service.py:31] - No Hand detections
2025-04-13 20:40:06,970 - proctoring - DEBUG - [detection_service.py:31] - No Face Mesh detections
2025-04-13 20:40:06,970 - proctoring - DEBUG - [detection_service.py:31] - No YOLO detections
2025-04-13 20:40:06,970 - proctoring - INFO - [detection_service.py:34] - Total events detected: 1
2025-04-13 20:40:06,970 - proctoring - INFO - [log_service.py:12] - Attempting to store 1 logs for user 1
2025-04-13 20:40:06,970 - proctoring - DEBUG - [log_service.py:26] - Created log entry: {'time': '2025-04-13 20:40:06.875087', 'event': 'Face detected'}
2025-04-13 20:40:06,972 - proctoring - INFO - [log_service.py:40] - Successfully stored 1 logs
2025-04-13 20:40:06,984 - proctoring - DEBUG - [image_utils.py:43] - Decoded base64 data length: 17058
2025-04-13 20:40:06,985 - proctoring - INFO - [detection_service.py:13] - Processing new frame
2025-04-13 20:40:06,985 - proctoring - INFO - [face_detection.py:9] - Starting face detection
2025-04-13 20:40:06,990 - proctoring - INFO - [face_detection.py:32] - Face detected with confidence 0.93
2025-04-13 20:40:07,079 - proctoring - INFO - [detection_service.py:28] - Face detection found 1 events
2025-04-13 20:40:07,079 - proctoring - DEBUG - [detection_service.py:31] - No Hand detections
2025-04-13 20:40:07,079 - proctoring - DEBUG - [detection_service.py:31] - No Face Mesh detections
2025-04-13 20:40:07,079 - proctoring - DEBUG - [detection_service.py:31] - No YOLO detections
2025-04-13 20:40:07,079 - proctoring - INFO - [detection_service.py:34] - Total events detected: 1
2025-04-13 20:40:07,079 - proctoring - INFO - [log_service.py:12] - Attempting to store 1 logs for user 1
2025-04-13 20:40:07,079 - proctoring - DEBUG - [log_service.py:26] - Created log entry: {'time': '2025-04-13 20:40:06.985269', 'event': 'Face detected'}
2025-04-13 20:40:07,081 - proctoring - INFO - [log_service.py:40] - Successfully stored 1 logs
2025-04-13 20:40:07,090 - proctoring - DEBUG - [image_utils.py:43] - Decoded base64 data length: 16795
2025-04-13 20:40:07,091 - proctoring - INFO - [detection_service.py:13] - Processing new frame
2025-04-13 20:40:07,091 - proctoring - INFO - [face_detection.py:9] - Starting face detection
2025-04-13 20:40:07,096 - proctoring - INFO - [face_detection.py:32] - Face detected with confidence 0.94
2025-04-13 20:40:07,186 - proctoring - INFO - [detection_service.py:28] - Face detection found 1 events
2025-04-13 20:40:07,186 - proctoring - DEBUG - [detection_service.py:31] - No Hand detections
2025-04-13 20:40:07,186 - proctoring - DEBUG - [detection_service.py:31] - No Face Mesh detections
2025-04-13 20:40:07,186 - proctoring - DEBUG - [detection_service.py:31] - No YOLO detections
2025-04-13 20:40:07,186 - proctoring - INFO - [detection_service.py:34] - Total events detected: 1
2025-04-13 20:40:07,186 - proctoring - INFO - [log_service.py:12] - Attempting to store 1 logs for user 1
2025-04-13 20:40:07,186 - proctoring - DEBUG - [log_service.py:26] - Created log entry: {'time': '2025-04-13 20:40:07.091881', 'event': 'Face detected'}
2025-04-13 20:40:07,188 - proctoring - INFO - [log_service.py:40] - Successfully stored 1 logs
2025-04-13 20:40:07,199 - proctoring - DEBUG - [image_utils.py:43] - Decoded base64 data length: 16708
2025-04-13 20:40:07,199 - proctoring - INFO - [detection_service.py:13] - Processing new frame
2025-04-13 20:40:07,199 - proctoring - INFO - [face_detection.py:9] - Starting face detection
2025-04-13 20:40:07,203 - proctoring - INFO - [face_detection.py:32] - Face detected with confidence 0.94
2025-04-13 20:40:07,301 - proctoring - INFO - [detection_service.py:28] - Face detection found 1 events
2025-04-13 20:40:07,301 - proctoring - DEBUG - [detection_service.py:31] - No Hand detections
2025-04-13 20:40:07,301 - proctoring - DEBUG - [detection_service.py:31] - No Face Mesh detections
2025-04-13 20:40:07,301 - proctoring - DEBUG - [detection_service.py:31] - No YOLO detections
2025-04-13 20:40:07,301 - proctoring - INFO - [detection_service.py:34] - Total events detected: 1
2025-04-13 20:40:07,301 - proctoring - INFO - [log_service.py:12] - Attempting to store 1 logs for user 1
2025-04-13 20:40:07,301 - proctoring - DEBUG - [log_service.py:26] - Created log entry: {'time': '2025-04-13 20:40:07.199838', 'event': 'Face detected'}
2025-04-13 20:40:07,303 - proctoring - INFO - [log_service.py:40] - Successfully stored 1 logs
2025-04-13 20:40:07,304 - proctoring - DEBUG - [image_utils.py:43] - Decoded base64 data length: 16836
2025-04-13 20:40:07,304 - proctoring - INFO - [detection_service.py:13] - Processing new frame
2025-04-13 20:40:07,304 - proctoring - INFO - [face_detection.py:9] - Starting face detection
2025-04-13 20:40:07,309 - proctoring - INFO - [face_detection.py:32] - Face detected with confidence 0.95
2025-04-13 20:40:07,449 - proctoring - INFO - [detection_service.py:28] - Face detection found 1 events
2025-04-13 20:40:07,449 - proctoring - DEBUG - [detection_service.py:31] - No Hand detections
2025-04-13 20:40:07,449 - proctoring - DEBUG - [detection_service.py:31] - No Face Mesh detections
2025-04-13 20:40:07,449 - proctoring - DEBUG - [detection_service.py:31] - No YOLO detections
2025-04-13 20:40:07,449 - proctoring - INFO - [detection_service.py:34] - Total events detected: 1
2025-04-13 20:40:07,449 - proctoring - INFO - [log_service.py:12] - Attempting to store 1 logs for user 1
2025-04-13 20:40:07,449 - proctoring - DEBUG - [log_service.py:26] - Created log entry: {'time': '2025-04-13 20:40:07.304951', 'event': 'Face detected'}
2025-04-13 20:40:07,451 - proctoring - INFO - [log_service.py:40] - Successfully stored 1 logs
2025-04-13 20:40:07,452 - proctoring - DEBUG - [image_utils.py:43] - Decoded base64 data length: 16732
2025-04-13 20:40:07,452 - proctoring - INFO - [detection_service.py:13] - Processing new frame
2025-04-13 20:40:07,452 - proctoring - INFO - [face_detection.py:9] - Starting face detection
2025-04-13 20:40:07,459 - proctoring - INFO - [face_detection.py:32] - Face detected with confidence 0.95
2025-04-13 20:40:07,550 - proctoring - INFO - [detection_service.py:28] - Face detection found 1 events
2025-04-13 20:40:07,550 - proctoring - DEBUG - [detection_service.py:31] - No Hand detections
2025-04-13 20:40:07,550 - proctoring - DEBUG - [detection_service.py:31] - No Face Mesh detections
2025-04-13 20:40:07,550 - proctoring - DEBUG - [detection_service.py:31] - No YOLO detections
2025-04-13 20:40:07,550 - proctoring - INFO - [detection_service.py:34] - Total events detected: 1
2025-04-13 20:40:07,550 - proctoring - INFO - [log_service.py:12] - Attempting to store 1 logs for user 1
2025-04-13 20:40:07,550 - proctoring - DEBUG - [log_service.py:26] - Created log entry: {'time': '2025-04-13 20:40:07.452851', 'event': 'Face detected'}
2025-04-13 20:40:07,552 - proctoring - INFO - [log_service.py:40] - Successfully stored 1 logs
2025-04-13 20:40:07,554 - proctoring - DEBUG - [image_utils.py:43] - Decoded base64 data length: 16529
2025-04-13 20:40:07,554 - proctoring - INFO - [detection_service.py:13] - Processing new frame
2025-04-13 20:40:07,554 - proctoring - INFO - [face_detection.py:9] - Starting face detection
2025-04-13 20:40:07,560 - proctoring - INFO - [face_detection.py:32] - Face detected with confidence 0.95
2025-04-13 20:40:07,651 - proctoring - INFO - [detection_service.py:28] - Face detection found 1 events
2025-04-13 20:40:07,651 - proctoring - DEBUG - [detection_service.py:31] - No Hand detections
2025-04-13 20:40:07,651 - proctoring - DEBUG - [detection_service.py:31] - No Face Mesh detections
2025-04-13 20:40:07,651 - proctoring - DEBUG - [detection_service.py:31] - No YOLO detections
2025-04-13 20:40:07,651 - proctoring - INFO - [detection_service.py:34] - Total events detected: 1
2025-04-13 20:40:07,651 - proctoring - INFO - [log_service.py:12] - Attempting to store 1 logs for user 1
2025-04-13 20:40:07,651 - proctoring - DEBUG - [log_service.py:26] - Created log entry: {'time': '2025-04-13 20:40:07.554622', 'event': 'Face detected'}
2025-04-13 20:40:07,653 - proctoring - INFO - [log_service.py:40] - Successfully stored 1 logs
2025-04-13 20:40:07,654 - proctoring - DEBUG - [image_utils.py:43] - Decoded base64 data length: 16474
2025-04-13 20:40:07,655 - proctoring - INFO - [detection_service.py:13] - Processing new frame
2025-04-13 20:40:07,655 - proctoring - INFO - [face_detection.py:9] - Starting face detection
2025-04-13 20:40:07,661 - proctoring - INFO - [face_detection.py:32] - Face detected with confidence 0.95
2025-04-13 20:40:07,760 - proctoring - INFO - [detection_service.py:28] - Face detection found 1 events
2025-04-13 20:40:07,760 - proctoring - DEBUG - [detection_service.py:31] - No Hand detections
2025-04-13 20:40:07,760 - proctoring - DEBUG - [detection_service.py:31] - No Face Mesh detections
2025-04-13 20:40:07,760 - proctoring - DEBUG - [detection_service.py:31] - No YOLO detections
2025-04-13 20:40:07,760 - proctoring - INFO - [detection_service.py:34] - Total events detected: 1
2025-04-13 20:40:07,760 - proctoring - INFO - [log_service.py:12] - Attempting to store 1 logs for user 1
2025-04-13 20:40:07,760 - proctoring - DEBUG - [log_service.py:26] - Created log entry: {'time': '2025-04-13 20:40:07.655736', 'event': 'Face detected'}
2025-04-13 20:40:07,762 - proctoring - INFO - [log_service.py:40] - Successfully stored 1 logs
2025-04-13 20:40:07,763 - proctoring - DEBUG - [image_utils.py:43] - Decoded base64 data length: 16665
2025-04-13 20:40:07,764 - proctoring - INFO - [detection_service.py:13] - Processing new frame
2025-04-13 20:40:07,764 - proctoring - INFO - [face_detection.py:9] - Starting face detection
2025-04-13 20:40:07,773 - proctoring - INFO - [face_detection.py:32] - Face detected with confidence 0.95
2025-04-13 20:40:07,874 - proctoring - INFO - [detection_service.py:28] - Face detection found 1 events
2025-04-13 20:40:07,874 - proctoring - DEBUG - [detection_service.py:31] - No Hand detections
2025-04-13 20:40:07,874 - proctoring - DEBUG - [detection_service.py:31] - No Face Mesh detections
2025-04-13 20:40:07,875 - proctoring - DEBUG - [detection_service.py:31] - No YOLO detections
2025-04-13 20:40:07,875 - proctoring - INFO - [detection_service.py:34] - Total events detected: 1
2025-04-13 20:40:07,875 - proctoring - INFO - [log_service.py:12] - Attempting to store 1 logs for user 1
2025-04-13 20:40:07,875 - proctoring - DEBUG - [log_service.py:26] - Created log entry: {'time': '2025-04-13 20:40:07.764188', 'event': 'Face detected'}
2025-04-13 20:40:07,876 - proctoring - INFO - [log_service.py:40] - Successfully stored 1 logs
2025-04-13 20:40:07,877 - proctoring - DEBUG - [image_utils.py:43] - Decoded base64 data length: 16815
2025-04-13 20:40:07,878 - proctoring - INFO - [detection_service.py:13] - Processing new frame
2025-04-13 20:40:07,878 - proctoring - INFO - [face_detection.py:9] - Starting face detection
2025-04-13 20:40:07,882 - proctoring - INFO - [face_detection.py:32] - Face detected with confidence 0.95
2025-04-13 20:40:07,974 - proctoring - INFO - [detection_service.py:28] - Face detection found 1 events
2025-04-13 20:40:07,974 - proctoring - DEBUG - [detection_service.py:31] - No Hand detections
2025-04-13 20:40:07,974 - proctoring - DEBUG - [detection_service.py:31] - No Face Mesh detections
2025-04-13 20:40:07,974 - proctoring - DEBUG - [detection_service.py:31] - No YOLO detections
2025-04-13 20:40:07,974 - proctoring - INFO - [detection_service.py:34] - Total events detected: 1
2025-04-13 20:40:07,974 - proctoring - INFO - [log_service.py:12] - Attempting to store 1 logs for user 1
2025-04-13 20:40:07,974 - proctoring - DEBUG - [log_service.py:26] - Created log entry: {'time': '2025-04-13 20:40:07.878473', 'event': 'Face detected'}
2025-04-13 20:40:07,975 - proctoring - INFO - [log_service.py:40] - Successfully stored 1 logs
2025-04-13 20:40:07,977 - proctoring - DEBUG - [image_utils.py:43] - Decoded base64 data length: 16526
2025-04-13 20:40:07,977 - proctoring - INFO - [detection_service.py:13] - Processing new frame
2025-04-13 20:40:07,977 - proctoring - INFO - [face_detection.py:9] - Starting face detection
2025-04-13 20:40:07,982 - proctoring - INFO - [face_detection.py:32] - Face detected with confidence 0.94
2025-04-13 20:40:08,075 - proctoring - INFO - [detection_service.py:28] - Face detection found 1 events
2025-04-13 20:40:08,075 - proctoring - DEBUG - [detection_service.py:31] - No Hand detections
2025-04-13 20:40:08,075 - proctoring - DEBUG - [detection_service.py:31] - No Face Mesh detections
2025-04-13 20:40:08,075 - proctoring - DEBUG - [detection_service.py:31] - No YOLO detections
2025-04-13 20:40:08,075 - proctoring - INFO - [detection_service.py:34] - Total events detected: 1
2025-04-13 20:40:08,075 - proctoring - INFO - [log_service.py:12] - Attempting to store 1 logs for user 1
2025-04-13 20:40:08,075 - proctoring - DEBUG - [log_service.py:26] - Created log entry: {'time': '2025-04-13 20:40:07.977870', 'event': 'Face detected'}
2025-04-13 20:40:08,077 - proctoring - INFO - [log_service.py:40] - Successfully stored 1 logs
2025-04-13 20:40:08,078 - proctoring - DEBUG - [image_utils.py:43] - Decoded base64 data length: 16542
2025-04-13 20:40:08,079 - proctoring - INFO - [detection_service.py:13] - Processing new frame
2025-04-13 20:40:08,079 - proctoring - INFO - [face_detection.py:9] - Starting face detection
2025-04-13 20:40:08,083 - proctoring - INFO - [face_detection.py:32] - Face detected with confidence 0.94
2025-04-13 20:40:08,172 - proctoring - INFO - [detection_service.py:28] - Face detection found 1 events
2025-04-13 20:40:08,172 - proctoring - DEBUG - [detection_service.py:31] - No Hand detections
2025-04-13 20:40:08,172 - proctoring - DEBUG - [detection_service.py:31] - No Face Mesh detections
2025-04-13 20:40:08,172 - proctoring - DEBUG - [detection_service.py:31] - No YOLO detections
2025-04-13 20:40:08,172 - proctoring - INFO - [detection_service.py:34] - Total events detected: 1
2025-04-13 20:40:08,172 - proctoring - INFO - [log_service.py:12] - Attempting to store 1 logs for user 1
2025-04-13 20:40:08,172 - proctoring - DEBUG - [log_service.py:26] - Created log entry: {'time': '2025-04-13 20:40:08.079237', 'event': 'Face detected'}
2025-04-13 20:40:08,174 - proctoring - INFO - [log_service.py:40] - Successfully stored 1 logs
2025-04-13 20:40:08,178 - proctoring - DEBUG - [image_utils.py:43] - Decoded base64 data length: 16541
2025-04-13 20:40:08,178 - proctoring - INFO - [detection_service.py:13] - Processing new frame
2025-04-13 20:40:08,178 - proctoring - INFO - [face_detection.py:9] - Starting face detection
2025-04-13 20:40:08,183 - proctoring - INFO - [face_detection.py:32] - Face detected with confidence 0.94
2025-04-13 20:40:08,273 - proctoring - INFO - [detection_service.py:28] - Face detection found 1 events
2025-04-13 20:40:08,273 - proctoring - DEBUG - [detection_service.py:31] - No Hand detections
2025-04-13 20:40:08,273 - proctoring - DEBUG - [detection_service.py:31] - No Face Mesh detections
2025-04-13 20:40:08,273 - proctoring - DEBUG - [detection_service.py:31] - No YOLO detections
2025-04-13 20:40:08,273 - proctoring - INFO - [detection_service.py:34] - Total events detected: 1
2025-04-13 20:40:08,273 - proctoring - INFO - [log_service.py:12] - Attempting to store 1 logs for user 1
2025-04-13 20:40:08,273 - proctoring - DEBUG - [log_service.py:26] - Created log entry: {'time': '2025-04-13 20:40:08.178824', 'event': 'Face detected'}
2025-04-13 20:40:08,275 - proctoring - INFO - [log_service.py:40] - Successfully stored 1 logs
2025-04-13 20:40:08,284 - proctoring - DEBUG - [image_utils.py:43] - Decoded base64 data length: 16642
2025-04-13 20:40:08,285 - proctoring - INFO - [detection_service.py:13] - Processing new frame
2025-04-13 20:40:08,285 - proctoring - INFO - [face_detection.py:9] - Starting face detection
2025-04-13 20:40:08,289 - proctoring - INFO - [face_detection.py:32] - Face detected with confidence 0.94
2025-04-13 20:40:08,390 - proctoring - INFO - [detection_service.py:28] - Face detection found 1 events
2025-04-13 20:40:08,390 - proctoring - DEBUG - [detection_service.py:31] - No Hand detections
2025-04-13 20:40:08,390 - proctoring - DEBUG - [detection_service.py:31] - No Face Mesh detections
2025-04-13 20:40:08,390 - proctoring - DEBUG - [detection_service.py:31] - No YOLO detections
2025-04-13 20:40:08,390 - proctoring - INFO - [detection_service.py:34] - Total events detected: 1
2025-04-13 20:40:08,390 - proctoring - INFO - [log_service.py:12] - Attempting to store 1 logs for user 1
2025-04-13 20:40:08,390 - proctoring - DEBUG - [log_service.py:26] - Created log entry: {'time': '2025-04-13 20:40:08.285063', 'event': 'Face detected'}
2025-04-13 20:40:08,403 - proctoring - INFO - [log_service.py:40] - Successfully stored 1 logs
2025-04-13 20:40:08,405 - proctoring - DEBUG - [image_utils.py:43] - Decoded base64 data length: 16765
2025-04-13 20:40:08,405 - proctoring - INFO - [detection_service.py:13] - Processing new frame
2025-04-13 20:40:08,405 - proctoring - INFO - [face_detection.py:9] - Starting face detection
2025-04-13 20:40:08,409 - proctoring - INFO - [face_detection.py:32] - Face detected with confidence 0.95
2025-04-13 20:40:08,511 - proctoring - INFO - [detection_service.py:28] - Face detection found 1 events
2025-04-13 20:40:08,511 - proctoring - DEBUG - [detection_service.py:31] - No Hand detections
2025-04-13 20:40:08,511 - proctoring - DEBUG - [detection_service.py:31] - No Face Mesh detections
2025-04-13 20:40:08,511 - proctoring - DEBUG - [detection_service.py:31] - No YOLO detections
2025-04-13 20:40:08,511 - proctoring - INFO - [detection_service.py:34] - Total events detected: 1
2025-04-13 20:40:08,511 - proctoring - INFO - [log_service.py:12] - Attempting to store 1 logs for user 1
2025-04-13 20:40:08,511 - proctoring - DEBUG - [log_service.py:26] - Created log entry: {'time': '2025-04-13 20:40:08.405748', 'event': 'Face detected'}
2025-04-13 20:40:08,513 - proctoring - INFO - [log_service.py:40] - Successfully stored 1 logs
2025-04-13 20:40:08,514 - proctoring - DEBUG - [image_utils.py:43] - Decoded base64 data length: 16682
2025-04-13 20:40:08,514 - proctoring - INFO - [detection_service.py:13] - Processing new frame
2025-04-13 20:40:08,514 - proctoring - INFO - [face_detection.py:9] - Starting face detection
2025-04-13 20:40:08,522 - proctoring - INFO - [face_detection.py:32] - Face detected with confidence 0.95
2025-04-13 20:40:08,615 - proctoring - INFO - [detection_service.py:28] - Face detection found 1 events
2025-04-13 20:40:08,615 - proctoring - DEBUG - [detection_service.py:31] - No Hand detections
2025-04-13 20:40:08,615 - proctoring - DEBUG - [detection_service.py:31] - No Face Mesh detections
2025-04-13 20:40:08,615 - proctoring - DEBUG - [detection_service.py:31] - No YOLO detections
2025-04-13 20:40:08,615 - proctoring - INFO - [detection_service.py:34] - Total events detected: 1
2025-04-13 20:40:08,615 - proctoring - INFO - [log_service.py:12] - Attempting to store 1 logs for user 1
2025-04-13 20:40:08,615 - proctoring - DEBUG - [log_service.py:26] - Created log entry: {'time': '2025-04-13 20:40:08.515008', 'event': 'Face detected'}
2025-04-13 20:40:08,617 - proctoring - INFO - [log_service.py:40] - Successfully stored 1 logs
2025-04-13 20:40:08,618 - proctoring - DEBUG - [image_utils.py:43] - Decoded base64 data length: 15975
2025-04-13 20:40:08,619 - proctoring - INFO - [detection_service.py:13] - Processing new frame
2025-04-13 20:40:08,619 - proctoring - INFO - [face_detection.py:9] - Starting face detection
2025-04-13 20:40:08,624 - proctoring - INFO - [face_detection.py:32] - Face detected with confidence 0.94
2025-04-13 20:40:08,717 - proctoring - INFO - [detection_service.py:28] - Face detection found 1 events
2025-04-13 20:40:08,717 - proctoring - DEBUG - [detection_service.py:31] - No Hand detections
2025-04-13 20:40:08,717 - proctoring - DEBUG - [detection_service.py:31] - No Face Mesh detections
2025-04-13 20:40:08,717 - proctoring - DEBUG - [detection_service.py:31] - No YOLO detections
2025-04-13 20:40:08,717 - proctoring - INFO - [detection_service.py:34] - Total events detected: 1
2025-04-13 20:40:08,717 - proctoring - INFO - [log_service.py:12] - Attempting to store 1 logs for user 1
2025-04-13 20:40:08,717 - proctoring - DEBUG - [log_service.py:26] - Created log entry: {'time': '2025-04-13 20:40:08.619103', 'event': 'Face detected'}
2025-04-13 20:40:08,719 - proctoring - INFO - [log_service.py:40] - Successfully stored 1 logs
2025-04-13 20:40:08,724 - proctoring - DEBUG - [image_utils.py:43] - Decoded base64 data length: 15797
2025-04-13 20:40:08,725 - proctoring - INFO - [detection_service.py:13] - Processing new frame
2025-04-13 20:40:08,725 - proctoring - INFO - [face_detection.py:9] - Starting face detection
2025-04-13 20:40:08,729 - proctoring - INFO - [face_detection.py:32] - Face detected with confidence 0.95
2025-04-13 20:40:08,816 - proctoring - INFO - [detection_service.py:28] - Face detection found 1 events
2025-04-13 20:40:08,816 - proctoring - DEBUG - [detection_service.py:31] - No Hand detections
2025-04-13 20:40:08,816 - proctoring - DEBUG - [detection_service.py:31] - No Face Mesh detections
2025-04-13 20:40:08,816 - proctoring - DEBUG - [detection_service.py:31] - No YOLO detections
2025-04-13 20:40:08,816 - proctoring - INFO - [detection_service.py:34] - Total events detected: 1
2025-04-13 20:40:08,816 - proctoring - INFO - [log_service.py:12] - Attempting to store 1 logs for user 1
2025-04-13 20:40:08,816 - proctoring - DEBUG - [log_service.py:26] - Created log entry: {'time': '2025-04-13 20:40:08.725234', 'event': 'Face detected'}
2025-04-13 20:40:08,818 - proctoring - INFO - [log_service.py:40] - Successfully stored 1 logs
2025-04-13 20:40:08,831 - proctoring - DEBUG - [image_utils.py:43] - Decoded base64 data length: 15789
2025-04-13 20:40:08,832 - proctoring - INFO - [detection_service.py:13] - Processing new frame
2025-04-13 20:40:08,832 - proctoring - INFO - [face_detection.py:9] - Starting face detection
2025-04-13 20:40:08,838 - proctoring - INFO - [face_detection.py:32] - Face detected with confidence 0.95
2025-04-13 20:40:08,930 - proctoring - INFO - [detection_service.py:28] - Face detection found 1 events
2025-04-13 20:40:08,930 - proctoring - DEBUG - [detection_service.py:31] - No Hand detections
2025-04-13 20:40:08,931 - proctoring - DEBUG - [detection_service.py:31] - No Face Mesh detections
2025-04-13 20:40:08,931 - proctoring - DEBUG - [detection_service.py:31] - No YOLO detections
2025-04-13 20:40:08,931 - proctoring - INFO - [detection_service.py:34] - Total events detected: 1
2025-04-13 20:40:08,931 - proctoring - INFO - [log_service.py:12] - Attempting to store 1 logs for user 1
2025-04-13 20:40:08,931 - proctoring - DEBUG - [log_service.py:26] - Created log entry: {'time': '2025-04-13 20:40:08.832355', 'event': 'Face detected'}
2025-04-13 20:40:08,932 - proctoring - INFO - [log_service.py:40] - Successfully stored 1 logs
2025-04-13 20:40:08,937 - proctoring - DEBUG - [image_utils.py:43] - Decoded base64 data length: 15983
2025-04-13 20:40:08,938 - proctoring - INFO - [detection_service.py:13] - Processing new frame
2025-04-13 20:40:08,938 - proctoring - INFO - [face_detection.py:9] - Starting face detection
2025-04-13 20:40:08,942 - proctoring - INFO - [face_detection.py:32] - Face detected with confidence 0.95
2025-04-13 20:40:09,030 - proctoring - INFO - [detection_service.py:28] - Face detection found 1 events
2025-04-13 20:40:09,030 - proctoring - DEBUG - [detection_service.py:31] - No Hand detections
2025-04-13 20:40:09,030 - proctoring - DEBUG - [detection_service.py:31] - No Face Mesh detections
2025-04-13 20:40:09,030 - proctoring - DEBUG - [detection_service.py:31] - No YOLO detections
2025-04-13 20:40:09,030 - proctoring - INFO - [detection_service.py:34] - Total events detected: 1
2025-04-13 20:40:09,030 - proctoring - INFO - [log_service.py:12] - Attempting to store 1 logs for user 1
2025-04-13 20:40:09,030 - proctoring - DEBUG - [log_service.py:26] - Created log entry: {'time': '2025-04-13 20:40:08.938389', 'event': 'Face detected'}
2025-04-13 20:40:09,032 - proctoring - INFO - [log_service.py:40] - Successfully stored 1 logs
2025-04-13 20:40:09,047 - proctoring - DEBUG - [image_utils.py:43] - Decoded base64 data length: 15869
2025-04-13 20:40:09,047 - proctoring - INFO - [detection_service.py:13] - Processing new frame
2025-04-13 20:40:09,047 - proctoring - INFO - [face_detection.py:9] - Starting face detection
2025-04-13 20:40:09,051 - proctoring - INFO - [face_detection.py:32] - Face detected with confidence 0.95
2025-04-13 20:40:09,138 - proctoring - INFO - [detection_service.py:28] - Face detection found 1 events
2025-04-13 20:40:09,138 - proctoring - DEBUG - [detection_service.py:31] - No Hand detections
2025-04-13 20:40:09,138 - proctoring - DEBUG - [detection_service.py:31] - No Face Mesh detections
2025-04-13 20:40:09,138 - proctoring - DEBUG - [detection_service.py:31] - No YOLO detections
2025-04-13 20:40:09,138 - proctoring - INFO - [detection_service.py:34] - Total events detected: 1
2025-04-13 20:40:09,138 - proctoring - INFO - [log_service.py:12] - Attempting to store 1 logs for user 1
2025-04-13 20:40:09,138 - proctoring - DEBUG - [log_service.py:26] - Created log entry: {'time': '2025-04-13 20:40:09.047652', 'event': 'Face detected'}
2025-04-13 20:40:09,140 - proctoring - INFO - [log_service.py:40] - Successfully stored 1 logs
2025-04-13 20:40:09,156 - proctoring - DEBUG - [image_utils.py:43] - Decoded base64 data length: 16355
2025-04-13 20:40:09,156 - proctoring - INFO - [detection_service.py:13] - Processing new frame
2025-04-13 20:40:09,156 - proctoring - INFO - [face_detection.py:9] - Starting face detection
2025-04-13 20:40:09,162 - proctoring - INFO - [face_detection.py:32] - Face detected with confidence 0.95
2025-04-13 20:40:09,280 - proctoring - INFO - [detection_service.py:28] - Face detection found 1 events
2025-04-13 20:40:09,282 - proctoring - DEBUG - [detection_service.py:31] - No Hand detections
2025-04-13 20:40:09,282 - proctoring - DEBUG - [detection_service.py:31] - No Face Mesh detections
2025-04-13 20:40:09,282 - proctoring - DEBUG - [detection_service.py:31] - No YOLO detections
2025-04-13 20:40:09,282 - proctoring - INFO - [detection_service.py:34] - Total events detected: 1
2025-04-13 20:40:09,282 - proctoring - INFO - [log_service.py:12] - Attempting to store 1 logs for user 1
2025-04-13 20:40:09,282 - proctoring - DEBUG - [log_service.py:26] - Created log entry: {'time': '2025-04-13 20:40:09.156953', 'event': 'Face detected'}
2025-04-13 20:40:09,283 - proctoring - INFO - [log_service.py:40] - Successfully stored 1 logs
2025-04-13 20:40:09,285 - proctoring - DEBUG - [image_utils.py:43] - Decoded base64 data length: 16519
2025-04-13 20:40:09,286 - proctoring - INFO - [detection_service.py:13] - Processing new frame
2025-04-13 20:40:09,286 - proctoring - INFO - [face_detection.py:9] - Starting face detection
2025-04-13 20:40:09,291 - proctoring - INFO - [face_detection.py:32] - Face detected with confidence 0.94
2025-04-13 20:40:09,390 - proctoring - INFO - [detection_service.py:28] - Face detection found 1 events
2025-04-13 20:40:09,390 - proctoring - DEBUG - [detection_service.py:31] - No Hand detections
2025-04-13 20:40:09,390 - proctoring - DEBUG - [detection_service.py:31] - No Face Mesh detections
2025-04-13 20:40:09,390 - proctoring - DEBUG - [detection_service.py:31] - No YOLO detections
2025-04-13 20:40:09,390 - proctoring - INFO - [detection_service.py:34] - Total events detected: 1
2025-04-13 20:40:09,390 - proctoring - INFO - [log_service.py:12] - Attempting to store 1 logs for user 1
2025-04-13 20:40:09,390 - proctoring - DEBUG - [log_service.py:26] - Created log entry: {'time': '2025-04-13 20:40:09.286227', 'event': 'Face detected'}
2025-04-13 20:40:09,392 - proctoring - INFO - [log_service.py:40] - Successfully stored 1 logs
2025-04-13 20:40:09,393 - proctoring - DEBUG - [image_utils.py:43] - Decoded base64 data length: 16409
2025-04-13 20:40:09,394 - proctoring - INFO - [detection_service.py:13] - Processing new frame
2025-04-13 20:40:09,394 - proctoring - INFO - [face_detection.py:9] - Starting face detection
2025-04-13 20:40:09,398 - proctoring - INFO - [face_detection.py:32] - Face detected with confidence 0.94
2025-04-13 20:40:09,492 - proctoring - INFO - [detection_service.py:28] - Face detection found 1 events
2025-04-13 20:40:09,492 - proctoring - DEBUG - [detection_service.py:31] - No Hand detections
2025-04-13 20:40:09,492 - proctoring - DEBUG - [detection_service.py:31] - No Face Mesh detections
2025-04-13 20:40:09,492 - proctoring - DEBUG - [detection_service.py:31] - No YOLO detections
2025-04-13 20:40:09,492 - proctoring - INFO - [detection_service.py:34] - Total events detected: 1
2025-04-13 20:40:09,492 - proctoring - INFO - [log_service.py:12] - Attempting to store 1 logs for user 1
2025-04-13 20:40:09,492 - proctoring - DEBUG - [log_service.py:26] - Created log entry: {'time': '2025-04-13 20:40:09.394101', 'event': 'Face detected'}
2025-04-13 20:40:09,494 - proctoring - INFO - [log_service.py:40] - Successfully stored 1 logs
2025-04-13 20:40:09,495 - proctoring - DEBUG - [image_utils.py:43] - Decoded base64 data length: 16064
2025-04-13 20:40:09,496 - proctoring - INFO - [detection_service.py:13] - Processing new frame
2025-04-13 20:40:09,496 - proctoring - INFO - [face_detection.py:9] - Starting face detection
2025-04-13 20:40:09,500 - proctoring - INFO - [face_detection.py:32] - Face detected with confidence 0.94
2025-04-13 20:40:09,586 - proctoring - INFO - [detection_service.py:28] - Face detection found 1 events
2025-04-13 20:40:09,586 - proctoring - DEBUG - [detection_service.py:31] - No Hand detections
2025-04-13 20:40:09,586 - proctoring - DEBUG - [detection_service.py:31] - No Face Mesh detections
2025-04-13 20:40:09,586 - proctoring - DEBUG - [detection_service.py:31] - No YOLO detections
2025-04-13 20:40:09,586 - proctoring - INFO - [detection_service.py:34] - Total events detected: 1
2025-04-13 20:40:09,586 - proctoring - INFO - [log_service.py:12] - Attempting to store 1 logs for user 1
2025-04-13 20:40:09,586 - proctoring - DEBUG - [log_service.py:26] - Created log entry: {'time': '2025-04-13 20:40:09.496058', 'event': 'Face detected'}
2025-04-13 20:40:09,588 - proctoring - INFO - [log_service.py:40] - Successfully stored 1 logs
2025-04-13 20:40:09,593 - proctoring - DEBUG - [image_utils.py:43] - Decoded base64 data length: 16005
2025-04-13 20:40:09,593 - proctoring - INFO - [detection_service.py:13] - Processing new frame
2025-04-13 20:40:09,593 - proctoring - INFO - [face_detection.py:9] - Starting face detection
2025-04-13 20:40:09,597 - proctoring - INFO - [face_detection.py:32] - Face detected with confidence 0.94
2025-04-13 20:40:09,684 - proctoring - INFO - [detection_service.py:28] - Face detection found 1 events
2025-04-13 20:40:09,684 - proctoring - DEBUG - [detection_service.py:31] - No Hand detections
2025-04-13 20:40:09,684 - proctoring - DEBUG - [detection_service.py:31] - No Face Mesh detections
2025-04-13 20:40:09,684 - proctoring - DEBUG - [detection_service.py:31] - No YOLO detections
2025-04-13 20:40:09,684 - proctoring - INFO - [detection_service.py:34] - Total events detected: 1
2025-04-13 20:40:09,684 - proctoring - INFO - [log_service.py:12] - Attempting to store 1 logs for user 1
2025-04-13 20:40:09,684 - proctoring - DEBUG - [log_service.py:26] - Created log entry: {'time': '2025-04-13 20:40:09.593603', 'event': 'Face detected'}
2025-04-13 20:40:09,686 - proctoring - INFO - [log_service.py:40] - Successfully stored 1 logs
2025-04-13 20:40:09,701 - proctoring - DEBUG - [image_utils.py:43] - Decoded base64 data length: 15744
2025-04-13 20:40:09,701 - proctoring - INFO - [detection_service.py:13] - Processing new frame
2025-04-13 20:40:09,701 - proctoring - INFO - [face_detection.py:9] - Starting face detection
2025-04-13 20:40:09,706 - proctoring - INFO - [face_detection.py:32] - Face detected with confidence 0.96
2025-04-13 20:40:09,799 - proctoring - INFO - [detection_service.py:28] - Face detection found 1 events
2025-04-13 20:40:09,799 - proctoring - DEBUG - [detection_service.py:31] - No Hand detections
2025-04-13 20:40:09,799 - proctoring - DEBUG - [detection_service.py:31] - No Face Mesh detections
2025-04-13 20:40:09,799 - proctoring - DEBUG - [detection_service.py:31] - No YOLO detections
2025-04-13 20:40:09,799 - proctoring - INFO - [detection_service.py:34] - Total events detected: 1
2025-04-13 20:40:09,799 - proctoring - INFO - [log_service.py:12] - Attempting to store 1 logs for user 1
2025-04-13 20:40:09,799 - proctoring - DEBUG - [log_service.py:26] - Created log entry: {'time': '2025-04-13 20:40:09.702017', 'event': 'Face detected'}
2025-04-13 20:40:09,800 - proctoring - INFO - [log_service.py:40] - Successfully stored 1 logs
2025-04-13 20:40:09,811 - proctoring - DEBUG - [image_utils.py:43] - Decoded base64 data length: 15972
2025-04-13 20:40:09,812 - proctoring - INFO - [detection_service.py:13] - Processing new frame
2025-04-13 20:40:09,812 - proctoring - INFO - [face_detection.py:9] - Starting face detection
2025-04-13 20:40:09,817 - proctoring - INFO - [face_detection.py:32] - Face detected with confidence 0.95
2025-04-13 20:40:09,907 - proctoring - INFO - [detection_service.py:28] - Face detection found 1 events
2025-04-13 20:40:09,907 - proctoring - DEBUG - [detection_service.py:31] - No Hand detections
2025-04-13 20:40:09,907 - proctoring - DEBUG - [detection_service.py:31] - No Face Mesh detections
2025-04-13 20:40:09,907 - proctoring - DEBUG - [detection_service.py:31] - No YOLO detections
2025-04-13 20:40:09,907 - proctoring - INFO - [detection_service.py:34] - Total events detected: 1
2025-04-13 20:40:09,907 - proctoring - INFO - [log_service.py:12] - Attempting to store 1 logs for user 1
2025-04-13 20:40:09,907 - proctoring - DEBUG - [log_service.py:26] - Created log entry: {'time': '2025-04-13 20:40:09.812277', 'event': 'Face detected'}
2025-04-13 20:40:09,909 - proctoring - INFO - [log_service.py:40] - Successfully stored 1 logs
2025-04-13 20:40:09,920 - proctoring - DEBUG - [image_utils.py:43] - Decoded base64 data length: 16328
2025-04-13 20:40:09,920 - proctoring - INFO - [detection_service.py:13] - Processing new frame
2025-04-13 20:40:09,920 - proctoring - INFO - [face_detection.py:9] - Starting face detection
2025-04-13 20:40:09,926 - proctoring - INFO - [face_detection.py:32] - Face detected with confidence 0.95
2025-04-13 20:40:10,011 - proctoring - INFO - [detection_service.py:28] - Face detection found 1 events
2025-04-13 20:40:10,011 - proctoring - DEBUG - [detection_service.py:31] - No Hand detections
2025-04-13 20:40:10,011 - proctoring - DEBUG - [detection_service.py:31] - No Face Mesh detections
2025-04-13 20:40:10,011 - proctoring - DEBUG - [detection_service.py:31] - No YOLO detections
2025-04-13 20:40:10,011 - proctoring - INFO - [detection_service.py:34] - Total events detected: 1
2025-04-13 20:40:10,011 - proctoring - INFO - [log_service.py:12] - Attempting to store 1 logs for user 1
2025-04-13 20:40:10,011 - proctoring - DEBUG - [log_service.py:26] - Created log entry: {'time': '2025-04-13 20:40:09.920851', 'event': 'Face detected'}
2025-04-13 20:40:10,013 - proctoring - INFO - [log_service.py:40] - Successfully stored 1 logs
2025-04-13 20:40:10,030 - proctoring - DEBUG - [image_utils.py:43] - Decoded base64 data length: 16209
2025-04-13 20:40:10,031 - proctoring - INFO - [detection_service.py:13] - Processing new frame
2025-04-13 20:40:10,031 - proctoring - INFO - [face_detection.py:9] - Starting face detection
2025-04-13 20:40:10,044 - proctoring - INFO - [face_detection.py:32] - Face detected with confidence 0.95
2025-04-13 20:40:10,152 - proctoring - INFO - [detection_service.py:28] - Face detection found 1 events
2025-04-13 20:40:10,152 - proctoring - DEBUG - [detection_service.py:31] - No Hand detections
2025-04-13 20:40:10,152 - proctoring - DEBUG - [detection_service.py:31] - No Face Mesh detections
2025-04-13 20:40:10,152 - proctoring - DEBUG - [detection_service.py:31] - No YOLO detections
2025-04-13 20:40:10,152 - proctoring - INFO - [detection_service.py:34] - Total events detected: 1
2025-04-13 20:40:10,152 - proctoring - INFO - [log_service.py:12] - Attempting to store 1 logs for user 1
2025-04-13 20:40:10,152 - proctoring - DEBUG - [log_service.py:26] - Created log entry: {'time': '2025-04-13 20:40:10.031229', 'event': 'Face detected'}
2025-04-13 20:40:10,154 - proctoring - INFO - [log_service.py:40] - Successfully stored 1 logs
2025-04-13 20:40:10,156 - proctoring - INFO - [main.py:177] - Client initiated disconnect for user 1
2025-04-13 20:40:10,156 - proctoring - ERROR - [connection.py:33] - Error closing WebSocket: Unexpected ASGI message 'websocket.close', after sending 'websocket.close' or response already completed.
2025-04-13 20:40:10,156 - proctoring - INFO - [main.py:217] - Cleaning up connection for user 1
2025-04-13 20:40:10,343 - proctoring - INFO - [main.py:133] - WebSocket connection attempt for user 1
2025-04-13 20:40:10,345 - proctoring - INFO - [connection.py:19] - WebSocket connection accepted for user 1
2025-04-13 20:40:10,345 - proctoring - INFO - [main.py:162] - WebSocket connection established for user 1
2025-04-13 20:40:10,349 - proctoring - DEBUG - [image_utils.py:43] - Decoded base64 data length: 16787
2025-04-13 20:40:10,350 - proctoring - INFO - [detection_service.py:13] - Processing new frame
2025-04-13 20:40:10,350 - proctoring - INFO - [face_detection.py:9] - Starting face detection
2025-04-13 20:40:10,354 - proctoring - INFO - [face_detection.py:32] - Face detected with confidence 0.95
2025-04-13 20:40:10,449 - proctoring - INFO - [detection_service.py:28] - Face detection found 1 events
2025-04-13 20:40:10,449 - proctoring - DEBUG - [detection_service.py:31] - No Hand detections
2025-04-13 20:40:10,449 - proctoring - DEBUG - [detection_service.py:31] - No Face Mesh detections
2025-04-13 20:40:10,449 - proctoring - DEBUG - [detection_service.py:31] - No YOLO detections
2025-04-13 20:40:10,449 - proctoring - INFO - [detection_service.py:34] - Total events detected: 1
2025-04-13 20:40:10,449 - proctoring - INFO - [log_service.py:12] - Attempting to store 1 logs for user 1
2025-04-13 20:40:10,449 - proctoring - DEBUG - [log_service.py:26] - Created log entry: {'time': '2025-04-13 20:40:10.350229', 'event': 'Face detected'}
2025-04-13 20:40:10,452 - proctoring - INFO - [log_service.py:40] - Successfully stored 1 logs
2025-04-13 20:40:10,458 - proctoring - DEBUG - [image_utils.py:43] - Decoded base64 data length: 16763
2025-04-13 20:40:10,458 - proctoring - INFO - [detection_service.py:13] - Processing new frame
2025-04-13 20:40:10,458 - proctoring - INFO - [face_detection.py:9] - Starting face detection
2025-04-13 20:40:10,463 - proctoring - INFO - [face_detection.py:32] - Face detected with confidence 0.95
2025-04-13 20:40:10,552 - proctoring - INFO - [detection_service.py:28] - Face detection found 1 events
2025-04-13 20:40:10,552 - proctoring - DEBUG - [detection_service.py:31] - No Hand detections
2025-04-13 20:40:10,552 - proctoring - DEBUG - [detection_service.py:31] - No Face Mesh detections
2025-04-13 20:40:10,552 - proctoring - DEBUG - [detection_service.py:31] - No YOLO detections
2025-04-13 20:40:10,552 - proctoring - INFO - [detection_service.py:34] - Total events detected: 1
2025-04-13 20:40:10,552 - proctoring - INFO - [log_service.py:12] - Attempting to store 1 logs for user 1
2025-04-13 20:40:10,552 - proctoring - DEBUG - [log_service.py:26] - Created log entry: {'time': '2025-04-13 20:40:10.458830', 'event': 'Face detected'}
2025-04-13 20:40:10,554 - proctoring - INFO - [log_service.py:40] - Successfully stored 1 logs
2025-04-13 20:40:10,565 - proctoring - DEBUG - [image_utils.py:43] - Decoded base64 data length: 16697
2025-04-13 20:40:10,566 - proctoring - INFO - [detection_service.py:13] - Processing new frame
2025-04-13 20:40:10,566 - proctoring - INFO - [face_detection.py:9] - Starting face detection
2025-04-13 20:40:10,570 - proctoring - INFO - [face_detection.py:32] - Face detected with confidence 0.95
2025-04-13 20:40:10,656 - proctoring - INFO - [detection_service.py:28] - Face detection found 1 events
2025-04-13 20:40:10,656 - proctoring - DEBUG - [detection_service.py:31] - No Hand detections
2025-04-13 20:40:10,656 - proctoring - DEBUG - [detection_service.py:31] - No Face Mesh detections
2025-04-13 20:40:10,656 - proctoring - DEBUG - [detection_service.py:31] - No YOLO detections
2025-04-13 20:40:10,656 - proctoring - INFO - [detection_service.py:34] - Total events detected: 1
2025-04-13 20:40:10,656 - proctoring - INFO - [log_service.py:12] - Attempting to store 1 logs for user 1
2025-04-13 20:40:10,656 - proctoring - DEBUG - [log_service.py:26] - Created log entry: {'time': '2025-04-13 20:40:10.566507', 'event': 'Face detected'}
2025-04-13 20:40:10,658 - proctoring - INFO - [log_service.py:40] - Successfully stored 1 logs
2025-04-13 20:40:10,673 - proctoring - DEBUG - [image_utils.py:43] - Decoded base64 data length: 16497
2025-04-13 20:40:10,673 - proctoring - INFO - [detection_service.py:13] - Processing new frame
2025-04-13 20:40:10,673 - proctoring - INFO - [face_detection.py:9] - Starting face detection
2025-04-13 20:40:10,678 - proctoring - INFO - [face_detection.py:32] - Face detected with confidence 0.95
2025-04-13 20:40:10,772 - proctoring - INFO - [detection_service.py:28] - Face detection found 1 events
2025-04-13 20:40:10,772 - proctoring - DEBUG - [detection_service.py:31] - No Hand detections
2025-04-13 20:40:10,772 - proctoring - DEBUG - [detection_service.py:31] - No Face Mesh detections
2025-04-13 20:40:10,772 - proctoring - DEBUG - [detection_service.py:31] - No YOLO detections
2025-04-13 20:40:10,772 - proctoring - INFO - [detection_service.py:34] - Total events detected: 1
2025-04-13 20:40:10,772 - proctoring - INFO - [log_service.py:12] - Attempting to store 1 logs for user 1
2025-04-13 20:40:10,772 - proctoring - DEBUG - [log_service.py:26] - Created log entry: {'time': '2025-04-13 20:40:10.673870', 'event': 'Face detected'}
2025-04-13 20:40:10,774 - proctoring - INFO - [log_service.py:40] - Successfully stored 1 logs
2025-04-13 20:40:10,783 - proctoring - DEBUG - [image_utils.py:43] - Decoded base64 data length: 16505
2025-04-13 20:40:10,784 - proctoring - INFO - [detection_service.py:13] - Processing new frame
2025-04-13 20:40:10,784 - proctoring - INFO - [face_detection.py:9] - Starting face detection
2025-04-13 20:40:10,788 - proctoring - INFO - [face_detection.py:32] - Face detected with confidence 0.94
2025-04-13 20:40:10,875 - proctoring - INFO - [detection_service.py:28] - Face detection found 1 events
2025-04-13 20:40:10,875 - proctoring - DEBUG - [detection_service.py:31] - No Hand detections
2025-04-13 20:40:10,875 - proctoring - DEBUG - [detection_service.py:31] - No Face Mesh detections
2025-04-13 20:40:10,875 - proctoring - DEBUG - [detection_service.py:31] - No YOLO detections
2025-04-13 20:40:10,875 - proctoring - INFO - [detection_service.py:34] - Total events detected: 1
2025-04-13 20:40:10,875 - proctoring - INFO - [log_service.py:12] - Attempting to store 1 logs for user 1
2025-04-13 20:40:10,875 - proctoring - DEBUG - [log_service.py:26] - Created log entry: {'time': '2025-04-13 20:40:10.784358', 'event': 'Face detected'}
2025-04-13 20:40:10,877 - proctoring - INFO - [log_service.py:40] - Successfully stored 1 logs
2025-04-13 20:40:10,892 - proctoring - DEBUG - [image_utils.py:43] - Decoded base64 data length: 16639
2025-04-13 20:40:10,892 - proctoring - INFO - [detection_service.py:13] - Processing new frame
2025-04-13 20:40:10,892 - proctoring - INFO - [face_detection.py:9] - Starting face detection
2025-04-13 20:40:10,897 - proctoring - INFO - [face_detection.py:32] - Face detected with confidence 0.95
2025-04-13 20:40:10,982 - proctoring - INFO - [detection_service.py:28] - Face detection found 1 events
2025-04-13 20:40:10,982 - proctoring - DEBUG - [detection_service.py:31] - No Hand detections
2025-04-13 20:40:10,982 - proctoring - DEBUG - [detection_service.py:31] - No Face Mesh detections
2025-04-13 20:40:10,982 - proctoring - DEBUG - [detection_service.py:31] - No YOLO detections
2025-04-13 20:40:10,982 - proctoring - INFO - [detection_service.py:34] - Total events detected: 1
2025-04-13 20:40:10,982 - proctoring - INFO - [log_service.py:12] - Attempting to store 1 logs for user 1
2025-04-13 20:40:10,982 - proctoring - DEBUG - [log_service.py:26] - Created log entry: {'time': '2025-04-13 20:40:10.892768', 'event': 'Face detected'}
2025-04-13 20:40:10,984 - proctoring - INFO - [log_service.py:40] - Successfully stored 1 logs
2025-04-13 20:40:11,002 - proctoring - DEBUG - [image_utils.py:43] - Decoded base64 data length: 16757
2025-04-13 20:40:11,002 - proctoring - INFO - [detection_service.py:13] - Processing new frame
2025-04-13 20:40:11,002 - proctoring - INFO - [face_detection.py:9] - Starting face detection
2025-04-13 20:40:11,006 - proctoring - INFO - [face_detection.py:32] - Face detected with confidence 0.95
2025-04-13 20:40:11,098 - proctoring - INFO - [detection_service.py:28] - Face detection found 1 events
2025-04-13 20:40:11,098 - proctoring - DEBUG - [detection_service.py:31] - No Hand detections
2025-04-13 20:40:11,098 - proctoring - DEBUG - [detection_service.py:31] - No Face Mesh detections
2025-04-13 20:40:11,098 - proctoring - DEBUG - [detection_service.py:31] - No YOLO detections
2025-04-13 20:40:11,098 - proctoring - INFO - [detection_service.py:34] - Total events detected: 1
2025-04-13 20:40:11,098 - proctoring - INFO - [log_service.py:12] - Attempting to store 1 logs for user 1
2025-04-13 20:40:11,098 - proctoring - DEBUG - [log_service.py:26] - Created log entry: {'time': '2025-04-13 20:40:11.002955', 'event': 'Face detected'}
2025-04-13 20:40:11,099 - proctoring - INFO - [log_service.py:40] - Successfully stored 1 logs
2025-04-13 20:40:11,113 - proctoring - DEBUG - [image_utils.py:43] - Decoded base64 data length: 16889
2025-04-13 20:40:11,113 - proctoring - INFO - [detection_service.py:13] - Processing new frame
2025-04-13 20:40:11,113 - proctoring - INFO - [face_detection.py:9] - Starting face detection
2025-04-13 20:40:11,122 - proctoring - INFO - [face_detection.py:32] - Face detected with confidence 0.95
2025-04-13 20:40:11,219 - proctoring - INFO - [detection_service.py:28] - Face detection found 1 events
2025-04-13 20:40:11,219 - proctoring - DEBUG - [detection_service.py:31] - No Hand detections
2025-04-13 20:40:11,219 - proctoring - DEBUG - [detection_service.py:31] - No Face Mesh detections
2025-04-13 20:40:11,219 - proctoring - DEBUG - [detection_service.py:31] - No YOLO detections
2025-04-13 20:40:11,219 - proctoring - INFO - [detection_service.py:34] - Total events detected: 1
2025-04-13 20:40:11,219 - proctoring - INFO - [log_service.py:12] - Attempting to store 1 logs for user 1
2025-04-13 20:40:11,219 - proctoring - DEBUG - [log_service.py:26] - Created log entry: {'time': '2025-04-13 20:40:11.113989', 'event': 'Face detected'}
2025-04-13 20:40:11,221 - proctoring - INFO - [log_service.py:40] - Successfully stored 1 logs
2025-04-13 20:40:11,223 - proctoring - DEBUG - [image_utils.py:43] - Decoded base64 data length: 16911
2025-04-13 20:40:11,223 - proctoring - INFO - [detection_service.py:13] - Processing new frame
2025-04-13 20:40:11,223 - proctoring - INFO - [face_detection.py:9] - Starting face detection
2025-04-13 20:40:11,228 - proctoring - INFO - [face_detection.py:32] - Face detected with confidence 0.95
2025-04-13 20:40:11,321 - proctoring - INFO - [detection_service.py:28] - Face detection found 1 events
2025-04-13 20:40:11,321 - proctoring - DEBUG - [detection_service.py:31] - No Hand detections
2025-04-13 20:40:11,321 - proctoring - DEBUG - [detection_service.py:31] - No Face Mesh detections
2025-04-13 20:40:11,321 - proctoring - DEBUG - [detection_service.py:31] - No YOLO detections
2025-04-13 20:40:11,321 - proctoring - INFO - [detection_service.py:34] - Total events detected: 1
2025-04-13 20:40:11,321 - proctoring - INFO - [log_service.py:12] - Attempting to store 1 logs for user 1
2025-04-13 20:40:11,321 - proctoring - DEBUG - [log_service.py:26] - Created log entry: {'time': '2025-04-13 20:40:11.223896', 'event': 'Face detected'}
2025-04-13 20:40:11,323 - proctoring - INFO - [log_service.py:40] - Successfully stored 1 logs
2025-04-13 20:40:11,330 - proctoring - DEBUG - [image_utils.py:43] - Decoded base64 data length: 16771
2025-04-13 20:40:11,330 - proctoring - INFO - [detection_service.py:13] - Processing new frame
2025-04-13 20:40:11,330 - proctoring - INFO - [face_detection.py:9] - Starting face detection
2025-04-13 20:40:11,335 - proctoring - INFO - [face_detection.py:32] - Face detected with confidence 0.95
2025-04-13 20:40:11,428 - proctoring - INFO - [detection_service.py:28] - Face detection found 1 events
2025-04-13 20:40:11,429 - proctoring - DEBUG - [detection_service.py:31] - No Hand detections
2025-04-13 20:40:11,429 - proctoring - DEBUG - [detection_service.py:31] - No Face Mesh detections
2025-04-13 20:40:11,429 - proctoring - DEBUG - [detection_service.py:31] - No YOLO detections
2025-04-13 20:40:11,429 - proctoring - INFO - [detection_service.py:34] - Total events detected: 1
2025-04-13 20:40:11,429 - proctoring - INFO - [log_service.py:12] - Attempting to store 1 logs for user 1
2025-04-13 20:40:11,429 - proctoring - DEBUG - [log_service.py:26] - Created log entry: {'time': '2025-04-13 20:40:11.330863', 'event': 'Face detected'}
2025-04-13 20:40:11,431 - proctoring - INFO - [log_service.py:40] - Successfully stored 1 logs
2025-04-13 20:40:11,437 - proctoring - DEBUG - [image_utils.py:43] - Decoded base64 data length: 16629
2025-04-13 20:40:11,437 - proctoring - INFO - [detection_service.py:13] - Processing new frame
2025-04-13 20:40:11,438 - proctoring - INFO - [face_detection.py:9] - Starting face detection
2025-04-13 20:40:11,442 - proctoring - INFO - [face_detection.py:32] - Face detected with confidence 0.95
2025-04-13 20:40:11,530 - proctoring - INFO - [detection_service.py:28] - Face detection found 1 events
2025-04-13 20:40:11,530 - proctoring - DEBUG - [detection_service.py:31] - No Hand detections
2025-04-13 20:40:11,530 - proctoring - DEBUG - [detection_service.py:31] - No Face Mesh detections
2025-04-13 20:40:11,530 - proctoring - DEBUG - [detection_service.py:31] - No YOLO detections
2025-04-13 20:40:11,530 - proctoring - INFO - [detection_service.py:34] - Total events detected: 1
2025-04-13 20:40:11,530 - proctoring - INFO - [log_service.py:12] - Attempting to store 1 logs for user 1
2025-04-13 20:40:11,530 - proctoring - DEBUG - [log_service.py:26] - Created log entry: {'time': '2025-04-13 20:40:11.438022', 'event': 'Face detected'}
2025-04-13 20:40:11,532 - proctoring - INFO - [log_service.py:40] - Successfully stored 1 logs
2025-04-13 20:40:11,546 - proctoring - DEBUG - [image_utils.py:43] - Decoded base64 data length: 16714
2025-04-13 20:40:11,546 - proctoring - INFO - [detection_service.py:13] - Processing new frame
2025-04-13 20:40:11,546 - proctoring - INFO - [face_detection.py:9] - Starting face detection
2025-04-13 20:40:11,550 - proctoring - INFO - [face_detection.py:32] - Face detected with confidence 0.95
2025-04-13 20:40:11,637 - proctoring - INFO - [detection_service.py:28] - Face detection found 1 events
2025-04-13 20:40:11,637 - proctoring - DEBUG - [detection_service.py:31] - No Hand detections
2025-04-13 20:40:11,637 - proctoring - DEBUG - [detection_service.py:31] - No Face Mesh detections
2025-04-13 20:40:11,637 - proctoring - DEBUG - [detection_service.py:31] - No YOLO detections
2025-04-13 20:40:11,637 - proctoring - INFO - [detection_service.py:34] - Total events detected: 1
2025-04-13 20:40:11,637 - proctoring - INFO - [log_service.py:12] - Attempting to store 1 logs for user 1
2025-04-13 20:40:11,637 - proctoring - DEBUG - [log_service.py:26] - Created log entry: {'time': '2025-04-13 20:40:11.546500', 'event': 'Face detected'}
2025-04-13 20:40:11,639 - proctoring - INFO - [log_service.py:40] - Successfully stored 1 logs
2025-04-13 20:40:11,656 - proctoring - DEBUG - [image_utils.py:43] - Decoded base64 data length: 16231
2025-04-13 20:40:11,656 - proctoring - INFO - [detection_service.py:13] - Processing new frame
2025-04-13 20:40:11,656 - proctoring - INFO - [face_detection.py:9] - Starting face detection
2025-04-13 20:40:11,661 - proctoring - INFO - [face_detection.py:32] - Face detected with confidence 0.95
2025-04-13 20:40:11,749 - proctoring - INFO - [detection_service.py:28] - Face detection found 1 events
2025-04-13 20:40:11,749 - proctoring - DEBUG - [detection_service.py:31] - No Hand detections
2025-04-13 20:40:11,749 - proctoring - DEBUG - [detection_service.py:31] - No Face Mesh detections
2025-04-13 20:40:11,749 - proctoring - DEBUG - [detection_service.py:31] - No YOLO detections
2025-04-13 20:40:11,749 - proctoring - INFO - [detection_service.py:34] - Total events detected: 1
2025-04-13 20:40:11,749 - proctoring - INFO - [log_service.py:12] - Attempting to store 1 logs for user 1
2025-04-13 20:40:11,749 - proctoring - DEBUG - [log_service.py:26] - Created log entry: {'time': '2025-04-13 20:40:11.656590', 'event': 'Face detected'}
2025-04-13 20:40:11,751 - proctoring - INFO - [log_service.py:40] - Successfully stored 1 logs
2025-04-13 20:40:11,765 - proctoring - DEBUG - [image_utils.py:43] - Decoded base64 data length: 16129
2025-04-13 20:40:11,766 - proctoring - INFO - [detection_service.py:13] - Processing new frame
2025-04-13 20:40:11,766 - proctoring - INFO - [face_detection.py:9] - Starting face detection
2025-04-13 20:40:11,771 - proctoring - INFO - [face_detection.py:32] - Face detected with confidence 0.96
2025-04-13 20:40:11,859 - proctoring - INFO - [detection_service.py:28] - Face detection found 1 events
2025-04-13 20:40:11,859 - proctoring - DEBUG - [detection_service.py:31] - No Hand detections
2025-04-13 20:40:11,859 - proctoring - DEBUG - [detection_service.py:31] - No Face Mesh detections
2025-04-13 20:40:11,859 - proctoring - DEBUG - [detection_service.py:31] - No YOLO detections
2025-04-13 20:40:11,859 - proctoring - INFO - [detection_service.py:34] - Total events detected: 1
2025-04-13 20:40:11,859 - proctoring - INFO - [log_service.py:12] - Attempting to store 1 logs for user 1
2025-04-13 20:40:11,860 - proctoring - DEBUG - [log_service.py:26] - Created log entry: {'time': '2025-04-13 20:40:11.766163', 'event': 'Face detected'}
2025-04-13 20:40:11,861 - proctoring - INFO - [log_service.py:40] - Successfully stored 1 logs
2025-04-13 20:40:11,875 - proctoring - DEBUG - [image_utils.py:43] - Decoded base64 data length: 15645
2025-04-13 20:40:11,875 - proctoring - INFO - [detection_service.py:13] - Processing new frame
2025-04-13 20:40:11,875 - proctoring - INFO - [face_detection.py:9] - Starting face detection
2025-04-13 20:40:11,880 - proctoring - INFO - [face_detection.py:32] - Face detected with confidence 0.97
2025-04-13 20:40:11,974 - proctoring - INFO - [detection_service.py:28] - Face detection found 1 events
2025-04-13 20:40:11,974 - proctoring - DEBUG - [detection_service.py:31] - No Hand detections
2025-04-13 20:40:11,974 - proctoring - DEBUG - [detection_service.py:31] - No Face Mesh detections
2025-04-13 20:40:11,974 - proctoring - DEBUG - [detection_service.py:31] - No YOLO detections
2025-04-13 20:40:11,974 - proctoring - INFO - [detection_service.py:34] - Total events detected: 1
2025-04-13 20:40:11,974 - proctoring - INFO - [log_service.py:12] - Attempting to store 1 logs for user 1
2025-04-13 20:40:11,974 - proctoring - DEBUG - [log_service.py:26] - Created log entry: {'time': '2025-04-13 20:40:11.875896', 'event': 'Face detected'}
2025-04-13 20:40:11,976 - proctoring - INFO - [log_service.py:40] - Successfully stored 1 logs
2025-04-13 20:40:11,986 - proctoring - DEBUG - [image_utils.py:43] - Decoded base64 data length: 15399
2025-04-13 20:40:11,987 - proctoring - INFO - [detection_service.py:13] - Processing new frame
2025-04-13 20:40:11,987 - proctoring - INFO - [face_detection.py:9] - Starting face detection
2025-04-13 20:40:11,992 - proctoring - INFO - [face_detection.py:32] - Face detected with confidence 0.96
2025-04-13 20:40:12,079 - proctoring - INFO - [detection_service.py:28] - Face detection found 1 events
2025-04-13 20:40:12,079 - proctoring - DEBUG - [detection_service.py:31] - No Hand detections
2025-04-13 20:40:12,079 - proctoring - DEBUG - [detection_service.py:31] - No Face Mesh detections
2025-04-13 20:40:12,079 - proctoring - DEBUG - [detection_service.py:31] - No YOLO detections
2025-04-13 20:40:12,079 - proctoring - INFO - [detection_service.py:34] - Total events detected: 1
2025-04-13 20:40:12,079 - proctoring - INFO - [log_service.py:12] - Attempting to store 1 logs for user 1
2025-04-13 20:40:12,079 - proctoring - DEBUG - [log_service.py:26] - Created log entry: {'time': '2025-04-13 20:40:11.987507', 'event': 'Face detected'}
2025-04-13 20:40:12,080 - proctoring - INFO - [log_service.py:40] - Successfully stored 1 logs
2025-04-13 20:40:12,089 - proctoring - DEBUG - [image_utils.py:43] - Decoded base64 data length: 15612
2025-04-13 20:40:12,089 - proctoring - INFO - [detection_service.py:13] - Processing new frame
2025-04-13 20:40:12,089 - proctoring - INFO - [face_detection.py:9] - Starting face detection
2025-04-13 20:40:12,094 - proctoring - INFO - [face_detection.py:32] - Face detected with confidence 0.96
2025-04-13 20:40:12,181 - proctoring - INFO - [detection_service.py:28] - Face detection found 1 events
2025-04-13 20:40:12,181 - proctoring - DEBUG - [detection_service.py:31] - No Hand detections
2025-04-13 20:40:12,181 - proctoring - DEBUG - [detection_service.py:31] - No Face Mesh detections
2025-04-13 20:40:12,181 - proctoring - DEBUG - [detection_service.py:31] - No YOLO detections
2025-04-13 20:40:12,181 - proctoring - INFO - [detection_service.py:34] - Total events detected: 1
2025-04-13 20:40:12,181 - proctoring - INFO - [log_service.py:12] - Attempting to store 1 logs for user 1
2025-04-13 20:40:12,181 - proctoring - DEBUG - [log_service.py:26] - Created log entry: {'time': '2025-04-13 20:40:12.089888', 'event': 'Face detected'}
2025-04-13 20:40:12,183 - proctoring - INFO - [log_service.py:40] - Successfully stored 1 logs
2025-04-13 20:40:12,197 - proctoring - DEBUG - [image_utils.py:43] - Decoded base64 data length: 15827
2025-04-13 20:40:12,198 - proctoring - INFO - [detection_service.py:13] - Processing new frame
2025-04-13 20:40:12,198 - proctoring - INFO - [face_detection.py:9] - Starting face detection
2025-04-13 20:40:12,202 - proctoring - INFO - [face_detection.py:32] - Face detected with confidence 0.96
2025-04-13 20:40:12,292 - proctoring - INFO - [detection_service.py:28] - Face detection found 1 events
2025-04-13 20:40:12,292 - proctoring - DEBUG - [detection_service.py:31] - No Hand detections
2025-04-13 20:40:12,292 - proctoring - DEBUG - [detection_service.py:31] - No Face Mesh detections
2025-04-13 20:40:12,292 - proctoring - DEBUG - [detection_service.py:31] - No YOLO detections
2025-04-13 20:40:12,292 - proctoring - INFO - [detection_service.py:34] - Total events detected: 1
2025-04-13 20:40:12,292 - proctoring - INFO - [log_service.py:12] - Attempting to store 1 logs for user 1
2025-04-13 20:40:12,292 - proctoring - DEBUG - [log_service.py:26] - Created log entry: {'time': '2025-04-13 20:40:12.198408', 'event': 'Face detected'}
2025-04-13 20:40:12,294 - proctoring - INFO - [log_service.py:40] - Successfully stored 1 logs
2025-04-13 20:40:12,305 - proctoring - DEBUG - [image_utils.py:43] - Decoded base64 data length: 15785
2025-04-13 20:40:12,305 - proctoring - INFO - [detection_service.py:13] - Processing new frame
2025-04-13 20:40:12,306 - proctoring - INFO - [face_detection.py:9] - Starting face detection
2025-04-13 20:40:12,310 - proctoring - INFO - [face_detection.py:32] - Face detected with confidence 0.97
2025-04-13 20:40:12,404 - proctoring - INFO - [detection_service.py:28] - Face detection found 1 events
2025-04-13 20:40:12,404 - proctoring - DEBUG - [detection_service.py:31] - No Hand detections
2025-04-13 20:40:12,404 - proctoring - DEBUG - [detection_service.py:31] - No Face Mesh detections
2025-04-13 20:40:12,404 - proctoring - DEBUG - [detection_service.py:31] - No YOLO detections
2025-04-13 20:40:12,404 - proctoring - INFO - [detection_service.py:34] - Total events detected: 1
2025-04-13 20:40:12,404 - proctoring - INFO - [log_service.py:12] - Attempting to store 1 logs for user 1
2025-04-13 20:40:12,404 - proctoring - DEBUG - [log_service.py:26] - Created log entry: {'time': '2025-04-13 20:40:12.306022', 'event': 'Face detected'}
2025-04-13 20:40:12,405 - proctoring - INFO - [log_service.py:40] - Successfully stored 1 logs
2025-04-13 20:40:12,411 - proctoring - DEBUG - [image_utils.py:43] - Decoded base64 data length: 15951
2025-04-13 20:40:12,412 - proctoring - INFO - [detection_service.py:13] - Processing new frame
2025-04-13 20:40:12,412 - proctoring - INFO - [face_detection.py:9] - Starting face detection
2025-04-13 20:40:12,416 - proctoring - INFO - [face_detection.py:32] - Face detected with confidence 0.96
2025-04-13 20:40:12,505 - proctoring - INFO - [detection_service.py:28] - Face detection found 1 events
2025-04-13 20:40:12,505 - proctoring - DEBUG - [detection_service.py:31] - No Hand detections
2025-04-13 20:40:12,506 - proctoring - DEBUG - [detection_service.py:31] - No Face Mesh detections
2025-04-13 20:40:12,506 - proctoring - DEBUG - [detection_service.py:31] - No YOLO detections
2025-04-13 20:40:12,506 - proctoring - INFO - [detection_service.py:34] - Total events detected: 1
2025-04-13 20:40:12,506 - proctoring - INFO - [log_service.py:12] - Attempting to store 1 logs for user 1
2025-04-13 20:40:12,506 - proctoring - DEBUG - [log_service.py:26] - Created log entry: {'time': '2025-04-13 20:40:12.412151', 'event': 'Face detected'}
2025-04-13 20:40:12,508 - proctoring - INFO - [log_service.py:40] - Successfully stored 1 logs
2025-04-13 20:40:12,519 - proctoring - DEBUG - [image_utils.py:43] - Decoded base64 data length: 16335
2025-04-13 20:40:12,520 - proctoring - INFO - [detection_service.py:13] - Processing new frame
2025-04-13 20:40:12,520 - proctoring - INFO - [face_detection.py:9] - Starting face detection
2025-04-13 20:40:12,524 - proctoring - INFO - [face_detection.py:32] - Face detected with confidence 0.97
2025-04-13 20:40:12,610 - proctoring - INFO - [detection_service.py:28] - Face detection found 1 events
2025-04-13 20:40:12,610 - proctoring - DEBUG - [detection_service.py:31] - No Hand detections
2025-04-13 20:40:12,610 - proctoring - DEBUG - [detection_service.py:31] - No Face Mesh detections
2025-04-13 20:40:12,610 - proctoring - DEBUG - [detection_service.py:31] - No YOLO detections
2025-04-13 20:40:12,610 - proctoring - INFO - [detection_service.py:34] - Total events detected: 1
2025-04-13 20:40:12,610 - proctoring - INFO - [log_service.py:12] - Attempting to store 1 logs for user 1
2025-04-13 20:40:12,610 - proctoring - DEBUG - [log_service.py:26] - Created log entry: {'time': '2025-04-13 20:40:12.520114', 'event': 'Face detected'}
2025-04-13 20:40:12,612 - proctoring - INFO - [log_service.py:40] - Successfully stored 1 logs
2025-04-13 20:40:12,629 - proctoring - DEBUG - [image_utils.py:43] - Decoded base64 data length: 16223
2025-04-13 20:40:12,630 - proctoring - INFO - [detection_service.py:13] - Processing new frame
2025-04-13 20:40:12,630 - proctoring - INFO - [face_detection.py:9] - Starting face detection
2025-04-13 20:40:12,634 - proctoring - INFO - [face_detection.py:32] - Face detected with confidence 0.97
2025-04-13 20:40:12,723 - proctoring - INFO - [detection_service.py:28] - Face detection found 1 events
2025-04-13 20:40:12,723 - proctoring - DEBUG - [detection_service.py:31] - No Hand detections
2025-04-13 20:40:12,724 - proctoring - DEBUG - [detection_service.py:31] - No Face Mesh detections
2025-04-13 20:40:12,724 - proctoring - DEBUG - [detection_service.py:31] - No YOLO detections
2025-04-13 20:40:12,724 - proctoring - INFO - [detection_service.py:34] - Total events detected: 1
2025-04-13 20:40:12,724 - proctoring - INFO - [log_service.py:12] - Attempting to store 1 logs for user 1
2025-04-13 20:40:12,724 - proctoring - DEBUG - [log_service.py:26] - Created log entry: {'time': '2025-04-13 20:40:12.630242', 'event': 'Face detected'}
2025-04-13 20:40:12,726 - proctoring - INFO - [log_service.py:40] - Successfully stored 1 logs
2025-04-13 20:40:12,732 - proctoring - DEBUG - [image_utils.py:43] - Decoded base64 data length: 16210
2025-04-13 20:40:12,733 - proctoring - INFO - [detection_service.py:13] - Processing new frame
2025-04-13 20:40:12,733 - proctoring - INFO - [face_detection.py:9] - Starting face detection
2025-04-13 20:40:12,737 - proctoring - INFO - [face_detection.py:32] - Face detected with confidence 0.97
2025-04-13 20:40:12,826 - proctoring - INFO - [detection_service.py:28] - Face detection found 1 events
2025-04-13 20:40:12,826 - proctoring - DEBUG - [detection_service.py:31] - No Hand detections
2025-04-13 20:40:12,826 - proctoring - DEBUG - [detection_service.py:31] - No Face Mesh detections
2025-04-13 20:40:12,826 - proctoring - DEBUG - [detection_service.py:31] - No YOLO detections
2025-04-13 20:40:12,826 - proctoring - INFO - [detection_service.py:34] - Total events detected: 1
2025-04-13 20:40:12,826 - proctoring - INFO - [log_service.py:12] - Attempting to store 1 logs for user 1
2025-04-13 20:40:12,826 - proctoring - DEBUG - [log_service.py:26] - Created log entry: {'time': '2025-04-13 20:40:12.733534', 'event': 'Face detected'}
2025-04-13 20:40:12,828 - proctoring - INFO - [log_service.py:40] - Successfully stored 1 logs
2025-04-13 20:40:12,840 - proctoring - DEBUG - [image_utils.py:43] - Decoded base64 data length: 16050
2025-04-13 20:40:12,840 - proctoring - INFO - [detection_service.py:13] - Processing new frame
2025-04-13 20:40:12,840 - proctoring - INFO - [face_detection.py:9] - Starting face detection
2025-04-13 20:40:12,844 - proctoring - INFO - [face_detection.py:32] - Face detected with confidence 0.97
2025-04-13 20:40:12,933 - proctoring - INFO - [detection_service.py:28] - Face detection found 1 events
2025-04-13 20:40:12,933 - proctoring - DEBUG - [detection_service.py:31] - No Hand detections
2025-04-13 20:40:12,933 - proctoring - DEBUG - [detection_service.py:31] - No Face Mesh detections
2025-04-13 20:40:12,933 - proctoring - DEBUG - [detection_service.py:31] - No YOLO detections
2025-04-13 20:40:12,933 - proctoring - INFO - [detection_service.py:34] - Total events detected: 1
2025-04-13 20:40:12,933 - proctoring - INFO - [log_service.py:12] - Attempting to store 1 logs for user 1
2025-04-13 20:40:12,933 - proctoring - DEBUG - [log_service.py:26] - Created log entry: {'time': '2025-04-13 20:40:12.840861', 'event': 'Face detected'}
2025-04-13 20:40:12,935 - proctoring - INFO - [log_service.py:40] - Successfully stored 1 logs
2025-04-13 20:40:12,947 - proctoring - DEBUG - [image_utils.py:43] - Decoded base64 data length: 16077
2025-04-13 20:40:12,947 - proctoring - INFO - [detection_service.py:13] - Processing new frame
2025-04-13 20:40:12,947 - proctoring - INFO - [face_detection.py:9] - Starting face detection
2025-04-13 20:40:12,952 - proctoring - INFO - [face_detection.py:32] - Face detected with confidence 0.96
2025-04-13 20:40:13,040 - proctoring - INFO - [detection_service.py:28] - Face detection found 1 events
2025-04-13 20:40:13,040 - proctoring - DEBUG - [detection_service.py:31] - No Hand detections
2025-04-13 20:40:13,040 - proctoring - DEBUG - [detection_service.py:31] - No Face Mesh detections
2025-04-13 20:40:13,040 - proctoring - DEBUG - [detection_service.py:31] - No YOLO detections
2025-04-13 20:40:13,040 - proctoring - INFO - [detection_service.py:34] - Total events detected: 1
2025-04-13 20:40:13,040 - proctoring - INFO - [log_service.py:12] - Attempting to store 1 logs for user 1
2025-04-13 20:40:13,040 - proctoring - DEBUG - [log_service.py:26] - Created log entry: {'time': '2025-04-13 20:40:12.947860', 'event': 'Face detected'}
2025-04-13 20:40:13,042 - proctoring - INFO - [log_service.py:40] - Successfully stored 1 logs
2025-04-13 20:40:13,054 - proctoring - DEBUG - [image_utils.py:43] - Decoded base64 data length: 15827
2025-04-13 20:40:13,055 - proctoring - INFO - [detection_service.py:13] - Processing new frame
2025-04-13 20:40:13,055 - proctoring - INFO - [face_detection.py:9] - Starting face detection
2025-04-13 20:40:13,059 - proctoring - INFO - [face_detection.py:32] - Face detected with confidence 0.96
2025-04-13 20:40:13,144 - proctoring - INFO - [detection_service.py:28] - Face detection found 1 events
2025-04-13 20:40:13,144 - proctoring - DEBUG - [detection_service.py:31] - No Hand detections
2025-04-13 20:40:13,144 - proctoring - DEBUG - [detection_service.py:31] - No Face Mesh detections
2025-04-13 20:40:13,144 - proctoring - DEBUG - [detection_service.py:31] - No YOLO detections
2025-04-13 20:40:13,144 - proctoring - INFO - [detection_service.py:34] - Total events detected: 1
2025-04-13 20:40:13,144 - proctoring - INFO - [log_service.py:12] - Attempting to store 1 logs for user 1
2025-04-13 20:40:13,144 - proctoring - DEBUG - [log_service.py:26] - Created log entry: {'time': '2025-04-13 20:40:13.055067', 'event': 'Face detected'}
2025-04-13 20:40:13,146 - proctoring - INFO - [log_service.py:40] - Successfully stored 1 logs
2025-04-13 20:40:13,164 - proctoring - DEBUG - [image_utils.py:43] - Decoded base64 data length: 15964
2025-04-13 20:40:13,164 - proctoring - INFO - [detection_service.py:13] - Processing new frame
2025-04-13 20:40:13,164 - proctoring - INFO - [face_detection.py:9] - Starting face detection
2025-04-13 20:40:13,171 - proctoring - INFO - [face_detection.py:32] - Face detected with confidence 0.96
2025-04-13 20:40:13,261 - proctoring - INFO - [detection_service.py:28] - Face detection found 1 events
2025-04-13 20:40:13,261 - proctoring - DEBUG - [detection_service.py:31] - No Hand detections
2025-04-13 20:40:13,261 - proctoring - DEBUG - [detection_service.py:31] - No Face Mesh detections
2025-04-13 20:40:13,261 - proctoring - DEBUG - [detection_service.py:31] - No YOLO detections
2025-04-13 20:40:13,261 - proctoring - INFO - [detection_service.py:34] - Total events detected: 1
2025-04-13 20:40:13,261 - proctoring - INFO - [log_service.py:12] - Attempting to store 1 logs for user 1
2025-04-13 20:40:13,261 - proctoring - DEBUG - [log_service.py:26] - Created log entry: {'time': '2025-04-13 20:40:13.164853', 'event': 'Face detected'}
2025-04-13 20:40:13,263 - proctoring - INFO - [log_service.py:40] - Successfully stored 1 logs
2025-04-13 20:40:13,271 - proctoring - DEBUG - [image_utils.py:43] - Decoded base64 data length: 15989
2025-04-13 20:40:13,271 - proctoring - INFO - [detection_service.py:13] - Processing new frame
2025-04-13 20:40:13,271 - proctoring - INFO - [face_detection.py:9] - Starting face detection
2025-04-13 20:40:13,275 - proctoring - INFO - [face_detection.py:32] - Face detected with confidence 0.96
2025-04-13 20:40:13,366 - proctoring - INFO - [detection_service.py:28] - Face detection found 1 events
2025-04-13 20:40:13,366 - proctoring - DEBUG - [detection_service.py:31] - No Hand detections
2025-04-13 20:40:13,367 - proctoring - DEBUG - [detection_service.py:31] - No Face Mesh detections
2025-04-13 20:40:13,367 - proctoring - DEBUG - [detection_service.py:31] - No YOLO detections
2025-04-13 20:40:13,367 - proctoring - INFO - [detection_service.py:34] - Total events detected: 1
2025-04-13 20:40:13,367 - proctoring - INFO - [log_service.py:12] - Attempting to store 1 logs for user 1
2025-04-13 20:40:13,367 - proctoring - DEBUG - [log_service.py:26] - Created log entry: {'time': '2025-04-13 20:40:13.272010', 'event': 'Face detected'}
2025-04-13 20:40:13,369 - proctoring - INFO - [log_service.py:40] - Successfully stored 1 logs
2025-04-13 20:40:13,379 - proctoring - DEBUG - [image_utils.py:43] - Decoded base64 data length: 16219
2025-04-13 20:40:13,380 - proctoring - INFO - [detection_service.py:13] - Processing new frame
2025-04-13 20:40:13,380 - proctoring - INFO - [face_detection.py:9] - Starting face detection
2025-04-13 20:40:13,390 - proctoring - INFO - [face_detection.py:32] - Face detected with confidence 0.96
2025-04-13 20:40:13,477 - proctoring - INFO - [detection_service.py:28] - Face detection found 1 events
2025-04-13 20:40:13,477 - proctoring - DEBUG - [detection_service.py:31] - No Hand detections
2025-04-13 20:40:13,477 - proctoring - DEBUG - [detection_service.py:31] - No Face Mesh detections
2025-04-13 20:40:13,477 - proctoring - DEBUG - [detection_service.py:31] - No YOLO detections
2025-04-13 20:40:13,477 - proctoring - INFO - [detection_service.py:34] - Total events detected: 1
2025-04-13 20:40:13,477 - proctoring - INFO - [log_service.py:12] - Attempting to store 1 logs for user 1
2025-04-13 20:40:13,477 - proctoring - DEBUG - [log_service.py:26] - Created log entry: {'time': '2025-04-13 20:40:13.380368', 'event': 'Face detected'}
2025-04-13 20:40:13,483 - proctoring - INFO - [log_service.py:40] - Successfully stored 1 logs
2025-04-13 20:40:13,485 - proctoring - INFO - [main.py:177] - Client initiated disconnect for user 1
2025-04-13 20:40:13,485 - proctoring - ERROR - [connection.py:33] - Error closing WebSocket: Unexpected ASGI message 'websocket.close', after sending 'websocket.close' or response already completed.
2025-04-13 20:40:13,486 - proctoring - INFO - [main.py:217] - Cleaning up connection for user 1
2025-04-13 20:40:29,410 - proctoring - INFO - [main.py:133] - WebSocket connection attempt for user 1
2025-04-13 20:40:29,412 - proctoring - INFO - [connection.py:19] - WebSocket connection accepted for user 1
2025-04-13 20:40:29,412 - proctoring - INFO - [main.py:162] - WebSocket connection established for user 1
2025-04-13 20:40:29,417 - proctoring - DEBUG - [image_utils.py:43] - Decoded base64 data length: 14306
2025-04-13 20:40:29,418 - proctoring - INFO - [detection_service.py:13] - Processing new frame
2025-04-13 20:40:29,418 - proctoring - INFO - [face_detection.py:9] - Starting face detection
2025-04-13 20:40:29,422 - proctoring - INFO - [face_detection.py:32] - Face detected with confidence 0.88
2025-04-13 20:40:29,529 - proctoring - INFO - [detection_service.py:28] - Face detection found 1 events
2025-04-13 20:40:29,530 - proctoring - DEBUG - [detection_service.py:31] - No Hand detections
2025-04-13 20:40:29,530 - proctoring - DEBUG - [detection_service.py:31] - No Face Mesh detections
2025-04-13 20:40:29,530 - proctoring - DEBUG - [detection_service.py:31] - No YOLO detections
2025-04-13 20:40:29,530 - proctoring - INFO - [detection_service.py:34] - Total events detected: 1
2025-04-13 20:40:29,530 - proctoring - INFO - [log_service.py:12] - Attempting to store 1 logs for user 1
2025-04-13 20:40:29,530 - proctoring - DEBUG - [log_service.py:26] - Created log entry: {'time': '2025-04-13 20:40:29.418252', 'event': 'Face detected'}
2025-04-13 20:40:29,532 - proctoring - INFO - [log_service.py:40] - Successfully stored 1 logs
2025-04-13 20:40:29,534 - proctoring - DEBUG - [image_utils.py:43] - Decoded base64 data length: 13238
2025-04-13 20:40:29,534 - proctoring - INFO - [detection_service.py:13] - Processing new frame
2025-04-13 20:40:29,534 - proctoring - INFO - [face_detection.py:9] - Starting face detection
2025-04-13 20:40:29,539 - proctoring - INFO - [face_detection.py:32] - Face detected with confidence 0.90
2025-04-13 20:40:29,642 - proctoring - INFO - [detection_service.py:28] - Face detection found 1 events
2025-04-13 20:40:29,642 - proctoring - DEBUG - [detection_service.py:31] - No Hand detections
2025-04-13 20:40:29,642 - proctoring - DEBUG - [detection_service.py:31] - No Face Mesh detections
2025-04-13 20:40:29,642 - proctoring - DEBUG - [detection_service.py:31] - No YOLO detections
2025-04-13 20:40:29,642 - proctoring - INFO - [detection_service.py:34] - Total events detected: 1
2025-04-13 20:40:29,642 - proctoring - INFO - [log_service.py:12] - Attempting to store 1 logs for user 1
2025-04-13 20:40:29,642 - proctoring - DEBUG - [log_service.py:26] - Created log entry: {'time': '2025-04-13 20:40:29.534757', 'event': 'Face detected'}
2025-04-13 20:40:29,643 - proctoring - INFO - [log_service.py:40] - Successfully stored 1 logs
2025-04-13 20:40:29,645 - proctoring - DEBUG - [image_utils.py:43] - Decoded base64 data length: 13381
2025-04-13 20:40:29,645 - proctoring - INFO - [detection_service.py:13] - Processing new frame
2025-04-13 20:40:29,645 - proctoring - INFO - [face_detection.py:9] - Starting face detection
2025-04-13 20:40:29,649 - proctoring - INFO - [face_detection.py:32] - Face detected with confidence 0.91
2025-04-13 20:40:29,765 - proctoring - INFO - [detection_service.py:28] - Face detection found 1 events
2025-04-13 20:40:29,765 - proctoring - DEBUG - [detection_service.py:31] - No Hand detections
2025-04-13 20:40:29,766 - proctoring - DEBUG - [detection_service.py:31] - No Face Mesh detections
2025-04-13 20:40:29,766 - proctoring - DEBUG - [detection_service.py:31] - No YOLO detections
2025-04-13 20:40:29,766 - proctoring - INFO - [detection_service.py:34] - Total events detected: 1
2025-04-13 20:40:29,766 - proctoring - INFO - [log_service.py:12] - Attempting to store 1 logs for user 1
2025-04-13 20:40:29,766 - proctoring - DEBUG - [log_service.py:26] - Created log entry: {'time': '2025-04-13 20:40:29.645991', 'event': 'Face detected'}
2025-04-13 20:40:29,767 - proctoring - INFO - [log_service.py:40] - Successfully stored 1 logs
2025-04-13 20:40:29,769 - proctoring - DEBUG - [image_utils.py:43] - Decoded base64 data length: 14372
2025-04-13 20:40:29,769 - proctoring - INFO - [detection_service.py:13] - Processing new frame
2025-04-13 20:40:29,769 - proctoring - INFO - [face_detection.py:9] - Starting face detection
2025-04-13 20:40:29,774 - proctoring - INFO - [face_detection.py:32] - Face detected with confidence 0.92
2025-04-13 20:40:29,891 - proctoring - INFO - [detection_service.py:28] - Face detection found 1 events
2025-04-13 20:40:29,891 - proctoring - DEBUG - [detection_service.py:31] - No Hand detections
2025-04-13 20:40:29,891 - proctoring - DEBUG - [detection_service.py:31] - No Face Mesh detections
2025-04-13 20:40:29,891 - proctoring - DEBUG - [detection_service.py:31] - No YOLO detections
2025-04-13 20:40:29,891 - proctoring - INFO - [detection_service.py:34] - Total events detected: 1
2025-04-13 20:40:29,891 - proctoring - INFO - [log_service.py:12] - Attempting to store 1 logs for user 1
2025-04-13 20:40:29,891 - proctoring - DEBUG - [log_service.py:26] - Created log entry: {'time': '2025-04-13 20:40:29.769601', 'event': 'Face detected'}
2025-04-13 20:40:29,893 - proctoring - INFO - [log_service.py:40] - Successfully stored 1 logs
2025-04-13 20:40:29,896 - proctoring - DEBUG - [image_utils.py:43] - Decoded base64 data length: 14988
2025-04-13 20:40:29,896 - proctoring - INFO - [detection_service.py:13] - Processing new frame
2025-04-13 20:40:29,897 - proctoring - INFO - [face_detection.py:9] - Starting face detection
2025-04-13 20:40:29,906 - proctoring - INFO - [face_detection.py:32] - Face detected with confidence 0.93
2025-04-13 20:40:30,023 - proctoring - INFO - [detection_service.py:28] - Face detection found 1 events
2025-04-13 20:40:30,023 - proctoring - DEBUG - [detection_service.py:31] - No Hand detections
2025-04-13 20:40:30,023 - proctoring - DEBUG - [detection_service.py:31] - No Face Mesh detections
2025-04-13 20:40:30,023 - proctoring - DEBUG - [detection_service.py:31] - No YOLO detections
2025-04-13 20:40:30,023 - proctoring - INFO - [detection_service.py:34] - Total events detected: 1
2025-04-13 20:40:30,023 - proctoring - INFO - [log_service.py:12] - Attempting to store 1 logs for user 1
2025-04-13 20:40:30,024 - proctoring - DEBUG - [log_service.py:26] - Created log entry: {'time': '2025-04-13 20:40:29.897047', 'event': 'Face detected'}
2025-04-13 20:40:30,025 - proctoring - INFO - [log_service.py:40] - Successfully stored 1 logs
2025-04-13 20:40:30,027 - proctoring - DEBUG - [image_utils.py:43] - Decoded base64 data length: 15312
2025-04-13 20:40:30,027 - proctoring - INFO - [detection_service.py:13] - Processing new frame
2025-04-13 20:40:30,027 - proctoring - INFO - [face_detection.py:9] - Starting face detection
2025-04-13 20:40:30,032 - proctoring - INFO - [face_detection.py:32] - Face detected with confidence 0.94
2025-04-13 20:40:30,124 - proctoring - INFO - [detection_service.py:28] - Face detection found 1 events
2025-04-13 20:40:30,124 - proctoring - DEBUG - [detection_service.py:31] - No Hand detections
2025-04-13 20:40:30,124 - proctoring - DEBUG - [detection_service.py:31] - No Face Mesh detections
2025-04-13 20:40:30,124 - proctoring - DEBUG - [detection_service.py:31] - No YOLO detections
2025-04-13 20:40:30,124 - proctoring - INFO - [detection_service.py:34] - Total events detected: 1
2025-04-13 20:40:30,124 - proctoring - INFO - [log_service.py:12] - Attempting to store 1 logs for user 1
2025-04-13 20:40:30,124 - proctoring - DEBUG - [log_service.py:26] - Created log entry: {'time': '2025-04-13 20:40:30.027758', 'event': 'Face detected'}
2025-04-13 20:40:30,126 - proctoring - INFO - [log_service.py:40] - Successfully stored 1 logs
2025-04-13 20:40:30,128 - proctoring - DEBUG - [image_utils.py:43] - Decoded base64 data length: 15848
2025-04-13 20:40:30,129 - proctoring - INFO - [detection_service.py:13] - Processing new frame
2025-04-13 20:40:30,129 - proctoring - INFO - [face_detection.py:9] - Starting face detection
2025-04-13 20:40:30,133 - proctoring - INFO - [face_detection.py:32] - Face detected with confidence 0.94
2025-04-13 20:40:30,223 - proctoring - INFO - [detection_service.py:28] - Face detection found 1 events
2025-04-13 20:40:30,223 - proctoring - DEBUG - [detection_service.py:31] - No Hand detections
2025-04-13 20:40:30,223 - proctoring - DEBUG - [detection_service.py:31] - No Face Mesh detections
2025-04-13 20:40:30,223 - proctoring - DEBUG - [detection_service.py:31] - No YOLO detections
2025-04-13 20:40:30,223 - proctoring - INFO - [detection_service.py:34] - Total events detected: 1
2025-04-13 20:40:30,223 - proctoring - INFO - [log_service.py:12] - Attempting to store 1 logs for user 1
2025-04-13 20:40:30,223 - proctoring - DEBUG - [log_service.py:26] - Created log entry: {'time': '2025-04-13 20:40:30.129322', 'event': 'Face detected'}
2025-04-13 20:40:30,225 - proctoring - INFO - [log_service.py:40] - Successfully stored 1 logs
2025-04-13 20:40:30,226 - proctoring - DEBUG - [image_utils.py:43] - Decoded base64 data length: 15873
2025-04-13 20:40:30,227 - proctoring - INFO - [detection_service.py:13] - Processing new frame
2025-04-13 20:40:30,227 - proctoring - INFO - [face_detection.py:9] - Starting face detection
2025-04-13 20:40:30,232 - proctoring - INFO - [face_detection.py:32] - Face detected with confidence 0.93
2025-04-13 20:40:30,325 - proctoring - INFO - [detection_service.py:28] - Face detection found 1 events
2025-04-13 20:40:30,325 - proctoring - DEBUG - [detection_service.py:31] - No Hand detections
2025-04-13 20:40:30,325 - proctoring - DEBUG - [detection_service.py:31] - No Face Mesh detections
2025-04-13 20:40:30,325 - proctoring - DEBUG - [detection_service.py:31] - No YOLO detections
2025-04-13 20:40:30,325 - proctoring - INFO - [detection_service.py:34] - Total events detected: 1
2025-04-13 20:40:30,325 - proctoring - INFO - [log_service.py:12] - Attempting to store 1 logs for user 1
2025-04-13 20:40:30,325 - proctoring - DEBUG - [log_service.py:26] - Created log entry: {'time': '2025-04-13 20:40:30.227298', 'event': 'Face detected'}
2025-04-13 20:40:30,327 - proctoring - INFO - [log_service.py:40] - Successfully stored 1 logs
2025-04-13 20:40:30,328 - proctoring - DEBUG - [image_utils.py:43] - Decoded base64 data length: 16108
2025-04-13 20:40:30,329 - proctoring - INFO - [detection_service.py:13] - Processing new frame
2025-04-13 20:40:30,329 - proctoring - INFO - [face_detection.py:9] - Starting face detection
2025-04-13 20:40:30,333 - proctoring - INFO - [face_detection.py:32] - Face detected with confidence 0.94
2025-04-13 20:40:30,421 - proctoring - INFO - [detection_service.py:28] - Face detection found 1 events
2025-04-13 20:40:30,421 - proctoring - DEBUG - [detection_service.py:31] - No Hand detections
2025-04-13 20:40:30,421 - proctoring - DEBUG - [detection_service.py:31] - No Face Mesh detections
2025-04-13 20:40:30,421 - proctoring - DEBUG - [detection_service.py:31] - No YOLO detections
2025-04-13 20:40:30,421 - proctoring - INFO - [detection_service.py:34] - Total events detected: 1
2025-04-13 20:40:30,421 - proctoring - INFO - [log_service.py:12] - Attempting to store 1 logs for user 1
2025-04-13 20:40:30,422 - proctoring - DEBUG - [log_service.py:26] - Created log entry: {'time': '2025-04-13 20:40:30.329102', 'event': 'Face detected'}
2025-04-13 20:40:30,423 - proctoring - INFO - [log_service.py:40] - Successfully stored 1 logs
2025-04-13 20:40:30,424 - proctoring - DEBUG - [image_utils.py:43] - Decoded base64 data length: 16663
2025-04-13 20:40:30,425 - proctoring - INFO - [detection_service.py:13] - Processing new frame
2025-04-13 20:40:30,425 - proctoring - INFO - [face_detection.py:9] - Starting face detection
2025-04-13 20:40:30,430 - proctoring - INFO - [face_detection.py:32] - Face detected with confidence 0.94
2025-04-13 20:40:30,516 - proctoring - INFO - [detection_service.py:28] - Face detection found 1 events
2025-04-13 20:40:30,516 - proctoring - DEBUG - [detection_service.py:31] - No Hand detections
2025-04-13 20:40:30,516 - proctoring - DEBUG - [detection_service.py:31] - No Face Mesh detections
2025-04-13 20:40:30,516 - proctoring - DEBUG - [detection_service.py:31] - No YOLO detections
2025-04-13 20:40:30,516 - proctoring - INFO - [detection_service.py:34] - Total events detected: 1
2025-04-13 20:40:30,516 - proctoring - INFO - [log_service.py:12] - Attempting to store 1 logs for user 1
2025-04-13 20:40:30,516 - proctoring - DEBUG - [log_service.py:26] - Created log entry: {'time': '2025-04-13 20:40:30.425284', 'event': 'Face detected'}
2025-04-13 20:40:30,518 - proctoring - INFO - [log_service.py:40] - Successfully stored 1 logs
2025-04-13 20:40:30,519 - proctoring - DEBUG - [image_utils.py:43] - Decoded base64 data length: 16557
2025-04-13 20:40:30,520 - proctoring - INFO - [detection_service.py:13] - Processing new frame
2025-04-13 20:40:30,520 - proctoring - INFO - [face_detection.py:9] - Starting face detection
2025-04-13 20:40:30,524 - proctoring - INFO - [face_detection.py:32] - Face detected with confidence 0.94
2025-04-13 20:40:30,613 - proctoring - INFO - [detection_service.py:28] - Face detection found 1 events
2025-04-13 20:40:30,613 - proctoring - DEBUG - [detection_service.py:31] - No Hand detections
2025-04-13 20:40:30,613 - proctoring - DEBUG - [detection_service.py:31] - No Face Mesh detections
2025-04-13 20:40:30,613 - proctoring - DEBUG - [detection_service.py:31] - No YOLO detections
2025-04-13 20:40:30,613 - proctoring - INFO - [detection_service.py:34] - Total events detected: 1
2025-04-13 20:40:30,613 - proctoring - INFO - [log_service.py:12] - Attempting to store 1 logs for user 1
2025-04-13 20:40:30,614 - proctoring - DEBUG - [log_service.py:26] - Created log entry: {'time': '2025-04-13 20:40:30.520221', 'event': 'Face detected'}
2025-04-13 20:40:30,615 - proctoring - INFO - [log_service.py:40] - Successfully stored 1 logs
2025-04-13 20:40:30,617 - proctoring - DEBUG - [image_utils.py:43] - Decoded base64 data length: 16896
2025-04-13 20:40:30,617 - proctoring - INFO - [detection_service.py:13] - Processing new frame
2025-04-13 20:40:30,617 - proctoring - INFO - [face_detection.py:9] - Starting face detection
2025-04-13 20:40:30,621 - proctoring - INFO - [face_detection.py:32] - Face detected with confidence 0.93
2025-04-13 20:40:30,717 - proctoring - INFO - [detection_service.py:28] - Face detection found 1 events
2025-04-13 20:40:30,717 - proctoring - DEBUG - [detection_service.py:31] - No Hand detections
2025-04-13 20:40:30,717 - proctoring - DEBUG - [detection_service.py:31] - No Face Mesh detections
2025-04-13 20:40:30,717 - proctoring - DEBUG - [detection_service.py:31] - No YOLO detections
2025-04-13 20:40:30,717 - proctoring - INFO - [detection_service.py:34] - Total events detected: 1
2025-04-13 20:40:30,717 - proctoring - INFO - [log_service.py:12] - Attempting to store 1 logs for user 1
2025-04-13 20:40:30,717 - proctoring - DEBUG - [log_service.py:26] - Created log entry: {'time': '2025-04-13 20:40:30.617654', 'event': 'Face detected'}
2025-04-13 20:40:30,719 - proctoring - INFO - [log_service.py:40] - Successfully stored 1 logs
2025-04-13 20:40:30,720 - proctoring - DEBUG - [image_utils.py:43] - Decoded base64 data length: 17318
2025-04-13 20:40:30,721 - proctoring - INFO - [detection_service.py:13] - Processing new frame
2025-04-13 20:40:30,721 - proctoring - INFO - [face_detection.py:9] - Starting face detection
2025-04-13 20:40:30,725 - proctoring - INFO - [face_detection.py:32] - Face detected with confidence 0.94
2025-04-13 20:40:30,816 - proctoring - INFO - [detection_service.py:28] - Face detection found 1 events
2025-04-13 20:40:30,816 - proctoring - DEBUG - [detection_service.py:31] - No Hand detections
2025-04-13 20:40:30,816 - proctoring - DEBUG - [detection_service.py:31] - No Face Mesh detections
2025-04-13 20:40:30,816 - proctoring - DEBUG - [detection_service.py:31] - No YOLO detections
2025-04-13 20:40:30,816 - proctoring - INFO - [detection_service.py:34] - Total events detected: 1
2025-04-13 20:40:30,816 - proctoring - INFO - [log_service.py:12] - Attempting to store 1 logs for user 1
2025-04-13 20:40:30,816 - proctoring - DEBUG - [log_service.py:26] - Created log entry: {'time': '2025-04-13 20:40:30.721317', 'event': 'Face detected'}
2025-04-13 20:40:30,818 - proctoring - INFO - [log_service.py:40] - Successfully stored 1 logs
2025-04-13 20:40:30,819 - proctoring - DEBUG - [image_utils.py:43] - Decoded base64 data length: 17177
2025-04-13 20:40:30,820 - proctoring - INFO - [detection_service.py:13] - Processing new frame
2025-04-13 20:40:30,820 - proctoring - INFO - [face_detection.py:9] - Starting face detection
2025-04-13 20:40:30,825 - proctoring - INFO - [face_detection.py:32] - Face detected with confidence 0.94
2025-04-13 20:40:30,914 - proctoring - INFO - [detection_service.py:28] - Face detection found 1 events
2025-04-13 20:40:30,914 - proctoring - DEBUG - [detection_service.py:31] - No Hand detections
2025-04-13 20:40:30,915 - proctoring - DEBUG - [detection_service.py:31] - No Face Mesh detections
2025-04-13 20:40:30,915 - proctoring - DEBUG - [detection_service.py:31] - No YOLO detections
2025-04-13 20:40:30,915 - proctoring - INFO - [detection_service.py:34] - Total events detected: 1
2025-04-13 20:40:30,915 - proctoring - INFO - [log_service.py:12] - Attempting to store 1 logs for user 1
2025-04-13 20:40:30,915 - proctoring - DEBUG - [log_service.py:26] - Created log entry: {'time': '2025-04-13 20:40:30.820148', 'event': 'Face detected'}
2025-04-13 20:40:30,916 - proctoring - INFO - [log_service.py:40] - Successfully stored 1 logs
2025-04-13 20:40:30,918 - proctoring - DEBUG - [image_utils.py:43] - Decoded base64 data length: 17182
2025-04-13 20:40:30,918 - proctoring - INFO - [detection_service.py:13] - Processing new frame
2025-04-13 20:40:30,918 - proctoring - INFO - [face_detection.py:9] - Starting face detection
2025-04-13 20:40:30,922 - proctoring - INFO - [face_detection.py:32] - Face detected with confidence 0.94
2025-04-13 20:40:31,014 - proctoring - INFO - [detection_service.py:28] - Face detection found 1 events
2025-04-13 20:40:31,014 - proctoring - DEBUG - [detection_service.py:31] - No Hand detections
2025-04-13 20:40:31,014 - proctoring - DEBUG - [detection_service.py:31] - No Face Mesh detections
2025-04-13 20:40:31,014 - proctoring - DEBUG - [detection_service.py:31] - No YOLO detections
2025-04-13 20:40:31,014 - proctoring - INFO - [detection_service.py:34] - Total events detected: 1
2025-04-13 20:40:31,014 - proctoring - INFO - [log_service.py:12] - Attempting to store 1 logs for user 1
2025-04-13 20:40:31,014 - proctoring - DEBUG - [log_service.py:26] - Created log entry: {'time': '2025-04-13 20:40:30.918770', 'event': 'Face detected'}
2025-04-13 20:40:31,016 - proctoring - INFO - [log_service.py:40] - Successfully stored 1 logs
2025-04-13 20:40:31,021 - proctoring - DEBUG - [image_utils.py:43] - Decoded base64 data length: 16831
2025-04-13 20:40:31,021 - proctoring - INFO - [detection_service.py:13] - Processing new frame
2025-04-13 20:40:31,021 - proctoring - INFO - [face_detection.py:9] - Starting face detection
2025-04-13 20:40:31,026 - proctoring - INFO - [face_detection.py:32] - Face detected with confidence 0.94
2025-04-13 20:40:31,118 - proctoring - INFO - [detection_service.py:28] - Face detection found 1 events
2025-04-13 20:40:31,118 - proctoring - DEBUG - [detection_service.py:31] - No Hand detections
2025-04-13 20:40:31,118 - proctoring - DEBUG - [detection_service.py:31] - No Face Mesh detections
2025-04-13 20:40:31,118 - proctoring - DEBUG - [detection_service.py:31] - No YOLO detections
2025-04-13 20:40:31,118 - proctoring - INFO - [detection_service.py:34] - Total events detected: 1
2025-04-13 20:40:31,118 - proctoring - INFO - [log_service.py:12] - Attempting to store 1 logs for user 1
2025-04-13 20:40:31,118 - proctoring - DEBUG - [log_service.py:26] - Created log entry: {'time': '2025-04-13 20:40:31.021478', 'event': 'Face detected'}
2025-04-13 20:40:31,120 - proctoring - INFO - [log_service.py:40] - Successfully stored 1 logs
2025-04-13 20:40:31,129 - proctoring - DEBUG - [image_utils.py:43] - Decoded base64 data length: 16826
2025-04-13 20:40:31,129 - proctoring - INFO - [detection_service.py:13] - Processing new frame
2025-04-13 20:40:31,129 - proctoring - INFO - [face_detection.py:9] - Starting face detection
2025-04-13 20:40:31,133 - proctoring - INFO - [face_detection.py:32] - Face detected with confidence 0.94
2025-04-13 20:40:31,232 - proctoring - INFO - [detection_service.py:28] - Face detection found 1 events
2025-04-13 20:40:31,232 - proctoring - DEBUG - [detection_service.py:31] - No Hand detections
2025-04-13 20:40:31,232 - proctoring - DEBUG - [detection_service.py:31] - No Face Mesh detections
2025-04-13 20:40:31,232 - proctoring - DEBUG - [detection_service.py:31] - No YOLO detections
2025-04-13 20:40:31,232 - proctoring - INFO - [detection_service.py:34] - Total events detected: 1
2025-04-13 20:40:31,232 - proctoring - INFO - [log_service.py:12] - Attempting to store 1 logs for user 1
2025-04-13 20:40:31,232 - proctoring - DEBUG - [log_service.py:26] - Created log entry: {'time': '2025-04-13 20:40:31.129717', 'event': 'Face detected'}
2025-04-13 20:40:31,234 - proctoring - INFO - [log_service.py:40] - Successfully stored 1 logs
2025-04-13 20:40:31,237 - proctoring - DEBUG - [image_utils.py:43] - Decoded base64 data length: 17054
2025-04-13 20:40:31,237 - proctoring - INFO - [detection_service.py:13] - Processing new frame
2025-04-13 20:40:31,237 - proctoring - INFO - [face_detection.py:9] - Starting face detection
2025-04-13 20:40:31,241 - proctoring - INFO - [face_detection.py:32] - Face detected with confidence 0.94
2025-04-13 20:40:31,331 - proctoring - INFO - [detection_service.py:28] - Face detection found 1 events
2025-04-13 20:40:31,331 - proctoring - DEBUG - [detection_service.py:31] - No Hand detections
2025-04-13 20:40:31,331 - proctoring - DEBUG - [detection_service.py:31] - No Face Mesh detections
2025-04-13 20:40:31,331 - proctoring - DEBUG - [detection_service.py:31] - No YOLO detections
2025-04-13 20:40:31,331 - proctoring - INFO - [detection_service.py:34] - Total events detected: 1
2025-04-13 20:40:31,331 - proctoring - INFO - [log_service.py:12] - Attempting to store 1 logs for user 1
2025-04-13 20:40:31,331 - proctoring - DEBUG - [log_service.py:26] - Created log entry: {'time': '2025-04-13 20:40:31.237839', 'event': 'Face detected'}
2025-04-13 20:40:31,333 - proctoring - INFO - [log_service.py:40] - Successfully stored 1 logs
2025-04-13 20:40:31,345 - proctoring - DEBUG - [image_utils.py:43] - Decoded base64 data length: 17191
2025-04-13 20:40:31,345 - proctoring - INFO - [detection_service.py:13] - Processing new frame
2025-04-13 20:40:31,345 - proctoring - INFO - [face_detection.py:9] - Starting face detection
2025-04-13 20:40:31,350 - proctoring - INFO - [face_detection.py:32] - Face detected with confidence 0.94
2025-04-13 20:40:31,439 - proctoring - INFO - [detection_service.py:28] - Face detection found 1 events
2025-04-13 20:40:31,439 - proctoring - DEBUG - [detection_service.py:31] - No Hand detections
2025-04-13 20:40:31,439 - proctoring - DEBUG - [detection_service.py:31] - No Face Mesh detections
2025-04-13 20:40:31,439 - proctoring - DEBUG - [detection_service.py:31] - No YOLO detections
2025-04-13 20:40:31,439 - proctoring - INFO - [detection_service.py:34] - Total events detected: 1
2025-04-13 20:40:31,439 - proctoring - INFO - [log_service.py:12] - Attempting to store 1 logs for user 1
2025-04-13 20:40:31,439 - proctoring - DEBUG - [log_service.py:26] - Created log entry: {'time': '2025-04-13 20:40:31.345834', 'event': 'Face detected'}
2025-04-13 20:40:31,441 - proctoring - INFO - [log_service.py:40] - Successfully stored 1 logs
2025-04-13 20:40:31,449 - proctoring - DEBUG - [image_utils.py:43] - Decoded base64 data length: 17376
2025-04-13 20:40:31,450 - proctoring - INFO - [detection_service.py:13] - Processing new frame
2025-04-13 20:40:31,450 - proctoring - INFO - [face_detection.py:9] - Starting face detection
2025-04-13 20:40:31,454 - proctoring - INFO - [face_detection.py:32] - Face detected with confidence 0.94
2025-04-13 20:40:31,547 - proctoring - INFO - [detection_service.py:28] - Face detection found 1 events
2025-04-13 20:40:31,547 - proctoring - DEBUG - [detection_service.py:31] - No Hand detections
2025-04-13 20:40:31,548 - proctoring - DEBUG - [detection_service.py:31] - No Face Mesh detections
2025-04-13 20:40:31,548 - proctoring - DEBUG - [detection_service.py:31] - No YOLO detections
2025-04-13 20:40:31,548 - proctoring - INFO - [detection_service.py:34] - Total events detected: 1
2025-04-13 20:40:31,548 - proctoring - INFO - [log_service.py:12] - Attempting to store 1 logs for user 1
2025-04-13 20:40:31,548 - proctoring - DEBUG - [log_service.py:26] - Created log entry: {'time': '2025-04-13 20:40:31.450471', 'event': 'Face detected'}
2025-04-13 20:40:31,549 - proctoring - INFO - [log_service.py:40] - Successfully stored 1 logs
2025-04-13 20:40:31,558 - proctoring - DEBUG - [image_utils.py:43] - Decoded base64 data length: 17325
2025-04-13 20:40:31,559 - proctoring - INFO - [detection_service.py:13] - Processing new frame
2025-04-13 20:40:31,559 - proctoring - INFO - [face_detection.py:9] - Starting face detection
2025-04-13 20:40:31,563 - proctoring - INFO - [face_detection.py:32] - Face detected with confidence 0.94
2025-04-13 20:40:31,649 - proctoring - INFO - [detection_service.py:28] - Face detection found 1 events
2025-04-13 20:40:31,649 - proctoring - DEBUG - [detection_service.py:31] - No Hand detections
2025-04-13 20:40:31,649 - proctoring - DEBUG - [detection_service.py:31] - No Face Mesh detections
2025-04-13 20:40:31,649 - proctoring - DEBUG - [detection_service.py:31] - No YOLO detections
2025-04-13 20:40:31,649 - proctoring - INFO - [detection_service.py:34] - Total events detected: 1
2025-04-13 20:40:31,649 - proctoring - INFO - [log_service.py:12] - Attempting to store 1 logs for user 1
2025-04-13 20:40:31,649 - proctoring - DEBUG - [log_service.py:26] - Created log entry: {'time': '2025-04-13 20:40:31.559343', 'event': 'Face detected'}
2025-04-13 20:40:31,651 - proctoring - INFO - [log_service.py:40] - Successfully stored 1 logs
2025-04-13 20:40:31,667 - proctoring - DEBUG - [image_utils.py:43] - Decoded base64 data length: 17303
2025-04-13 20:40:31,668 - proctoring - INFO - [detection_service.py:13] - Processing new frame
2025-04-13 20:40:31,668 - proctoring - INFO - [face_detection.py:9] - Starting face detection
2025-04-13 20:40:31,672 - proctoring - INFO - [face_detection.py:32] - Face detected with confidence 0.94
2025-04-13 20:40:31,767 - proctoring - INFO - [detection_service.py:28] - Face detection found 1 events
2025-04-13 20:40:31,767 - proctoring - DEBUG - [detection_service.py:31] - No Hand detections
2025-04-13 20:40:31,767 - proctoring - DEBUG - [detection_service.py:31] - No Face Mesh detections
2025-04-13 20:40:31,767 - proctoring - DEBUG - [detection_service.py:31] - No YOLO detections
2025-04-13 20:40:31,767 - proctoring - INFO - [detection_service.py:34] - Total events detected: 1
2025-04-13 20:40:31,767 - proctoring - INFO - [log_service.py:12] - Attempting to store 1 logs for user 1
2025-04-13 20:40:31,767 - proctoring - DEBUG - [log_service.py:26] - Created log entry: {'time': '2025-04-13 20:40:31.668402', 'event': 'Face detected'}
2025-04-13 20:40:31,769 - proctoring - INFO - [log_service.py:40] - Successfully stored 1 logs
2025-04-13 20:40:31,780 - proctoring - DEBUG - [image_utils.py:43] - Decoded base64 data length: 17228
2025-04-13 20:40:31,781 - proctoring - INFO - [detection_service.py:13] - Processing new frame
2025-04-13 20:40:31,781 - proctoring - INFO - [face_detection.py:9] - Starting face detection
2025-04-13 20:40:31,787 - proctoring - INFO - [face_detection.py:32] - Face detected with confidence 0.94
2025-04-13 20:40:31,876 - proctoring - INFO - [detection_service.py:28] - Face detection found 1 events
2025-04-13 20:40:31,876 - proctoring - DEBUG - [detection_service.py:31] - No Hand detections
2025-04-13 20:40:31,876 - proctoring - DEBUG - [detection_service.py:31] - No Face Mesh detections
2025-04-13 20:40:31,876 - proctoring - DEBUG - [detection_service.py:31] - No YOLO detections
2025-04-13 20:40:31,876 - proctoring - INFO - [detection_service.py:34] - Total events detected: 1
2025-04-13 20:40:31,876 - proctoring - INFO - [log_service.py:12] - Attempting to store 1 logs for user 1
2025-04-13 20:40:31,876 - proctoring - DEBUG - [log_service.py:26] - Created log entry: {'time': '2025-04-13 20:40:31.781493', 'event': 'Face detected'}
2025-04-13 20:40:31,878 - proctoring - INFO - [log_service.py:40] - Successfully stored 1 logs
2025-04-13 20:40:31,887 - proctoring - DEBUG - [image_utils.py:43] - Decoded base64 data length: 17324
2025-04-13 20:40:31,887 - proctoring - INFO - [detection_service.py:13] - Processing new frame
2025-04-13 20:40:31,887 - proctoring - INFO - [face_detection.py:9] - Starting face detection
2025-04-13 20:40:31,892 - proctoring - INFO - [face_detection.py:32] - Face detected with confidence 0.94
2025-04-13 20:40:31,982 - proctoring - INFO - [detection_service.py:28] - Face detection found 1 events
2025-04-13 20:40:31,982 - proctoring - DEBUG - [detection_service.py:31] - No Hand detections
2025-04-13 20:40:31,982 - proctoring - DEBUG - [detection_service.py:31] - No Face Mesh detections
2025-04-13 20:40:31,982 - proctoring - DEBUG - [detection_service.py:31] - No YOLO detections
2025-04-13 20:40:31,982 - proctoring - INFO - [detection_service.py:34] - Total events detected: 1
2025-04-13 20:40:31,982 - proctoring - INFO - [log_service.py:12] - Attempting to store 1 logs for user 1
2025-04-13 20:40:31,982 - proctoring - DEBUG - [log_service.py:26] - Created log entry: {'time': '2025-04-13 20:40:31.887761', 'event': 'Face detected'}
2025-04-13 20:40:31,984 - proctoring - INFO - [log_service.py:40] - Successfully stored 1 logs
2025-04-13 20:40:31,994 - proctoring - DEBUG - [image_utils.py:43] - Decoded base64 data length: 17262
2025-04-13 20:40:31,995 - proctoring - INFO - [detection_service.py:13] - Processing new frame
2025-04-13 20:40:31,995 - proctoring - INFO - [face_detection.py:9] - Starting face detection
2025-04-13 20:40:32,000 - proctoring - INFO - [face_detection.py:32] - Face detected with confidence 0.94
2025-04-13 20:40:32,091 - proctoring - INFO - [detection_service.py:28] - Face detection found 1 events
2025-04-13 20:40:32,091 - proctoring - DEBUG - [detection_service.py:31] - No Hand detections
2025-04-13 20:40:32,091 - proctoring - DEBUG - [detection_service.py:31] - No Face Mesh detections
2025-04-13 20:40:32,091 - proctoring - DEBUG - [detection_service.py:31] - No YOLO detections
2025-04-13 20:40:32,091 - proctoring - INFO - [detection_service.py:34] - Total events detected: 1
2025-04-13 20:40:32,091 - proctoring - INFO - [log_service.py:12] - Attempting to store 1 logs for user 1
2025-04-13 20:40:32,091 - proctoring - DEBUG - [log_service.py:26] - Created log entry: {'time': '2025-04-13 20:40:31.995603', 'event': 'Face detected'}
2025-04-13 20:40:32,092 - proctoring - INFO - [log_service.py:40] - Successfully stored 1 logs
2025-04-13 20:40:32,101 - proctoring - DEBUG - [image_utils.py:43] - Decoded base64 data length: 16702
2025-04-13 20:40:32,101 - proctoring - INFO - [detection_service.py:13] - Processing new frame
2025-04-13 20:40:32,101 - proctoring - INFO - [face_detection.py:9] - Starting face detection
2025-04-13 20:40:32,106 - proctoring - INFO - [face_detection.py:32] - Face detected with confidence 0.94
2025-04-13 20:40:32,201 - proctoring - INFO - [detection_service.py:28] - Face detection found 1 events
2025-04-13 20:40:32,201 - proctoring - DEBUG - [detection_service.py:31] - No Hand detections
2025-04-13 20:40:32,201 - proctoring - DEBUG - [detection_service.py:31] - No Face Mesh detections
2025-04-13 20:40:32,201 - proctoring - DEBUG - [detection_service.py:31] - No YOLO detections
2025-04-13 20:40:32,201 - proctoring - INFO - [detection_service.py:34] - Total events detected: 1
2025-04-13 20:40:32,201 - proctoring - INFO - [log_service.py:12] - Attempting to store 1 logs for user 1
2025-04-13 20:40:32,202 - proctoring - DEBUG - [log_service.py:26] - Created log entry: {'time': '2025-04-13 20:40:32.101990', 'event': 'Face detected'}
2025-04-13 20:40:32,203 - proctoring - INFO - [log_service.py:40] - Successfully stored 1 logs
2025-04-13 20:40:32,210 - proctoring - DEBUG - [image_utils.py:43] - Decoded base64 data length: 16753
2025-04-13 20:40:32,211 - proctoring - INFO - [detection_service.py:13] - Processing new frame
2025-04-13 20:40:32,211 - proctoring - INFO - [face_detection.py:9] - Starting face detection
2025-04-13 20:40:32,216 - proctoring - INFO - [face_detection.py:32] - Face detected with confidence 0.95
2025-04-13 20:40:32,304 - proctoring - INFO - [detection_service.py:28] - Face detection found 1 events
2025-04-13 20:40:32,304 - proctoring - DEBUG - [detection_service.py:31] - No Hand detections
2025-04-13 20:40:32,304 - proctoring - DEBUG - [detection_service.py:31] - No Face Mesh detections
2025-04-13 20:40:32,304 - proctoring - DEBUG - [detection_service.py:31] - No YOLO detections
2025-04-13 20:40:32,304 - proctoring - INFO - [detection_service.py:34] - Total events detected: 1
2025-04-13 20:40:32,304 - proctoring - INFO - [log_service.py:12] - Attempting to store 1 logs for user 1
2025-04-13 20:40:32,304 - proctoring - DEBUG - [log_service.py:26] - Created log entry: {'time': '2025-04-13 20:40:32.211340', 'event': 'Face detected'}
2025-04-13 20:40:32,306 - proctoring - INFO - [log_service.py:40] - Successfully stored 1 logs
2025-04-13 20:40:32,319 - proctoring - DEBUG - [image_utils.py:43] - Decoded base64 data length: 16623
2025-04-13 20:40:32,319 - proctoring - INFO - [detection_service.py:13] - Processing new frame
2025-04-13 20:40:32,319 - proctoring - INFO - [face_detection.py:9] - Starting face detection
2025-04-13 20:40:32,324 - proctoring - INFO - [face_detection.py:32] - Face detected with confidence 0.94
2025-04-13 20:40:32,416 - proctoring - INFO - [detection_service.py:28] - Face detection found 1 events
2025-04-13 20:40:32,416 - proctoring - DEBUG - [detection_service.py:31] - No Hand detections
2025-04-13 20:40:32,416 - proctoring - DEBUG - [detection_service.py:31] - No Face Mesh detections
2025-04-13 20:40:32,416 - proctoring - DEBUG - [detection_service.py:31] - No YOLO detections
2025-04-13 20:40:32,416 - proctoring - INFO - [detection_service.py:34] - Total events detected: 1
2025-04-13 20:40:32,416 - proctoring - INFO - [log_service.py:12] - Attempting to store 1 logs for user 1
2025-04-13 20:40:32,416 - proctoring - DEBUG - [log_service.py:26] - Created log entry: {'time': '2025-04-13 20:40:32.319756', 'event': 'Face detected'}
2025-04-13 20:40:32,418 - proctoring - INFO - [log_service.py:40] - Successfully stored 1 logs
2025-04-13 20:40:32,429 - proctoring - DEBUG - [image_utils.py:43] - Decoded base64 data length: 16670
2025-04-13 20:40:32,429 - proctoring - INFO - [detection_service.py:13] - Processing new frame
2025-04-13 20:40:32,429 - proctoring - INFO - [face_detection.py:9] - Starting face detection
2025-04-13 20:40:32,434 - proctoring - INFO - [face_detection.py:32] - Face detected with confidence 0.93
2025-04-13 20:40:32,519 - proctoring - INFO - [detection_service.py:28] - Face detection found 1 events
2025-04-13 20:40:32,519 - proctoring - DEBUG - [detection_service.py:31] - No Hand detections
2025-04-13 20:40:32,519 - proctoring - DEBUG - [detection_service.py:31] - No Face Mesh detections
2025-04-13 20:40:32,519 - proctoring - DEBUG - [detection_service.py:31] - No YOLO detections
2025-04-13 20:40:32,519 - proctoring - INFO - [detection_service.py:34] - Total events detected: 1
2025-04-13 20:40:32,519 - proctoring - INFO - [log_service.py:12] - Attempting to store 1 logs for user 1
2025-04-13 20:40:32,519 - proctoring - DEBUG - [log_service.py:26] - Created log entry: {'time': '2025-04-13 20:40:32.429560', 'event': 'Face detected'}
2025-04-13 20:40:32,521 - proctoring - INFO - [log_service.py:40] - Successfully stored 1 logs
2025-04-13 20:40:32,537 - proctoring - DEBUG - [image_utils.py:43] - Decoded base64 data length: 16902
2025-04-13 20:40:32,537 - proctoring - INFO - [detection_service.py:13] - Processing new frame
2025-04-13 20:40:32,537 - proctoring - INFO - [face_detection.py:9] - Starting face detection
2025-04-13 20:40:32,541 - proctoring - INFO - [face_detection.py:32] - Face detected with confidence 0.93
2025-04-13 20:40:32,627 - proctoring - INFO - [detection_service.py:28] - Face detection found 1 events
2025-04-13 20:40:32,627 - proctoring - DEBUG - [detection_service.py:31] - No Hand detections
2025-04-13 20:40:32,627 - proctoring - DEBUG - [detection_service.py:31] - No Face Mesh detections
2025-04-13 20:40:32,627 - proctoring - DEBUG - [detection_service.py:31] - No YOLO detections
2025-04-13 20:40:32,627 - proctoring - INFO - [detection_service.py:34] - Total events detected: 1
2025-04-13 20:40:32,627 - proctoring - INFO - [log_service.py:12] - Attempting to store 1 logs for user 1
2025-04-13 20:40:32,627 - proctoring - DEBUG - [log_service.py:26] - Created log entry: {'time': '2025-04-13 20:40:32.537658', 'event': 'Face detected'}
2025-04-13 20:40:32,629 - proctoring - INFO - [log_service.py:40] - Successfully stored 1 logs
2025-04-13 20:40:32,645 - proctoring - DEBUG - [image_utils.py:43] - Decoded base64 data length: 16870
2025-04-13 20:40:32,646 - proctoring - INFO - [detection_service.py:13] - Processing new frame
2025-04-13 20:40:32,646 - proctoring - INFO - [face_detection.py:9] - Starting face detection
2025-04-13 20:40:32,650 - proctoring - INFO - [face_detection.py:32] - Face detected with confidence 0.93
2025-04-13 20:40:32,738 - proctoring - INFO - [detection_service.py:28] - Face detection found 1 events
2025-04-13 20:40:32,739 - proctoring - DEBUG - [detection_service.py:31] - No Hand detections
2025-04-13 20:40:32,739 - proctoring - DEBUG - [detection_service.py:31] - No Face Mesh detections
2025-04-13 20:40:32,739 - proctoring - DEBUG - [detection_service.py:31] - No YOLO detections
2025-04-13 20:40:32,739 - proctoring - INFO - [detection_service.py:34] - Total events detected: 1
2025-04-13 20:40:32,739 - proctoring - INFO - [log_service.py:12] - Attempting to store 1 logs for user 1
2025-04-13 20:40:32,739 - proctoring - DEBUG - [log_service.py:26] - Created log entry: {'time': '2025-04-13 20:40:32.646408', 'event': 'Face detected'}
2025-04-13 20:40:32,740 - proctoring - INFO - [log_service.py:40] - Successfully stored 1 logs
2025-04-13 20:40:32,756 - proctoring - DEBUG - [image_utils.py:43] - Decoded base64 data length: 16979
2025-04-13 20:40:32,757 - proctoring - INFO - [detection_service.py:13] - Processing new frame
2025-04-13 20:40:32,757 - proctoring - INFO - [face_detection.py:9] - Starting face detection
2025-04-13 20:40:32,761 - proctoring - INFO - [face_detection.py:32] - Face detected with confidence 0.93
2025-04-13 20:40:32,850 - proctoring - INFO - [detection_service.py:28] - Face detection found 1 events
2025-04-13 20:40:32,850 - proctoring - DEBUG - [detection_service.py:31] - No Hand detections
2025-04-13 20:40:32,850 - proctoring - DEBUG - [detection_service.py:31] - No Face Mesh detections
2025-04-13 20:40:32,850 - proctoring - DEBUG - [detection_service.py:31] - No YOLO detections
2025-04-13 20:40:32,850 - proctoring - INFO - [detection_service.py:34] - Total events detected: 1
2025-04-13 20:40:32,850 - proctoring - INFO - [log_service.py:12] - Attempting to store 1 logs for user 1
2025-04-13 20:40:32,850 - proctoring - DEBUG - [log_service.py:26] - Created log entry: {'time': '2025-04-13 20:40:32.757265', 'event': 'Face detected'}
2025-04-13 20:40:32,852 - proctoring - INFO - [log_service.py:40] - Successfully stored 1 logs
2025-04-13 20:40:32,861 - proctoring - DEBUG - [image_utils.py:43] - Decoded base64 data length: 17009
2025-04-13 20:40:32,862 - proctoring - INFO - [detection_service.py:13] - Processing new frame
2025-04-13 20:40:32,862 - proctoring - INFO - [face_detection.py:9] - Starting face detection
2025-04-13 20:40:32,867 - proctoring - INFO - [face_detection.py:32] - Face detected with confidence 0.93
2025-04-13 20:40:32,954 - proctoring - INFO - [detection_service.py:28] - Face detection found 1 events
2025-04-13 20:40:32,954 - proctoring - DEBUG - [detection_service.py:31] - No Hand detections
2025-04-13 20:40:32,954 - proctoring - DEBUG - [detection_service.py:31] - No Face Mesh detections
2025-04-13 20:40:32,954 - proctoring - DEBUG - [detection_service.py:31] - No YOLO detections
2025-04-13 20:40:32,954 - proctoring - INFO - [detection_service.py:34] - Total events detected: 1
2025-04-13 20:40:32,954 - proctoring - INFO - [log_service.py:12] - Attempting to store 1 logs for user 1
2025-04-13 20:40:32,954 - proctoring - DEBUG - [log_service.py:26] - Created log entry: {'time': '2025-04-13 20:40:32.862256', 'event': 'Face detected'}
2025-04-13 20:40:32,956 - proctoring - INFO - [log_service.py:40] - Successfully stored 1 logs
2025-04-13 20:40:32,969 - proctoring - DEBUG - [image_utils.py:43] - Decoded base64 data length: 17147
2025-04-13 20:40:32,970 - proctoring - INFO - [detection_service.py:13] - Processing new frame
2025-04-13 20:40:32,970 - proctoring - INFO - [face_detection.py:9] - Starting face detection
2025-04-13 20:40:32,974 - proctoring - INFO - [face_detection.py:32] - Face detected with confidence 0.93
2025-04-13 20:40:33,059 - proctoring - INFO - [detection_service.py:28] - Face detection found 1 events
2025-04-13 20:40:33,059 - proctoring - DEBUG - [detection_service.py:31] - No Hand detections
2025-04-13 20:40:33,060 - proctoring - DEBUG - [detection_service.py:31] - No Face Mesh detections
2025-04-13 20:40:33,060 - proctoring - DEBUG - [detection_service.py:31] - No YOLO detections
2025-04-13 20:40:33,060 - proctoring - INFO - [detection_service.py:34] - Total events detected: 1
2025-04-13 20:40:33,060 - proctoring - INFO - [log_service.py:12] - Attempting to store 1 logs for user 1
2025-04-13 20:40:33,060 - proctoring - DEBUG - [log_service.py:26] - Created log entry: {'time': '2025-04-13 20:40:32.970379', 'event': 'Face detected'}
2025-04-13 20:40:33,062 - proctoring - INFO - [log_service.py:40] - Successfully stored 1 logs
2025-04-13 20:40:33,077 - proctoring - DEBUG - [image_utils.py:43] - Decoded base64 data length: 17239
2025-04-13 20:40:33,078 - proctoring - INFO - [detection_service.py:13] - Processing new frame
2025-04-13 20:40:33,078 - proctoring - INFO - [face_detection.py:9] - Starting face detection
2025-04-13 20:40:33,082 - proctoring - INFO - [face_detection.py:32] - Face detected with confidence 0.94
2025-04-13 20:40:33,168 - proctoring - INFO - [detection_service.py:28] - Face detection found 1 events
2025-04-13 20:40:33,168 - proctoring - DEBUG - [detection_service.py:31] - No Hand detections
2025-04-13 20:40:33,168 - proctoring - DEBUG - [detection_service.py:31] - No Face Mesh detections
2025-04-13 20:40:33,168 - proctoring - DEBUG - [detection_service.py:31] - No YOLO detections
2025-04-13 20:40:33,168 - proctoring - INFO - [detection_service.py:34] - Total events detected: 1
2025-04-13 20:40:33,168 - proctoring - INFO - [log_service.py:12] - Attempting to store 1 logs for user 1
2025-04-13 20:40:33,168 - proctoring - DEBUG - [log_service.py:26] - Created log entry: {'time': '2025-04-13 20:40:33.078337', 'event': 'Face detected'}
2025-04-13 20:40:33,170 - proctoring - INFO - [log_service.py:40] - Successfully stored 1 logs
2025-04-13 20:40:33,188 - proctoring - DEBUG - [image_utils.py:43] - Decoded base64 data length: 17280
2025-04-13 20:40:33,188 - proctoring - INFO - [detection_service.py:13] - Processing new frame
2025-04-13 20:40:33,189 - proctoring - INFO - [face_detection.py:9] - Starting face detection
2025-04-13 20:40:33,193 - proctoring - INFO - [face_detection.py:32] - Face detected with confidence 0.94
2025-04-13 20:40:33,284 - proctoring - INFO - [detection_service.py:28] - Face detection found 1 events
2025-04-13 20:40:33,284 - proctoring - DEBUG - [detection_service.py:31] - No Hand detections
2025-04-13 20:40:33,284 - proctoring - DEBUG - [detection_service.py:31] - No Face Mesh detections
2025-04-13 20:40:33,284 - proctoring - DEBUG - [detection_service.py:31] - No YOLO detections
2025-04-13 20:40:33,284 - proctoring - INFO - [detection_service.py:34] - Total events detected: 1
2025-04-13 20:40:33,284 - proctoring - INFO - [log_service.py:12] - Attempting to store 1 logs for user 1
2025-04-13 20:40:33,284 - proctoring - DEBUG - [log_service.py:26] - Created log entry: {'time': '2025-04-13 20:40:33.189056', 'event': 'Face detected'}
2025-04-13 20:40:33,285 - proctoring - INFO - [log_service.py:40] - Successfully stored 1 logs
2025-04-13 20:40:33,287 - proctoring - INFO - [main.py:177] - Client initiated disconnect for user 1
2025-04-13 20:40:33,287 - proctoring - ERROR - [connection.py:33] - Error closing WebSocket: Unexpected ASGI message 'websocket.close', after sending 'websocket.close' or response already completed.
2025-04-13 20:40:33,289 - proctoring - INFO - [main.py:217] - Cleaning up connection for user 1
2025-04-13 20:43:26,139 - proctoring - INFO - [database.py:13] - Using database: localhost:3306/Proctoring_AI
2025-04-13 20:43:29,952 - proctoring - INFO - [mediapipe_config.py:14] - MediaPipe configured for CPU-only mode
2025-04-13 20:43:29,952 - proctoring - INFO - [main.py:68] - MediaPipe configured successfully
2025-04-13 20:43:29,995 - proctoring - INFO - [main.py:74] - Database connection test successful
2025-04-13 20:43:29,998 - proctoring - INFO - [main.py:81] - Database initialized successfully
2025-04-13 20:43:30,017 - proctoring - INFO - [main.py:86] - YOLO model loaded successfully
2025-04-13 20:43:30,301 - proctoring - INFO - [database.py:13] - Using database: localhost:3306/Proctoring_AI
2025-04-13 20:43:33,756 - proctoring - INFO - [mediapipe_config.py:14] - MediaPipe configured for CPU-only mode
2025-04-13 20:43:33,756 - proctoring - INFO - [main.py:68] - MediaPipe configured successfully
2025-04-13 20:43:33,771 - proctoring - INFO - [main.py:74] - Database connection test successful
2025-04-13 20:43:33,774 - proctoring - INFO - [main.py:81] - Database initialized successfully
2025-04-13 20:43:33,787 - proctoring - INFO - [main.py:86] - YOLO model loaded successfully
2025-04-13 20:44:52,151 - proctoring - INFO - [database.py:13] - Using database: localhost:3306/Proctoring_AI
2025-04-13 20:44:55,961 - proctoring - INFO - [mediapipe_config.py:14] - MediaPipe configured for CPU-only mode
2025-04-13 20:44:55,961 - proctoring - INFO - [main.py:68] - MediaPipe configured successfully
2025-04-13 20:44:55,999 - proctoring - INFO - [main.py:74] - Database connection test successful
2025-04-13 20:44:56,002 - proctoring - INFO - [main.py:81] - Database initialized successfully
2025-04-13 20:44:56,022 - proctoring - INFO - [main.py:86] - YOLO model loaded successfully
2025-04-13 20:45:00,279 - proctoring - INFO - [database.py:13] - Using database: localhost:3306/Proctoring_AI
2025-04-13 20:45:03,957 - proctoring - INFO - [mediapipe_config.py:14] - MediaPipe configured for CPU-only mode
2025-04-13 20:45:03,957 - proctoring - INFO - [main.py:68] - MediaPipe configured successfully
2025-04-13 20:45:03,973 - proctoring - INFO - [main.py:74] - Database connection test successful
2025-04-13 20:45:03,977 - proctoring - INFO - [main.py:81] - Database initialized successfully
2025-04-13 20:45:03,992 - proctoring - INFO - [main.py:86] - YOLO model loaded successfully
2025-04-13 20:45:05,130 - proctoring - INFO - [database.py:13] - Using database: localhost:3306/Proctoring_AI
2025-04-13 20:45:08,713 - proctoring - INFO - [mediapipe_config.py:14] - MediaPipe configured for CPU-only mode
2025-04-13 20:45:08,714 - proctoring - INFO - [main.py:68] - MediaPipe configured successfully
2025-04-13 20:45:08,732 - proctoring - INFO - [main.py:74] - Database connection test successful
2025-04-13 20:45:08,734 - proctoring - INFO - [main.py:81] - Database initialized successfully
2025-04-13 20:45:08,748 - proctoring - INFO - [main.py:86] - YOLO model loaded successfully
2025-04-13 20:46:25,264 - proctoring - INFO - [database.py:13] - Using database: localhost:3306/Proctoring_AI
2025-04-13 20:46:28,556 - proctoring - INFO - [mediapipe_config.py:14] - MediaPipe configured for CPU-only mode
2025-04-13 20:46:28,556 - proctoring - INFO - [main.py:68] - MediaPipe configured successfully
2025-04-13 20:46:28,598 - proctoring - INFO - [main.py:74] - Database connection test successful
2025-04-13 20:46:28,601 - proctoring - INFO - [main.py:81] - Database initialized successfully
2025-04-13 20:46:28,614 - proctoring - INFO - [main.py:86] - YOLO model loaded successfully
2025-04-13 20:46:28,900 - proctoring - INFO - [database.py:13] - Using database: localhost:3306/Proctoring_AI
2025-04-13 20:46:32,210 - proctoring - INFO - [mediapipe_config.py:14] - MediaPipe configured for CPU-only mode
2025-04-13 20:46:32,210 - proctoring - INFO - [main.py:68] - MediaPipe configured successfully
2025-04-13 20:46:32,225 - proctoring - INFO - [main.py:74] - Database connection test successful
2025-04-13 20:46:32,229 - proctoring - INFO - [main.py:81] - Database initialized successfully
2025-04-13 20:46:32,241 - proctoring - INFO - [main.py:86] - YOLO model loaded successfully
2025-04-13 20:46:42,932 - proctoring - INFO - [main.py:133] - WebSocket connection attempt for user 1
2025-04-13 20:46:42,933 - proctoring - INFO - [connection.py:19] - WebSocket connection accepted for user 1
2025-04-13 20:46:42,934 - proctoring - INFO - [main.py:162] - WebSocket connection established for user 1
2025-04-13 20:46:42,939 - proctoring - DEBUG - [image_utils.py:43] - Decoded base64 data length: 12855
2025-04-13 20:46:42,939 - proctoring - INFO - [detection_service.py:13] - Processing new frame
2025-04-13 20:46:42,940 - proctoring - INFO - [face_detection.py:9] - Starting face detection
2025-04-13 20:46:43,003 - proctoring - INFO - [face_detection.py:38] - Face detected with confidence 0.92
2025-04-13 20:46:43,574 - proctoring - INFO - [detection_service.py:28] - Face detection found 1 events
2025-04-13 20:46:43,574 - proctoring - DEBUG - [detection_service.py:31] - No Hand detections
2025-04-13 20:46:43,574 - proctoring - INFO - [detection_service.py:28] - Face Mesh detection found 1 events
2025-04-13 20:46:43,574 - proctoring - DEBUG - [detection_service.py:31] - No YOLO detections
2025-04-13 20:46:43,574 - proctoring - INFO - [detection_service.py:34] - Total events detected: 2
2025-04-13 20:46:43,574 - proctoring - INFO - [log_service.py:12] - Attempting to store 2 logs for user 1
2025-04-13 20:46:43,574 - proctoring - DEBUG - [log_service.py:26] - Created log entry: {'time': '2025-04-13 20:46:42.940571', 'event': 'Face detected'}
2025-04-13 20:46:43,574 - proctoring - DEBUG - [log_service.py:26] - Created log entry: {'time': '2025-04-13 20:46:43.033139', 'event': 'Mouth movement detected'}
2025-04-13 20:46:43,578 - proctoring - INFO - [log_service.py:40] - Successfully stored 2 logs
2025-04-13 20:46:43,580 - proctoring - DEBUG - [image_utils.py:43] - Decoded base64 data length: 11655
2025-04-13 20:46:43,581 - proctoring - INFO - [detection_service.py:13] - Processing new frame
2025-04-13 20:46:43,581 - proctoring - INFO - [face_detection.py:9] - Starting face detection
2025-04-13 20:46:43,585 - proctoring - INFO - [face_detection.py:38] - Face detected with confidence 0.96
2025-04-13 20:46:43,677 - proctoring - INFO - [detection_service.py:28] - Face detection found 1 events
2025-04-13 20:46:43,677 - proctoring - DEBUG - [detection_service.py:31] - No Hand detections
2025-04-13 20:46:43,677 - proctoring - INFO - [detection_service.py:28] - Face Mesh detection found 1 events
2025-04-13 20:46:43,677 - proctoring - DEBUG - [detection_service.py:31] - No YOLO detections
2025-04-13 20:46:43,677 - proctoring - INFO - [detection_service.py:34] - Total events detected: 2
2025-04-13 20:46:43,677 - proctoring - INFO - [log_service.py:12] - Attempting to store 2 logs for user 1
2025-04-13 20:46:43,677 - proctoring - DEBUG - [log_service.py:26] - Created log entry: {'time': '2025-04-13 20:46:43.581181', 'event': 'Face detected'}
2025-04-13 20:46:43,677 - proctoring - DEBUG - [log_service.py:26] - Created log entry: {'time': '2025-04-13 20:46:43.611104', 'event': 'Mouth movement detected'}
2025-04-13 20:46:43,679 - proctoring - INFO - [log_service.py:40] - Successfully stored 2 logs
2025-04-13 20:46:43,681 - proctoring - DEBUG - [image_utils.py:43] - Decoded base64 data length: 11955
2025-04-13 20:46:43,681 - proctoring - INFO - [detection_service.py:13] - Processing new frame
2025-04-13 20:46:43,681 - proctoring - INFO - [face_detection.py:9] - Starting face detection
2025-04-13 20:46:43,685 - proctoring - INFO - [face_detection.py:38] - Face detected with confidence 0.95
2025-04-13 20:46:43,786 - proctoring - INFO - [detection_service.py:28] - Face detection found 1 events
2025-04-13 20:46:43,786 - proctoring - DEBUG - [detection_service.py:31] - No Hand detections
2025-04-13 20:46:43,786 - proctoring - DEBUG - [detection_service.py:31] - No Face Mesh detections
2025-04-13 20:46:43,786 - proctoring - DEBUG - [detection_service.py:31] - No YOLO detections
2025-04-13 20:46:43,786 - proctoring - INFO - [detection_service.py:34] - Total events detected: 1
2025-04-13 20:46:43,786 - proctoring - INFO - [log_service.py:12] - Attempting to store 1 logs for user 1
2025-04-13 20:46:43,787 - proctoring - DEBUG - [log_service.py:26] - Created log entry: {'time': '2025-04-13 20:46:43.681987', 'event': 'Face detected'}
2025-04-13 20:46:43,788 - proctoring - INFO - [log_service.py:40] - Successfully stored 1 logs
2025-04-13 20:46:43,789 - proctoring - DEBUG - [image_utils.py:43] - Decoded base64 data length: 12622
2025-04-13 20:46:43,790 - proctoring - INFO - [detection_service.py:13] - Processing new frame
2025-04-13 20:46:43,790 - proctoring - INFO - [face_detection.py:9] - Starting face detection
2025-04-13 20:46:43,793 - proctoring - INFO - [face_detection.py:38] - Face detected with confidence 0.96
2025-04-13 20:46:43,893 - proctoring - INFO - [detection_service.py:28] - Face detection found 1 events
2025-04-13 20:46:43,893 - proctoring - DEBUG - [detection_service.py:31] - No Hand detections
2025-04-13 20:46:43,893 - proctoring - INFO - [detection_service.py:28] - Face Mesh detection found 1 events
2025-04-13 20:46:43,893 - proctoring - DEBUG - [detection_service.py:31] - No YOLO detections
2025-04-13 20:46:43,893 - proctoring - INFO - [detection_service.py:34] - Total events detected: 2
2025-04-13 20:46:43,893 - proctoring - INFO - [log_service.py:12] - Attempting to store 2 logs for user 1
2025-04-13 20:46:43,893 - proctoring - DEBUG - [log_service.py:26] - Created log entry: {'time': '2025-04-13 20:46:43.790125', 'event': 'Face detected'}
2025-04-13 20:46:43,893 - proctoring - DEBUG - [log_service.py:26] - Created log entry: {'time': '2025-04-13 20:46:43.824827', 'event': 'Mouth movement detected'}
2025-04-13 20:46:43,895 - proctoring - INFO - [log_service.py:40] - Successfully stored 2 logs
2025-04-13 20:46:43,897 - proctoring - DEBUG - [image_utils.py:43] - Decoded base64 data length: 12638
2025-04-13 20:46:43,897 - proctoring - INFO - [detection_service.py:13] - Processing new frame
2025-04-13 20:46:43,897 - proctoring - INFO - [face_detection.py:9] - Starting face detection
2025-04-13 20:46:43,902 - proctoring - INFO - [face_detection.py:38] - Face detected with confidence 0.95
2025-04-13 20:46:44,001 - proctoring - INFO - [detection_service.py:28] - Face detection found 1 events
2025-04-13 20:46:44,001 - proctoring - DEBUG - [detection_service.py:31] - No Hand detections
2025-04-13 20:46:44,001 - proctoring - INFO - [detection_service.py:28] - Face Mesh detection found 1 events
2025-04-13 20:46:44,001 - proctoring - DEBUG - [detection_service.py:31] - No YOLO detections
2025-04-13 20:46:44,001 - proctoring - INFO - [detection_service.py:34] - Total events detected: 2
2025-04-13 20:46:44,001 - proctoring - INFO - [log_service.py:12] - Attempting to store 2 logs for user 1
2025-04-13 20:46:44,001 - proctoring - DEBUG - [log_service.py:26] - Created log entry: {'time': '2025-04-13 20:46:43.897942', 'event': 'Face detected'}
2025-04-13 20:46:44,001 - proctoring - DEBUG - [log_service.py:26] - Created log entry: {'time': '2025-04-13 20:46:43.936074', 'event': 'Mouth movement detected'}
2025-04-13 20:46:44,003 - proctoring - INFO - [log_service.py:40] - Successfully stored 2 logs
2025-04-13 20:46:44,004 - proctoring - DEBUG - [image_utils.py:43] - Decoded base64 data length: 13130
2025-04-13 20:46:44,005 - proctoring - INFO - [detection_service.py:13] - Processing new frame
2025-04-13 20:46:44,005 - proctoring - INFO - [face_detection.py:9] - Starting face detection
2025-04-13 20:46:44,012 - proctoring - INFO - [face_detection.py:38] - Face detected with confidence 0.92
2025-04-13 20:46:44,107 - proctoring - INFO - [detection_service.py:28] - Face detection found 1 events
2025-04-13 20:46:44,107 - proctoring - DEBUG - [detection_service.py:31] - No Hand detections
2025-04-13 20:46:44,107 - proctoring - INFO - [detection_service.py:28] - Face Mesh detection found 1 events
2025-04-13 20:46:44,107 - proctoring - DEBUG - [detection_service.py:31] - No YOLO detections
2025-04-13 20:46:44,107 - proctoring - INFO - [detection_service.py:34] - Total events detected: 2
2025-04-13 20:46:44,107 - proctoring - INFO - [log_service.py:12] - Attempting to store 2 logs for user 1
2025-04-13 20:46:44,107 - proctoring - DEBUG - [log_service.py:26] - Created log entry: {'time': '2025-04-13 20:46:44.005160', 'event': 'Face detected'}
2025-04-13 20:46:44,107 - proctoring - DEBUG - [log_service.py:26] - Created log entry: {'time': '2025-04-13 20:46:44.045326', 'event': 'Mouth movement detected'}
2025-04-13 20:46:44,109 - proctoring - INFO - [log_service.py:40] - Successfully stored 2 logs
2025-04-13 20:46:44,111 - proctoring - DEBUG - [image_utils.py:43] - Decoded base64 data length: 13006
2025-04-13 20:46:44,112 - proctoring - INFO - [detection_service.py:13] - Processing new frame
2025-04-13 20:46:44,112 - proctoring - INFO - [face_detection.py:9] - Starting face detection
2025-04-13 20:46:44,116 - proctoring - INFO - [face_detection.py:38] - Face detected with confidence 0.95
2025-04-13 20:46:44,214 - proctoring - INFO - [detection_service.py:28] - Face detection found 1 events
2025-04-13 20:46:44,214 - proctoring - DEBUG - [detection_service.py:31] - No Hand detections
2025-04-13 20:46:44,214 - proctoring - INFO - [detection_service.py:28] - Face Mesh detection found 1 events
2025-04-13 20:46:44,214 - proctoring - DEBUG - [detection_service.py:31] - No YOLO detections
2025-04-13 20:46:44,214 - proctoring - INFO - [detection_service.py:34] - Total events detected: 2
2025-04-13 20:46:44,214 - proctoring - INFO - [log_service.py:12] - Attempting to store 2 logs for user 1
2025-04-13 20:46:44,214 - proctoring - DEBUG - [log_service.py:26] - Created log entry: {'time': '2025-04-13 20:46:44.112378', 'event': 'Face detected'}
2025-04-13 20:46:44,214 - proctoring - DEBUG - [log_service.py:26] - Created log entry: {'time': '2025-04-13 20:46:44.147983', 'event': 'Mouth movement detected'}
2025-04-13 20:46:44,216 - proctoring - INFO - [log_service.py:40] - Successfully stored 2 logs
2025-04-13 20:46:44,218 - proctoring - DEBUG - [image_utils.py:43] - Decoded base64 data length: 12820
2025-04-13 20:46:44,218 - proctoring - INFO - [detection_service.py:13] - Processing new frame
2025-04-13 20:46:44,218 - proctoring - INFO - [face_detection.py:9] - Starting face detection
2025-04-13 20:46:44,223 - proctoring - INFO - [face_detection.py:38] - Face detected with confidence 0.96
2025-04-13 20:46:44,320 - proctoring - INFO - [detection_service.py:28] - Face detection found 1 events
2025-04-13 20:46:44,320 - proctoring - DEBUG - [detection_service.py:31] - No Hand detections
2025-04-13 20:46:44,320 - proctoring - DEBUG - [detection_service.py:31] - No Face Mesh detections
2025-04-13 20:46:44,320 - proctoring - DEBUG - [detection_service.py:31] - No YOLO detections
2025-04-13 20:46:44,320 - proctoring - INFO - [detection_service.py:34] - Total events detected: 1
2025-04-13 20:46:44,320 - proctoring - INFO - [log_service.py:12] - Attempting to store 1 logs for user 1
2025-04-13 20:46:44,320 - proctoring - DEBUG - [log_service.py:26] - Created log entry: {'time': '2025-04-13 20:46:44.218968', 'event': 'Face detected'}
2025-04-13 20:46:44,322 - proctoring - INFO - [log_service.py:40] - Successfully stored 1 logs
2025-04-13 20:46:44,323 - proctoring - DEBUG - [image_utils.py:43] - Decoded base64 data length: 12955
2025-04-13 20:46:44,323 - proctoring - INFO - [detection_service.py:13] - Processing new frame
2025-04-13 20:46:44,323 - proctoring - INFO - [face_detection.py:9] - Starting face detection
2025-04-13 20:46:44,328 - proctoring - INFO - [face_detection.py:38] - Face detected with confidence 0.94
2025-04-13 20:46:44,424 - proctoring - INFO - [detection_service.py:28] - Face detection found 1 events
2025-04-13 20:46:44,424 - proctoring - DEBUG - [detection_service.py:31] - No Hand detections
2025-04-13 20:46:44,424 - proctoring - DEBUG - [detection_service.py:31] - No Face Mesh detections
2025-04-13 20:46:44,424 - proctoring - DEBUG - [detection_service.py:31] - No YOLO detections
2025-04-13 20:46:44,424 - proctoring - INFO - [detection_service.py:34] - Total events detected: 1
2025-04-13 20:46:44,424 - proctoring - INFO - [log_service.py:12] - Attempting to store 1 logs for user 1
2025-04-13 20:46:44,424 - proctoring - DEBUG - [log_service.py:26] - Created log entry: {'time': '2025-04-13 20:46:44.323963', 'event': 'Face detected'}
2025-04-13 20:46:44,426 - proctoring - INFO - [log_service.py:40] - Successfully stored 1 logs
2025-04-13 20:46:44,426 - proctoring - DEBUG - [image_utils.py:43] - Decoded base64 data length: 12697
2025-04-13 20:46:44,427 - proctoring - INFO - [detection_service.py:13] - Processing new frame
2025-04-13 20:46:44,427 - proctoring - INFO - [face_detection.py:9] - Starting face detection
2025-04-13 20:46:44,432 - proctoring - INFO - [face_detection.py:38] - Face detected with confidence 0.93
2025-04-13 20:46:44,536 - proctoring - INFO - [detection_service.py:28] - Face detection found 1 events
2025-04-13 20:46:44,536 - proctoring - DEBUG - [detection_service.py:31] - No Hand detections
2025-04-13 20:46:44,536 - proctoring - DEBUG - [detection_service.py:31] - No Face Mesh detections
2025-04-13 20:46:44,536 - proctoring - DEBUG - [detection_service.py:31] - No YOLO detections
2025-04-13 20:46:44,536 - proctoring - INFO - [detection_service.py:34] - Total events detected: 1
2025-04-13 20:46:44,536 - proctoring - INFO - [log_service.py:12] - Attempting to store 1 logs for user 1
2025-04-13 20:46:44,536 - proctoring - DEBUG - [log_service.py:26] - Created log entry: {'time': '2025-04-13 20:46:44.427687', 'event': 'Face detected'}
2025-04-13 20:46:44,538 - proctoring - INFO - [log_service.py:40] - Successfully stored 1 logs
2025-04-13 20:46:44,539 - proctoring - DEBUG - [image_utils.py:43] - Decoded base64 data length: 12820
2025-04-13 20:46:44,540 - proctoring - INFO - [detection_service.py:13] - Processing new frame
2025-04-13 20:46:44,540 - proctoring - INFO - [face_detection.py:9] - Starting face detection
2025-04-13 20:46:44,544 - proctoring - INFO - [face_detection.py:38] - Face detected with confidence 0.92
2025-04-13 20:46:44,637 - proctoring - INFO - [detection_service.py:28] - Face detection found 1 events
2025-04-13 20:46:44,637 - proctoring - DEBUG - [detection_service.py:31] - No Hand detections
2025-04-13 20:46:44,637 - proctoring - DEBUG - [detection_service.py:31] - No Face Mesh detections
2025-04-13 20:46:44,637 - proctoring - DEBUG - [detection_service.py:31] - No YOLO detections
2025-04-13 20:46:44,637 - proctoring - INFO - [detection_service.py:34] - Total events detected: 1
2025-04-13 20:46:44,637 - proctoring - INFO - [log_service.py:12] - Attempting to store 1 logs for user 1
2025-04-13 20:46:44,637 - proctoring - DEBUG - [log_service.py:26] - Created log entry: {'time': '2025-04-13 20:46:44.540269', 'event': 'Face detected'}
2025-04-13 20:46:44,639 - proctoring - INFO - [log_service.py:40] - Successfully stored 1 logs
2025-04-13 20:46:44,640 - proctoring - DEBUG - [image_utils.py:43] - Decoded base64 data length: 12202
2025-04-13 20:46:44,640 - proctoring - INFO - [detection_service.py:13] - Processing new frame
2025-04-13 20:46:44,640 - proctoring - INFO - [face_detection.py:9] - Starting face detection
2025-04-13 20:46:44,646 - proctoring - INFO - [face_detection.py:38] - Face detected with confidence 0.92
2025-04-13 20:46:44,740 - proctoring - INFO - [detection_service.py:28] - Face detection found 1 events
2025-04-13 20:46:44,741 - proctoring - DEBUG - [detection_service.py:31] - No Hand detections
2025-04-13 20:46:44,741 - proctoring - DEBUG - [detection_service.py:31] - No Face Mesh detections
2025-04-13 20:46:44,741 - proctoring - DEBUG - [detection_service.py:31] - No YOLO detections
2025-04-13 20:46:44,741 - proctoring - INFO - [detection_service.py:34] - Total events detected: 1
2025-04-13 20:46:44,741 - proctoring - INFO - [log_service.py:12] - Attempting to store 1 logs for user 1
2025-04-13 20:46:44,741 - proctoring - DEBUG - [log_service.py:26] - Created log entry: {'time': '2025-04-13 20:46:44.640888', 'event': 'Face detected'}
2025-04-13 20:46:44,742 - proctoring - INFO - [log_service.py:40] - Successfully stored 1 logs
2025-04-13 20:46:44,744 - proctoring - DEBUG - [image_utils.py:43] - Decoded base64 data length: 13469
2025-04-13 20:46:44,745 - proctoring - INFO - [detection_service.py:13] - Processing new frame
2025-04-13 20:46:44,745 - proctoring - INFO - [face_detection.py:9] - Starting face detection
2025-04-13 20:46:44,749 - proctoring - INFO - [face_detection.py:38] - Face detected with confidence 0.91
2025-04-13 20:46:44,847 - proctoring - INFO - [detection_service.py:28] - Face detection found 1 events
2025-04-13 20:46:44,847 - proctoring - DEBUG - [detection_service.py:31] - No Hand detections
2025-04-13 20:46:44,847 - proctoring - DEBUG - [detection_service.py:31] - No Face Mesh detections
2025-04-13 20:46:44,847 - proctoring - DEBUG - [detection_service.py:31] - No YOLO detections
2025-04-13 20:46:44,847 - proctoring - INFO - [detection_service.py:34] - Total events detected: 1
2025-04-13 20:46:44,847 - proctoring - INFO - [log_service.py:12] - Attempting to store 1 logs for user 1
2025-04-13 20:46:44,847 - proctoring - DEBUG - [log_service.py:26] - Created log entry: {'time': '2025-04-13 20:46:44.745220', 'event': 'Face detected'}
2025-04-13 20:46:44,849 - proctoring - INFO - [log_service.py:40] - Successfully stored 1 logs
2025-04-13 20:46:44,850 - proctoring - DEBUG - [image_utils.py:43] - Decoded base64 data length: 13548
2025-04-13 20:46:44,850 - proctoring - INFO - [detection_service.py:13] - Processing new frame
2025-04-13 20:46:44,850 - proctoring - INFO - [face_detection.py:9] - Starting face detection
2025-04-13 20:46:44,855 - proctoring - INFO - [face_detection.py:38] - Face detected with confidence 0.94
2025-04-13 20:46:44,955 - proctoring - INFO - [detection_service.py:28] - Face detection found 1 events
2025-04-13 20:46:44,955 - proctoring - DEBUG - [detection_service.py:31] - No Hand detections
2025-04-13 20:46:44,955 - proctoring - DEBUG - [detection_service.py:31] - No Face Mesh detections
2025-04-13 20:46:44,955 - proctoring - DEBUG - [detection_service.py:31] - No YOLO detections
2025-04-13 20:46:44,955 - proctoring - INFO - [detection_service.py:34] - Total events detected: 1
2025-04-13 20:46:44,955 - proctoring - INFO - [log_service.py:12] - Attempting to store 1 logs for user 1
2025-04-13 20:46:44,955 - proctoring - DEBUG - [log_service.py:26] - Created log entry: {'time': '2025-04-13 20:46:44.850825', 'event': 'Face detected'}
2025-04-13 20:46:44,957 - proctoring - INFO - [log_service.py:40] - Successfully stored 1 logs
2025-04-13 20:46:44,958 - proctoring - DEBUG - [image_utils.py:43] - Decoded base64 data length: 14391
2025-04-13 20:46:44,959 - proctoring - INFO - [detection_service.py:13] - Processing new frame
2025-04-13 20:46:44,959 - proctoring - INFO - [face_detection.py:9] - Starting face detection
2025-04-13 20:46:44,963 - proctoring - INFO - [face_detection.py:38] - Face detected with confidence 0.90
2025-04-13 20:46:45,060 - proctoring - INFO - [detection_service.py:28] - Face detection found 1 events
2025-04-13 20:46:45,060 - proctoring - DEBUG - [detection_service.py:31] - No Hand detections
2025-04-13 20:46:45,060 - proctoring - DEBUG - [detection_service.py:31] - No Face Mesh detections
2025-04-13 20:46:45,060 - proctoring - DEBUG - [detection_service.py:31] - No YOLO detections
2025-04-13 20:46:45,060 - proctoring - INFO - [detection_service.py:34] - Total events detected: 1
2025-04-13 20:46:45,060 - proctoring - INFO - [log_service.py:12] - Attempting to store 1 logs for user 1
2025-04-13 20:46:45,060 - proctoring - DEBUG - [log_service.py:26] - Created log entry: {'time': '2025-04-13 20:46:44.959290', 'event': 'Face detected'}
2025-04-13 20:46:45,061 - proctoring - INFO - [log_service.py:40] - Successfully stored 1 logs
2025-04-13 20:46:45,062 - proctoring - DEBUG - [image_utils.py:43] - Decoded base64 data length: 14595
2025-04-13 20:46:45,063 - proctoring - INFO - [detection_service.py:13] - Processing new frame
2025-04-13 20:46:45,063 - proctoring - INFO - [face_detection.py:9] - Starting face detection
2025-04-13 20:46:45,067 - proctoring - INFO - [face_detection.py:38] - Face detected with confidence 0.93
2025-04-13 20:46:45,163 - proctoring - INFO - [detection_service.py:28] - Face detection found 1 events
2025-04-13 20:46:45,163 - proctoring - DEBUG - [detection_service.py:31] - No Hand detections
2025-04-13 20:46:45,163 - proctoring - DEBUG - [detection_service.py:31] - No Face Mesh detections
2025-04-13 20:46:45,163 - proctoring - DEBUG - [detection_service.py:31] - No YOLO detections
2025-04-13 20:46:45,163 - proctoring - INFO - [detection_service.py:34] - Total events detected: 1
2025-04-13 20:46:45,163 - proctoring - INFO - [log_service.py:12] - Attempting to store 1 logs for user 1
2025-04-13 20:46:45,163 - proctoring - DEBUG - [log_service.py:26] - Created log entry: {'time': '2025-04-13 20:46:45.063259', 'event': 'Face detected'}
2025-04-13 20:46:45,165 - proctoring - INFO - [log_service.py:40] - Successfully stored 1 logs
2025-04-13 20:46:45,166 - proctoring - DEBUG - [image_utils.py:43] - Decoded base64 data length: 14280
2025-04-13 20:46:45,166 - proctoring - INFO - [detection_service.py:13] - Processing new frame
2025-04-13 20:46:45,166 - proctoring - INFO - [face_detection.py:9] - Starting face detection
2025-04-13 20:46:45,171 - proctoring - INFO - [face_detection.py:38] - Face detected with confidence 0.92
2025-04-13 20:46:45,266 - proctoring - INFO - [detection_service.py:28] - Face detection found 1 events
2025-04-13 20:46:45,266 - proctoring - DEBUG - [detection_service.py:31] - No Hand detections
2025-04-13 20:46:45,266 - proctoring - DEBUG - [detection_service.py:31] - No Face Mesh detections
2025-04-13 20:46:45,266 - proctoring - DEBUG - [detection_service.py:31] - No YOLO detections
2025-04-13 20:46:45,267 - proctoring - INFO - [detection_service.py:34] - Total events detected: 1
2025-04-13 20:46:45,267 - proctoring - INFO - [log_service.py:12] - Attempting to store 1 logs for user 1
2025-04-13 20:46:45,267 - proctoring - DEBUG - [log_service.py:26] - Created log entry: {'time': '2025-04-13 20:46:45.166951', 'event': 'Face detected'}
2025-04-13 20:46:45,269 - proctoring - INFO - [log_service.py:40] - Successfully stored 1 logs
2025-04-13 20:46:45,270 - proctoring - DEBUG - [image_utils.py:43] - Decoded base64 data length: 14680
2025-04-13 20:46:45,271 - proctoring - INFO - [detection_service.py:13] - Processing new frame
2025-04-13 20:46:45,271 - proctoring - INFO - [face_detection.py:9] - Starting face detection
2025-04-13 20:46:45,278 - proctoring - INFO - [face_detection.py:38] - Face detected with confidence 0.93
2025-04-13 20:46:45,363 - proctoring - INFO - [detection_service.py:28] - Face detection found 1 events
2025-04-13 20:46:45,363 - proctoring - DEBUG - [detection_service.py:31] - No Hand detections
2025-04-13 20:46:45,363 - proctoring - DEBUG - [detection_service.py:31] - No Face Mesh detections
2025-04-13 20:46:45,363 - proctoring - DEBUG - [detection_service.py:31] - No YOLO detections
2025-04-13 20:46:45,363 - proctoring - INFO - [detection_service.py:34] - Total events detected: 1
2025-04-13 20:46:45,363 - proctoring - INFO - [log_service.py:12] - Attempting to store 1 logs for user 1
2025-04-13 20:46:45,363 - proctoring - DEBUG - [log_service.py:26] - Created log entry: {'time': '2025-04-13 20:46:45.271390', 'event': 'Face detected'}
2025-04-13 20:46:45,365 - proctoring - INFO - [log_service.py:40] - Successfully stored 1 logs
2025-04-13 20:46:45,366 - proctoring - DEBUG - [image_utils.py:43] - Decoded base64 data length: 15173
2025-04-13 20:46:45,367 - proctoring - INFO - [detection_service.py:13] - Processing new frame
2025-04-13 20:46:45,367 - proctoring - INFO - [face_detection.py:9] - Starting face detection
2025-04-13 20:46:45,372 - proctoring - INFO - [face_detection.py:38] - Face detected with confidence 0.94
2025-04-13 20:46:45,458 - proctoring - INFO - [detection_service.py:28] - Face detection found 1 events
2025-04-13 20:46:45,458 - proctoring - DEBUG - [detection_service.py:31] - No Hand detections
2025-04-13 20:46:45,458 - proctoring - DEBUG - [detection_service.py:31] - No Face Mesh detections
2025-04-13 20:46:45,458 - proctoring - DEBUG - [detection_service.py:31] - No YOLO detections
2025-04-13 20:46:45,458 - proctoring - INFO - [detection_service.py:34] - Total events detected: 1
2025-04-13 20:46:45,458 - proctoring - INFO - [log_service.py:12] - Attempting to store 1 logs for user 1
2025-04-13 20:46:45,458 - proctoring - DEBUG - [log_service.py:26] - Created log entry: {'time': '2025-04-13 20:46:45.367655', 'event': 'Face detected'}
2025-04-13 20:46:45,460 - proctoring - INFO - [log_service.py:40] - Successfully stored 1 logs
2025-04-13 20:46:45,461 - proctoring - DEBUG - [image_utils.py:43] - Decoded base64 data length: 15259
2025-04-13 20:46:45,462 - proctoring - INFO - [detection_service.py:13] - Processing new frame
2025-04-13 20:46:45,462 - proctoring - INFO - [face_detection.py:9] - Starting face detection
2025-04-13 20:46:45,466 - proctoring - INFO - [face_detection.py:38] - Face detected with confidence 0.93
2025-04-13 20:46:45,556 - proctoring - INFO - [detection_service.py:28] - Face detection found 1 events
2025-04-13 20:46:45,556 - proctoring - DEBUG - [detection_service.py:31] - No Hand detections
2025-04-13 20:46:45,556 - proctoring - DEBUG - [detection_service.py:31] - No Face Mesh detections
2025-04-13 20:46:45,556 - proctoring - DEBUG - [detection_service.py:31] - No YOLO detections
2025-04-13 20:46:45,556 - proctoring - INFO - [detection_service.py:34] - Total events detected: 1
2025-04-13 20:46:45,556 - proctoring - INFO - [log_service.py:12] - Attempting to store 1 logs for user 1
2025-04-13 20:46:45,556 - proctoring - DEBUG - [log_service.py:26] - Created log entry: {'time': '2025-04-13 20:46:45.462125', 'event': 'Face detected'}
2025-04-13 20:46:45,558 - proctoring - INFO - [log_service.py:40] - Successfully stored 1 logs
2025-04-13 20:46:45,558 - proctoring - DEBUG - [image_utils.py:43] - Decoded base64 data length: 15341
2025-04-13 20:46:45,559 - proctoring - INFO - [detection_service.py:13] - Processing new frame
2025-04-13 20:46:45,559 - proctoring - INFO - [face_detection.py:9] - Starting face detection
2025-04-13 20:46:45,563 - proctoring - INFO - [face_detection.py:38] - Face detected with confidence 0.94
2025-04-13 20:46:45,655 - proctoring - INFO - [detection_service.py:28] - Face detection found 1 events
2025-04-13 20:46:45,655 - proctoring - DEBUG - [detection_service.py:31] - No Hand detections
2025-04-13 20:46:45,655 - proctoring - DEBUG - [detection_service.py:31] - No Face Mesh detections
2025-04-13 20:46:45,655 - proctoring - DEBUG - [detection_service.py:31] - No YOLO detections
2025-04-13 20:46:45,655 - proctoring - INFO - [detection_service.py:34] - Total events detected: 1
2025-04-13 20:46:45,655 - proctoring - INFO - [log_service.py:12] - Attempting to store 1 logs for user 1
2025-04-13 20:46:45,655 - proctoring - DEBUG - [log_service.py:26] - Created log entry: {'time': '2025-04-13 20:46:45.559620', 'event': 'Face detected'}
2025-04-13 20:46:45,657 - proctoring - INFO - [log_service.py:40] - Successfully stored 1 logs
2025-04-13 20:46:45,658 - proctoring - DEBUG - [image_utils.py:43] - Decoded base64 data length: 16005
2025-04-13 20:46:45,659 - proctoring - INFO - [detection_service.py:13] - Processing new frame
2025-04-13 20:46:45,659 - proctoring - INFO - [face_detection.py:9] - Starting face detection
2025-04-13 20:46:45,663 - proctoring - INFO - [face_detection.py:38] - Face detected with confidence 0.94
2025-04-13 20:46:45,758 - proctoring - INFO - [detection_service.py:28] - Face detection found 1 events
2025-04-13 20:46:45,758 - proctoring - DEBUG - [detection_service.py:31] - No Hand detections
2025-04-13 20:46:45,758 - proctoring - DEBUG - [detection_service.py:31] - No Face Mesh detections
2025-04-13 20:46:45,758 - proctoring - DEBUG - [detection_service.py:31] - No YOLO detections
2025-04-13 20:46:45,758 - proctoring - INFO - [detection_service.py:34] - Total events detected: 1
2025-04-13 20:46:45,758 - proctoring - INFO - [log_service.py:12] - Attempting to store 1 logs for user 1
2025-04-13 20:46:45,758 - proctoring - DEBUG - [log_service.py:26] - Created log entry: {'time': '2025-04-13 20:46:45.659302', 'event': 'Face detected'}
2025-04-13 20:46:45,760 - proctoring - INFO - [log_service.py:40] - Successfully stored 1 logs
2025-04-13 20:46:45,762 - proctoring - DEBUG - [image_utils.py:43] - Decoded base64 data length: 15710
2025-04-13 20:46:45,762 - proctoring - INFO - [detection_service.py:13] - Processing new frame
2025-04-13 20:46:45,762 - proctoring - INFO - [face_detection.py:9] - Starting face detection
2025-04-13 20:46:45,767 - proctoring - INFO - [face_detection.py:38] - Face detected with confidence 0.94
2025-04-13 20:46:45,857 - proctoring - INFO - [detection_service.py:28] - Face detection found 1 events
2025-04-13 20:46:45,857 - proctoring - DEBUG - [detection_service.py:31] - No Hand detections
2025-04-13 20:46:45,857 - proctoring - DEBUG - [detection_service.py:31] - No Face Mesh detections
2025-04-13 20:46:45,857 - proctoring - DEBUG - [detection_service.py:31] - No YOLO detections
2025-04-13 20:46:45,857 - proctoring - INFO - [detection_service.py:34] - Total events detected: 1
2025-04-13 20:46:45,857 - proctoring - INFO - [log_service.py:12] - Attempting to store 1 logs for user 1
2025-04-13 20:46:45,858 - proctoring - DEBUG - [log_service.py:26] - Created log entry: {'time': '2025-04-13 20:46:45.762826', 'event': 'Face detected'}
2025-04-13 20:46:45,859 - proctoring - INFO - [log_service.py:40] - Successfully stored 1 logs
2025-04-13 20:46:45,860 - proctoring - DEBUG - [image_utils.py:43] - Decoded base64 data length: 15386
2025-04-13 20:46:45,861 - proctoring - INFO - [detection_service.py:13] - Processing new frame
2025-04-13 20:46:45,861 - proctoring - INFO - [face_detection.py:9] - Starting face detection
2025-04-13 20:46:45,865 - proctoring - INFO - [face_detection.py:38] - Face detected with confidence 0.94
2025-04-13 20:46:45,954 - proctoring - INFO - [detection_service.py:28] - Face detection found 1 events
2025-04-13 20:46:45,954 - proctoring - DEBUG - [detection_service.py:31] - No Hand detections
2025-04-13 20:46:45,954 - proctoring - DEBUG - [detection_service.py:31] - No Face Mesh detections
2025-04-13 20:46:45,954 - proctoring - DEBUG - [detection_service.py:31] - No YOLO detections
2025-04-13 20:46:45,954 - proctoring - INFO - [detection_service.py:34] - Total events detected: 1
2025-04-13 20:46:45,954 - proctoring - INFO - [log_service.py:12] - Attempting to store 1 logs for user 1
2025-04-13 20:46:45,954 - proctoring - DEBUG - [log_service.py:26] - Created log entry: {'time': '2025-04-13 20:46:45.861446', 'event': 'Face detected'}
2025-04-13 20:46:45,956 - proctoring - INFO - [log_service.py:40] - Successfully stored 1 logs
2025-04-13 20:46:45,957 - proctoring - DEBUG - [image_utils.py:43] - Decoded base64 data length: 15745
2025-04-13 20:46:45,957 - proctoring - INFO - [detection_service.py:13] - Processing new frame
2025-04-13 20:46:45,957 - proctoring - INFO - [face_detection.py:9] - Starting face detection
2025-04-13 20:46:45,961 - proctoring - INFO - [face_detection.py:38] - Face detected with confidence 0.94
2025-04-13 20:46:46,047 - proctoring - INFO - [detection_service.py:28] - Face detection found 1 events
2025-04-13 20:46:46,047 - proctoring - DEBUG - [detection_service.py:31] - No Hand detections
2025-04-13 20:46:46,047 - proctoring - DEBUG - [detection_service.py:31] - No Face Mesh detections
2025-04-13 20:46:46,047 - proctoring - DEBUG - [detection_service.py:31] - No YOLO detections
2025-04-13 20:46:46,047 - proctoring - INFO - [detection_service.py:34] - Total events detected: 1
2025-04-13 20:46:46,047 - proctoring - INFO - [log_service.py:12] - Attempting to store 1 logs for user 1
2025-04-13 20:46:46,047 - proctoring - DEBUG - [log_service.py:26] - Created log entry: {'time': '2025-04-13 20:46:45.957936', 'event': 'Face detected'}
2025-04-13 20:46:46,050 - proctoring - INFO - [log_service.py:40] - Successfully stored 1 logs
2025-04-13 20:46:46,051 - proctoring - DEBUG - [image_utils.py:43] - Decoded base64 data length: 15505
2025-04-13 20:46:46,051 - proctoring - INFO - [detection_service.py:13] - Processing new frame
2025-04-13 20:46:46,051 - proctoring - INFO - [face_detection.py:9] - Starting face detection
2025-04-13 20:46:46,055 - proctoring - INFO - [face_detection.py:38] - Face detected with confidence 0.94
2025-04-13 20:46:46,144 - proctoring - INFO - [detection_service.py:28] - Face detection found 1 events
2025-04-13 20:46:46,144 - proctoring - DEBUG - [detection_service.py:31] - No Hand detections
2025-04-13 20:46:46,144 - proctoring - DEBUG - [detection_service.py:31] - No Face Mesh detections
2025-04-13 20:46:46,145 - proctoring - DEBUG - [detection_service.py:31] - No YOLO detections
2025-04-13 20:46:46,145 - proctoring - INFO - [detection_service.py:34] - Total events detected: 1
2025-04-13 20:46:46,145 - proctoring - INFO - [log_service.py:12] - Attempting to store 1 logs for user 1
2025-04-13 20:46:46,145 - proctoring - DEBUG - [log_service.py:26] - Created log entry: {'time': '2025-04-13 20:46:46.051694', 'event': 'Face detected'}
2025-04-13 20:46:46,147 - proctoring - INFO - [log_service.py:40] - Successfully stored 1 logs
2025-04-13 20:46:46,147 - proctoring - DEBUG - [image_utils.py:43] - Decoded base64 data length: 15666
2025-04-13 20:46:46,148 - proctoring - INFO - [detection_service.py:13] - Processing new frame
2025-04-13 20:46:46,148 - proctoring - INFO - [face_detection.py:9] - Starting face detection
2025-04-13 20:46:46,153 - proctoring - INFO - [face_detection.py:38] - Face detected with confidence 0.93
2025-04-13 20:46:46,242 - proctoring - INFO - [detection_service.py:28] - Face detection found 1 events
2025-04-13 20:46:46,242 - proctoring - DEBUG - [detection_service.py:31] - No Hand detections
2025-04-13 20:46:46,242 - proctoring - DEBUG - [detection_service.py:31] - No Face Mesh detections
2025-04-13 20:46:46,242 - proctoring - DEBUG - [detection_service.py:31] - No YOLO detections
2025-04-13 20:46:46,242 - proctoring - INFO - [detection_service.py:34] - Total events detected: 1
2025-04-13 20:46:46,242 - proctoring - INFO - [log_service.py:12] - Attempting to store 1 logs for user 1
2025-04-13 20:46:46,242 - proctoring - DEBUG - [log_service.py:26] - Created log entry: {'time': '2025-04-13 20:46:46.148477', 'event': 'Face detected'}
2025-04-13 20:46:46,244 - proctoring - INFO - [log_service.py:40] - Successfully stored 1 logs
2025-04-13 20:46:46,245 - proctoring - DEBUG - [image_utils.py:43] - Decoded base64 data length: 16139
2025-04-13 20:46:46,246 - proctoring - INFO - [detection_service.py:13] - Processing new frame
2025-04-13 20:46:46,246 - proctoring - INFO - [face_detection.py:9] - Starting face detection
2025-04-13 20:46:46,250 - proctoring - INFO - [face_detection.py:38] - Face detected with confidence 0.93
2025-04-13 20:46:46,340 - proctoring - INFO - [detection_service.py:28] - Face detection found 1 events
2025-04-13 20:46:46,340 - proctoring - DEBUG - [detection_service.py:31] - No Hand detections
2025-04-13 20:46:46,340 - proctoring - DEBUG - [detection_service.py:31] - No Face Mesh detections
2025-04-13 20:46:46,340 - proctoring - DEBUG - [detection_service.py:31] - No YOLO detections
2025-04-13 20:46:46,340 - proctoring - INFO - [detection_service.py:34] - Total events detected: 1
2025-04-13 20:46:46,340 - proctoring - INFO - [log_service.py:12] - Attempting to store 1 logs for user 1
2025-04-13 20:46:46,340 - proctoring - DEBUG - [log_service.py:26] - Created log entry: {'time': '2025-04-13 20:46:46.246594', 'event': 'Face detected'}
2025-04-13 20:46:46,342 - proctoring - INFO - [log_service.py:40] - Successfully stored 1 logs
2025-04-13 20:46:46,343 - proctoring - DEBUG - [image_utils.py:43] - Decoded base64 data length: 16264
2025-04-13 20:46:46,344 - proctoring - INFO - [detection_service.py:13] - Processing new frame
2025-04-13 20:46:46,344 - proctoring - INFO - [face_detection.py:9] - Starting face detection
2025-04-13 20:46:46,348 - proctoring - INFO - [face_detection.py:38] - Face detected with confidence 0.93
2025-04-13 20:46:46,437 - proctoring - INFO - [detection_service.py:28] - Face detection found 1 events
2025-04-13 20:46:46,437 - proctoring - DEBUG - [detection_service.py:31] - No Hand detections
2025-04-13 20:46:46,437 - proctoring - DEBUG - [detection_service.py:31] - No Face Mesh detections
2025-04-13 20:46:46,437 - proctoring - DEBUG - [detection_service.py:31] - No YOLO detections
2025-04-13 20:46:46,437 - proctoring - INFO - [detection_service.py:34] - Total events detected: 1
2025-04-13 20:46:46,437 - proctoring - INFO - [log_service.py:12] - Attempting to store 1 logs for user 1
2025-04-13 20:46:46,437 - proctoring - DEBUG - [log_service.py:26] - Created log entry: {'time': '2025-04-13 20:46:46.344483', 'event': 'Face detected'}
2025-04-13 20:46:46,439 - proctoring - INFO - [log_service.py:40] - Successfully stored 1 logs
2025-04-13 20:46:46,440 - proctoring - DEBUG - [image_utils.py:43] - Decoded base64 data length: 16768
2025-04-13 20:46:46,440 - proctoring - INFO - [detection_service.py:13] - Processing new frame
2025-04-13 20:46:46,440 - proctoring - INFO - [face_detection.py:9] - Starting face detection
2025-04-13 20:46:46,445 - proctoring - INFO - [face_detection.py:38] - Face detected with confidence 0.94
2025-04-13 20:46:46,532 - proctoring - INFO - [detection_service.py:28] - Face detection found 1 events
2025-04-13 20:46:46,532 - proctoring - DEBUG - [detection_service.py:31] - No Hand detections
2025-04-13 20:46:46,532 - proctoring - DEBUG - [detection_service.py:31] - No Face Mesh detections
2025-04-13 20:46:46,532 - proctoring - DEBUG - [detection_service.py:31] - No YOLO detections
2025-04-13 20:46:46,532 - proctoring - INFO - [detection_service.py:34] - Total events detected: 1
2025-04-13 20:46:46,532 - proctoring - INFO - [log_service.py:12] - Attempting to store 1 logs for user 1
2025-04-13 20:46:46,532 - proctoring - DEBUG - [log_service.py:26] - Created log entry: {'time': '2025-04-13 20:46:46.441006', 'event': 'Face detected'}
2025-04-13 20:46:46,534 - proctoring - INFO - [log_service.py:40] - Successfully stored 1 logs
2025-04-13 20:46:46,535 - proctoring - DEBUG - [image_utils.py:43] - Decoded base64 data length: 17016
2025-04-13 20:46:46,535 - proctoring - INFO - [detection_service.py:13] - Processing new frame
2025-04-13 20:46:46,535 - proctoring - INFO - [face_detection.py:9] - Starting face detection
2025-04-13 20:46:46,540 - proctoring - INFO - [face_detection.py:38] - Face detected with confidence 0.93
2025-04-13 20:46:46,626 - proctoring - INFO - [detection_service.py:28] - Face detection found 1 events
2025-04-13 20:46:46,626 - proctoring - DEBUG - [detection_service.py:31] - No Hand detections
2025-04-13 20:46:46,626 - proctoring - DEBUG - [detection_service.py:31] - No Face Mesh detections
2025-04-13 20:46:46,626 - proctoring - DEBUG - [detection_service.py:31] - No YOLO detections
2025-04-13 20:46:46,626 - proctoring - INFO - [detection_service.py:34] - Total events detected: 1
2025-04-13 20:46:46,627 - proctoring - INFO - [log_service.py:12] - Attempting to store 1 logs for user 1
2025-04-13 20:46:46,627 - proctoring - DEBUG - [log_service.py:26] - Created log entry: {'time': '2025-04-13 20:46:46.535910', 'event': 'Face detected'}
2025-04-13 20:46:46,628 - proctoring - INFO - [log_service.py:40] - Successfully stored 1 logs
2025-04-13 20:46:46,630 - proctoring - DEBUG - [image_utils.py:43] - Decoded base64 data length: 17123
2025-04-13 20:46:46,630 - proctoring - INFO - [detection_service.py:13] - Processing new frame
2025-04-13 20:46:46,630 - proctoring - INFO - [face_detection.py:9] - Starting face detection
2025-04-13 20:46:46,634 - proctoring - INFO - [face_detection.py:38] - Face detected with confidence 0.93
2025-04-13 20:46:46,726 - proctoring - INFO - [detection_service.py:28] - Face detection found 1 events
2025-04-13 20:46:46,726 - proctoring - DEBUG - [detection_service.py:31] - No Hand detections
2025-04-13 20:46:46,726 - proctoring - DEBUG - [detection_service.py:31] - No Face Mesh detections
2025-04-13 20:46:46,726 - proctoring - DEBUG - [detection_service.py:31] - No YOLO detections
2025-04-13 20:46:46,726 - proctoring - INFO - [detection_service.py:34] - Total events detected: 1
2025-04-13 20:46:46,726 - proctoring - INFO - [log_service.py:12] - Attempting to store 1 logs for user 1
2025-04-13 20:46:46,726 - proctoring - DEBUG - [log_service.py:26] - Created log entry: {'time': '2025-04-13 20:46:46.630816', 'event': 'Face detected'}
2025-04-13 20:46:46,728 - proctoring - INFO - [log_service.py:40] - Successfully stored 1 logs
2025-04-13 20:46:46,730 - proctoring - DEBUG - [image_utils.py:43] - Decoded base64 data length: 16976
2025-04-13 20:46:46,730 - proctoring - INFO - [detection_service.py:13] - Processing new frame
2025-04-13 20:46:46,731 - proctoring - INFO - [face_detection.py:9] - Starting face detection
2025-04-13 20:46:46,735 - proctoring - INFO - [face_detection.py:38] - Face detected with confidence 0.93
2025-04-13 20:46:46,826 - proctoring - INFO - [detection_service.py:28] - Face detection found 1 events
2025-04-13 20:46:46,826 - proctoring - DEBUG - [detection_service.py:31] - No Hand detections
2025-04-13 20:46:46,826 - proctoring - DEBUG - [detection_service.py:31] - No Face Mesh detections
2025-04-13 20:46:46,826 - proctoring - DEBUG - [detection_service.py:31] - No YOLO detections
2025-04-13 20:46:46,826 - proctoring - INFO - [detection_service.py:34] - Total events detected: 1
2025-04-13 20:46:46,826 - proctoring - INFO - [log_service.py:12] - Attempting to store 1 logs for user 1
2025-04-13 20:46:46,826 - proctoring - DEBUG - [log_service.py:26] - Created log entry: {'time': '2025-04-13 20:46:46.731049', 'event': 'Face detected'}
2025-04-13 20:46:46,828 - proctoring - INFO - [log_service.py:40] - Successfully stored 1 logs
2025-04-13 20:46:46,829 - proctoring - DEBUG - [image_utils.py:43] - Decoded base64 data length: 16331
2025-04-13 20:46:46,830 - proctoring - INFO - [detection_service.py:13] - Processing new frame
2025-04-13 20:46:46,830 - proctoring - INFO - [face_detection.py:9] - Starting face detection
2025-04-13 20:46:46,834 - proctoring - INFO - [face_detection.py:38] - Face detected with confidence 0.93
2025-04-13 20:46:46,920 - proctoring - INFO - [detection_service.py:28] - Face detection found 1 events
2025-04-13 20:46:46,920 - proctoring - DEBUG - [detection_service.py:31] - No Hand detections
2025-04-13 20:46:46,921 - proctoring - DEBUG - [detection_service.py:31] - No Face Mesh detections
2025-04-13 20:46:46,921 - proctoring - DEBUG - [detection_service.py:31] - No YOLO detections
2025-04-13 20:46:46,921 - proctoring - INFO - [detection_service.py:34] - Total events detected: 1
2025-04-13 20:46:46,921 - proctoring - INFO - [log_service.py:12] - Attempting to store 1 logs for user 1
2025-04-13 20:46:46,921 - proctoring - DEBUG - [log_service.py:26] - Created log entry: {'time': '2025-04-13 20:46:46.830371', 'event': 'Face detected'}
2025-04-13 20:46:46,922 - proctoring - INFO - [log_service.py:40] - Successfully stored 1 logs
2025-04-13 20:46:46,923 - proctoring - DEBUG - [image_utils.py:43] - Decoded base64 data length: 16506
2025-04-13 20:46:46,923 - proctoring - INFO - [detection_service.py:13] - Processing new frame
2025-04-13 20:46:46,924 - proctoring - INFO - [face_detection.py:9] - Starting face detection
2025-04-13 20:46:46,928 - proctoring - INFO - [face_detection.py:38] - Face detected with confidence 0.94
2025-04-13 20:46:47,017 - proctoring - INFO - [detection_service.py:28] - Face detection found 1 events
2025-04-13 20:46:47,017 - proctoring - DEBUG - [detection_service.py:31] - No Hand detections
2025-04-13 20:46:47,017 - proctoring - DEBUG - [detection_service.py:31] - No Face Mesh detections
2025-04-13 20:46:47,017 - proctoring - DEBUG - [detection_service.py:31] - No YOLO detections
2025-04-13 20:46:47,017 - proctoring - INFO - [detection_service.py:34] - Total events detected: 1
2025-04-13 20:46:47,017 - proctoring - INFO - [log_service.py:12] - Attempting to store 1 logs for user 1
2025-04-13 20:46:47,017 - proctoring - DEBUG - [log_service.py:26] - Created log entry: {'time': '2025-04-13 20:46:46.924031', 'event': 'Face detected'}
2025-04-13 20:46:47,019 - proctoring - INFO - [log_service.py:40] - Successfully stored 1 logs
2025-04-13 20:46:47,020 - proctoring - DEBUG - [image_utils.py:43] - Decoded base64 data length: 16614
2025-04-13 20:46:47,020 - proctoring - INFO - [detection_service.py:13] - Processing new frame
2025-04-13 20:46:47,021 - proctoring - INFO - [face_detection.py:9] - Starting face detection
2025-04-13 20:46:47,031 - proctoring - INFO - [face_detection.py:38] - Face detected with confidence 0.93
2025-04-13 20:46:47,123 - proctoring - INFO - [detection_service.py:28] - Face detection found 1 events
2025-04-13 20:46:47,123 - proctoring - DEBUG - [detection_service.py:31] - No Hand detections
2025-04-13 20:46:47,123 - proctoring - DEBUG - [detection_service.py:31] - No Face Mesh detections
2025-04-13 20:46:47,123 - proctoring - DEBUG - [detection_service.py:31] - No YOLO detections
2025-04-13 20:46:47,123 - proctoring - INFO - [detection_service.py:34] - Total events detected: 1
2025-04-13 20:46:47,123 - proctoring - INFO - [log_service.py:12] - Attempting to store 1 logs for user 1
2025-04-13 20:46:47,123 - proctoring - DEBUG - [log_service.py:26] - Created log entry: {'time': '2025-04-13 20:46:47.021025', 'event': 'Face detected'}
2025-04-13 20:46:47,125 - proctoring - INFO - [log_service.py:40] - Successfully stored 1 logs
2025-04-13 20:46:47,126 - proctoring - DEBUG - [image_utils.py:43] - Decoded base64 data length: 16759
2025-04-13 20:46:47,127 - proctoring - INFO - [detection_service.py:13] - Processing new frame
2025-04-13 20:46:47,127 - proctoring - INFO - [face_detection.py:9] - Starting face detection
2025-04-13 20:46:47,131 - proctoring - INFO - [face_detection.py:38] - Face detected with confidence 0.93
2025-04-13 20:46:47,224 - proctoring - INFO - [detection_service.py:28] - Face detection found 1 events
2025-04-13 20:46:47,224 - proctoring - DEBUG - [detection_service.py:31] - No Hand detections
2025-04-13 20:46:47,224 - proctoring - DEBUG - [detection_service.py:31] - No Face Mesh detections
2025-04-13 20:46:47,224 - proctoring - DEBUG - [detection_service.py:31] - No YOLO detections
2025-04-13 20:46:47,224 - proctoring - INFO - [detection_service.py:34] - Total events detected: 1
2025-04-13 20:46:47,224 - proctoring - INFO - [log_service.py:12] - Attempting to store 1 logs for user 1
2025-04-13 20:46:47,224 - proctoring - DEBUG - [log_service.py:26] - Created log entry: {'time': '2025-04-13 20:46:47.127098', 'event': 'Face detected'}
2025-04-13 20:46:47,226 - proctoring - INFO - [log_service.py:40] - Successfully stored 1 logs
2025-04-13 20:46:47,227 - proctoring - DEBUG - [image_utils.py:43] - Decoded base64 data length: 17052
2025-04-13 20:46:47,227 - proctoring - INFO - [detection_service.py:13] - Processing new frame
2025-04-13 20:46:47,227 - proctoring - INFO - [face_detection.py:9] - Starting face detection
2025-04-13 20:46:47,232 - proctoring - INFO - [face_detection.py:38] - Face detected with confidence 0.93
2025-04-13 20:46:47,322 - proctoring - INFO - [detection_service.py:28] - Face detection found 1 events
2025-04-13 20:46:47,322 - proctoring - DEBUG - [detection_service.py:31] - No Hand detections
2025-04-13 20:46:47,322 - proctoring - DEBUG - [detection_service.py:31] - No Face Mesh detections
2025-04-13 20:46:47,322 - proctoring - DEBUG - [detection_service.py:31] - No YOLO detections
2025-04-13 20:46:47,322 - proctoring - INFO - [detection_service.py:34] - Total events detected: 1
2025-04-13 20:46:47,322 - proctoring - INFO - [log_service.py:12] - Attempting to store 1 logs for user 1
2025-04-13 20:46:47,322 - proctoring - DEBUG - [log_service.py:26] - Created log entry: {'time': '2025-04-13 20:46:47.227990', 'event': 'Face detected'}
2025-04-13 20:46:47,324 - proctoring - INFO - [log_service.py:40] - Successfully stored 1 logs
2025-04-13 20:46:47,326 - proctoring - DEBUG - [image_utils.py:43] - Decoded base64 data length: 16577
2025-04-13 20:46:47,326 - proctoring - INFO - [detection_service.py:13] - Processing new frame
2025-04-13 20:46:47,326 - proctoring - INFO - [face_detection.py:9] - Starting face detection
2025-04-13 20:46:47,330 - proctoring - INFO - [face_detection.py:38] - Face detected with confidence 0.92
2025-04-13 20:46:47,421 - proctoring - INFO - [detection_service.py:28] - Face detection found 1 events
2025-04-13 20:46:47,421 - proctoring - DEBUG - [detection_service.py:31] - No Hand detections
2025-04-13 20:46:47,421 - proctoring - DEBUG - [detection_service.py:31] - No Face Mesh detections
2025-04-13 20:46:47,421 - proctoring - DEBUG - [detection_service.py:31] - No YOLO detections
2025-04-13 20:46:47,421 - proctoring - INFO - [detection_service.py:34] - Total events detected: 1
2025-04-13 20:46:47,421 - proctoring - INFO - [log_service.py:12] - Attempting to store 1 logs for user 1
2025-04-13 20:46:47,421 - proctoring - DEBUG - [log_service.py:26] - Created log entry: {'time': '2025-04-13 20:46:47.326723', 'event': 'Face detected'}
2025-04-13 20:46:47,423 - proctoring - INFO - [log_service.py:40] - Successfully stored 1 logs
2025-04-13 20:46:47,424 - proctoring - DEBUG - [image_utils.py:43] - Decoded base64 data length: 16854
2025-04-13 20:46:47,424 - proctoring - INFO - [detection_service.py:13] - Processing new frame
2025-04-13 20:46:47,424 - proctoring - INFO - [face_detection.py:9] - Starting face detection
2025-04-13 20:46:47,429 - proctoring - INFO - [face_detection.py:38] - Face detected with confidence 0.93
2025-04-13 20:46:47,516 - proctoring - INFO - [detection_service.py:28] - Face detection found 1 events
2025-04-13 20:46:47,516 - proctoring - DEBUG - [detection_service.py:31] - No Hand detections
2025-04-13 20:46:47,516 - proctoring - DEBUG - [detection_service.py:31] - No Face Mesh detections
2025-04-13 20:46:47,516 - proctoring - DEBUG - [detection_service.py:31] - No YOLO detections
2025-04-13 20:46:47,516 - proctoring - INFO - [detection_service.py:34] - Total events detected: 1
2025-04-13 20:46:47,516 - proctoring - INFO - [log_service.py:12] - Attempting to store 1 logs for user 1
2025-04-13 20:46:47,516 - proctoring - DEBUG - [log_service.py:26] - Created log entry: {'time': '2025-04-13 20:46:47.424967', 'event': 'Face detected'}
2025-04-13 20:46:47,518 - proctoring - INFO - [log_service.py:40] - Successfully stored 1 logs
2025-04-13 20:46:47,519 - proctoring - DEBUG - [image_utils.py:43] - Decoded base64 data length: 16689
2025-04-13 20:46:47,520 - proctoring - INFO - [detection_service.py:13] - Processing new frame
2025-04-13 20:46:47,520 - proctoring - INFO - [face_detection.py:9] - Starting face detection
2025-04-13 20:46:47,524 - proctoring - INFO - [face_detection.py:38] - Face detected with confidence 0.94
2025-04-13 20:46:47,608 - proctoring - INFO - [detection_service.py:28] - Face detection found 1 events
2025-04-13 20:46:47,608 - proctoring - DEBUG - [detection_service.py:31] - No Hand detections
2025-04-13 20:46:47,608 - proctoring - DEBUG - [detection_service.py:31] - No Face Mesh detections
2025-04-13 20:46:47,608 - proctoring - DEBUG - [detection_service.py:31] - No YOLO detections
2025-04-13 20:46:47,608 - proctoring - INFO - [detection_service.py:34] - Total events detected: 1
2025-04-13 20:46:47,608 - proctoring - INFO - [log_service.py:12] - Attempting to store 1 logs for user 1
2025-04-13 20:46:47,608 - proctoring - DEBUG - [log_service.py:26] - Created log entry: {'time': '2025-04-13 20:46:47.520251', 'event': 'Face detected'}
2025-04-13 20:46:47,610 - proctoring - INFO - [log_service.py:40] - Successfully stored 1 logs
2025-04-13 20:46:47,612 - proctoring - DEBUG - [image_utils.py:43] - Decoded base64 data length: 16309
2025-04-13 20:46:47,612 - proctoring - INFO - [detection_service.py:13] - Processing new frame
2025-04-13 20:46:47,612 - proctoring - INFO - [face_detection.py:9] - Starting face detection
2025-04-13 20:46:47,617 - proctoring - INFO - [face_detection.py:38] - Face detected with confidence 0.93
2025-04-13 20:46:47,707 - proctoring - INFO - [detection_service.py:28] - Face detection found 1 events
2025-04-13 20:46:47,707 - proctoring - DEBUG - [detection_service.py:31] - No Hand detections
2025-04-13 20:46:47,707 - proctoring - DEBUG - [detection_service.py:31] - No Face Mesh detections
2025-04-13 20:46:47,707 - proctoring - DEBUG - [detection_service.py:31] - No YOLO detections
2025-04-13 20:46:47,707 - proctoring - INFO - [detection_service.py:34] - Total events detected: 1
2025-04-13 20:46:47,707 - proctoring - INFO - [log_service.py:12] - Attempting to store 1 logs for user 1
2025-04-13 20:46:47,707 - proctoring - DEBUG - [log_service.py:26] - Created log entry: {'time': '2025-04-13 20:46:47.612866', 'event': 'Face detected'}
2025-04-13 20:46:47,709 - proctoring - INFO - [log_service.py:40] - Successfully stored 1 logs
2025-04-13 20:46:47,710 - proctoring - DEBUG - [image_utils.py:43] - Decoded base64 data length: 16796
2025-04-13 20:46:47,711 - proctoring - INFO - [detection_service.py:13] - Processing new frame
2025-04-13 20:46:47,711 - proctoring - INFO - [face_detection.py:9] - Starting face detection
2025-04-13 20:46:47,716 - proctoring - INFO - [face_detection.py:38] - Face detected with confidence 0.93
2025-04-13 20:46:47,804 - proctoring - INFO - [detection_service.py:28] - Face detection found 1 events
2025-04-13 20:46:47,804 - proctoring - DEBUG - [detection_service.py:31] - No Hand detections
2025-04-13 20:46:47,804 - proctoring - DEBUG - [detection_service.py:31] - No Face Mesh detections
2025-04-13 20:46:47,804 - proctoring - DEBUG - [detection_service.py:31] - No YOLO detections
2025-04-13 20:46:47,804 - proctoring - INFO - [detection_service.py:34] - Total events detected: 1
2025-04-13 20:46:47,804 - proctoring - INFO - [log_service.py:12] - Attempting to store 1 logs for user 1
2025-04-13 20:46:47,805 - proctoring - DEBUG - [log_service.py:26] - Created log entry: {'time': '2025-04-13 20:46:47.711819', 'event': 'Face detected'}
2025-04-13 20:46:47,807 - proctoring - INFO - [log_service.py:40] - Successfully stored 1 logs
2025-04-13 20:46:47,808 - proctoring - DEBUG - [image_utils.py:43] - Decoded base64 data length: 17131
2025-04-13 20:46:47,808 - proctoring - INFO - [detection_service.py:13] - Processing new frame
2025-04-13 20:46:47,808 - proctoring - INFO - [face_detection.py:9] - Starting face detection
2025-04-13 20:46:47,813 - proctoring - INFO - [face_detection.py:38] - Face detected with confidence 0.93
2025-04-13 20:46:47,901 - proctoring - INFO - [detection_service.py:28] - Face detection found 1 events
2025-04-13 20:46:47,901 - proctoring - DEBUG - [detection_service.py:31] - No Hand detections
2025-04-13 20:46:47,901 - proctoring - DEBUG - [detection_service.py:31] - No Face Mesh detections
2025-04-13 20:46:47,901 - proctoring - DEBUG - [detection_service.py:31] - No YOLO detections
2025-04-13 20:46:47,901 - proctoring - INFO - [detection_service.py:34] - Total events detected: 1
2025-04-13 20:46:47,901 - proctoring - INFO - [log_service.py:12] - Attempting to store 1 logs for user 1
2025-04-13 20:46:47,901 - proctoring - DEBUG - [log_service.py:26] - Created log entry: {'time': '2025-04-13 20:46:47.808709', 'event': 'Face detected'}
2025-04-13 20:46:47,903 - proctoring - INFO - [log_service.py:40] - Successfully stored 1 logs
2025-04-13 20:46:47,904 - proctoring - DEBUG - [image_utils.py:43] - Decoded base64 data length: 17294
2025-04-13 20:46:47,905 - proctoring - INFO - [detection_service.py:13] - Processing new frame
2025-04-13 20:46:47,905 - proctoring - INFO - [face_detection.py:9] - Starting face detection
2025-04-13 20:46:47,911 - proctoring - INFO - [face_detection.py:38] - Face detected with confidence 0.94
2025-04-13 20:46:47,998 - proctoring - INFO - [detection_service.py:28] - Face detection found 1 events
2025-04-13 20:46:47,998 - proctoring - DEBUG - [detection_service.py:31] - No Hand detections
2025-04-13 20:46:47,998 - proctoring - DEBUG - [detection_service.py:31] - No Face Mesh detections
2025-04-13 20:46:47,998 - proctoring - DEBUG - [detection_service.py:31] - No YOLO detections
2025-04-13 20:46:47,998 - proctoring - INFO - [detection_service.py:34] - Total events detected: 1
2025-04-13 20:46:47,998 - proctoring - INFO - [log_service.py:12] - Attempting to store 1 logs for user 1
2025-04-13 20:46:47,998 - proctoring - DEBUG - [log_service.py:26] - Created log entry: {'time': '2025-04-13 20:46:47.905357', 'event': 'Face detected'}
2025-04-13 20:46:47,999 - proctoring - INFO - [log_service.py:40] - Successfully stored 1 logs
2025-04-13 20:46:48,000 - proctoring - INFO - [main.py:217] - Cleaning up connection for user 1
2025-04-13 20:46:48,136 - proctoring - INFO - [main.py:133] - WebSocket connection attempt for user 1
2025-04-13 20:46:48,137 - proctoring - INFO - [connection.py:19] - WebSocket connection accepted for user 1
2025-04-13 20:46:48,137 - proctoring - INFO - [main.py:162] - WebSocket connection established for user 1
2025-04-13 20:46:48,145 - proctoring - DEBUG - [image_utils.py:43] - Decoded base64 data length: 16249
2025-04-13 20:46:48,146 - proctoring - INFO - [detection_service.py:13] - Processing new frame
2025-04-13 20:46:48,146 - proctoring - INFO - [face_detection.py:9] - Starting face detection
2025-04-13 20:46:48,150 - proctoring - INFO - [face_detection.py:38] - Face detected with confidence 0.92
2025-04-13 20:46:48,248 - proctoring - INFO - [detection_service.py:28] - Face detection found 1 events
2025-04-13 20:46:48,248 - proctoring - DEBUG - [detection_service.py:31] - No Hand detections
2025-04-13 20:46:48,248 - proctoring - DEBUG - [detection_service.py:31] - No Face Mesh detections
2025-04-13 20:46:48,248 - proctoring - DEBUG - [detection_service.py:31] - No YOLO detections
2025-04-13 20:46:48,248 - proctoring - INFO - [detection_service.py:34] - Total events detected: 1
2025-04-13 20:46:48,248 - proctoring - INFO - [log_service.py:12] - Attempting to store 1 logs for user 1
2025-04-13 20:46:48,248 - proctoring - DEBUG - [log_service.py:26] - Created log entry: {'time': '2025-04-13 20:46:48.146250', 'event': 'Face detected'}
2025-04-13 20:46:48,250 - proctoring - INFO - [log_service.py:40] - Successfully stored 1 logs
2025-04-13 20:46:48,255 - proctoring - DEBUG - [image_utils.py:43] - Decoded base64 data length: 16555
2025-04-13 20:46:48,255 - proctoring - INFO - [detection_service.py:13] - Processing new frame
2025-04-13 20:46:48,255 - proctoring - INFO - [face_detection.py:9] - Starting face detection
2025-04-13 20:46:48,261 - proctoring - INFO - [face_detection.py:38] - Face detected with confidence 0.92
2025-04-13 20:46:48,349 - proctoring - INFO - [detection_service.py:28] - Face detection found 1 events
2025-04-13 20:46:48,350 - proctoring - DEBUG - [detection_service.py:31] - No Hand detections
2025-04-13 20:46:48,350 - proctoring - DEBUG - [detection_service.py:31] - No Face Mesh detections
2025-04-13 20:46:48,350 - proctoring - DEBUG - [detection_service.py:31] - No YOLO detections
2025-04-13 20:46:48,350 - proctoring - INFO - [detection_service.py:34] - Total events detected: 1
2025-04-13 20:46:48,350 - proctoring - INFO - [log_service.py:12] - Attempting to store 1 logs for user 1
2025-04-13 20:46:48,350 - proctoring - DEBUG - [log_service.py:26] - Created log entry: {'time': '2025-04-13 20:46:48.255914', 'event': 'Face detected'}
2025-04-13 20:46:48,354 - proctoring - INFO - [log_service.py:40] - Successfully stored 1 logs
2025-04-13 20:46:48,359 - proctoring - DEBUG - [image_utils.py:43] - Decoded base64 data length: 16859
2025-04-13 20:46:48,360 - proctoring - INFO - [detection_service.py:13] - Processing new frame
2025-04-13 20:46:48,360 - proctoring - INFO - [face_detection.py:9] - Starting face detection
2025-04-13 20:46:48,365 - proctoring - INFO - [face_detection.py:38] - Face detected with confidence 0.91
2025-04-13 20:46:48,454 - proctoring - INFO - [detection_service.py:28] - Face detection found 1 events
2025-04-13 20:46:48,454 - proctoring - DEBUG - [detection_service.py:31] - No Hand detections
2025-04-13 20:46:48,454 - proctoring - DEBUG - [detection_service.py:31] - No Face Mesh detections
2025-04-13 20:46:48,454 - proctoring - DEBUG - [detection_service.py:31] - No YOLO detections
2025-04-13 20:46:48,454 - proctoring - INFO - [detection_service.py:34] - Total events detected: 1
2025-04-13 20:46:48,454 - proctoring - INFO - [log_service.py:12] - Attempting to store 1 logs for user 1
2025-04-13 20:46:48,454 - proctoring - DEBUG - [log_service.py:26] - Created log entry: {'time': '2025-04-13 20:46:48.360393', 'event': 'Face detected'}
2025-04-13 20:46:48,456 - proctoring - INFO - [log_service.py:40] - Successfully stored 1 logs
2025-04-13 20:46:48,468 - proctoring - DEBUG - [image_utils.py:43] - Decoded base64 data length: 16871
2025-04-13 20:46:48,469 - proctoring - INFO - [detection_service.py:13] - Processing new frame
2025-04-13 20:46:48,469 - proctoring - INFO - [face_detection.py:9] - Starting face detection
2025-04-13 20:46:48,473 - proctoring - INFO - [face_detection.py:38] - Face detected with confidence 0.92
2025-04-13 20:46:48,562 - proctoring - INFO - [detection_service.py:28] - Face detection found 1 events
2025-04-13 20:46:48,562 - proctoring - DEBUG - [detection_service.py:31] - No Hand detections
2025-04-13 20:46:48,562 - proctoring - DEBUG - [detection_service.py:31] - No Face Mesh detections
2025-04-13 20:46:48,562 - proctoring - DEBUG - [detection_service.py:31] - No YOLO detections
2025-04-13 20:46:48,562 - proctoring - INFO - [detection_service.py:34] - Total events detected: 1
2025-04-13 20:46:48,562 - proctoring - INFO - [log_service.py:12] - Attempting to store 1 logs for user 1
2025-04-13 20:46:48,562 - proctoring - DEBUG - [log_service.py:26] - Created log entry: {'time': '2025-04-13 20:46:48.469422', 'event': 'Face detected'}
2025-04-13 20:46:48,564 - proctoring - INFO - [log_service.py:40] - Successfully stored 1 logs
2025-04-13 20:46:48,579 - proctoring - DEBUG - [image_utils.py:43] - Decoded base64 data length: 16450
2025-04-13 20:46:48,580 - proctoring - INFO - [detection_service.py:13] - Processing new frame
2025-04-13 20:46:48,580 - proctoring - INFO - [face_detection.py:9] - Starting face detection
2025-04-13 20:46:48,584 - proctoring - INFO - [face_detection.py:38] - Face detected with confidence 0.91
2025-04-13 20:46:48,669 - proctoring - INFO - [detection_service.py:28] - Face detection found 1 events
2025-04-13 20:46:48,669 - proctoring - DEBUG - [detection_service.py:31] - No Hand detections
2025-04-13 20:46:48,669 - proctoring - DEBUG - [detection_service.py:31] - No Face Mesh detections
2025-04-13 20:46:48,669 - proctoring - DEBUG - [detection_service.py:31] - No YOLO detections
2025-04-13 20:46:48,669 - proctoring - INFO - [detection_service.py:34] - Total events detected: 1
2025-04-13 20:46:48,669 - proctoring - INFO - [log_service.py:12] - Attempting to store 1 logs for user 1
2025-04-13 20:46:48,669 - proctoring - DEBUG - [log_service.py:26] - Created log entry: {'time': '2025-04-13 20:46:48.580054', 'event': 'Face detected'}
2025-04-13 20:46:48,671 - proctoring - INFO - [log_service.py:40] - Successfully stored 1 logs
2025-04-13 20:46:48,690 - proctoring - DEBUG - [image_utils.py:43] - Decoded base64 data length: 15968
2025-04-13 20:46:48,690 - proctoring - INFO - [detection_service.py:13] - Processing new frame
2025-04-13 20:46:48,690 - proctoring - INFO - [face_detection.py:9] - Starting face detection
2025-04-13 20:46:48,695 - proctoring - INFO - [face_detection.py:38] - Face detected with confidence 0.92
2025-04-13 20:46:48,780 - proctoring - INFO - [detection_service.py:28] - Face detection found 1 events
2025-04-13 20:46:48,780 - proctoring - DEBUG - [detection_service.py:31] - No Hand detections
2025-04-13 20:46:48,780 - proctoring - DEBUG - [detection_service.py:31] - No Face Mesh detections
2025-04-13 20:46:48,780 - proctoring - DEBUG - [detection_service.py:31] - No YOLO detections
2025-04-13 20:46:48,780 - proctoring - INFO - [detection_service.py:34] - Total events detected: 1
2025-04-13 20:46:48,780 - proctoring - INFO - [log_service.py:12] - Attempting to store 1 logs for user 1
2025-04-13 20:46:48,780 - proctoring - DEBUG - [log_service.py:26] - Created log entry: {'time': '2025-04-13 20:46:48.690962', 'event': 'Face detected'}
2025-04-13 20:46:48,783 - proctoring - INFO - [log_service.py:40] - Successfully stored 1 logs
2025-04-13 20:46:48,799 - proctoring - DEBUG - [image_utils.py:43] - Decoded base64 data length: 15632
2025-04-13 20:46:48,800 - proctoring - INFO - [detection_service.py:13] - Processing new frame
2025-04-13 20:46:48,800 - proctoring - INFO - [face_detection.py:9] - Starting face detection
2025-04-13 20:46:48,804 - proctoring - INFO - [face_detection.py:38] - Face detected with confidence 0.92
2025-04-13 20:46:48,904 - proctoring - INFO - [detection_service.py:28] - Face detection found 1 events
2025-04-13 20:46:48,904 - proctoring - DEBUG - [detection_service.py:31] - No Hand detections
2025-04-13 20:46:48,904 - proctoring - DEBUG - [detection_service.py:31] - No Face Mesh detections
2025-04-13 20:46:48,904 - proctoring - DEBUG - [detection_service.py:31] - No YOLO detections
2025-04-13 20:46:48,905 - proctoring - INFO - [detection_service.py:34] - Total events detected: 1
2025-04-13 20:46:48,905 - proctoring - INFO - [log_service.py:12] - Attempting to store 1 logs for user 1
2025-04-13 20:46:48,905 - proctoring - DEBUG - [log_service.py:26] - Created log entry: {'time': '2025-04-13 20:46:48.800263', 'event': 'Face detected'}
2025-04-13 20:46:48,906 - proctoring - INFO - [log_service.py:40] - Successfully stored 1 logs
2025-04-13 20:46:48,907 - proctoring - DEBUG - [image_utils.py:43] - Decoded base64 data length: 15140
2025-04-13 20:46:48,907 - proctoring - INFO - [detection_service.py:13] - Processing new frame
2025-04-13 20:46:48,907 - proctoring - INFO - [face_detection.py:9] - Starting face detection
2025-04-13 20:46:48,913 - proctoring - INFO - [face_detection.py:38] - Face detected with confidence 0.92
2025-04-13 20:46:49,000 - proctoring - INFO - [detection_service.py:28] - Face detection found 1 events
2025-04-13 20:46:49,000 - proctoring - DEBUG - [detection_service.py:31] - No Hand detections
2025-04-13 20:46:49,000 - proctoring - DEBUG - [detection_service.py:31] - No Face Mesh detections
2025-04-13 20:46:49,000 - proctoring - DEBUG - [detection_service.py:31] - No YOLO detections
2025-04-13 20:46:49,000 - proctoring - INFO - [detection_service.py:34] - Total events detected: 1
2025-04-13 20:46:49,000 - proctoring - INFO - [log_service.py:12] - Attempting to store 1 logs for user 1
2025-04-13 20:46:49,000 - proctoring - DEBUG - [log_service.py:26] - Created log entry: {'time': '2025-04-13 20:46:48.907882', 'event': 'Face detected'}
2025-04-13 20:46:49,002 - proctoring - INFO - [log_service.py:40] - Successfully stored 1 logs
2025-04-13 20:46:49,015 - proctoring - DEBUG - [image_utils.py:43] - Decoded base64 data length: 15605
2025-04-13 20:46:49,015 - proctoring - INFO - [detection_service.py:13] - Processing new frame
2025-04-13 20:46:49,015 - proctoring - INFO - [face_detection.py:9] - Starting face detection
2025-04-13 20:46:49,019 - proctoring - INFO - [face_detection.py:38] - Face detected with confidence 0.94
2025-04-13 20:46:49,105 - proctoring - INFO - [detection_service.py:28] - Face detection found 1 events
2025-04-13 20:46:49,105 - proctoring - DEBUG - [detection_service.py:31] - No Hand detections
2025-04-13 20:46:49,105 - proctoring - DEBUG - [detection_service.py:31] - No Face Mesh detections
2025-04-13 20:46:49,105 - proctoring - DEBUG - [detection_service.py:31] - No YOLO detections
2025-04-13 20:46:49,105 - proctoring - INFO - [detection_service.py:34] - Total events detected: 1
2025-04-13 20:46:49,105 - proctoring - INFO - [log_service.py:12] - Attempting to store 1 logs for user 1
2025-04-13 20:46:49,105 - proctoring - DEBUG - [log_service.py:26] - Created log entry: {'time': '2025-04-13 20:46:49.015887', 'event': 'Face detected'}
2025-04-13 20:46:49,107 - proctoring - INFO - [log_service.py:40] - Successfully stored 1 logs
2025-04-13 20:46:49,122 - proctoring - DEBUG - [image_utils.py:43] - Decoded base64 data length: 15439
2025-04-13 20:46:49,123 - proctoring - INFO - [detection_service.py:13] - Processing new frame
2025-04-13 20:46:49,123 - proctoring - INFO - [face_detection.py:9] - Starting face detection
2025-04-13 20:46:49,127 - proctoring - INFO - [face_detection.py:38] - Face detected with confidence 0.92
2025-04-13 20:46:49,226 - proctoring - INFO - [detection_service.py:28] - Face detection found 1 events
2025-04-13 20:46:49,226 - proctoring - DEBUG - [detection_service.py:31] - No Hand detections
2025-04-13 20:46:49,226 - proctoring - DEBUG - [detection_service.py:31] - No Face Mesh detections
2025-04-13 20:46:49,226 - proctoring - DEBUG - [detection_service.py:31] - No YOLO detections
2025-04-13 20:46:49,226 - proctoring - INFO - [detection_service.py:34] - Total events detected: 1
2025-04-13 20:46:49,226 - proctoring - INFO - [log_service.py:12] - Attempting to store 1 logs for user 1
2025-04-13 20:46:49,226 - proctoring - DEBUG - [log_service.py:26] - Created log entry: {'time': '2025-04-13 20:46:49.123314', 'event': 'Face detected'}
2025-04-13 20:46:49,228 - proctoring - INFO - [log_service.py:40] - Successfully stored 1 logs
2025-04-13 20:46:49,229 - proctoring - DEBUG - [image_utils.py:43] - Decoded base64 data length: 15503
2025-04-13 20:46:49,229 - proctoring - INFO - [detection_service.py:13] - Processing new frame
2025-04-13 20:46:49,230 - proctoring - INFO - [face_detection.py:9] - Starting face detection
2025-04-13 20:46:49,234 - proctoring - INFO - [face_detection.py:38] - Face detected with confidence 0.90
2025-04-13 20:46:49,331 - proctoring - INFO - [detection_service.py:28] - Face detection found 1 events
2025-04-13 20:46:49,331 - proctoring - DEBUG - [detection_service.py:31] - No Hand detections
2025-04-13 20:46:49,331 - proctoring - DEBUG - [detection_service.py:31] - No Face Mesh detections
2025-04-13 20:46:49,331 - proctoring - DEBUG - [detection_service.py:31] - No YOLO detections
2025-04-13 20:46:49,331 - proctoring - INFO - [detection_service.py:34] - Total events detected: 1
2025-04-13 20:46:49,331 - proctoring - INFO - [log_service.py:12] - Attempting to store 1 logs for user 1
2025-04-13 20:46:49,331 - proctoring - DEBUG - [log_service.py:26] - Created log entry: {'time': '2025-04-13 20:46:49.230038', 'event': 'Face detected'}
2025-04-13 20:46:49,332 - proctoring - INFO - [log_service.py:40] - Successfully stored 1 logs
2025-04-13 20:46:49,338 - proctoring - DEBUG - [image_utils.py:43] - Decoded base64 data length: 15613
2025-04-13 20:46:49,338 - proctoring - INFO - [detection_service.py:13] - Processing new frame
2025-04-13 20:46:49,338 - proctoring - INFO - [face_detection.py:9] - Starting face detection
2025-04-13 20:46:49,343 - proctoring - INFO - [face_detection.py:38] - Face detected with confidence 0.91
2025-04-13 20:46:49,438 - proctoring - INFO - [detection_service.py:28] - Face detection found 1 events
2025-04-13 20:46:49,438 - proctoring - DEBUG - [detection_service.py:31] - No Hand detections
2025-04-13 20:46:49,438 - proctoring - DEBUG - [detection_service.py:31] - No Face Mesh detections
2025-04-13 20:46:49,438 - proctoring - DEBUG - [detection_service.py:31] - No YOLO detections
2025-04-13 20:46:49,439 - proctoring - INFO - [detection_service.py:34] - Total events detected: 1
2025-04-13 20:46:49,439 - proctoring - INFO - [log_service.py:12] - Attempting to store 1 logs for user 1
2025-04-13 20:46:49,439 - proctoring - DEBUG - [log_service.py:26] - Created log entry: {'time': '2025-04-13 20:46:49.338924', 'event': 'Face detected'}
2025-04-13 20:46:49,441 - proctoring - INFO - [log_service.py:40] - Successfully stored 1 logs
2025-04-13 20:46:49,446 - proctoring - DEBUG - [image_utils.py:43] - Decoded base64 data length: 15645
2025-04-13 20:46:49,447 - proctoring - INFO - [detection_service.py:13] - Processing new frame
2025-04-13 20:46:49,447 - proctoring - INFO - [face_detection.py:9] - Starting face detection
2025-04-13 20:46:49,451 - proctoring - INFO - [face_detection.py:38] - Face detected with confidence 0.94
2025-04-13 20:46:49,550 - proctoring - INFO - [detection_service.py:28] - Face detection found 1 events
2025-04-13 20:46:49,550 - proctoring - DEBUG - [detection_service.py:31] - No Hand detections
2025-04-13 20:46:49,550 - proctoring - DEBUG - [detection_service.py:31] - No Face Mesh detections
2025-04-13 20:46:49,550 - proctoring - DEBUG - [detection_service.py:31] - No YOLO detections
2025-04-13 20:46:49,550 - proctoring - INFO - [detection_service.py:34] - Total events detected: 1
2025-04-13 20:46:49,550 - proctoring - INFO - [log_service.py:12] - Attempting to store 1 logs for user 1
2025-04-13 20:46:49,550 - proctoring - DEBUG - [log_service.py:26] - Created log entry: {'time': '2025-04-13 20:46:49.447375', 'event': 'Face detected'}
2025-04-13 20:46:49,552 - proctoring - INFO - [log_service.py:40] - Successfully stored 1 logs
2025-04-13 20:46:49,556 - proctoring - DEBUG - [image_utils.py:43] - Decoded base64 data length: 16100
2025-04-13 20:46:49,557 - proctoring - INFO - [detection_service.py:13] - Processing new frame
2025-04-13 20:46:49,557 - proctoring - INFO - [face_detection.py:9] - Starting face detection
2025-04-13 20:46:49,561 - proctoring - INFO - [face_detection.py:38] - Face detected with confidence 0.95
2025-04-13 20:46:49,659 - proctoring - INFO - [detection_service.py:28] - Face detection found 1 events
2025-04-13 20:46:49,659 - proctoring - DEBUG - [detection_service.py:31] - No Hand detections
2025-04-13 20:46:49,659 - proctoring - DEBUG - [detection_service.py:31] - No Face Mesh detections
2025-04-13 20:46:49,659 - proctoring - DEBUG - [detection_service.py:31] - No YOLO detections
2025-04-13 20:46:49,659 - proctoring - INFO - [detection_service.py:34] - Total events detected: 1
2025-04-13 20:46:49,659 - proctoring - INFO - [log_service.py:12] - Attempting to store 1 logs for user 1
2025-04-13 20:46:49,659 - proctoring - DEBUG - [log_service.py:26] - Created log entry: {'time': '2025-04-13 20:46:49.557263', 'event': 'Face detected'}
2025-04-13 20:46:49,660 - proctoring - INFO - [log_service.py:40] - Successfully stored 1 logs
2025-04-13 20:46:49,662 - proctoring - DEBUG - [image_utils.py:43] - Decoded base64 data length: 16206
2025-04-13 20:46:49,662 - proctoring - INFO - [detection_service.py:13] - Processing new frame
2025-04-13 20:46:49,662 - proctoring - INFO - [face_detection.py:9] - Starting face detection
2025-04-13 20:46:49,667 - proctoring - INFO - [face_detection.py:38] - Face detected with confidence 0.93
2025-04-13 20:46:49,766 - proctoring - INFO - [detection_service.py:28] - Face detection found 1 events
2025-04-13 20:46:49,766 - proctoring - DEBUG - [detection_service.py:31] - No Hand detections
2025-04-13 20:46:49,766 - proctoring - DEBUG - [detection_service.py:31] - No Face Mesh detections
2025-04-13 20:46:49,766 - proctoring - DEBUG - [detection_service.py:31] - No YOLO detections
2025-04-13 20:46:49,766 - proctoring - INFO - [detection_service.py:34] - Total events detected: 1
2025-04-13 20:46:49,766 - proctoring - INFO - [log_service.py:12] - Attempting to store 1 logs for user 1
2025-04-13 20:46:49,766 - proctoring - DEBUG - [log_service.py:26] - Created log entry: {'time': '2025-04-13 20:46:49.662787', 'event': 'Face detected'}
2025-04-13 20:46:49,768 - proctoring - INFO - [log_service.py:40] - Successfully stored 1 logs
2025-04-13 20:46:49,770 - proctoring - DEBUG - [image_utils.py:43] - Decoded base64 data length: 16607
2025-04-13 20:46:49,770 - proctoring - INFO - [detection_service.py:13] - Processing new frame
2025-04-13 20:46:49,770 - proctoring - INFO - [face_detection.py:9] - Starting face detection
2025-04-13 20:46:49,775 - proctoring - INFO - [face_detection.py:38] - Face detected with confidence 0.92
2025-04-13 20:46:49,878 - proctoring - INFO - [detection_service.py:28] - Face detection found 1 events
2025-04-13 20:46:49,879 - proctoring - DEBUG - [detection_service.py:31] - No Hand detections
2025-04-13 20:46:49,879 - proctoring - DEBUG - [detection_service.py:31] - No Face Mesh detections
2025-04-13 20:46:49,879 - proctoring - DEBUG - [detection_service.py:31] - No YOLO detections
2025-04-13 20:46:49,879 - proctoring - INFO - [detection_service.py:34] - Total events detected: 1
2025-04-13 20:46:49,879 - proctoring - INFO - [log_service.py:12] - Attempting to store 1 logs for user 1
2025-04-13 20:46:49,879 - proctoring - DEBUG - [log_service.py:26] - Created log entry: {'time': '2025-04-13 20:46:49.770611', 'event': 'Face detected'}
2025-04-13 20:46:49,880 - proctoring - INFO - [log_service.py:40] - Successfully stored 1 logs
2025-04-13 20:46:49,882 - proctoring - DEBUG - [image_utils.py:43] - Decoded base64 data length: 16199
2025-04-13 20:46:49,882 - proctoring - INFO - [detection_service.py:13] - Processing new frame
2025-04-13 20:46:49,882 - proctoring - INFO - [face_detection.py:9] - Starting face detection
2025-04-13 20:46:49,887 - proctoring - INFO - [face_detection.py:38] - Face detected with confidence 0.94
2025-04-13 20:46:49,988 - proctoring - INFO - [detection_service.py:28] - Face detection found 1 events
2025-04-13 20:46:49,988 - proctoring - DEBUG - [detection_service.py:31] - No Hand detections
2025-04-13 20:46:49,988 - proctoring - DEBUG - [detection_service.py:31] - No Face Mesh detections
2025-04-13 20:46:49,988 - proctoring - DEBUG - [detection_service.py:31] - No YOLO detections
2025-04-13 20:46:49,988 - proctoring - INFO - [detection_service.py:34] - Total events detected: 1
2025-04-13 20:46:49,988 - proctoring - INFO - [log_service.py:12] - Attempting to store 1 logs for user 1
2025-04-13 20:46:49,988 - proctoring - DEBUG - [log_service.py:26] - Created log entry: {'time': '2025-04-13 20:46:49.882946', 'event': 'Face detected'}
2025-04-13 20:46:49,992 - proctoring - INFO - [log_service.py:40] - Successfully stored 1 logs
2025-04-13 20:46:49,994 - proctoring - DEBUG - [image_utils.py:43] - Decoded base64 data length: 16124
2025-04-13 20:46:49,994 - proctoring - INFO - [detection_service.py:13] - Processing new frame
2025-04-13 20:46:49,994 - proctoring - INFO - [face_detection.py:9] - Starting face detection
2025-04-13 20:46:49,999 - proctoring - INFO - [face_detection.py:38] - Face detected with confidence 0.94
2025-04-13 20:46:50,095 - proctoring - INFO - [detection_service.py:28] - Face detection found 1 events
2025-04-13 20:46:50,095 - proctoring - DEBUG - [detection_service.py:31] - No Hand detections
2025-04-13 20:46:50,095 - proctoring - DEBUG - [detection_service.py:31] - No Face Mesh detections
2025-04-13 20:46:50,095 - proctoring - DEBUG - [detection_service.py:31] - No YOLO detections
2025-04-13 20:46:50,096 - proctoring - INFO - [detection_service.py:34] - Total events detected: 1
2025-04-13 20:46:50,096 - proctoring - INFO - [log_service.py:12] - Attempting to store 1 logs for user 1
2025-04-13 20:46:50,096 - proctoring - DEBUG - [log_service.py:26] - Created log entry: {'time': '2025-04-13 20:46:49.994887', 'event': 'Face detected'}
2025-04-13 20:46:50,097 - proctoring - INFO - [log_service.py:40] - Successfully stored 1 logs
2025-04-13 20:46:50,098 - proctoring - DEBUG - [image_utils.py:43] - Decoded base64 data length: 15448
2025-04-13 20:46:50,099 - proctoring - INFO - [detection_service.py:13] - Processing new frame
2025-04-13 20:46:50,099 - proctoring - INFO - [face_detection.py:9] - Starting face detection
2025-04-13 20:46:50,103 - proctoring - INFO - [face_detection.py:38] - Face detected with confidence 0.92
2025-04-13 20:46:50,198 - proctoring - INFO - [detection_service.py:28] - Face detection found 1 events
2025-04-13 20:46:50,199 - proctoring - DEBUG - [detection_service.py:31] - No Hand detections
2025-04-13 20:46:50,199 - proctoring - DEBUG - [detection_service.py:31] - No Face Mesh detections
2025-04-13 20:46:50,199 - proctoring - DEBUG - [detection_service.py:31] - No YOLO detections
2025-04-13 20:46:50,199 - proctoring - INFO - [detection_service.py:34] - Total events detected: 1
2025-04-13 20:46:50,199 - proctoring - INFO - [log_service.py:12] - Attempting to store 1 logs for user 1
2025-04-13 20:46:50,199 - proctoring - DEBUG - [log_service.py:26] - Created log entry: {'time': '2025-04-13 20:46:50.099234', 'event': 'Face detected'}
2025-04-13 20:46:50,200 - proctoring - INFO - [log_service.py:40] - Successfully stored 1 logs
2025-04-13 20:46:50,205 - proctoring - DEBUG - [image_utils.py:43] - Decoded base64 data length: 14709
2025-04-13 20:46:50,206 - proctoring - INFO - [detection_service.py:13] - Processing new frame
2025-04-13 20:46:50,206 - proctoring - INFO - [face_detection.py:9] - Starting face detection
2025-04-13 20:46:50,210 - proctoring - INFO - [face_detection.py:38] - Face detected with confidence 0.94
2025-04-13 20:46:50,297 - proctoring - INFO - [detection_service.py:28] - Face detection found 1 events
2025-04-13 20:46:50,297 - proctoring - DEBUG - [detection_service.py:31] - No Hand detections
2025-04-13 20:46:50,297 - proctoring - DEBUG - [detection_service.py:31] - No Face Mesh detections
2025-04-13 20:46:50,297 - proctoring - DEBUG - [detection_service.py:31] - No YOLO detections
2025-04-13 20:46:50,297 - proctoring - INFO - [detection_service.py:34] - Total events detected: 1
2025-04-13 20:46:50,297 - proctoring - INFO - [log_service.py:12] - Attempting to store 1 logs for user 1
2025-04-13 20:46:50,297 - proctoring - DEBUG - [log_service.py:26] - Created log entry: {'time': '2025-04-13 20:46:50.206522', 'event': 'Face detected'}
2025-04-13 20:46:50,299 - proctoring - INFO - [log_service.py:40] - Successfully stored 1 logs
2025-04-13 20:46:50,317 - proctoring - DEBUG - [image_utils.py:43] - Decoded base64 data length: 14739
2025-04-13 20:46:50,317 - proctoring - INFO - [detection_service.py:13] - Processing new frame
2025-04-13 20:46:50,317 - proctoring - INFO - [face_detection.py:9] - Starting face detection
2025-04-13 20:46:50,322 - proctoring - INFO - [face_detection.py:38] - Face detected with confidence 0.96
2025-04-13 20:46:50,420 - proctoring - INFO - [detection_service.py:28] - Face detection found 1 events
2025-04-13 20:46:50,420 - proctoring - DEBUG - [detection_service.py:31] - No Hand detections
2025-04-13 20:46:50,420 - proctoring - DEBUG - [detection_service.py:31] - No Face Mesh detections
2025-04-13 20:46:50,420 - proctoring - DEBUG - [detection_service.py:31] - No YOLO detections
2025-04-13 20:46:50,420 - proctoring - INFO - [detection_service.py:34] - Total events detected: 1
2025-04-13 20:46:50,420 - proctoring - INFO - [log_service.py:12] - Attempting to store 1 logs for user 1
2025-04-13 20:46:50,420 - proctoring - DEBUG - [log_service.py:26] - Created log entry: {'time': '2025-04-13 20:46:50.317649', 'event': 'Face detected'}
2025-04-13 20:46:50,422 - proctoring - INFO - [log_service.py:40] - Successfully stored 1 logs
2025-04-13 20:46:50,430 - proctoring - DEBUG - [image_utils.py:43] - Decoded base64 data length: 14395
2025-04-13 20:46:50,430 - proctoring - INFO - [detection_service.py:13] - Processing new frame
2025-04-13 20:46:50,430 - proctoring - INFO - [face_detection.py:9] - Starting face detection
2025-04-13 20:46:50,434 - proctoring - INFO - [face_detection.py:38] - Face detected with confidence 0.95
2025-04-13 20:46:50,531 - proctoring - INFO - [detection_service.py:28] - Face detection found 1 events
2025-04-13 20:46:50,531 - proctoring - DEBUG - [detection_service.py:31] - No Hand detections
2025-04-13 20:46:50,531 - proctoring - DEBUG - [detection_service.py:31] - No Face Mesh detections
2025-04-13 20:46:50,531 - proctoring - DEBUG - [detection_service.py:31] - No YOLO detections
2025-04-13 20:46:50,531 - proctoring - INFO - [detection_service.py:34] - Total events detected: 1
2025-04-13 20:46:50,531 - proctoring - INFO - [log_service.py:12] - Attempting to store 1 logs for user 1
2025-04-13 20:46:50,531 - proctoring - DEBUG - [log_service.py:26] - Created log entry: {'time': '2025-04-13 20:46:50.430522', 'event': 'Face detected'}
2025-04-13 20:46:50,533 - proctoring - INFO - [log_service.py:40] - Successfully stored 1 logs
2025-04-13 20:46:50,534 - proctoring - DEBUG - [image_utils.py:43] - Decoded base64 data length: 13014
2025-04-13 20:46:50,534 - proctoring - INFO - [detection_service.py:13] - Processing new frame
2025-04-13 20:46:50,534 - proctoring - INFO - [face_detection.py:9] - Starting face detection
2025-04-13 20:46:50,539 - proctoring - INFO - [face_detection.py:38] - Face detected with confidence 0.96
2025-04-13 20:46:50,639 - proctoring - INFO - [detection_service.py:28] - Face detection found 1 events
2025-04-13 20:46:50,639 - proctoring - DEBUG - [detection_service.py:31] - No Hand detections
2025-04-13 20:46:50,639 - proctoring - DEBUG - [detection_service.py:31] - No Face Mesh detections
2025-04-13 20:46:50,639 - proctoring - DEBUG - [detection_service.py:31] - No YOLO detections
2025-04-13 20:46:50,639 - proctoring - INFO - [detection_service.py:34] - Total events detected: 1
2025-04-13 20:46:50,639 - proctoring - INFO - [log_service.py:12] - Attempting to store 1 logs for user 1
2025-04-13 20:46:50,639 - proctoring - DEBUG - [log_service.py:26] - Created log entry: {'time': '2025-04-13 20:46:50.534999', 'event': 'Face detected'}
2025-04-13 20:46:50,640 - proctoring - INFO - [log_service.py:40] - Successfully stored 1 logs
2025-04-13 20:46:50,641 - proctoring - DEBUG - [image_utils.py:43] - Decoded base64 data length: 13733
2025-04-13 20:46:50,642 - proctoring - INFO - [detection_service.py:13] - Processing new frame
2025-04-13 20:46:50,642 - proctoring - INFO - [face_detection.py:9] - Starting face detection
2025-04-13 20:46:50,648 - proctoring - INFO - [face_detection.py:38] - Face detected with confidence 0.94
2025-04-13 20:46:50,746 - proctoring - INFO - [detection_service.py:28] - Face detection found 1 events
2025-04-13 20:46:50,747 - proctoring - DEBUG - [detection_service.py:31] - No Hand detections
2025-04-13 20:46:50,747 - proctoring - INFO - [detection_service.py:28] - Face Mesh detection found 1 events
2025-04-13 20:46:50,747 - proctoring - DEBUG - [detection_service.py:31] - No YOLO detections
2025-04-13 20:46:50,747 - proctoring - INFO - [detection_service.py:34] - Total events detected: 2
2025-04-13 20:46:50,747 - proctoring - INFO - [log_service.py:12] - Attempting to store 2 logs for user 1
2025-04-13 20:46:50,747 - proctoring - DEBUG - [log_service.py:26] - Created log entry: {'time': '2025-04-13 20:46:50.642139', 'event': 'Face detected'}
2025-04-13 20:46:50,747 - proctoring - DEBUG - [log_service.py:26] - Created log entry: {'time': '2025-04-13 20:46:50.679805', 'event': 'Mouth movement detected'}
2025-04-13 20:46:50,749 - proctoring - INFO - [log_service.py:40] - Successfully stored 2 logs
2025-04-13 20:46:50,751 - proctoring - DEBUG - [image_utils.py:43] - Decoded base64 data length: 14892
2025-04-13 20:46:50,752 - proctoring - INFO - [detection_service.py:13] - Processing new frame
2025-04-13 20:46:50,752 - proctoring - INFO - [face_detection.py:9] - Starting face detection
2025-04-13 20:46:50,756 - proctoring - INFO - [face_detection.py:38] - Face detected with confidence 0.95
2025-04-13 20:46:50,858 - proctoring - INFO - [detection_service.py:28] - Face detection found 1 events
2025-04-13 20:46:50,858 - proctoring - DEBUG - [detection_service.py:31] - No Hand detections
2025-04-13 20:46:50,859 - proctoring - INFO - [detection_service.py:28] - Face Mesh detection found 1 events
2025-04-13 20:46:50,859 - proctoring - DEBUG - [detection_service.py:31] - No YOLO detections
2025-04-13 20:46:50,859 - proctoring - INFO - [detection_service.py:34] - Total events detected: 2
2025-04-13 20:46:50,859 - proctoring - INFO - [log_service.py:12] - Attempting to store 2 logs for user 1
2025-04-13 20:46:50,859 - proctoring - DEBUG - [log_service.py:26] - Created log entry: {'time': '2025-04-13 20:46:50.752336', 'event': 'Face detected'}
2025-04-13 20:46:50,859 - proctoring - DEBUG - [log_service.py:26] - Created log entry: {'time': '2025-04-13 20:46:50.787980', 'event': 'Mouth movement detected'}
2025-04-13 20:46:50,860 - proctoring - INFO - [log_service.py:40] - Successfully stored 2 logs
2025-04-13 20:46:50,862 - proctoring - DEBUG - [image_utils.py:43] - Decoded base64 data length: 13661
2025-04-13 20:46:50,862 - proctoring - INFO - [detection_service.py:13] - Processing new frame
2025-04-13 20:46:50,862 - proctoring - INFO - [face_detection.py:9] - Starting face detection
2025-04-13 20:46:50,867 - proctoring - INFO - [face_detection.py:38] - Face detected with confidence 0.95
2025-04-13 20:46:50,964 - proctoring - INFO - [detection_service.py:28] - Face detection found 1 events
2025-04-13 20:46:50,964 - proctoring - DEBUG - [detection_service.py:31] - No Hand detections
2025-04-13 20:46:50,964 - proctoring - INFO - [detection_service.py:28] - Face Mesh detection found 1 events
2025-04-13 20:46:50,964 - proctoring - DEBUG - [detection_service.py:31] - No YOLO detections
2025-04-13 20:46:50,964 - proctoring - INFO - [detection_service.py:34] - Total events detected: 2
2025-04-13 20:46:50,964 - proctoring - INFO - [log_service.py:12] - Attempting to store 2 logs for user 1
2025-04-13 20:46:50,965 - proctoring - DEBUG - [log_service.py:26] - Created log entry: {'time': '2025-04-13 20:46:50.862988', 'event': 'Face detected'}
2025-04-13 20:46:50,965 - proctoring - DEBUG - [log_service.py:26] - Created log entry: {'time': '2025-04-13 20:46:50.900427', 'event': 'Mouth movement detected'}
2025-04-13 20:46:50,966 - proctoring - INFO - [log_service.py:40] - Successfully stored 2 logs
2025-04-13 20:46:50,968 - proctoring - DEBUG - [image_utils.py:43] - Decoded base64 data length: 15095
2025-04-13 20:46:50,969 - proctoring - INFO - [detection_service.py:13] - Processing new frame
2025-04-13 20:46:50,969 - proctoring - INFO - [face_detection.py:9] - Starting face detection
2025-04-13 20:46:50,973 - proctoring - INFO - [face_detection.py:38] - Face detected with confidence 0.94
2025-04-13 20:46:51,062 - proctoring - INFO - [detection_service.py:28] - Face detection found 1 events
2025-04-13 20:46:51,062 - proctoring - DEBUG - [detection_service.py:31] - No Hand detections
2025-04-13 20:46:51,062 - proctoring - DEBUG - [detection_service.py:31] - No Face Mesh detections
2025-04-13 20:46:51,062 - proctoring - DEBUG - [detection_service.py:31] - No YOLO detections
2025-04-13 20:46:51,062 - proctoring - INFO - [detection_service.py:34] - Total events detected: 1
2025-04-13 20:46:51,062 - proctoring - INFO - [log_service.py:12] - Attempting to store 1 logs for user 1
2025-04-13 20:46:51,062 - proctoring - DEBUG - [log_service.py:26] - Created log entry: {'time': '2025-04-13 20:46:50.969235', 'event': 'Face detected'}
2025-04-13 20:46:51,064 - proctoring - INFO - [log_service.py:40] - Successfully stored 1 logs
2025-04-13 20:46:51,070 - proctoring - DEBUG - [image_utils.py:43] - Decoded base64 data length: 14253
2025-04-13 20:46:51,071 - proctoring - INFO - [detection_service.py:13] - Processing new frame
2025-04-13 20:46:51,071 - proctoring - INFO - [face_detection.py:9] - Starting face detection
2025-04-13 20:46:51,079 - proctoring - INFO - [face_detection.py:38] - Face detected with confidence 0.94
2025-04-13 20:46:51,179 - proctoring - INFO - [detection_service.py:28] - Face detection found 1 events
2025-04-13 20:46:51,179 - proctoring - DEBUG - [detection_service.py:31] - No Hand detections
2025-04-13 20:46:51,179 - proctoring - DEBUG - [detection_service.py:31] - No Face Mesh detections
2025-04-13 20:46:51,179 - proctoring - DEBUG - [detection_service.py:31] - No YOLO detections
2025-04-13 20:46:51,179 - proctoring - INFO - [detection_service.py:34] - Total events detected: 1
2025-04-13 20:46:51,179 - proctoring - INFO - [log_service.py:12] - Attempting to store 1 logs for user 1
2025-04-13 20:46:51,179 - proctoring - DEBUG - [log_service.py:26] - Created log entry: {'time': '2025-04-13 20:46:51.071306', 'event': 'Face detected'}
2025-04-13 20:46:51,181 - proctoring - INFO - [log_service.py:40] - Successfully stored 1 logs
2025-04-13 20:46:51,182 - proctoring - DEBUG - [image_utils.py:43] - Decoded base64 data length: 15560
2025-04-13 20:46:51,182 - proctoring - INFO - [detection_service.py:13] - Processing new frame
2025-04-13 20:46:51,182 - proctoring - INFO - [face_detection.py:9] - Starting face detection
2025-04-13 20:46:51,187 - proctoring - INFO - [face_detection.py:38] - Face detected with confidence 0.96
2025-04-13 20:46:51,269 - proctoring - INFO - [detection_service.py:28] - Face detection found 1 events
2025-04-13 20:46:51,269 - proctoring - DEBUG - [detection_service.py:31] - No Hand detections
2025-04-13 20:46:51,269 - proctoring - DEBUG - [detection_service.py:31] - No Face Mesh detections
2025-04-13 20:46:51,269 - proctoring - DEBUG - [detection_service.py:31] - No YOLO detections
2025-04-13 20:46:51,269 - proctoring - INFO - [detection_service.py:34] - Total events detected: 1
2025-04-13 20:46:51,269 - proctoring - INFO - [log_service.py:12] - Attempting to store 1 logs for user 1
2025-04-13 20:46:51,269 - proctoring - DEBUG - [log_service.py:26] - Created log entry: {'time': '2025-04-13 20:46:51.182980', 'event': 'Face detected'}
2025-04-13 20:46:51,271 - proctoring - INFO - [log_service.py:40] - Successfully stored 1 logs
2025-04-13 20:46:51,289 - proctoring - DEBUG - [image_utils.py:43] - Decoded base64 data length: 15586
2025-04-13 20:46:51,290 - proctoring - INFO - [detection_service.py:13] - Processing new frame
2025-04-13 20:46:51,290 - proctoring - INFO - [face_detection.py:9] - Starting face detection
2025-04-13 20:46:51,294 - proctoring - INFO - [face_detection.py:38] - Face detected with confidence 0.95
2025-04-13 20:46:51,383 - proctoring - INFO - [detection_service.py:28] - Face detection found 1 events
2025-04-13 20:46:51,383 - proctoring - DEBUG - [detection_service.py:31] - No Hand detections
2025-04-13 20:46:51,383 - proctoring - DEBUG - [detection_service.py:31] - No Face Mesh detections
2025-04-13 20:46:51,384 - proctoring - DEBUG - [detection_service.py:31] - No YOLO detections
2025-04-13 20:46:51,384 - proctoring - INFO - [detection_service.py:34] - Total events detected: 1
2025-04-13 20:46:51,384 - proctoring - INFO - [log_service.py:12] - Attempting to store 1 logs for user 1
2025-04-13 20:46:51,384 - proctoring - DEBUG - [log_service.py:26] - Created log entry: {'time': '2025-04-13 20:46:51.290233', 'event': 'Face detected'}
2025-04-13 20:46:51,385 - proctoring - INFO - [log_service.py:40] - Successfully stored 1 logs
2025-04-13 20:46:51,399 - proctoring - DEBUG - [image_utils.py:43] - Decoded base64 data length: 16287
2025-04-13 20:46:51,399 - proctoring - INFO - [detection_service.py:13] - Processing new frame
2025-04-13 20:46:51,399 - proctoring - INFO - [face_detection.py:9] - Starting face detection
2025-04-13 20:46:51,403 - proctoring - INFO - [face_detection.py:38] - Face detected with confidence 0.95
2025-04-13 20:46:51,492 - proctoring - INFO - [detection_service.py:28] - Face detection found 1 events
2025-04-13 20:46:51,492 - proctoring - DEBUG - [detection_service.py:31] - No Hand detections
2025-04-13 20:46:51,492 - proctoring - DEBUG - [detection_service.py:31] - No Face Mesh detections
2025-04-13 20:46:51,492 - proctoring - DEBUG - [detection_service.py:31] - No YOLO detections
2025-04-13 20:46:51,492 - proctoring - INFO - [detection_service.py:34] - Total events detected: 1
2025-04-13 20:46:51,492 - proctoring - INFO - [log_service.py:12] - Attempting to store 1 logs for user 1
2025-04-13 20:46:51,493 - proctoring - DEBUG - [log_service.py:26] - Created log entry: {'time': '2025-04-13 20:46:51.399703', 'event': 'Face detected'}
2025-04-13 20:46:51,494 - proctoring - INFO - [log_service.py:40] - Successfully stored 1 logs
2025-04-13 20:46:51,502 - proctoring - DEBUG - [image_utils.py:43] - Decoded base64 data length: 16250
2025-04-13 20:46:51,502 - proctoring - INFO - [detection_service.py:13] - Processing new frame
2025-04-13 20:46:51,502 - proctoring - INFO - [face_detection.py:9] - Starting face detection
2025-04-13 20:46:51,506 - proctoring - INFO - [face_detection.py:38] - Face detected with confidence 0.96
2025-04-13 20:46:51,604 - proctoring - INFO - [detection_service.py:28] - Face detection found 1 events
2025-04-13 20:46:51,604 - proctoring - DEBUG - [detection_service.py:31] - No Hand detections
2025-04-13 20:46:51,604 - proctoring - DEBUG - [detection_service.py:31] - No Face Mesh detections
2025-04-13 20:46:51,604 - proctoring - DEBUG - [detection_service.py:31] - No YOLO detections
2025-04-13 20:46:51,604 - proctoring - INFO - [detection_service.py:34] - Total events detected: 1
2025-04-13 20:46:51,604 - proctoring - INFO - [log_service.py:12] - Attempting to store 1 logs for user 1
2025-04-13 20:46:51,604 - proctoring - DEBUG - [log_service.py:26] - Created log entry: {'time': '2025-04-13 20:46:51.502730', 'event': 'Face detected'}
2025-04-13 20:46:51,606 - proctoring - INFO - [log_service.py:40] - Successfully stored 1 logs
2025-04-13 20:46:51,610 - proctoring - DEBUG - [image_utils.py:43] - Decoded base64 data length: 16267
2025-04-13 20:46:51,611 - proctoring - INFO - [detection_service.py:13] - Processing new frame
2025-04-13 20:46:51,611 - proctoring - INFO - [face_detection.py:9] - Starting face detection
2025-04-13 20:46:51,616 - proctoring - INFO - [face_detection.py:38] - Face detected with confidence 0.95
2025-04-13 20:46:51,703 - proctoring - INFO - [detection_service.py:28] - Face detection found 1 events
2025-04-13 20:46:51,703 - proctoring - DEBUG - [detection_service.py:31] - No Hand detections
2025-04-13 20:46:51,703 - proctoring - DEBUG - [detection_service.py:31] - No Face Mesh detections
2025-04-13 20:46:51,703 - proctoring - DEBUG - [detection_service.py:31] - No YOLO detections
2025-04-13 20:46:51,703 - proctoring - INFO - [detection_service.py:34] - Total events detected: 1
2025-04-13 20:46:51,703 - proctoring - INFO - [log_service.py:12] - Attempting to store 1 logs for user 1
2025-04-13 20:46:51,703 - proctoring - DEBUG - [log_service.py:26] - Created log entry: {'time': '2025-04-13 20:46:51.611285', 'event': 'Face detected'}
2025-04-13 20:46:51,704 - proctoring - INFO - [log_service.py:40] - Successfully stored 1 logs
2025-04-13 20:46:51,720 - proctoring - DEBUG - [image_utils.py:43] - Decoded base64 data length: 15853
2025-04-13 20:46:51,721 - proctoring - INFO - [detection_service.py:13] - Processing new frame
2025-04-13 20:46:51,721 - proctoring - INFO - [face_detection.py:9] - Starting face detection
2025-04-13 20:46:51,727 - proctoring - INFO - [face_detection.py:38] - Face detected with confidence 0.92
2025-04-13 20:46:51,821 - proctoring - INFO - [detection_service.py:28] - Face detection found 1 events
2025-04-13 20:46:51,821 - proctoring - DEBUG - [detection_service.py:31] - No Hand detections
2025-04-13 20:46:51,821 - proctoring - DEBUG - [detection_service.py:31] - No Face Mesh detections
2025-04-13 20:46:51,821 - proctoring - DEBUG - [detection_service.py:31] - No YOLO detections
2025-04-13 20:46:51,821 - proctoring - INFO - [detection_service.py:34] - Total events detected: 1
2025-04-13 20:46:51,821 - proctoring - INFO - [log_service.py:12] - Attempting to store 1 logs for user 1
2025-04-13 20:46:51,821 - proctoring - DEBUG - [log_service.py:26] - Created log entry: {'time': '2025-04-13 20:46:51.721185', 'event': 'Face detected'}
2025-04-13 20:46:51,823 - proctoring - INFO - [log_service.py:40] - Successfully stored 1 logs
2025-04-13 20:46:51,828 - proctoring - DEBUG - [image_utils.py:43] - Decoded base64 data length: 16284
2025-04-13 20:46:51,828 - proctoring - INFO - [detection_service.py:13] - Processing new frame
2025-04-13 20:46:51,828 - proctoring - INFO - [face_detection.py:9] - Starting face detection
2025-04-13 20:46:51,833 - proctoring - INFO - [face_detection.py:32] - Background person detected: 2 faces found
2025-04-13 20:46:51,951 - proctoring - INFO - [detection_service.py:28] - Face detection found 1 events
2025-04-13 20:46:51,951 - proctoring - DEBUG - [detection_service.py:31] - No Hand detections
2025-04-13 20:46:51,951 - proctoring - DEBUG - [detection_service.py:31] - No Face Mesh detections
2025-04-13 20:46:51,951 - proctoring - DEBUG - [detection_service.py:31] - No YOLO detections
2025-04-13 20:46:51,951 - proctoring - INFO - [detection_service.py:34] - Total events detected: 1
2025-04-13 20:46:51,951 - proctoring - INFO - [log_service.py:12] - Attempting to store 1 logs for user 1
2025-04-13 20:46:51,951 - proctoring - DEBUG - [log_service.py:26] - Created log entry: {'time': '2025-04-13 20:46:51.828772', 'event': 'Background person detected'}
2025-04-13 20:46:51,953 - proctoring - INFO - [log_service.py:40] - Successfully stored 1 logs
2025-04-13 20:46:51,955 - proctoring - DEBUG - [image_utils.py:43] - Decoded base64 data length: 16389
2025-04-13 20:46:51,955 - proctoring - INFO - [detection_service.py:13] - Processing new frame
2025-04-13 20:46:51,955 - proctoring - INFO - [face_detection.py:9] - Starting face detection
2025-04-13 20:46:51,960 - proctoring - INFO - [face_detection.py:32] - Background person detected: 2 faces found
2025-04-13 20:46:52,055 - proctoring - INFO - [detection_service.py:28] - Face detection found 1 events
2025-04-13 20:46:52,055 - proctoring - DEBUG - [detection_service.py:31] - No Hand detections
2025-04-13 20:46:52,055 - proctoring - DEBUG - [detection_service.py:31] - No Face Mesh detections
2025-04-13 20:46:52,055 - proctoring - DEBUG - [detection_service.py:31] - No YOLO detections
2025-04-13 20:46:52,055 - proctoring - INFO - [detection_service.py:34] - Total events detected: 1
2025-04-13 20:46:52,055 - proctoring - INFO - [log_service.py:12] - Attempting to store 1 logs for user 1
2025-04-13 20:46:52,055 - proctoring - DEBUG - [log_service.py:26] - Created log entry: {'time': '2025-04-13 20:46:51.955498', 'event': 'Background person detected'}
2025-04-13 20:46:52,057 - proctoring - INFO - [log_service.py:40] - Successfully stored 1 logs
2025-04-13 20:46:52,059 - proctoring - DEBUG - [image_utils.py:43] - Decoded base64 data length: 17026
2025-04-13 20:46:52,059 - proctoring - INFO - [detection_service.py:13] - Processing new frame
2025-04-13 20:46:52,059 - proctoring - INFO - [face_detection.py:9] - Starting face detection
2025-04-13 20:46:52,064 - proctoring - INFO - [face_detection.py:32] - Background person detected: 2 faces found
2025-04-13 20:46:52,159 - proctoring - INFO - [detection_service.py:28] - Face detection found 1 events
2025-04-13 20:46:52,159 - proctoring - DEBUG - [detection_service.py:31] - No Hand detections
2025-04-13 20:46:52,159 - proctoring - DEBUG - [detection_service.py:31] - No Face Mesh detections
2025-04-13 20:46:52,159 - proctoring - DEBUG - [detection_service.py:31] - No YOLO detections
2025-04-13 20:46:52,159 - proctoring - INFO - [detection_service.py:34] - Total events detected: 1
2025-04-13 20:46:52,159 - proctoring - INFO - [log_service.py:12] - Attempting to store 1 logs for user 1
2025-04-13 20:46:52,159 - proctoring - DEBUG - [log_service.py:26] - Created log entry: {'time': '2025-04-13 20:46:52.059926', 'event': 'Background person detected'}
2025-04-13 20:46:52,161 - proctoring - INFO - [log_service.py:40] - Successfully stored 1 logs
2025-04-13 20:46:52,163 - proctoring - INFO - [main.py:177] - Client initiated disconnect for user 1
2025-04-13 20:46:52,163 - proctoring - INFO - [main.py:217] - Cleaning up connection for user 1
2025-04-13 20:46:52,335 - proctoring - INFO - [main.py:133] - WebSocket connection attempt for user 1
2025-04-13 20:46:52,337 - proctoring - INFO - [connection.py:19] - WebSocket connection accepted for user 1
2025-04-13 20:46:52,337 - proctoring - INFO - [main.py:162] - WebSocket connection established for user 1
2025-04-13 20:46:52,346 - proctoring - DEBUG - [image_utils.py:43] - Decoded base64 data length: 16866
2025-04-13 20:46:52,346 - proctoring - INFO - [detection_service.py:13] - Processing new frame
2025-04-13 20:46:52,346 - proctoring - INFO - [face_detection.py:9] - Starting face detection
2025-04-13 20:46:52,351 - proctoring - INFO - [face_detection.py:38] - Face detected with confidence 0.93
2025-04-13 20:46:52,445 - proctoring - INFO - [detection_service.py:28] - Face detection found 1 events
2025-04-13 20:46:52,445 - proctoring - DEBUG - [detection_service.py:31] - No Hand detections
2025-04-13 20:46:52,445 - proctoring - DEBUG - [detection_service.py:31] - No Face Mesh detections
2025-04-13 20:46:52,445 - proctoring - DEBUG - [detection_service.py:31] - No YOLO detections
2025-04-13 20:46:52,445 - proctoring - INFO - [detection_service.py:34] - Total events detected: 1
2025-04-13 20:46:52,445 - proctoring - INFO - [log_service.py:12] - Attempting to store 1 logs for user 1
2025-04-13 20:46:52,445 - proctoring - DEBUG - [log_service.py:26] - Created log entry: {'time': '2025-04-13 20:46:52.346610', 'event': 'Face detected'}
2025-04-13 20:46:52,447 - proctoring - INFO - [log_service.py:40] - Successfully stored 1 logs
2025-04-13 20:46:52,456 - proctoring - DEBUG - [image_utils.py:43] - Decoded base64 data length: 16785
2025-04-13 20:46:52,457 - proctoring - INFO - [detection_service.py:13] - Processing new frame
2025-04-13 20:46:52,457 - proctoring - INFO - [face_detection.py:9] - Starting face detection
2025-04-13 20:46:52,461 - proctoring - INFO - [face_detection.py:38] - Face detected with confidence 0.94
2025-04-13 20:46:52,550 - proctoring - INFO - [detection_service.py:28] - Face detection found 1 events
2025-04-13 20:46:52,550 - proctoring - DEBUG - [detection_service.py:31] - No Hand detections
2025-04-13 20:46:52,550 - proctoring - DEBUG - [detection_service.py:31] - No Face Mesh detections
2025-04-13 20:46:52,550 - proctoring - DEBUG - [detection_service.py:31] - No YOLO detections
2025-04-13 20:46:52,550 - proctoring - INFO - [detection_service.py:34] - Total events detected: 1
2025-04-13 20:46:52,550 - proctoring - INFO - [log_service.py:12] - Attempting to store 1 logs for user 1
2025-04-13 20:46:52,550 - proctoring - DEBUG - [log_service.py:26] - Created log entry: {'time': '2025-04-13 20:46:52.457084', 'event': 'Face detected'}
2025-04-13 20:46:52,552 - proctoring - INFO - [log_service.py:40] - Successfully stored 1 logs
2025-04-13 20:46:52,564 - proctoring - DEBUG - [image_utils.py:43] - Decoded base64 data length: 17350
2025-04-13 20:46:52,564 - proctoring - INFO - [detection_service.py:13] - Processing new frame
2025-04-13 20:46:52,564 - proctoring - INFO - [face_detection.py:9] - Starting face detection
2025-04-13 20:46:52,569 - proctoring - INFO - [face_detection.py:32] - Background person detected: 2 faces found
2025-04-13 20:46:52,660 - proctoring - INFO - [detection_service.py:28] - Face detection found 1 events
2025-04-13 20:46:52,660 - proctoring - DEBUG - [detection_service.py:31] - No Hand detections
2025-04-13 20:46:52,660 - proctoring - DEBUG - [detection_service.py:31] - No Face Mesh detections
2025-04-13 20:46:52,660 - proctoring - DEBUG - [detection_service.py:31] - No YOLO detections
2025-04-13 20:46:52,660 - proctoring - INFO - [detection_service.py:34] - Total events detected: 1
2025-04-13 20:46:52,660 - proctoring - INFO - [log_service.py:12] - Attempting to store 1 logs for user 1
2025-04-13 20:46:52,660 - proctoring - DEBUG - [log_service.py:26] - Created log entry: {'time': '2025-04-13 20:46:52.564862', 'event': 'Background person detected'}
2025-04-13 20:46:52,662 - proctoring - INFO - [log_service.py:40] - Successfully stored 1 logs
2025-04-13 20:46:52,671 - proctoring - DEBUG - [image_utils.py:43] - Decoded base64 data length: 17534
2025-04-13 20:46:52,671 - proctoring - INFO - [detection_service.py:13] - Processing new frame
2025-04-13 20:46:52,672 - proctoring - INFO - [face_detection.py:9] - Starting face detection
2025-04-13 20:46:52,681 - proctoring - INFO - [face_detection.py:38] - Face detected with confidence 0.95
2025-04-13 20:46:52,770 - proctoring - INFO - [detection_service.py:28] - Face detection found 1 events
2025-04-13 20:46:52,770 - proctoring - DEBUG - [detection_service.py:31] - No Hand detections
2025-04-13 20:46:52,770 - proctoring - DEBUG - [detection_service.py:31] - No Face Mesh detections
2025-04-13 20:46:52,770 - proctoring - DEBUG - [detection_service.py:31] - No YOLO detections
2025-04-13 20:46:52,770 - proctoring - INFO - [detection_service.py:34] - Total events detected: 1
2025-04-13 20:46:52,770 - proctoring - INFO - [log_service.py:12] - Attempting to store 1 logs for user 1
2025-04-13 20:46:52,770 - proctoring - DEBUG - [log_service.py:26] - Created log entry: {'time': '2025-04-13 20:46:52.672032', 'event': 'Face detected'}
2025-04-13 20:46:52,772 - proctoring - INFO - [log_service.py:40] - Successfully stored 1 logs
2025-04-13 20:46:52,779 - proctoring - DEBUG - [image_utils.py:43] - Decoded base64 data length: 16521
2025-04-13 20:46:52,779 - proctoring - INFO - [detection_service.py:13] - Processing new frame
2025-04-13 20:46:52,779 - proctoring - INFO - [face_detection.py:9] - Starting face detection
2025-04-13 20:46:52,783 - proctoring - INFO - [face_detection.py:38] - Face detected with confidence 0.95
2025-04-13 20:46:52,872 - proctoring - INFO - [detection_service.py:28] - Face detection found 1 events
2025-04-13 20:46:52,872 - proctoring - DEBUG - [detection_service.py:31] - No Hand detections
2025-04-13 20:46:52,872 - proctoring - DEBUG - [detection_service.py:31] - No Face Mesh detections
2025-04-13 20:46:52,872 - proctoring - DEBUG - [detection_service.py:31] - No YOLO detections
2025-04-13 20:46:52,872 - proctoring - INFO - [detection_service.py:34] - Total events detected: 1
2025-04-13 20:46:52,872 - proctoring - INFO - [log_service.py:12] - Attempting to store 1 logs for user 1
2025-04-13 20:46:52,872 - proctoring - DEBUG - [log_service.py:26] - Created log entry: {'time': '2025-04-13 20:46:52.779761', 'event': 'Face detected'}
2025-04-13 20:46:52,873 - proctoring - INFO - [log_service.py:40] - Successfully stored 1 logs
2025-04-13 20:46:52,883 - proctoring - DEBUG - [image_utils.py:43] - Decoded base64 data length: 15753
2025-04-13 20:46:52,884 - proctoring - INFO - [detection_service.py:13] - Processing new frame
2025-04-13 20:46:52,884 - proctoring - INFO - [face_detection.py:9] - Starting face detection
2025-04-13 20:46:52,888 - proctoring - INFO - [face_detection.py:38] - Face detected with confidence 0.95
2025-04-13 20:46:52,986 - proctoring - INFO - [detection_service.py:28] - Face detection found 1 events
2025-04-13 20:46:52,986 - proctoring - DEBUG - [detection_service.py:31] - No Hand detections
2025-04-13 20:46:52,986 - proctoring - INFO - [detection_service.py:28] - Face Mesh detection found 1 events
2025-04-13 20:46:52,986 - proctoring - DEBUG - [detection_service.py:31] - No YOLO detections
2025-04-13 20:46:52,986 - proctoring - INFO - [detection_service.py:34] - Total events detected: 2
2025-04-13 20:46:52,986 - proctoring - INFO - [log_service.py:12] - Attempting to store 2 logs for user 1
2025-04-13 20:46:52,986 - proctoring - DEBUG - [log_service.py:26] - Created log entry: {'time': '2025-04-13 20:46:52.884534', 'event': 'Face detected'}
2025-04-13 20:46:52,986 - proctoring - DEBUG - [log_service.py:26] - Created log entry: {'time': '2025-04-13 20:46:52.923190', 'event': 'Mouth movement detected'}
2025-04-13 20:46:52,988 - proctoring - INFO - [log_service.py:40] - Successfully stored 2 logs
2025-04-13 20:46:52,991 - proctoring - DEBUG - [image_utils.py:43] - Decoded base64 data length: 16279
2025-04-13 20:46:52,991 - proctoring - INFO - [detection_service.py:13] - Processing new frame
2025-04-13 20:46:52,991 - proctoring - INFO - [face_detection.py:9] - Starting face detection
2025-04-13 20:46:52,995 - proctoring - INFO - [face_detection.py:38] - Face detected with confidence 0.95
2025-04-13 20:46:53,091 - proctoring - INFO - [detection_service.py:28] - Face detection found 1 events
2025-04-13 20:46:53,092 - proctoring - DEBUG - [detection_service.py:31] - No Hand detections
2025-04-13 20:46:53,092 - proctoring - INFO - [detection_service.py:28] - Face Mesh detection found 1 events
2025-04-13 20:46:53,092 - proctoring - DEBUG - [detection_service.py:31] - No YOLO detections
2025-04-13 20:46:53,092 - proctoring - INFO - [detection_service.py:34] - Total events detected: 2
2025-04-13 20:46:53,092 - proctoring - INFO - [log_service.py:12] - Attempting to store 2 logs for user 1
2025-04-13 20:46:53,092 - proctoring - DEBUG - [log_service.py:26] - Created log entry: {'time': '2025-04-13 20:46:52.991782', 'event': 'Face detected'}
2025-04-13 20:46:53,092 - proctoring - DEBUG - [log_service.py:26] - Created log entry: {'time': '2025-04-13 20:46:53.027323', 'event': 'Mouth movement detected'}
2025-04-13 20:46:53,094 - proctoring - INFO - [log_service.py:40] - Successfully stored 2 logs
2025-04-13 20:46:53,101 - proctoring - DEBUG - [image_utils.py:43] - Decoded base64 data length: 16760
2025-04-13 20:46:53,102 - proctoring - INFO - [detection_service.py:13] - Processing new frame
2025-04-13 20:46:53,102 - proctoring - INFO - [face_detection.py:9] - Starting face detection
2025-04-13 20:46:53,106 - proctoring - INFO - [face_detection.py:38] - Face detected with confidence 0.95
2025-04-13 20:46:53,194 - proctoring - INFO - [detection_service.py:28] - Face detection found 1 events
2025-04-13 20:46:53,194 - proctoring - DEBUG - [detection_service.py:31] - No Hand detections
2025-04-13 20:46:53,194 - proctoring - INFO - [detection_service.py:28] - Face Mesh detection found 1 events
2025-04-13 20:46:53,194 - proctoring - DEBUG - [detection_service.py:31] - No YOLO detections
2025-04-13 20:46:53,194 - proctoring - INFO - [detection_service.py:34] - Total events detected: 2
2025-04-13 20:46:53,194 - proctoring - INFO - [log_service.py:12] - Attempting to store 2 logs for user 1
2025-04-13 20:46:53,195 - proctoring - DEBUG - [log_service.py:26] - Created log entry: {'time': '2025-04-13 20:46:53.102065', 'event': 'Face detected'}
2025-04-13 20:46:53,195 - proctoring - DEBUG - [log_service.py:26] - Created log entry: {'time': '2025-04-13 20:46:53.127865', 'event': 'Mouth movement detected'}
2025-04-13 20:46:53,197 - proctoring - INFO - [log_service.py:40] - Successfully stored 2 logs
2025-04-13 20:46:53,208 - proctoring - DEBUG - [image_utils.py:43] - Decoded base64 data length: 16146
2025-04-13 20:46:53,209 - proctoring - INFO - [detection_service.py:13] - Processing new frame
2025-04-13 20:46:53,209 - proctoring - INFO - [face_detection.py:9] - Starting face detection
2025-04-13 20:46:53,214 - proctoring - INFO - [face_detection.py:38] - Face detected with confidence 0.95
2025-04-13 20:46:53,303 - proctoring - INFO - [detection_service.py:28] - Face detection found 1 events
2025-04-13 20:46:53,303 - proctoring - DEBUG - [detection_service.py:31] - No Hand detections
2025-04-13 20:46:53,303 - proctoring - INFO - [detection_service.py:28] - Face Mesh detection found 1 events
2025-04-13 20:46:53,303 - proctoring - DEBUG - [detection_service.py:31] - No YOLO detections
2025-04-13 20:46:53,303 - proctoring - INFO - [detection_service.py:34] - Total events detected: 2
2025-04-13 20:46:53,303 - proctoring - INFO - [log_service.py:12] - Attempting to store 2 logs for user 1
2025-04-13 20:46:53,303 - proctoring - DEBUG - [log_service.py:26] - Created log entry: {'time': '2025-04-13 20:46:53.209146', 'event': 'Face detected'}
2025-04-13 20:46:53,303 - proctoring - DEBUG - [log_service.py:26] - Created log entry: {'time': '2025-04-13 20:46:53.237837', 'event': 'Mouth movement detected'}
2025-04-13 20:46:53,305 - proctoring - INFO - [log_service.py:40] - Successfully stored 2 logs
2025-04-13 20:46:53,317 - proctoring - DEBUG - [image_utils.py:43] - Decoded base64 data length: 14766
2025-04-13 20:46:53,317 - proctoring - INFO - [detection_service.py:13] - Processing new frame
2025-04-13 20:46:53,317 - proctoring - INFO - [face_detection.py:9] - Starting face detection
2025-04-13 20:46:53,322 - proctoring - INFO - [face_detection.py:38] - Face detected with confidence 0.94
2025-04-13 20:46:53,422 - proctoring - INFO - [detection_service.py:28] - Face detection found 1 events
2025-04-13 20:46:53,422 - proctoring - DEBUG - [detection_service.py:31] - No Hand detections
2025-04-13 20:46:53,422 - proctoring - INFO - [detection_service.py:28] - Face Mesh detection found 1 events
2025-04-13 20:46:53,422 - proctoring - DEBUG - [detection_service.py:31] - No YOLO detections
2025-04-13 20:46:53,422 - proctoring - INFO - [detection_service.py:34] - Total events detected: 2
2025-04-13 20:46:53,422 - proctoring - INFO - [log_service.py:12] - Attempting to store 2 logs for user 1
2025-04-13 20:46:53,422 - proctoring - DEBUG - [log_service.py:26] - Created log entry: {'time': '2025-04-13 20:46:53.317921', 'event': 'Face detected'}
2025-04-13 20:46:53,422 - proctoring - DEBUG - [log_service.py:26] - Created log entry: {'time': '2025-04-13 20:46:53.356107', 'event': 'Mouth movement detected'}
2025-04-13 20:46:53,424 - proctoring - INFO - [log_service.py:40] - Successfully stored 2 logs
2025-04-13 20:46:53,427 - proctoring - DEBUG - [image_utils.py:43] - Decoded base64 data length: 14869
2025-04-13 20:46:53,428 - proctoring - INFO - [detection_service.py:13] - Processing new frame
2025-04-13 20:46:53,428 - proctoring - INFO - [face_detection.py:9] - Starting face detection
2025-04-13 20:46:53,432 - proctoring - INFO - [face_detection.py:38] - Face detected with confidence 0.93
2025-04-13 20:46:53,540 - proctoring - INFO - [detection_service.py:28] - Face detection found 1 events
2025-04-13 20:46:53,540 - proctoring - DEBUG - [detection_service.py:31] - No Hand detections
2025-04-13 20:46:53,540 - proctoring - INFO - [detection_service.py:28] - Face Mesh detection found 1 events
2025-04-13 20:46:53,540 - proctoring - DEBUG - [detection_service.py:31] - No YOLO detections
2025-04-13 20:46:53,540 - proctoring - INFO - [detection_service.py:34] - Total events detected: 2
2025-04-13 20:46:53,540 - proctoring - INFO - [log_service.py:12] - Attempting to store 2 logs for user 1
2025-04-13 20:46:53,540 - proctoring - DEBUG - [log_service.py:26] - Created log entry: {'time': '2025-04-13 20:46:53.428174', 'event': 'Face detected'}
2025-04-13 20:46:53,540 - proctoring - DEBUG - [log_service.py:26] - Created log entry: {'time': '2025-04-13 20:46:53.473321', 'event': 'Mouth movement detected'}
2025-04-13 20:46:53,542 - proctoring - INFO - [log_service.py:40] - Successfully stored 2 logs
2025-04-13 20:46:53,544 - proctoring - DEBUG - [image_utils.py:43] - Decoded base64 data length: 15947
2025-04-13 20:46:53,544 - proctoring - INFO - [detection_service.py:13] - Processing new frame
2025-04-13 20:46:53,544 - proctoring - INFO - [face_detection.py:9] - Starting face detection
2025-04-13 20:46:53,549 - proctoring - INFO - [face_detection.py:38] - Face detected with confidence 0.95
2025-04-13 20:46:53,634 - proctoring - INFO - [detection_service.py:28] - Face detection found 1 events
2025-04-13 20:46:53,634 - proctoring - DEBUG - [detection_service.py:31] - No Hand detections
2025-04-13 20:46:53,634 - proctoring - INFO - [detection_service.py:28] - Face Mesh detection found 1 events
2025-04-13 20:46:53,634 - proctoring - DEBUG - [detection_service.py:31] - No YOLO detections
2025-04-13 20:46:53,634 - proctoring - INFO - [detection_service.py:34] - Total events detected: 2
2025-04-13 20:46:53,634 - proctoring - INFO - [log_service.py:12] - Attempting to store 2 logs for user 1
2025-04-13 20:46:53,634 - proctoring - DEBUG - [log_service.py:26] - Created log entry: {'time': '2025-04-13 20:46:53.544791', 'event': 'Face detected'}
2025-04-13 20:46:53,634 - proctoring - DEBUG - [log_service.py:26] - Created log entry: {'time': '2025-04-13 20:46:53.571254', 'event': 'Mouth movement detected'}
2025-04-13 20:46:53,637 - proctoring - INFO - [log_service.py:40] - Successfully stored 2 logs
2025-04-13 20:46:53,645 - proctoring - DEBUG - [image_utils.py:43] - Decoded base64 data length: 16107
2025-04-13 20:46:53,646 - proctoring - INFO - [detection_service.py:13] - Processing new frame
2025-04-13 20:46:53,646 - proctoring - INFO - [face_detection.py:9] - Starting face detection
2025-04-13 20:46:53,650 - proctoring - INFO - [face_detection.py:38] - Face detected with confidence 0.95
2025-04-13 20:46:53,756 - proctoring - INFO - [detection_service.py:28] - Face detection found 1 events
2025-04-13 20:46:53,756 - proctoring - DEBUG - [detection_service.py:31] - No Hand detections
2025-04-13 20:46:53,756 - proctoring - INFO - [detection_service.py:28] - Face Mesh detection found 1 events
2025-04-13 20:46:53,756 - proctoring - DEBUG - [detection_service.py:31] - No YOLO detections
2025-04-13 20:46:53,756 - proctoring - INFO - [detection_service.py:34] - Total events detected: 2
2025-04-13 20:46:53,756 - proctoring - INFO - [log_service.py:12] - Attempting to store 2 logs for user 1
2025-04-13 20:46:53,756 - proctoring - DEBUG - [log_service.py:26] - Created log entry: {'time': '2025-04-13 20:46:53.646149', 'event': 'Face detected'}
2025-04-13 20:46:53,756 - proctoring - DEBUG - [log_service.py:26] - Created log entry: {'time': '2025-04-13 20:46:53.683771', 'event': 'Mouth movement detected'}
2025-04-13 20:46:53,759 - proctoring - INFO - [log_service.py:40] - Successfully stored 2 logs
2025-04-13 20:46:53,762 - proctoring - DEBUG - [image_utils.py:43] - Decoded base64 data length: 16536
2025-04-13 20:46:53,763 - proctoring - INFO - [detection_service.py:13] - Processing new frame
2025-04-13 20:46:53,763 - proctoring - INFO - [face_detection.py:9] - Starting face detection
2025-04-13 20:46:53,767 - proctoring - INFO - [face_detection.py:38] - Face detected with confidence 0.95
2025-04-13 20:46:53,860 - proctoring - INFO - [detection_service.py:28] - Face detection found 1 events
2025-04-13 20:46:53,860 - proctoring - DEBUG - [detection_service.py:31] - No Hand detections
2025-04-13 20:46:53,860 - proctoring - INFO - [detection_service.py:28] - Face Mesh detection found 1 events
2025-04-13 20:46:53,860 - proctoring - DEBUG - [detection_service.py:31] - No YOLO detections
2025-04-13 20:46:53,860 - proctoring - INFO - [detection_service.py:34] - Total events detected: 2
2025-04-13 20:46:53,860 - proctoring - INFO - [log_service.py:12] - Attempting to store 2 logs for user 1
2025-04-13 20:46:53,860 - proctoring - DEBUG - [log_service.py:26] - Created log entry: {'time': '2025-04-13 20:46:53.763243', 'event': 'Face detected'}
2025-04-13 20:46:53,860 - proctoring - DEBUG - [log_service.py:26] - Created log entry: {'time': '2025-04-13 20:46:53.790899', 'event': 'Mouth movement detected'}
2025-04-13 20:46:53,862 - proctoring - INFO - [log_service.py:40] - Successfully stored 2 logs
2025-04-13 20:46:53,867 - proctoring - DEBUG - [image_utils.py:43] - Decoded base64 data length: 15590
2025-04-13 20:46:53,867 - proctoring - INFO - [detection_service.py:13] - Processing new frame
2025-04-13 20:46:53,867 - proctoring - INFO - [face_detection.py:9] - Starting face detection
2025-04-13 20:46:53,871 - proctoring - INFO - [face_detection.py:38] - Face detected with confidence 0.96
2025-04-13 20:46:53,966 - proctoring - INFO - [detection_service.py:28] - Face detection found 1 events
2025-04-13 20:46:53,966 - proctoring - DEBUG - [detection_service.py:31] - No Hand detections
2025-04-13 20:46:53,966 - proctoring - INFO - [detection_service.py:28] - Face Mesh detection found 1 events
2025-04-13 20:46:53,966 - proctoring - DEBUG - [detection_service.py:31] - No YOLO detections
2025-04-13 20:46:53,966 - proctoring - INFO - [detection_service.py:34] - Total events detected: 2
2025-04-13 20:46:53,966 - proctoring - INFO - [log_service.py:12] - Attempting to store 2 logs for user 1
2025-04-13 20:46:53,967 - proctoring - DEBUG - [log_service.py:26] - Created log entry: {'time': '2025-04-13 20:46:53.867721', 'event': 'Face detected'}
2025-04-13 20:46:53,967 - proctoring - DEBUG - [log_service.py:26] - Created log entry: {'time': '2025-04-13 20:46:53.905105', 'event': 'Mouth movement detected'}
2025-04-13 20:46:53,969 - proctoring - INFO - [log_service.py:40] - Successfully stored 2 logs
2025-04-13 20:46:53,976 - proctoring - DEBUG - [image_utils.py:43] - Decoded base64 data length: 15563
2025-04-13 20:46:53,976 - proctoring - INFO - [detection_service.py:13] - Processing new frame
2025-04-13 20:46:53,976 - proctoring - INFO - [face_detection.py:9] - Starting face detection
2025-04-13 20:46:53,981 - proctoring - INFO - [face_detection.py:38] - Face detected with confidence 0.96
2025-04-13 20:46:54,112 - proctoring - INFO - [detection_service.py:28] - Face detection found 1 events
2025-04-13 20:46:54,113 - proctoring - DEBUG - [detection_service.py:31] - No Hand detections
2025-04-13 20:46:54,113 - proctoring - INFO - [detection_service.py:28] - Face Mesh detection found 1 events
2025-04-13 20:46:54,113 - proctoring - DEBUG - [detection_service.py:31] - No YOLO detections
2025-04-13 20:46:54,113 - proctoring - INFO - [detection_service.py:34] - Total events detected: 2
2025-04-13 20:46:54,113 - proctoring - INFO - [log_service.py:12] - Attempting to store 2 logs for user 1
2025-04-13 20:46:54,113 - proctoring - DEBUG - [log_service.py:26] - Created log entry: {'time': '2025-04-13 20:46:53.976657', 'event': 'Face detected'}
2025-04-13 20:46:54,113 - proctoring - DEBUG - [log_service.py:26] - Created log entry: {'time': '2025-04-13 20:46:54.013773', 'event': 'Mouth movement detected'}
2025-04-13 20:46:54,115 - proctoring - INFO - [log_service.py:40] - Successfully stored 2 logs
2025-04-13 20:46:54,117 - proctoring - DEBUG - [image_utils.py:43] - Decoded base64 data length: 15114
2025-04-13 20:46:54,117 - proctoring - INFO - [detection_service.py:13] - Processing new frame
2025-04-13 20:46:54,117 - proctoring - INFO - [face_detection.py:9] - Starting face detection
2025-04-13 20:46:54,121 - proctoring - INFO - [face_detection.py:38] - Face detected with confidence 0.94
2025-04-13 20:46:54,222 - proctoring - INFO - [detection_service.py:28] - Face detection found 1 events
2025-04-13 20:46:54,222 - proctoring - DEBUG - [detection_service.py:31] - No Hand detections
2025-04-13 20:46:54,222 - proctoring - INFO - [detection_service.py:28] - Face Mesh detection found 1 events
2025-04-13 20:46:54,222 - proctoring - DEBUG - [detection_service.py:31] - No YOLO detections
2025-04-13 20:46:54,222 - proctoring - INFO - [detection_service.py:34] - Total events detected: 2
2025-04-13 20:46:54,222 - proctoring - INFO - [log_service.py:12] - Attempting to store 2 logs for user 1
2025-04-13 20:46:54,222 - proctoring - DEBUG - [log_service.py:26] - Created log entry: {'time': '2025-04-13 20:46:54.117700', 'event': 'Face detected'}
2025-04-13 20:46:54,222 - proctoring - DEBUG - [log_service.py:26] - Created log entry: {'time': '2025-04-13 20:46:54.147289', 'event': 'Mouth movement detected'}
2025-04-13 20:46:54,224 - proctoring - INFO - [log_service.py:40] - Successfully stored 2 logs
2025-04-13 20:46:54,225 - proctoring - DEBUG - [image_utils.py:43] - Decoded base64 data length: 13594
2025-04-13 20:46:54,226 - proctoring - INFO - [detection_service.py:13] - Processing new frame
2025-04-13 20:46:54,226 - proctoring - INFO - [face_detection.py:9] - Starting face detection
2025-04-13 20:46:54,230 - proctoring - INFO - [face_detection.py:38] - Face detected with confidence 0.94
2025-04-13 20:46:54,333 - proctoring - INFO - [detection_service.py:28] - Face detection found 1 events
2025-04-13 20:46:54,333 - proctoring - DEBUG - [detection_service.py:31] - No Hand detections
2025-04-13 20:46:54,333 - proctoring - INFO - [detection_service.py:28] - Face Mesh detection found 1 events
2025-04-13 20:46:54,333 - proctoring - DEBUG - [detection_service.py:31] - No YOLO detections
2025-04-13 20:46:54,333 - proctoring - INFO - [detection_service.py:34] - Total events detected: 2
2025-04-13 20:46:54,333 - proctoring - INFO - [log_service.py:12] - Attempting to store 2 logs for user 1
2025-04-13 20:46:54,333 - proctoring - DEBUG - [log_service.py:26] - Created log entry: {'time': '2025-04-13 20:46:54.226403', 'event': 'Face detected'}
2025-04-13 20:46:54,333 - proctoring - DEBUG - [log_service.py:26] - Created log entry: {'time': '2025-04-13 20:46:54.262746', 'event': 'Mouth movement detected'}
2025-04-13 20:46:54,335 - proctoring - INFO - [log_service.py:40] - Successfully stored 2 logs
2025-04-13 20:46:54,336 - proctoring - DEBUG - [image_utils.py:43] - Decoded base64 data length: 14385
2025-04-13 20:46:54,337 - proctoring - INFO - [detection_service.py:13] - Processing new frame
2025-04-13 20:46:54,337 - proctoring - INFO - [face_detection.py:9] - Starting face detection
2025-04-13 20:46:54,343 - proctoring - INFO - [face_detection.py:38] - Face detected with confidence 0.96
2025-04-13 20:46:54,446 - proctoring - INFO - [detection_service.py:28] - Face detection found 1 events
2025-04-13 20:46:54,446 - proctoring - DEBUG - [detection_service.py:31] - No Hand detections
2025-04-13 20:46:54,446 - proctoring - INFO - [detection_service.py:28] - Face Mesh detection found 1 events
2025-04-13 20:46:54,446 - proctoring - DEBUG - [detection_service.py:31] - No YOLO detections
2025-04-13 20:46:54,446 - proctoring - INFO - [detection_service.py:34] - Total events detected: 2
2025-04-13 20:46:54,446 - proctoring - INFO - [log_service.py:12] - Attempting to store 2 logs for user 1
2025-04-13 20:46:54,446 - proctoring - DEBUG - [log_service.py:26] - Created log entry: {'time': '2025-04-13 20:46:54.337258', 'event': 'Face detected'}
2025-04-13 20:46:54,446 - proctoring - DEBUG - [log_service.py:26] - Created log entry: {'time': '2025-04-13 20:46:54.378382', 'event': 'Mouth movement detected'}
2025-04-13 20:46:54,448 - proctoring - INFO - [log_service.py:40] - Successfully stored 2 logs
2025-04-13 20:46:54,450 - proctoring - DEBUG - [image_utils.py:43] - Decoded base64 data length: 15648
2025-04-13 20:46:54,450 - proctoring - INFO - [detection_service.py:13] - Processing new frame
2025-04-13 20:46:54,450 - proctoring - INFO - [face_detection.py:9] - Starting face detection
2025-04-13 20:46:54,455 - proctoring - INFO - [face_detection.py:38] - Face detected with confidence 0.95
2025-04-13 20:46:54,567 - proctoring - INFO - [detection_service.py:28] - Face detection found 1 events
2025-04-13 20:46:54,568 - proctoring - DEBUG - [detection_service.py:31] - No Hand detections
2025-04-13 20:46:54,568 - proctoring - INFO - [detection_service.py:28] - Face Mesh detection found 1 events
2025-04-13 20:46:54,568 - proctoring - DEBUG - [detection_service.py:31] - No YOLO detections
2025-04-13 20:46:54,568 - proctoring - INFO - [detection_service.py:34] - Total events detected: 2
2025-04-13 20:46:54,568 - proctoring - INFO - [log_service.py:12] - Attempting to store 2 logs for user 1
2025-04-13 20:46:54,568 - proctoring - DEBUG - [log_service.py:26] - Created log entry: {'time': '2025-04-13 20:46:54.451001', 'event': 'Face detected'}
2025-04-13 20:46:54,568 - proctoring - DEBUG - [log_service.py:26] - Created log entry: {'time': '2025-04-13 20:46:54.497306', 'event': 'Mouth movement detected'}
2025-04-13 20:46:54,570 - proctoring - INFO - [log_service.py:40] - Successfully stored 2 logs
2025-04-13 20:46:54,571 - proctoring - DEBUG - [image_utils.py:43] - Decoded base64 data length: 15603
2025-04-13 20:46:54,572 - proctoring - INFO - [detection_service.py:13] - Processing new frame
2025-04-13 20:46:54,572 - proctoring - INFO - [face_detection.py:9] - Starting face detection
2025-04-13 20:46:54,578 - proctoring - INFO - [face_detection.py:38] - Face detected with confidence 0.96
2025-04-13 20:46:54,682 - proctoring - INFO - [detection_service.py:28] - Face detection found 1 events
2025-04-13 20:46:54,682 - proctoring - DEBUG - [detection_service.py:31] - No Hand detections
2025-04-13 20:46:54,682 - proctoring - INFO - [detection_service.py:28] - Face Mesh detection found 1 events
2025-04-13 20:46:54,682 - proctoring - DEBUG - [detection_service.py:31] - No YOLO detections
2025-04-13 20:46:54,682 - proctoring - INFO - [detection_service.py:34] - Total events detected: 2
2025-04-13 20:46:54,682 - proctoring - INFO - [log_service.py:12] - Attempting to store 2 logs for user 1
2025-04-13 20:46:54,682 - proctoring - DEBUG - [log_service.py:26] - Created log entry: {'time': '2025-04-13 20:46:54.572547', 'event': 'Face detected'}
2025-04-13 20:46:54,682 - proctoring - DEBUG - [log_service.py:26] - Created log entry: {'time': '2025-04-13 20:46:54.612568', 'event': 'Mouth movement detected'}
2025-04-13 20:46:54,684 - proctoring - INFO - [log_service.py:40] - Successfully stored 2 logs
2025-04-13 20:46:54,686 - proctoring - DEBUG - [image_utils.py:43] - Decoded base64 data length: 14810
2025-04-13 20:46:54,686 - proctoring - INFO - [detection_service.py:13] - Processing new frame
2025-04-13 20:46:54,686 - proctoring - INFO - [face_detection.py:9] - Starting face detection
2025-04-13 20:46:54,691 - proctoring - INFO - [face_detection.py:38] - Face detected with confidence 0.96
2025-04-13 20:46:54,824 - proctoring - INFO - [detection_service.py:28] - Face detection found 1 events
2025-04-13 20:46:54,824 - proctoring - DEBUG - [detection_service.py:31] - No Hand detections
2025-04-13 20:46:54,824 - proctoring - INFO - [detection_service.py:28] - Face Mesh detection found 1 events
2025-04-13 20:46:54,824 - proctoring - DEBUG - [detection_service.py:31] - No YOLO detections
2025-04-13 20:46:54,824 - proctoring - INFO - [detection_service.py:34] - Total events detected: 2
2025-04-13 20:46:54,824 - proctoring - INFO - [log_service.py:12] - Attempting to store 2 logs for user 1
2025-04-13 20:46:54,824 - proctoring - DEBUG - [log_service.py:26] - Created log entry: {'time': '2025-04-13 20:46:54.686560', 'event': 'Face detected'}
2025-04-13 20:46:54,824 - proctoring - DEBUG - [log_service.py:26] - Created log entry: {'time': '2025-04-13 20:46:54.731302', 'event': 'Mouth movement detected'}
2025-04-13 20:46:54,826 - proctoring - INFO - [log_service.py:40] - Successfully stored 2 logs
2025-04-13 20:46:54,827 - proctoring - DEBUG - [image_utils.py:43] - Decoded base64 data length: 15756
2025-04-13 20:46:54,828 - proctoring - INFO - [detection_service.py:13] - Processing new frame
2025-04-13 20:46:54,828 - proctoring - INFO - [face_detection.py:9] - Starting face detection
2025-04-13 20:46:54,832 - proctoring - INFO - [face_detection.py:38] - Face detected with confidence 0.97
2025-04-13 20:46:54,939 - proctoring - INFO - [detection_service.py:28] - Face detection found 1 events
2025-04-13 20:46:54,939 - proctoring - DEBUG - [detection_service.py:31] - No Hand detections
2025-04-13 20:46:54,939 - proctoring - INFO - [detection_service.py:28] - Face Mesh detection found 1 events
2025-04-13 20:46:54,939 - proctoring - DEBUG - [detection_service.py:31] - No YOLO detections
2025-04-13 20:46:54,939 - proctoring - INFO - [detection_service.py:34] - Total events detected: 2
2025-04-13 20:46:54,939 - proctoring - INFO - [log_service.py:12] - Attempting to store 2 logs for user 1
2025-04-13 20:46:54,939 - proctoring - DEBUG - [log_service.py:26] - Created log entry: {'time': '2025-04-13 20:46:54.828496', 'event': 'Face detected'}
2025-04-13 20:46:54,939 - proctoring - DEBUG - [log_service.py:26] - Created log entry: {'time': '2025-04-13 20:46:54.875100', 'event': 'Mouth movement detected'}
2025-04-13 20:46:54,941 - proctoring - INFO - [log_service.py:40] - Successfully stored 2 logs
2025-04-13 20:46:54,943 - proctoring - DEBUG - [image_utils.py:43] - Decoded base64 data length: 15788
2025-04-13 20:46:54,943 - proctoring - INFO - [detection_service.py:13] - Processing new frame
2025-04-13 20:46:54,943 - proctoring - INFO - [face_detection.py:9] - Starting face detection
2025-04-13 20:46:54,949 - proctoring - INFO - [face_detection.py:38] - Face detected with confidence 0.96
2025-04-13 20:46:55,040 - proctoring - INFO - [detection_service.py:28] - Face detection found 1 events
2025-04-13 20:46:55,040 - proctoring - DEBUG - [detection_service.py:31] - No Hand detections
2025-04-13 20:46:55,040 - proctoring - INFO - [detection_service.py:28] - Face Mesh detection found 1 events
2025-04-13 20:46:55,040 - proctoring - DEBUG - [detection_service.py:31] - No YOLO detections
2025-04-13 20:46:55,040 - proctoring - INFO - [detection_service.py:34] - Total events detected: 2
2025-04-13 20:46:55,040 - proctoring - INFO - [log_service.py:12] - Attempting to store 2 logs for user 1
2025-04-13 20:46:55,040 - proctoring - DEBUG - [log_service.py:26] - Created log entry: {'time': '2025-04-13 20:46:54.943794', 'event': 'Face detected'}
2025-04-13 20:46:55,040 - proctoring - DEBUG - [log_service.py:26] - Created log entry: {'time': '2025-04-13 20:46:54.973519', 'event': 'Mouth movement detected'}
2025-04-13 20:46:55,042 - proctoring - INFO - [log_service.py:40] - Successfully stored 2 logs
2025-04-13 20:46:55,045 - proctoring - DEBUG - [image_utils.py:43] - Decoded base64 data length: 16265
2025-04-13 20:46:55,045 - proctoring - INFO - [detection_service.py:13] - Processing new frame
2025-04-13 20:46:55,045 - proctoring - INFO - [face_detection.py:9] - Starting face detection
2025-04-13 20:46:55,050 - proctoring - INFO - [face_detection.py:38] - Face detected with confidence 0.96
2025-04-13 20:46:55,151 - proctoring - INFO - [detection_service.py:28] - Face detection found 1 events
2025-04-13 20:46:55,151 - proctoring - DEBUG - [detection_service.py:31] - No Hand detections
2025-04-13 20:46:55,151 - proctoring - INFO - [detection_service.py:28] - Face Mesh detection found 1 events
2025-04-13 20:46:55,151 - proctoring - DEBUG - [detection_service.py:31] - No YOLO detections
2025-04-13 20:46:55,151 - proctoring - INFO - [detection_service.py:34] - Total events detected: 2
2025-04-13 20:46:55,151 - proctoring - INFO - [log_service.py:12] - Attempting to store 2 logs for user 1
2025-04-13 20:46:55,151 - proctoring - DEBUG - [log_service.py:26] - Created log entry: {'time': '2025-04-13 20:46:55.045986', 'event': 'Face detected'}
2025-04-13 20:46:55,151 - proctoring - DEBUG - [log_service.py:26] - Created log entry: {'time': '2025-04-13 20:46:55.083329', 'event': 'Mouth movement detected'}
2025-04-13 20:46:55,153 - proctoring - INFO - [log_service.py:40] - Successfully stored 2 logs
2025-04-13 20:46:55,155 - proctoring - DEBUG - [image_utils.py:43] - Decoded base64 data length: 16074
2025-04-13 20:46:55,156 - proctoring - INFO - [detection_service.py:13] - Processing new frame
2025-04-13 20:46:55,156 - proctoring - INFO - [face_detection.py:9] - Starting face detection
2025-04-13 20:46:55,161 - proctoring - INFO - [face_detection.py:38] - Face detected with confidence 0.96
2025-04-13 20:46:55,258 - proctoring - INFO - [detection_service.py:28] - Face detection found 1 events
2025-04-13 20:46:55,258 - proctoring - DEBUG - [detection_service.py:31] - No Hand detections
2025-04-13 20:46:55,258 - proctoring - INFO - [detection_service.py:28] - Face Mesh detection found 1 events
2025-04-13 20:46:55,258 - proctoring - DEBUG - [detection_service.py:31] - No YOLO detections
2025-04-13 20:46:55,258 - proctoring - INFO - [detection_service.py:34] - Total events detected: 2
2025-04-13 20:46:55,258 - proctoring - INFO - [log_service.py:12] - Attempting to store 2 logs for user 1
2025-04-13 20:46:55,258 - proctoring - DEBUG - [log_service.py:26] - Created log entry: {'time': '2025-04-13 20:46:55.156278', 'event': 'Face detected'}
2025-04-13 20:46:55,259 - proctoring - DEBUG - [log_service.py:26] - Created log entry: {'time': '2025-04-13 20:46:55.184396', 'event': 'Mouth movement detected'}
2025-04-13 20:46:55,261 - proctoring - INFO - [log_service.py:40] - Successfully stored 2 logs
2025-04-13 20:46:55,263 - proctoring - DEBUG - [image_utils.py:43] - Decoded base64 data length: 15216
2025-04-13 20:46:55,263 - proctoring - INFO - [detection_service.py:13] - Processing new frame
2025-04-13 20:46:55,263 - proctoring - INFO - [face_detection.py:9] - Starting face detection
2025-04-13 20:46:55,268 - proctoring - INFO - [face_detection.py:38] - Face detected with confidence 0.97
2025-04-13 20:46:55,374 - proctoring - INFO - [detection_service.py:28] - Face detection found 1 events
2025-04-13 20:46:55,374 - proctoring - DEBUG - [detection_service.py:31] - No Hand detections
2025-04-13 20:46:55,374 - proctoring - INFO - [detection_service.py:28] - Face Mesh detection found 1 events
2025-04-13 20:46:55,374 - proctoring - DEBUG - [detection_service.py:31] - No YOLO detections
2025-04-13 20:46:55,374 - proctoring - INFO - [detection_service.py:34] - Total events detected: 2
2025-04-13 20:46:55,374 - proctoring - INFO - [log_service.py:12] - Attempting to store 2 logs for user 1
2025-04-13 20:46:55,374 - proctoring - DEBUG - [log_service.py:26] - Created log entry: {'time': '2025-04-13 20:46:55.263659', 'event': 'Face detected'}
2025-04-13 20:46:55,374 - proctoring - DEBUG - [log_service.py:26] - Created log entry: {'time': '2025-04-13 20:46:55.305436', 'event': 'Mouth movement detected'}
2025-04-13 20:46:55,376 - proctoring - INFO - [log_service.py:40] - Successfully stored 2 logs
2025-04-13 20:46:55,379 - proctoring - DEBUG - [image_utils.py:43] - Decoded base64 data length: 15599
2025-04-13 20:46:55,380 - proctoring - INFO - [detection_service.py:13] - Processing new frame
2025-04-13 20:46:55,380 - proctoring - INFO - [face_detection.py:9] - Starting face detection
2025-04-13 20:46:55,385 - proctoring - INFO - [face_detection.py:32] - Background person detected: 2 faces found
2025-04-13 20:46:55,495 - proctoring - INFO - [detection_service.py:28] - Face detection found 1 events
2025-04-13 20:46:55,495 - proctoring - DEBUG - [detection_service.py:31] - No Hand detections
2025-04-13 20:46:55,495 - proctoring - INFO - [detection_service.py:28] - Face Mesh detection found 1 events
2025-04-13 20:46:55,495 - proctoring - DEBUG - [detection_service.py:31] - No YOLO detections
2025-04-13 20:46:55,496 - proctoring - INFO - [detection_service.py:34] - Total events detected: 2
2025-04-13 20:46:55,496 - proctoring - INFO - [log_service.py:12] - Attempting to store 2 logs for user 1
2025-04-13 20:46:55,496 - proctoring - DEBUG - [log_service.py:26] - Created log entry: {'time': '2025-04-13 20:46:55.380203', 'event': 'Background person detected'}
2025-04-13 20:46:55,496 - proctoring - DEBUG - [log_service.py:26] - Created log entry: {'time': '2025-04-13 20:46:55.427446', 'event': 'Mouth movement detected'}
2025-04-13 20:46:55,497 - proctoring - INFO - [log_service.py:40] - Successfully stored 2 logs
2025-04-13 20:46:55,499 - proctoring - DEBUG - [image_utils.py:43] - Decoded base64 data length: 16054
2025-04-13 20:46:55,500 - proctoring - INFO - [detection_service.py:13] - Processing new frame
2025-04-13 20:46:55,500 - proctoring - INFO - [face_detection.py:9] - Starting face detection
2025-04-13 20:46:55,504 - proctoring - INFO - [face_detection.py:38] - Face detected with confidence 0.96
2025-04-13 20:46:55,536 - proctoring - INFO - [hand_detection.py:25] - Hand detected
2025-04-13 20:46:55,605 - proctoring - INFO - [detection_service.py:28] - Face detection found 1 events
2025-04-13 20:46:55,605 - proctoring - INFO - [detection_service.py:28] - Hand detection found 1 events
2025-04-13 20:46:55,605 - proctoring - INFO - [detection_service.py:28] - Face Mesh detection found 1 events
2025-04-13 20:46:55,605 - proctoring - DEBUG - [detection_service.py:31] - No YOLO detections
2025-04-13 20:46:55,605 - proctoring - INFO - [detection_service.py:34] - Total events detected: 3
2025-04-13 20:46:55,605 - proctoring - INFO - [log_service.py:12] - Attempting to store 3 logs for user 1
2025-04-13 20:46:55,605 - proctoring - DEBUG - [log_service.py:26] - Created log entry: {'time': '2025-04-13 20:46:55.500517', 'event': 'Face detected'}
2025-04-13 20:46:55,605 - proctoring - DEBUG - [log_service.py:26] - Created log entry: {'time': '2025-04-13 20:46:55.505641', 'event': 'Hand detected'}
2025-04-13 20:46:55,605 - proctoring - DEBUG - [log_service.py:26] - Created log entry: {'time': '2025-04-13 20:46:55.538767', 'event': 'Mouth movement detected'}
2025-04-13 20:46:55,608 - proctoring - INFO - [log_service.py:40] - Successfully stored 3 logs
2025-04-13 20:46:55,609 - proctoring - DEBUG - [image_utils.py:43] - Decoded base64 data length: 16138
2025-04-13 20:46:55,610 - proctoring - INFO - [detection_service.py:13] - Processing new frame
2025-04-13 20:46:55,610 - proctoring - INFO - [face_detection.py:9] - Starting face detection
2025-04-13 20:46:55,615 - proctoring - INFO - [face_detection.py:38] - Face detected with confidence 0.96
2025-04-13 20:46:55,714 - proctoring - INFO - [detection_service.py:28] - Face detection found 1 events
2025-04-13 20:46:55,714 - proctoring - DEBUG - [detection_service.py:31] - No Hand detections
2025-04-13 20:46:55,714 - proctoring - INFO - [detection_service.py:28] - Face Mesh detection found 1 events
2025-04-13 20:46:55,714 - proctoring - DEBUG - [detection_service.py:31] - No YOLO detections
2025-04-13 20:46:55,714 - proctoring - INFO - [detection_service.py:34] - Total events detected: 2
2025-04-13 20:46:55,714 - proctoring - INFO - [log_service.py:12] - Attempting to store 2 logs for user 1
2025-04-13 20:46:55,714 - proctoring - DEBUG - [log_service.py:26] - Created log entry: {'time': '2025-04-13 20:46:55.610276', 'event': 'Face detected'}
2025-04-13 20:46:55,714 - proctoring - DEBUG - [log_service.py:26] - Created log entry: {'time': '2025-04-13 20:46:55.648041', 'event': 'Mouth movement detected'}
2025-04-13 20:46:55,716 - proctoring - INFO - [log_service.py:40] - Successfully stored 2 logs
2025-04-13 20:46:55,718 - proctoring - DEBUG - [image_utils.py:43] - Decoded base64 data length: 16036
2025-04-13 20:46:55,718 - proctoring - INFO - [detection_service.py:13] - Processing new frame
2025-04-13 20:46:55,718 - proctoring - INFO - [face_detection.py:9] - Starting face detection
2025-04-13 20:46:55,723 - proctoring - INFO - [face_detection.py:38] - Face detected with confidence 0.95
2025-04-13 20:46:55,825 - proctoring - INFO - [detection_service.py:28] - Face detection found 1 events
2025-04-13 20:46:55,826 - proctoring - DEBUG - [detection_service.py:31] - No Hand detections
2025-04-13 20:46:55,826 - proctoring - DEBUG - [detection_service.py:31] - No Face Mesh detections
2025-04-13 20:46:55,826 - proctoring - DEBUG - [detection_service.py:31] - No YOLO detections
2025-04-13 20:46:55,826 - proctoring - INFO - [detection_service.py:34] - Total events detected: 1
2025-04-13 20:46:55,826 - proctoring - INFO - [log_service.py:12] - Attempting to store 1 logs for user 1
2025-04-13 20:46:55,826 - proctoring - DEBUG - [log_service.py:26] - Created log entry: {'time': '2025-04-13 20:46:55.718914', 'event': 'Face detected'}
2025-04-13 20:46:55,827 - proctoring - INFO - [log_service.py:40] - Successfully stored 1 logs
2025-04-13 20:46:56,689 - proctoring - DEBUG - [image_utils.py:43] - Decoded base64 data length: 16410
2025-04-13 20:46:56,691 - proctoring - INFO - [detection_service.py:13] - Processing new frame
2025-04-13 20:46:56,691 - proctoring - INFO - [face_detection.py:9] - Starting face detection
2025-04-13 20:46:56,702 - proctoring - INFO - [face_detection.py:38] - Face detected with confidence 0.92
2025-04-13 20:46:56,819 - proctoring - INFO - [detection_service.py:28] - Face detection found 1 events
2025-04-13 20:46:56,819 - proctoring - DEBUG - [detection_service.py:31] - No Hand detections
2025-04-13 20:46:56,819 - proctoring - DEBUG - [detection_service.py:31] - No Face Mesh detections
2025-04-13 20:46:56,819 - proctoring - DEBUG - [detection_service.py:31] - No YOLO detections
2025-04-13 20:46:56,819 - proctoring - INFO - [detection_service.py:34] - Total events detected: 1
2025-04-13 20:46:56,819 - proctoring - INFO - [log_service.py:12] - Attempting to store 1 logs for user 1
2025-04-13 20:46:56,819 - proctoring - DEBUG - [log_service.py:26] - Created log entry: {'time': '2025-04-13 20:46:56.691189', 'event': 'Face detected'}
2025-04-13 20:46:56,821 - proctoring - INFO - [log_service.py:40] - Successfully stored 1 logs
2025-04-13 20:46:57,683 - proctoring - DEBUG - [image_utils.py:43] - Decoded base64 data length: 16768
2025-04-13 20:46:57,683 - proctoring - INFO - [detection_service.py:13] - Processing new frame
2025-04-13 20:46:57,683 - proctoring - INFO - [face_detection.py:9] - Starting face detection
2025-04-13 20:46:57,687 - proctoring - INFO - [face_detection.py:38] - Face detected with confidence 0.92
2025-04-13 20:46:57,784 - proctoring - INFO - [detection_service.py:28] - Face detection found 1 events
2025-04-13 20:46:57,785 - proctoring - DEBUG - [detection_service.py:31] - No Hand detections
2025-04-13 20:46:57,785 - proctoring - DEBUG - [detection_service.py:31] - No Face Mesh detections
2025-04-13 20:46:57,785 - proctoring - DEBUG - [detection_service.py:31] - No YOLO detections
2025-04-13 20:46:57,785 - proctoring - INFO - [detection_service.py:34] - Total events detected: 1
2025-04-13 20:46:57,785 - proctoring - INFO - [log_service.py:12] - Attempting to store 1 logs for user 1
2025-04-13 20:46:57,785 - proctoring - DEBUG - [log_service.py:26] - Created log entry: {'time': '2025-04-13 20:46:57.683751', 'event': 'Face detected'}
2025-04-13 20:46:57,787 - proctoring - INFO - [log_service.py:40] - Successfully stored 1 logs
2025-04-13 20:46:58,681 - proctoring - DEBUG - [image_utils.py:43] - Decoded base64 data length: 15190
2025-04-13 20:46:58,682 - proctoring - INFO - [detection_service.py:13] - Processing new frame
2025-04-13 20:46:58,682 - proctoring - INFO - [face_detection.py:9] - Starting face detection
2025-04-13 20:46:58,686 - proctoring - INFO - [face_detection.py:38] - Face detected with confidence 0.93
2025-04-13 20:46:58,776 - proctoring - INFO - [detection_service.py:28] - Face detection found 1 events
2025-04-13 20:46:58,776 - proctoring - DEBUG - [detection_service.py:31] - No Hand detections
2025-04-13 20:46:58,776 - proctoring - DEBUG - [detection_service.py:31] - No Face Mesh detections
2025-04-13 20:46:58,776 - proctoring - DEBUG - [detection_service.py:31] - No YOLO detections
2025-04-13 20:46:58,776 - proctoring - INFO - [detection_service.py:34] - Total events detected: 1
2025-04-13 20:46:58,776 - proctoring - INFO - [log_service.py:12] - Attempting to store 1 logs for user 1
2025-04-13 20:46:58,776 - proctoring - DEBUG - [log_service.py:26] - Created log entry: {'time': '2025-04-13 20:46:58.682631', 'event': 'Face detected'}
2025-04-13 20:46:58,778 - proctoring - INFO - [log_service.py:40] - Successfully stored 1 logs
2025-04-13 20:46:59,681 - proctoring - DEBUG - [image_utils.py:43] - Decoded base64 data length: 16795
2025-04-13 20:46:59,682 - proctoring - INFO - [detection_service.py:13] - Processing new frame
2025-04-13 20:46:59,682 - proctoring - INFO - [face_detection.py:9] - Starting face detection
2025-04-13 20:46:59,686 - proctoring - INFO - [face_detection.py:38] - Face detected with confidence 0.94
2025-04-13 20:46:59,778 - proctoring - INFO - [detection_service.py:28] - Face detection found 1 events
2025-04-13 20:46:59,778 - proctoring - DEBUG - [detection_service.py:31] - No Hand detections
2025-04-13 20:46:59,778 - proctoring - DEBUG - [detection_service.py:31] - No Face Mesh detections
2025-04-13 20:46:59,778 - proctoring - DEBUG - [detection_service.py:31] - No YOLO detections
2025-04-13 20:46:59,778 - proctoring - INFO - [detection_service.py:34] - Total events detected: 1
2025-04-13 20:46:59,778 - proctoring - INFO - [log_service.py:12] - Attempting to store 1 logs for user 1
2025-04-13 20:46:59,778 - proctoring - DEBUG - [log_service.py:26] - Created log entry: {'time': '2025-04-13 20:46:59.682534', 'event': 'Face detected'}
2025-04-13 20:46:59,780 - proctoring - INFO - [log_service.py:40] - Successfully stored 1 logs
2025-04-13 20:47:00,683 - proctoring - DEBUG - [image_utils.py:43] - Decoded base64 data length: 16725
2025-04-13 20:47:00,683 - proctoring - INFO - [detection_service.py:13] - Processing new frame
2025-04-13 20:47:00,683 - proctoring - INFO - [face_detection.py:9] - Starting face detection
2025-04-13 20:47:00,689 - proctoring - INFO - [face_detection.py:38] - Face detected with confidence 0.94
2025-04-13 20:47:00,778 - proctoring - INFO - [detection_service.py:28] - Face detection found 1 events
2025-04-13 20:47:00,778 - proctoring - DEBUG - [detection_service.py:31] - No Hand detections
2025-04-13 20:47:00,778 - proctoring - DEBUG - [detection_service.py:31] - No Face Mesh detections
2025-04-13 20:47:00,778 - proctoring - DEBUG - [detection_service.py:31] - No YOLO detections
2025-04-13 20:47:00,778 - proctoring - INFO - [detection_service.py:34] - Total events detected: 1
2025-04-13 20:47:00,778 - proctoring - INFO - [log_service.py:12] - Attempting to store 1 logs for user 1
2025-04-13 20:47:00,779 - proctoring - DEBUG - [log_service.py:26] - Created log entry: {'time': '2025-04-13 20:47:00.683919', 'event': 'Face detected'}
2025-04-13 20:47:00,781 - proctoring - INFO - [log_service.py:40] - Successfully stored 1 logs
2025-04-13 20:47:01,689 - proctoring - DEBUG - [image_utils.py:43] - Decoded base64 data length: 16454
2025-04-13 20:47:01,690 - proctoring - INFO - [detection_service.py:13] - Processing new frame
2025-04-13 20:47:01,690 - proctoring - INFO - [face_detection.py:9] - Starting face detection
2025-04-13 20:47:01,698 - proctoring - INFO - [face_detection.py:38] - Face detected with confidence 0.94
2025-04-13 20:47:01,794 - proctoring - INFO - [detection_service.py:28] - Face detection found 1 events
2025-04-13 20:47:01,794 - proctoring - DEBUG - [detection_service.py:31] - No Hand detections
2025-04-13 20:47:01,794 - proctoring - DEBUG - [detection_service.py:31] - No Face Mesh detections
2025-04-13 20:47:01,794 - proctoring - DEBUG - [detection_service.py:31] - No YOLO detections
2025-04-13 20:47:01,794 - proctoring - INFO - [detection_service.py:34] - Total events detected: 1
2025-04-13 20:47:01,794 - proctoring - INFO - [log_service.py:12] - Attempting to store 1 logs for user 1
2025-04-13 20:47:01,794 - proctoring - DEBUG - [log_service.py:26] - Created log entry: {'time': '2025-04-13 20:47:01.690693', 'event': 'Face detected'}
2025-04-13 20:47:01,797 - proctoring - INFO - [log_service.py:40] - Successfully stored 1 logs
2025-04-13 20:47:02,685 - proctoring - DEBUG - [image_utils.py:43] - Decoded base64 data length: 16297
2025-04-13 20:47:02,685 - proctoring - INFO - [detection_service.py:13] - Processing new frame
2025-04-13 20:47:02,685 - proctoring - INFO - [face_detection.py:9] - Starting face detection
2025-04-13 20:47:02,692 - proctoring - INFO - [face_detection.py:38] - Face detected with confidence 0.96
2025-04-13 20:47:02,797 - proctoring - INFO - [detection_service.py:28] - Face detection found 1 events
2025-04-13 20:47:02,797 - proctoring - DEBUG - [detection_service.py:31] - No Hand detections
2025-04-13 20:47:02,797 - proctoring - DEBUG - [detection_service.py:31] - No Face Mesh detections
2025-04-13 20:47:02,797 - proctoring - DEBUG - [detection_service.py:31] - No YOLO detections
2025-04-13 20:47:02,797 - proctoring - INFO - [detection_service.py:34] - Total events detected: 1
2025-04-13 20:47:02,797 - proctoring - INFO - [log_service.py:12] - Attempting to store 1 logs for user 1
2025-04-13 20:47:02,797 - proctoring - DEBUG - [log_service.py:26] - Created log entry: {'time': '2025-04-13 20:47:02.686029', 'event': 'Face detected'}
2025-04-13 20:47:02,799 - proctoring - INFO - [log_service.py:40] - Successfully stored 1 logs
2025-04-13 20:47:03,683 - proctoring - DEBUG - [image_utils.py:43] - Decoded base64 data length: 17064
2025-04-13 20:47:03,683 - proctoring - INFO - [detection_service.py:13] - Processing new frame
2025-04-13 20:47:03,683 - proctoring - INFO - [face_detection.py:9] - Starting face detection
2025-04-13 20:47:03,688 - proctoring - INFO - [face_detection.py:38] - Face detected with confidence 0.96
2025-04-13 20:47:03,791 - proctoring - INFO - [detection_service.py:28] - Face detection found 1 events
2025-04-13 20:47:03,791 - proctoring - DEBUG - [detection_service.py:31] - No Hand detections
2025-04-13 20:47:03,791 - proctoring - DEBUG - [detection_service.py:31] - No Face Mesh detections
2025-04-13 20:47:03,791 - proctoring - DEBUG - [detection_service.py:31] - No YOLO detections
2025-04-13 20:47:03,791 - proctoring - INFO - [detection_service.py:34] - Total events detected: 1
2025-04-13 20:47:03,791 - proctoring - INFO - [log_service.py:12] - Attempting to store 1 logs for user 1
2025-04-13 20:47:03,791 - proctoring - DEBUG - [log_service.py:26] - Created log entry: {'time': '2025-04-13 20:47:03.683974', 'event': 'Face detected'}
2025-04-13 20:47:03,793 - proctoring - INFO - [log_service.py:40] - Successfully stored 1 logs
2025-04-13 20:47:04,682 - proctoring - DEBUG - [image_utils.py:43] - Decoded base64 data length: 17134
2025-04-13 20:47:04,683 - proctoring - INFO - [detection_service.py:13] - Processing new frame
2025-04-13 20:47:04,683 - proctoring - INFO - [face_detection.py:9] - Starting face detection
2025-04-13 20:47:04,687 - proctoring - INFO - [face_detection.py:38] - Face detected with confidence 0.97
2025-04-13 20:47:04,791 - proctoring - INFO - [detection_service.py:28] - Face detection found 1 events
2025-04-13 20:47:04,791 - proctoring - DEBUG - [detection_service.py:31] - No Hand detections
2025-04-13 20:47:04,791 - proctoring - DEBUG - [detection_service.py:31] - No Face Mesh detections
2025-04-13 20:47:04,791 - proctoring - DEBUG - [detection_service.py:31] - No YOLO detections
2025-04-13 20:47:04,791 - proctoring - INFO - [detection_service.py:34] - Total events detected: 1
2025-04-13 20:47:04,791 - proctoring - INFO - [log_service.py:12] - Attempting to store 1 logs for user 1
2025-04-13 20:47:04,791 - proctoring - DEBUG - [log_service.py:26] - Created log entry: {'time': '2025-04-13 20:47:04.683397', 'event': 'Face detected'}
2025-04-13 20:47:04,793 - proctoring - INFO - [log_service.py:40] - Successfully stored 1 logs
2025-04-13 20:47:05,681 - proctoring - DEBUG - [image_utils.py:43] - Decoded base64 data length: 17034
2025-04-13 20:47:05,682 - proctoring - INFO - [detection_service.py:13] - Processing new frame
2025-04-13 20:47:05,682 - proctoring - INFO - [face_detection.py:9] - Starting face detection
2025-04-13 20:47:05,687 - proctoring - INFO - [face_detection.py:38] - Face detected with confidence 0.97
2025-04-13 20:47:05,790 - proctoring - INFO - [detection_service.py:28] - Face detection found 1 events
2025-04-13 20:47:05,790 - proctoring - DEBUG - [detection_service.py:31] - No Hand detections
2025-04-13 20:47:05,790 - proctoring - DEBUG - [detection_service.py:31] - No Face Mesh detections
2025-04-13 20:47:05,790 - proctoring - DEBUG - [detection_service.py:31] - No YOLO detections
2025-04-13 20:47:05,790 - proctoring - INFO - [detection_service.py:34] - Total events detected: 1
2025-04-13 20:47:05,790 - proctoring - INFO - [log_service.py:12] - Attempting to store 1 logs for user 1
2025-04-13 20:47:05,791 - proctoring - DEBUG - [log_service.py:26] - Created log entry: {'time': '2025-04-13 20:47:05.682138', 'event': 'Face detected'}
2025-04-13 20:47:05,792 - proctoring - INFO - [log_service.py:40] - Successfully stored 1 logs
2025-04-13 20:47:06,681 - proctoring - DEBUG - [image_utils.py:43] - Decoded base64 data length: 16274
2025-04-13 20:47:06,682 - proctoring - INFO - [detection_service.py:13] - Processing new frame
2025-04-13 20:47:06,682 - proctoring - INFO - [face_detection.py:9] - Starting face detection
2025-04-13 20:47:06,686 - proctoring - INFO - [face_detection.py:38] - Face detected with confidence 0.97
2025-04-13 20:47:06,790 - proctoring - INFO - [detection_service.py:28] - Face detection found 1 events
2025-04-13 20:47:06,790 - proctoring - DEBUG - [detection_service.py:31] - No Hand detections
2025-04-13 20:47:06,790 - proctoring - DEBUG - [detection_service.py:31] - No Face Mesh detections
2025-04-13 20:47:06,790 - proctoring - DEBUG - [detection_service.py:31] - No YOLO detections
2025-04-13 20:47:06,790 - proctoring - INFO - [detection_service.py:34] - Total events detected: 1
2025-04-13 20:47:06,790 - proctoring - INFO - [log_service.py:12] - Attempting to store 1 logs for user 1
2025-04-13 20:47:06,790 - proctoring - DEBUG - [log_service.py:26] - Created log entry: {'time': '2025-04-13 20:47:06.682415', 'event': 'Face detected'}
2025-04-13 20:47:06,792 - proctoring - INFO - [log_service.py:40] - Successfully stored 1 logs
2025-04-13 20:47:07,687 - proctoring - DEBUG - [image_utils.py:43] - Decoded base64 data length: 16686
2025-04-13 20:47:07,688 - proctoring - INFO - [detection_service.py:13] - Processing new frame
2025-04-13 20:47:07,688 - proctoring - INFO - [face_detection.py:9] - Starting face detection
2025-04-13 20:47:07,697 - proctoring - INFO - [face_detection.py:38] - Face detected with confidence 0.97
2025-04-13 20:47:07,814 - proctoring - INFO - [detection_service.py:28] - Face detection found 1 events
2025-04-13 20:47:07,814 - proctoring - DEBUG - [detection_service.py:31] - No Hand detections
2025-04-13 20:47:07,814 - proctoring - DEBUG - [detection_service.py:31] - No Face Mesh detections
2025-04-13 20:47:07,814 - proctoring - DEBUG - [detection_service.py:31] - No YOLO detections
2025-04-13 20:47:07,814 - proctoring - INFO - [detection_service.py:34] - Total events detected: 1
2025-04-13 20:47:07,814 - proctoring - INFO - [log_service.py:12] - Attempting to store 1 logs for user 1
2025-04-13 20:47:07,815 - proctoring - DEBUG - [log_service.py:26] - Created log entry: {'time': '2025-04-13 20:47:07.688834', 'event': 'Face detected'}
2025-04-13 20:47:07,816 - proctoring - INFO - [log_service.py:40] - Successfully stored 1 logs
2025-04-13 20:47:07,817 - proctoring - ERROR - [image_utils.py:45] - Base64 decode error: Invalid base64-encoded string: number of data characters (13) cannot be 1 more than a multiple of 4
2025-04-13 20:47:08,051 - proctoring - DEBUG - [image_utils.py:43] - Decoded base64 data length: 16919
2025-04-13 20:47:08,052 - proctoring - INFO - [detection_service.py:13] - Processing new frame
2025-04-13 20:47:08,052 - proctoring - INFO - [face_detection.py:9] - Starting face detection
2025-04-13 20:47:08,059 - proctoring - INFO - [face_detection.py:38] - Face detected with confidence 0.97
2025-04-13 20:47:08,161 - proctoring - INFO - [detection_service.py:28] - Face detection found 1 events
2025-04-13 20:47:08,161 - proctoring - DEBUG - [detection_service.py:31] - No Hand detections
2025-04-13 20:47:08,161 - proctoring - DEBUG - [detection_service.py:31] - No Face Mesh detections
2025-04-13 20:47:08,161 - proctoring - DEBUG - [detection_service.py:31] - No YOLO detections
2025-04-13 20:47:08,162 - proctoring - INFO - [detection_service.py:34] - Total events detected: 1
2025-04-13 20:47:08,162 - proctoring - INFO - [log_service.py:12] - Attempting to store 1 logs for user 1
2025-04-13 20:47:08,162 - proctoring - DEBUG - [log_service.py:26] - Created log entry: {'time': '2025-04-13 20:47:08.053034', 'event': 'Face detected'}
2025-04-13 20:47:08,163 - proctoring - INFO - [log_service.py:40] - Successfully stored 1 logs
2025-04-13 20:47:08,164 - proctoring - DEBUG - [image_utils.py:43] - Decoded base64 data length: 17089
2025-04-13 20:47:08,165 - proctoring - INFO - [detection_service.py:13] - Processing new frame
2025-04-13 20:47:08,165 - proctoring - INFO - [face_detection.py:9] - Starting face detection
2025-04-13 20:47:08,169 - proctoring - INFO - [face_detection.py:38] - Face detected with confidence 0.97
2025-04-13 20:47:08,263 - proctoring - INFO - [detection_service.py:28] - Face detection found 1 events
2025-04-13 20:47:08,263 - proctoring - DEBUG - [detection_service.py:31] - No Hand detections
2025-04-13 20:47:08,263 - proctoring - DEBUG - [detection_service.py:31] - No Face Mesh detections
2025-04-13 20:47:08,263 - proctoring - DEBUG - [detection_service.py:31] - No YOLO detections
2025-04-13 20:47:08,263 - proctoring - INFO - [detection_service.py:34] - Total events detected: 1
2025-04-13 20:47:08,263 - proctoring - INFO - [log_service.py:12] - Attempting to store 1 logs for user 1
2025-04-13 20:47:08,263 - proctoring - DEBUG - [log_service.py:26] - Created log entry: {'time': '2025-04-13 20:47:08.165459', 'event': 'Face detected'}
2025-04-13 20:47:08,265 - proctoring - INFO - [log_service.py:40] - Successfully stored 1 logs
2025-04-13 20:47:08,275 - proctoring - DEBUG - [image_utils.py:43] - Decoded base64 data length: 17143
2025-04-13 20:47:08,275 - proctoring - INFO - [detection_service.py:13] - Processing new frame
2025-04-13 20:47:08,275 - proctoring - INFO - [face_detection.py:9] - Starting face detection
2025-04-13 20:47:08,280 - proctoring - INFO - [face_detection.py:38] - Face detected with confidence 0.97
2025-04-13 20:47:08,376 - proctoring - INFO - [detection_service.py:28] - Face detection found 1 events
2025-04-13 20:47:08,376 - proctoring - DEBUG - [detection_service.py:31] - No Hand detections
2025-04-13 20:47:08,376 - proctoring - DEBUG - [detection_service.py:31] - No Face Mesh detections
2025-04-13 20:47:08,376 - proctoring - DEBUG - [detection_service.py:31] - No YOLO detections
2025-04-13 20:47:08,376 - proctoring - INFO - [detection_service.py:34] - Total events detected: 1
2025-04-13 20:47:08,376 - proctoring - INFO - [log_service.py:12] - Attempting to store 1 logs for user 1
2025-04-13 20:47:08,376 - proctoring - DEBUG - [log_service.py:26] - Created log entry: {'time': '2025-04-13 20:47:08.275948', 'event': 'Face detected'}
2025-04-13 20:47:08,378 - proctoring - INFO - [log_service.py:40] - Successfully stored 1 logs
2025-04-13 20:47:08,379 - proctoring - DEBUG - [image_utils.py:43] - Decoded base64 data length: 17241
2025-04-13 20:47:08,380 - proctoring - INFO - [detection_service.py:13] - Processing new frame
2025-04-13 20:47:08,380 - proctoring - INFO - [face_detection.py:9] - Starting face detection
2025-04-13 20:47:08,385 - proctoring - INFO - [face_detection.py:38] - Face detected with confidence 0.97
2025-04-13 20:47:08,492 - proctoring - INFO - [detection_service.py:28] - Face detection found 1 events
2025-04-13 20:47:08,492 - proctoring - DEBUG - [detection_service.py:31] - No Hand detections
2025-04-13 20:47:08,492 - proctoring - DEBUG - [detection_service.py:31] - No Face Mesh detections
2025-04-13 20:47:08,492 - proctoring - DEBUG - [detection_service.py:31] - No YOLO detections
2025-04-13 20:47:08,492 - proctoring - INFO - [detection_service.py:34] - Total events detected: 1
2025-04-13 20:47:08,492 - proctoring - INFO - [log_service.py:12] - Attempting to store 1 logs for user 1
2025-04-13 20:47:08,492 - proctoring - DEBUG - [log_service.py:26] - Created log entry: {'time': '2025-04-13 20:47:08.380697', 'event': 'Face detected'}
2025-04-13 20:47:08,494 - proctoring - INFO - [log_service.py:40] - Successfully stored 1 logs
2025-04-13 20:47:08,495 - proctoring - DEBUG - [image_utils.py:43] - Decoded base64 data length: 17430
2025-04-13 20:47:08,496 - proctoring - INFO - [detection_service.py:13] - Processing new frame
2025-04-13 20:47:08,496 - proctoring - INFO - [face_detection.py:9] - Starting face detection
2025-04-13 20:47:08,501 - proctoring - INFO - [face_detection.py:38] - Face detected with confidence 0.97
2025-04-13 20:47:08,606 - proctoring - INFO - [detection_service.py:28] - Face detection found 1 events
2025-04-13 20:47:08,606 - proctoring - DEBUG - [detection_service.py:31] - No Hand detections
2025-04-13 20:47:08,606 - proctoring - DEBUG - [detection_service.py:31] - No Face Mesh detections
2025-04-13 20:47:08,606 - proctoring - DEBUG - [detection_service.py:31] - No YOLO detections
2025-04-13 20:47:08,606 - proctoring - INFO - [detection_service.py:34] - Total events detected: 1
2025-04-13 20:47:08,606 - proctoring - INFO - [log_service.py:12] - Attempting to store 1 logs for user 1
2025-04-13 20:47:08,606 - proctoring - DEBUG - [log_service.py:26] - Created log entry: {'time': '2025-04-13 20:47:08.496329', 'event': 'Face detected'}
2025-04-13 20:47:08,608 - proctoring - INFO - [log_service.py:40] - Successfully stored 1 logs
2025-04-13 20:47:08,610 - proctoring - DEBUG - [image_utils.py:43] - Decoded base64 data length: 17479
2025-04-13 20:47:08,611 - proctoring - INFO - [detection_service.py:13] - Processing new frame
2025-04-13 20:47:08,611 - proctoring - INFO - [face_detection.py:9] - Starting face detection
2025-04-13 20:47:08,616 - proctoring - INFO - [face_detection.py:38] - Face detected with confidence 0.97
2025-04-13 20:47:08,721 - proctoring - INFO - [detection_service.py:28] - Face detection found 1 events
2025-04-13 20:47:08,721 - proctoring - DEBUG - [detection_service.py:31] - No Hand detections
2025-04-13 20:47:08,721 - proctoring - DEBUG - [detection_service.py:31] - No Face Mesh detections
2025-04-13 20:47:08,721 - proctoring - DEBUG - [detection_service.py:31] - No YOLO detections
2025-04-13 20:47:08,721 - proctoring - INFO - [detection_service.py:34] - Total events detected: 1
2025-04-13 20:47:08,721 - proctoring - INFO - [log_service.py:12] - Attempting to store 1 logs for user 1
2025-04-13 20:47:08,721 - proctoring - DEBUG - [log_service.py:26] - Created log entry: {'time': '2025-04-13 20:47:08.611075', 'event': 'Face detected'}
2025-04-13 20:47:08,723 - proctoring - INFO - [log_service.py:40] - Successfully stored 1 logs
2025-04-13 20:47:08,725 - proctoring - DEBUG - [image_utils.py:43] - Decoded base64 data length: 17482
2025-04-13 20:47:08,725 - proctoring - INFO - [detection_service.py:13] - Processing new frame
2025-04-13 20:47:08,725 - proctoring - INFO - [face_detection.py:9] - Starting face detection
2025-04-13 20:47:08,730 - proctoring - INFO - [face_detection.py:38] - Face detected with confidence 0.97
2025-04-13 20:47:08,828 - proctoring - INFO - [detection_service.py:28] - Face detection found 1 events
2025-04-13 20:47:08,828 - proctoring - DEBUG - [detection_service.py:31] - No Hand detections
2025-04-13 20:47:08,828 - proctoring - DEBUG - [detection_service.py:31] - No Face Mesh detections
2025-04-13 20:47:08,828 - proctoring - DEBUG - [detection_service.py:31] - No YOLO detections
2025-04-13 20:47:08,828 - proctoring - INFO - [detection_service.py:34] - Total events detected: 1
2025-04-13 20:47:08,828 - proctoring - INFO - [log_service.py:12] - Attempting to store 1 logs for user 1
2025-04-13 20:47:08,828 - proctoring - DEBUG - [log_service.py:26] - Created log entry: {'time': '2025-04-13 20:47:08.725593', 'event': 'Face detected'}
2025-04-13 20:47:08,830 - proctoring - INFO - [log_service.py:40] - Successfully stored 1 logs
2025-04-13 20:47:08,831 - proctoring - DEBUG - [image_utils.py:43] - Decoded base64 data length: 17585
2025-04-13 20:47:08,831 - proctoring - INFO - [detection_service.py:13] - Processing new frame
2025-04-13 20:47:08,831 - proctoring - INFO - [face_detection.py:9] - Starting face detection
2025-04-13 20:47:08,835 - proctoring - INFO - [face_detection.py:38] - Face detected with confidence 0.97
2025-04-13 20:47:08,936 - proctoring - INFO - [detection_service.py:28] - Face detection found 1 events
2025-04-13 20:47:08,936 - proctoring - DEBUG - [detection_service.py:31] - No Hand detections
2025-04-13 20:47:08,936 - proctoring - DEBUG - [detection_service.py:31] - No Face Mesh detections
2025-04-13 20:47:08,936 - proctoring - DEBUG - [detection_service.py:31] - No YOLO detections
2025-04-13 20:47:08,936 - proctoring - INFO - [detection_service.py:34] - Total events detected: 1
2025-04-13 20:47:08,936 - proctoring - INFO - [log_service.py:12] - Attempting to store 1 logs for user 1
2025-04-13 20:47:08,936 - proctoring - DEBUG - [log_service.py:26] - Created log entry: {'time': '2025-04-13 20:47:08.832016', 'event': 'Face detected'}
2025-04-13 20:47:08,938 - proctoring - INFO - [log_service.py:40] - Successfully stored 1 logs
2025-04-13 20:47:08,939 - proctoring - DEBUG - [image_utils.py:43] - Decoded base64 data length: 17692
2025-04-13 20:47:08,939 - proctoring - INFO - [detection_service.py:13] - Processing new frame
2025-04-13 20:47:08,940 - proctoring - INFO - [face_detection.py:9] - Starting face detection
2025-04-13 20:47:08,944 - proctoring - INFO - [face_detection.py:38] - Face detected with confidence 0.97
2025-04-13 20:47:09,040 - proctoring - INFO - [detection_service.py:28] - Face detection found 1 events
2025-04-13 20:47:09,040 - proctoring - DEBUG - [detection_service.py:31] - No Hand detections
2025-04-13 20:47:09,040 - proctoring - DEBUG - [detection_service.py:31] - No Face Mesh detections
2025-04-13 20:47:09,040 - proctoring - DEBUG - [detection_service.py:31] - No YOLO detections
2025-04-13 20:47:09,040 - proctoring - INFO - [detection_service.py:34] - Total events detected: 1
2025-04-13 20:47:09,040 - proctoring - INFO - [log_service.py:12] - Attempting to store 1 logs for user 1
2025-04-13 20:47:09,040 - proctoring - DEBUG - [log_service.py:26] - Created log entry: {'time': '2025-04-13 20:47:08.940033', 'event': 'Face detected'}
2025-04-13 20:47:09,042 - proctoring - INFO - [log_service.py:40] - Successfully stored 1 logs
2025-04-13 20:47:09,043 - proctoring - DEBUG - [image_utils.py:43] - Decoded base64 data length: 17621
2025-04-13 20:47:09,043 - proctoring - INFO - [detection_service.py:13] - Processing new frame
2025-04-13 20:47:09,043 - proctoring - INFO - [face_detection.py:9] - Starting face detection
2025-04-13 20:47:09,049 - proctoring - INFO - [face_detection.py:38] - Face detected with confidence 0.97
2025-04-13 20:47:09,164 - proctoring - INFO - [detection_service.py:28] - Face detection found 1 events
2025-04-13 20:47:09,164 - proctoring - DEBUG - [detection_service.py:31] - No Hand detections
2025-04-13 20:47:09,164 - proctoring - DEBUG - [detection_service.py:31] - No Face Mesh detections
2025-04-13 20:47:09,164 - proctoring - DEBUG - [detection_service.py:31] - No YOLO detections
2025-04-13 20:47:09,164 - proctoring - INFO - [detection_service.py:34] - Total events detected: 1
2025-04-13 20:47:09,164 - proctoring - INFO - [log_service.py:12] - Attempting to store 1 logs for user 1
2025-04-13 20:47:09,164 - proctoring - DEBUG - [log_service.py:26] - Created log entry: {'time': '2025-04-13 20:47:09.043897', 'event': 'Face detected'}
2025-04-13 20:47:09,165 - proctoring - INFO - [log_service.py:40] - Successfully stored 1 logs
2025-04-13 20:47:09,167 - proctoring - DEBUG - [image_utils.py:43] - Decoded base64 data length: 16984
2025-04-13 20:47:09,167 - proctoring - INFO - [detection_service.py:13] - Processing new frame
2025-04-13 20:47:09,167 - proctoring - INFO - [face_detection.py:9] - Starting face detection
2025-04-13 20:47:09,172 - proctoring - INFO - [face_detection.py:38] - Face detected with confidence 0.97
2025-04-13 20:47:09,263 - proctoring - INFO - [detection_service.py:28] - Face detection found 1 events
2025-04-13 20:47:09,263 - proctoring - DEBUG - [detection_service.py:31] - No Hand detections
2025-04-13 20:47:09,263 - proctoring - DEBUG - [detection_service.py:31] - No Face Mesh detections
2025-04-13 20:47:09,263 - proctoring - DEBUG - [detection_service.py:31] - No YOLO detections
2025-04-13 20:47:09,263 - proctoring - INFO - [detection_service.py:34] - Total events detected: 1
2025-04-13 20:47:09,263 - proctoring - INFO - [log_service.py:12] - Attempting to store 1 logs for user 1
2025-04-13 20:47:09,263 - proctoring - DEBUG - [log_service.py:26] - Created log entry: {'time': '2025-04-13 20:47:09.167645', 'event': 'Face detected'}
2025-04-13 20:47:09,265 - proctoring - INFO - [log_service.py:40] - Successfully stored 1 logs
2025-04-13 20:47:09,266 - proctoring - DEBUG - [image_utils.py:43] - Decoded base64 data length: 16893
2025-04-13 20:47:09,266 - proctoring - INFO - [detection_service.py:13] - Processing new frame
2025-04-13 20:47:09,266 - proctoring - INFO - [face_detection.py:9] - Starting face detection
2025-04-13 20:47:09,271 - proctoring - INFO - [face_detection.py:38] - Face detected with confidence 0.97
2025-04-13 20:47:09,373 - proctoring - INFO - [detection_service.py:28] - Face detection found 1 events
2025-04-13 20:47:09,373 - proctoring - DEBUG - [detection_service.py:31] - No Hand detections
2025-04-13 20:47:09,373 - proctoring - DEBUG - [detection_service.py:31] - No Face Mesh detections
2025-04-13 20:47:09,373 - proctoring - DEBUG - [detection_service.py:31] - No YOLO detections
2025-04-13 20:47:09,373 - proctoring - INFO - [detection_service.py:34] - Total events detected: 1
2025-04-13 20:47:09,373 - proctoring - INFO - [log_service.py:12] - Attempting to store 1 logs for user 1
2025-04-13 20:47:09,373 - proctoring - DEBUG - [log_service.py:26] - Created log entry: {'time': '2025-04-13 20:47:09.266924', 'event': 'Face detected'}
2025-04-13 20:47:09,375 - proctoring - INFO - [log_service.py:40] - Successfully stored 1 logs
2025-04-13 20:47:09,377 - proctoring - DEBUG - [image_utils.py:43] - Decoded base64 data length: 16949
2025-04-13 20:47:09,377 - proctoring - INFO - [detection_service.py:13] - Processing new frame
2025-04-13 20:47:09,378 - proctoring - INFO - [face_detection.py:9] - Starting face detection
2025-04-13 20:47:09,383 - proctoring - INFO - [face_detection.py:38] - Face detected with confidence 0.96
2025-04-13 20:47:09,486 - proctoring - INFO - [detection_service.py:28] - Face detection found 1 events
2025-04-13 20:47:09,486 - proctoring - DEBUG - [detection_service.py:31] - No Hand detections
2025-04-13 20:47:09,486 - proctoring - DEBUG - [detection_service.py:31] - No Face Mesh detections
2025-04-13 20:47:09,486 - proctoring - DEBUG - [detection_service.py:31] - No YOLO detections
2025-04-13 20:47:09,486 - proctoring - INFO - [detection_service.py:34] - Total events detected: 1
2025-04-13 20:47:09,487 - proctoring - INFO - [log_service.py:12] - Attempting to store 1 logs for user 1
2025-04-13 20:47:09,487 - proctoring - DEBUG - [log_service.py:26] - Created log entry: {'time': '2025-04-13 20:47:09.378038', 'event': 'Face detected'}
2025-04-13 20:47:09,489 - proctoring - INFO - [log_service.py:40] - Successfully stored 1 logs
2025-04-13 20:47:09,490 - proctoring - DEBUG - [image_utils.py:43] - Decoded base64 data length: 16793
2025-04-13 20:47:09,491 - proctoring - INFO - [detection_service.py:13] - Processing new frame
2025-04-13 20:47:09,491 - proctoring - INFO - [face_detection.py:9] - Starting face detection
2025-04-13 20:47:09,495 - proctoring - INFO - [face_detection.py:38] - Face detected with confidence 0.97
2025-04-13 20:47:09,603 - proctoring - INFO - [detection_service.py:28] - Face detection found 1 events
2025-04-13 20:47:09,603 - proctoring - DEBUG - [detection_service.py:31] - No Hand detections
2025-04-13 20:47:09,603 - proctoring - DEBUG - [detection_service.py:31] - No Face Mesh detections
2025-04-13 20:47:09,603 - proctoring - DEBUG - [detection_service.py:31] - No YOLO detections
2025-04-13 20:47:09,603 - proctoring - INFO - [detection_service.py:34] - Total events detected: 1
2025-04-13 20:47:09,603 - proctoring - INFO - [log_service.py:12] - Attempting to store 1 logs for user 1
2025-04-13 20:47:09,603 - proctoring - DEBUG - [log_service.py:26] - Created log entry: {'time': '2025-04-13 20:47:09.491181', 'event': 'Face detected'}
2025-04-13 20:47:09,604 - proctoring - INFO - [log_service.py:40] - Successfully stored 1 logs
2025-04-13 20:47:09,606 - proctoring - DEBUG - [image_utils.py:43] - Decoded base64 data length: 16712
2025-04-13 20:47:09,606 - proctoring - INFO - [detection_service.py:13] - Processing new frame
2025-04-13 20:47:09,606 - proctoring - INFO - [face_detection.py:9] - Starting face detection
2025-04-13 20:47:09,611 - proctoring - INFO - [face_detection.py:38] - Face detected with confidence 0.97
2025-04-13 20:47:09,715 - proctoring - INFO - [detection_service.py:28] - Face detection found 1 events
2025-04-13 20:47:09,715 - proctoring - DEBUG - [detection_service.py:31] - No Hand detections
2025-04-13 20:47:09,715 - proctoring - DEBUG - [detection_service.py:31] - No Face Mesh detections
2025-04-13 20:47:09,715 - proctoring - DEBUG - [detection_service.py:31] - No YOLO detections
2025-04-13 20:47:09,716 - proctoring - INFO - [detection_service.py:34] - Total events detected: 1
2025-04-13 20:47:09,716 - proctoring - INFO - [log_service.py:12] - Attempting to store 1 logs for user 1
2025-04-13 20:47:09,716 - proctoring - DEBUG - [log_service.py:26] - Created log entry: {'time': '2025-04-13 20:47:09.606711', 'event': 'Face detected'}
2025-04-13 20:47:09,717 - proctoring - INFO - [log_service.py:40] - Successfully stored 1 logs
2025-04-13 20:47:09,719 - proctoring - DEBUG - [image_utils.py:43] - Decoded base64 data length: 16603
2025-04-13 20:47:09,719 - proctoring - INFO - [detection_service.py:13] - Processing new frame
2025-04-13 20:47:09,719 - proctoring - INFO - [face_detection.py:9] - Starting face detection
2025-04-13 20:47:09,724 - proctoring - INFO - [face_detection.py:38] - Face detected with confidence 0.97
2025-04-13 20:47:09,826 - proctoring - INFO - [detection_service.py:28] - Face detection found 1 events
2025-04-13 20:47:09,826 - proctoring - DEBUG - [detection_service.py:31] - No Hand detections
2025-04-13 20:47:09,826 - proctoring - DEBUG - [detection_service.py:31] - No Face Mesh detections
2025-04-13 20:47:09,826 - proctoring - DEBUG - [detection_service.py:31] - No YOLO detections
2025-04-13 20:47:09,826 - proctoring - INFO - [detection_service.py:34] - Total events detected: 1
2025-04-13 20:47:09,826 - proctoring - INFO - [log_service.py:12] - Attempting to store 1 logs for user 1
2025-04-13 20:47:09,826 - proctoring - DEBUG - [log_service.py:26] - Created log entry: {'time': '2025-04-13 20:47:09.719766', 'event': 'Face detected'}
2025-04-13 20:47:09,828 - proctoring - INFO - [log_service.py:40] - Successfully stored 1 logs
2025-04-13 20:47:09,829 - proctoring - DEBUG - [image_utils.py:43] - Decoded base64 data length: 16951
2025-04-13 20:47:09,830 - proctoring - INFO - [detection_service.py:13] - Processing new frame
2025-04-13 20:47:09,830 - proctoring - INFO - [face_detection.py:9] - Starting face detection
2025-04-13 20:47:09,835 - proctoring - INFO - [face_detection.py:38] - Face detected with confidence 0.97
2025-04-13 20:47:09,940 - proctoring - INFO - [detection_service.py:28] - Face detection found 1 events
2025-04-13 20:47:09,940 - proctoring - DEBUG - [detection_service.py:31] - No Hand detections
2025-04-13 20:47:09,940 - proctoring - DEBUG - [detection_service.py:31] - No Face Mesh detections
2025-04-13 20:47:09,940 - proctoring - DEBUG - [detection_service.py:31] - No YOLO detections
2025-04-13 20:47:09,940 - proctoring - INFO - [detection_service.py:34] - Total events detected: 1
2025-04-13 20:47:09,940 - proctoring - INFO - [log_service.py:12] - Attempting to store 1 logs for user 1
2025-04-13 20:47:09,940 - proctoring - DEBUG - [log_service.py:26] - Created log entry: {'time': '2025-04-13 20:47:09.830315', 'event': 'Face detected'}
2025-04-13 20:47:09,942 - proctoring - INFO - [log_service.py:40] - Successfully stored 1 logs
2025-04-13 20:47:09,943 - proctoring - DEBUG - [image_utils.py:43] - Decoded base64 data length: 16797
2025-04-13 20:47:09,943 - proctoring - INFO - [detection_service.py:13] - Processing new frame
2025-04-13 20:47:09,943 - proctoring - INFO - [face_detection.py:9] - Starting face detection
2025-04-13 20:47:09,949 - proctoring - INFO - [face_detection.py:38] - Face detected with confidence 0.97
2025-04-13 20:47:09,991 - proctoring - INFO - [hand_detection.py:25] - Hand detected
2025-04-13 20:47:10,063 - proctoring - INFO - [detection_service.py:28] - Face detection found 1 events
2025-04-13 20:47:10,063 - proctoring - INFO - [detection_service.py:28] - Hand detection found 1 events
2025-04-13 20:47:10,063 - proctoring - DEBUG - [detection_service.py:31] - No Face Mesh detections
2025-04-13 20:47:10,063 - proctoring - DEBUG - [detection_service.py:31] - No YOLO detections
2025-04-13 20:47:10,063 - proctoring - INFO - [detection_service.py:34] - Total events detected: 2
2025-04-13 20:47:10,063 - proctoring - INFO - [log_service.py:12] - Attempting to store 2 logs for user 1
2025-04-13 20:47:10,063 - proctoring - DEBUG - [log_service.py:26] - Created log entry: {'time': '2025-04-13 20:47:09.944012', 'event': 'Face detected'}
2025-04-13 20:47:10,063 - proctoring - DEBUG - [log_service.py:26] - Created log entry: {'time': '2025-04-13 20:47:09.951918', 'event': 'Hand detected'}
2025-04-13 20:47:10,065 - proctoring - INFO - [log_service.py:40] - Successfully stored 2 logs
2025-04-13 20:47:10,066 - proctoring - DEBUG - [image_utils.py:43] - Decoded base64 data length: 16416
2025-04-13 20:47:10,067 - proctoring - INFO - [detection_service.py:13] - Processing new frame
2025-04-13 20:47:10,067 - proctoring - INFO - [face_detection.py:9] - Starting face detection
2025-04-13 20:47:10,071 - proctoring - INFO - [face_detection.py:38] - Face detected with confidence 0.97
2025-04-13 20:47:10,173 - proctoring - INFO - [detection_service.py:28] - Face detection found 1 events
2025-04-13 20:47:10,173 - proctoring - DEBUG - [detection_service.py:31] - No Hand detections
2025-04-13 20:47:10,173 - proctoring - DEBUG - [detection_service.py:31] - No Face Mesh detections
2025-04-13 20:47:10,173 - proctoring - DEBUG - [detection_service.py:31] - No YOLO detections
2025-04-13 20:47:10,173 - proctoring - INFO - [detection_service.py:34] - Total events detected: 1
2025-04-13 20:47:10,173 - proctoring - INFO - [log_service.py:12] - Attempting to store 1 logs for user 1
2025-04-13 20:47:10,173 - proctoring - DEBUG - [log_service.py:26] - Created log entry: {'time': '2025-04-13 20:47:10.067048', 'event': 'Face detected'}
2025-04-13 20:47:10,175 - proctoring - INFO - [log_service.py:40] - Successfully stored 1 logs
2025-04-13 20:47:10,176 - proctoring - DEBUG - [image_utils.py:43] - Decoded base64 data length: 16435
2025-04-13 20:47:10,177 - proctoring - INFO - [detection_service.py:13] - Processing new frame
2025-04-13 20:47:10,177 - proctoring - INFO - [face_detection.py:9] - Starting face detection
2025-04-13 20:47:10,182 - proctoring - INFO - [face_detection.py:38] - Face detected with confidence 0.97
2025-04-13 20:47:10,283 - proctoring - INFO - [detection_service.py:28] - Face detection found 1 events
2025-04-13 20:47:10,283 - proctoring - DEBUG - [detection_service.py:31] - No Hand detections
2025-04-13 20:47:10,283 - proctoring - DEBUG - [detection_service.py:31] - No Face Mesh detections
2025-04-13 20:47:10,283 - proctoring - DEBUG - [detection_service.py:31] - No YOLO detections
2025-04-13 20:47:10,283 - proctoring - INFO - [detection_service.py:34] - Total events detected: 1
2025-04-13 20:47:10,283 - proctoring - INFO - [log_service.py:12] - Attempting to store 1 logs for user 1
2025-04-13 20:47:10,284 - proctoring - DEBUG - [log_service.py:26] - Created log entry: {'time': '2025-04-13 20:47:10.177350', 'event': 'Face detected'}
2025-04-13 20:47:10,285 - proctoring - INFO - [log_service.py:40] - Successfully stored 1 logs
2025-04-13 20:47:10,287 - proctoring - DEBUG - [image_utils.py:43] - Decoded base64 data length: 16532
2025-04-13 20:47:10,287 - proctoring - INFO - [detection_service.py:13] - Processing new frame
2025-04-13 20:47:10,287 - proctoring - INFO - [face_detection.py:9] - Starting face detection
2025-04-13 20:47:10,292 - proctoring - INFO - [face_detection.py:38] - Face detected with confidence 0.97
2025-04-13 20:47:10,321 - proctoring - INFO - [hand_detection.py:25] - Hand detected
2025-04-13 20:47:10,390 - proctoring - INFO - [detection_service.py:28] - Face detection found 1 events
2025-04-13 20:47:10,390 - proctoring - INFO - [detection_service.py:28] - Hand detection found 1 events
2025-04-13 20:47:10,390 - proctoring - DEBUG - [detection_service.py:31] - No Face Mesh detections
2025-04-13 20:47:10,390 - proctoring - DEBUG - [detection_service.py:31] - No YOLO detections
2025-04-13 20:47:10,390 - proctoring - INFO - [detection_service.py:34] - Total events detected: 2
2025-04-13 20:47:10,390 - proctoring - INFO - [log_service.py:12] - Attempting to store 2 logs for user 1
2025-04-13 20:47:10,390 - proctoring - DEBUG - [log_service.py:26] - Created log entry: {'time': '2025-04-13 20:47:10.287784', 'event': 'Face detected'}
2025-04-13 20:47:10,390 - proctoring - DEBUG - [log_service.py:26] - Created log entry: {'time': '2025-04-13 20:47:10.293615', 'event': 'Hand detected'}
2025-04-13 20:47:10,392 - proctoring - INFO - [log_service.py:40] - Successfully stored 2 logs
2025-04-13 20:47:10,394 - proctoring - DEBUG - [image_utils.py:43] - Decoded base64 data length: 16928
2025-04-13 20:47:10,395 - proctoring - INFO - [detection_service.py:13] - Processing new frame
2025-04-13 20:47:10,395 - proctoring - INFO - [face_detection.py:9] - Starting face detection
2025-04-13 20:47:10,399 - proctoring - INFO - [face_detection.py:38] - Face detected with confidence 0.97
2025-04-13 20:47:10,429 - proctoring - INFO - [hand_detection.py:25] - Hand detected
2025-04-13 20:47:10,502 - proctoring - INFO - [detection_service.py:28] - Face detection found 1 events
2025-04-13 20:47:10,502 - proctoring - INFO - [detection_service.py:28] - Hand detection found 1 events
2025-04-13 20:47:10,502 - proctoring - DEBUG - [detection_service.py:31] - No Face Mesh detections
2025-04-13 20:47:10,502 - proctoring - DEBUG - [detection_service.py:31] - No YOLO detections
2025-04-13 20:47:10,502 - proctoring - INFO - [detection_service.py:34] - Total events detected: 2
2025-04-13 20:47:10,502 - proctoring - INFO - [log_service.py:12] - Attempting to store 2 logs for user 1
2025-04-13 20:47:10,502 - proctoring - DEBUG - [log_service.py:26] - Created log entry: {'time': '2025-04-13 20:47:10.395531', 'event': 'Face detected'}
2025-04-13 20:47:10,502 - proctoring - DEBUG - [log_service.py:26] - Created log entry: {'time': '2025-04-13 20:47:10.401291', 'event': 'Hand detected'}
2025-04-13 20:47:10,504 - proctoring - INFO - [log_service.py:40] - Successfully stored 2 logs
2025-04-13 20:47:10,506 - proctoring - DEBUG - [image_utils.py:43] - Decoded base64 data length: 17177
2025-04-13 20:47:10,506 - proctoring - INFO - [detection_service.py:13] - Processing new frame
2025-04-13 20:47:10,506 - proctoring - INFO - [face_detection.py:9] - Starting face detection
2025-04-13 20:47:10,511 - proctoring - INFO - [face_detection.py:38] - Face detected with confidence 0.97
2025-04-13 20:47:10,611 - proctoring - INFO - [detection_service.py:28] - Face detection found 1 events
2025-04-13 20:47:10,611 - proctoring - DEBUG - [detection_service.py:31] - No Hand detections
2025-04-13 20:47:10,611 - proctoring - DEBUG - [detection_service.py:31] - No Face Mesh detections
2025-04-13 20:47:10,611 - proctoring - DEBUG - [detection_service.py:31] - No YOLO detections
2025-04-13 20:47:10,611 - proctoring - INFO - [detection_service.py:34] - Total events detected: 1
2025-04-13 20:47:10,611 - proctoring - INFO - [log_service.py:12] - Attempting to store 1 logs for user 1
2025-04-13 20:47:10,611 - proctoring - DEBUG - [log_service.py:26] - Created log entry: {'time': '2025-04-13 20:47:10.507017', 'event': 'Face detected'}
2025-04-13 20:47:10,613 - proctoring - INFO - [log_service.py:40] - Successfully stored 1 logs
2025-04-13 20:47:10,616 - proctoring - DEBUG - [image_utils.py:43] - Decoded base64 data length: 17281
2025-04-13 20:47:10,616 - proctoring - INFO - [detection_service.py:13] - Processing new frame
2025-04-13 20:47:10,616 - proctoring - INFO - [face_detection.py:9] - Starting face detection
2025-04-13 20:47:10,621 - proctoring - INFO - [face_detection.py:38] - Face detected with confidence 0.97
2025-04-13 20:47:10,712 - proctoring - INFO - [detection_service.py:28] - Face detection found 1 events
2025-04-13 20:47:10,712 - proctoring - DEBUG - [detection_service.py:31] - No Hand detections
2025-04-13 20:47:10,712 - proctoring - DEBUG - [detection_service.py:31] - No Face Mesh detections
2025-04-13 20:47:10,712 - proctoring - DEBUG - [detection_service.py:31] - No YOLO detections
2025-04-13 20:47:10,712 - proctoring - INFO - [detection_service.py:34] - Total events detected: 1
2025-04-13 20:47:10,712 - proctoring - INFO - [log_service.py:12] - Attempting to store 1 logs for user 1
2025-04-13 20:47:10,712 - proctoring - DEBUG - [log_service.py:26] - Created log entry: {'time': '2025-04-13 20:47:10.617017', 'event': 'Face detected'}
2025-04-13 20:47:10,714 - proctoring - INFO - [log_service.py:40] - Successfully stored 1 logs
2025-04-13 20:47:10,716 - proctoring - DEBUG - [image_utils.py:43] - Decoded base64 data length: 17208
2025-04-13 20:47:10,716 - proctoring - INFO - [detection_service.py:13] - Processing new frame
2025-04-13 20:47:10,716 - proctoring - INFO - [face_detection.py:9] - Starting face detection
2025-04-13 20:47:10,720 - proctoring - INFO - [face_detection.py:38] - Face detected with confidence 0.97
2025-04-13 20:47:10,811 - proctoring - INFO - [detection_service.py:28] - Face detection found 1 events
2025-04-13 20:47:10,811 - proctoring - DEBUG - [detection_service.py:31] - No Hand detections
2025-04-13 20:47:10,811 - proctoring - DEBUG - [detection_service.py:31] - No Face Mesh detections
2025-04-13 20:47:10,811 - proctoring - DEBUG - [detection_service.py:31] - No YOLO detections
2025-04-13 20:47:10,811 - proctoring - INFO - [detection_service.py:34] - Total events detected: 1
2025-04-13 20:47:10,811 - proctoring - INFO - [log_service.py:12] - Attempting to store 1 logs for user 1
2025-04-13 20:47:10,811 - proctoring - DEBUG - [log_service.py:26] - Created log entry: {'time': '2025-04-13 20:47:10.716616', 'event': 'Face detected'}
2025-04-13 20:47:10,813 - proctoring - INFO - [log_service.py:40] - Successfully stored 1 logs
2025-04-13 20:47:10,918 - proctoring - DEBUG - [image_utils.py:43] - Decoded base64 data length: 17228
2025-04-13 20:47:10,919 - proctoring - INFO - [detection_service.py:13] - Processing new frame
2025-04-13 20:47:10,919 - proctoring - INFO - [face_detection.py:9] - Starting face detection
2025-04-13 20:47:10,924 - proctoring - INFO - [face_detection.py:38] - Face detected with confidence 0.97
2025-04-13 20:47:11,026 - proctoring - INFO - [detection_service.py:28] - Face detection found 1 events
2025-04-13 20:47:11,027 - proctoring - DEBUG - [detection_service.py:31] - No Hand detections
2025-04-13 20:47:11,027 - proctoring - DEBUG - [detection_service.py:31] - No Face Mesh detections
2025-04-13 20:47:11,027 - proctoring - DEBUG - [detection_service.py:31] - No YOLO detections
2025-04-13 20:47:11,027 - proctoring - INFO - [detection_service.py:34] - Total events detected: 1
2025-04-13 20:47:11,027 - proctoring - INFO - [log_service.py:12] - Attempting to store 1 logs for user 1
2025-04-13 20:47:11,027 - proctoring - DEBUG - [log_service.py:26] - Created log entry: {'time': '2025-04-13 20:47:10.919341', 'event': 'Face detected'}
2025-04-13 20:47:11,028 - proctoring - INFO - [log_service.py:40] - Successfully stored 1 logs
2025-04-13 20:47:11,030 - proctoring - DEBUG - [image_utils.py:43] - Decoded base64 data length: 16770
2025-04-13 20:47:11,030 - proctoring - INFO - [detection_service.py:13] - Processing new frame
2025-04-13 20:47:11,030 - proctoring - INFO - [face_detection.py:9] - Starting face detection
2025-04-13 20:47:11,034 - proctoring - INFO - [face_detection.py:38] - Face detected with confidence 0.96
2025-04-13 20:47:11,134 - proctoring - INFO - [detection_service.py:28] - Face detection found 1 events
2025-04-13 20:47:11,134 - proctoring - DEBUG - [detection_service.py:31] - No Hand detections
2025-04-13 20:47:11,134 - proctoring - DEBUG - [detection_service.py:31] - No Face Mesh detections
2025-04-13 20:47:11,134 - proctoring - DEBUG - [detection_service.py:31] - No YOLO detections
2025-04-13 20:47:11,134 - proctoring - INFO - [detection_service.py:34] - Total events detected: 1
2025-04-13 20:47:11,134 - proctoring - INFO - [log_service.py:12] - Attempting to store 1 logs for user 1
2025-04-13 20:47:11,134 - proctoring - DEBUG - [log_service.py:26] - Created log entry: {'time': '2025-04-13 20:47:11.030543', 'event': 'Face detected'}
2025-04-13 20:47:11,135 - proctoring - INFO - [log_service.py:40] - Successfully stored 1 logs
2025-04-13 20:47:11,142 - proctoring - DEBUG - [image_utils.py:43] - Decoded base64 data length: 16301
2025-04-13 20:47:11,143 - proctoring - INFO - [detection_service.py:13] - Processing new frame
2025-04-13 20:47:11,143 - proctoring - INFO - [face_detection.py:9] - Starting face detection
2025-04-13 20:47:11,148 - proctoring - INFO - [face_detection.py:38] - Face detected with confidence 0.95
2025-04-13 20:47:11,249 - proctoring - INFO - [detection_service.py:28] - Face detection found 1 events
2025-04-13 20:47:11,249 - proctoring - DEBUG - [detection_service.py:31] - No Hand detections
2025-04-13 20:47:11,249 - proctoring - DEBUG - [detection_service.py:31] - No Face Mesh detections
2025-04-13 20:47:11,249 - proctoring - DEBUG - [detection_service.py:31] - No YOLO detections
2025-04-13 20:47:11,249 - proctoring - INFO - [detection_service.py:34] - Total events detected: 1
2025-04-13 20:47:11,249 - proctoring - INFO - [log_service.py:12] - Attempting to store 1 logs for user 1
2025-04-13 20:47:11,249 - proctoring - DEBUG - [log_service.py:26] - Created log entry: {'time': '2025-04-13 20:47:11.143497', 'event': 'Face detected'}
2025-04-13 20:47:11,250 - proctoring - INFO - [log_service.py:40] - Successfully stored 1 logs
2025-04-13 20:47:11,251 - proctoring - DEBUG - [image_utils.py:43] - Decoded base64 data length: 16034
2025-04-13 20:47:11,252 - proctoring - INFO - [detection_service.py:13] - Processing new frame
2025-04-13 20:47:11,252 - proctoring - INFO - [face_detection.py:9] - Starting face detection
2025-04-13 20:47:11,257 - proctoring - INFO - [face_detection.py:38] - Face detected with confidence 0.95
2025-04-13 20:47:11,361 - proctoring - INFO - [detection_service.py:28] - Face detection found 1 events
2025-04-13 20:47:11,361 - proctoring - DEBUG - [detection_service.py:31] - No Hand detections
2025-04-13 20:47:11,361 - proctoring - DEBUG - [detection_service.py:31] - No Face Mesh detections
2025-04-13 20:47:11,361 - proctoring - DEBUG - [detection_service.py:31] - No YOLO detections
2025-04-13 20:47:11,361 - proctoring - INFO - [detection_service.py:34] - Total events detected: 1
2025-04-13 20:47:11,361 - proctoring - INFO - [log_service.py:12] - Attempting to store 1 logs for user 1
2025-04-13 20:47:11,361 - proctoring - DEBUG - [log_service.py:26] - Created log entry: {'time': '2025-04-13 20:47:11.252435', 'event': 'Face detected'}
2025-04-13 20:47:11,362 - proctoring - INFO - [log_service.py:40] - Successfully stored 1 logs
2025-04-13 20:47:11,364 - proctoring - DEBUG - [image_utils.py:43] - Decoded base64 data length: 15630
2025-04-13 20:47:11,364 - proctoring - INFO - [detection_service.py:13] - Processing new frame
2025-04-13 20:47:11,364 - proctoring - INFO - [face_detection.py:9] - Starting face detection
2025-04-13 20:47:11,368 - proctoring - INFO - [face_detection.py:38] - Face detected with confidence 0.96
2025-04-13 20:47:11,472 - proctoring - INFO - [detection_service.py:28] - Face detection found 1 events
2025-04-13 20:47:11,472 - proctoring - DEBUG - [detection_service.py:31] - No Hand detections
2025-04-13 20:47:11,472 - proctoring - DEBUG - [detection_service.py:31] - No Face Mesh detections
2025-04-13 20:47:11,472 - proctoring - DEBUG - [detection_service.py:31] - No YOLO detections
2025-04-13 20:47:11,472 - proctoring - INFO - [detection_service.py:34] - Total events detected: 1
2025-04-13 20:47:11,472 - proctoring - INFO - [log_service.py:12] - Attempting to store 1 logs for user 1
2025-04-13 20:47:11,473 - proctoring - DEBUG - [log_service.py:26] - Created log entry: {'time': '2025-04-13 20:47:11.364856', 'event': 'Face detected'}
2025-04-13 20:47:11,474 - proctoring - INFO - [log_service.py:40] - Successfully stored 1 logs
2025-04-13 20:47:11,476 - proctoring - DEBUG - [image_utils.py:43] - Decoded base64 data length: 16299
2025-04-13 20:47:11,476 - proctoring - INFO - [detection_service.py:13] - Processing new frame
2025-04-13 20:47:11,476 - proctoring - INFO - [face_detection.py:9] - Starting face detection
2025-04-13 20:47:11,482 - proctoring - INFO - [face_detection.py:38] - Face detected with confidence 0.95
2025-04-13 20:47:11,579 - proctoring - INFO - [detection_service.py:28] - Face detection found 1 events
2025-04-13 20:47:11,579 - proctoring - DEBUG - [detection_service.py:31] - No Hand detections
2025-04-13 20:47:11,579 - proctoring - DEBUG - [detection_service.py:31] - No Face Mesh detections
2025-04-13 20:47:11,579 - proctoring - DEBUG - [detection_service.py:31] - No YOLO detections
2025-04-13 20:47:11,579 - proctoring - INFO - [detection_service.py:34] - Total events detected: 1
2025-04-13 20:47:11,579 - proctoring - INFO - [log_service.py:12] - Attempting to store 1 logs for user 1
2025-04-13 20:47:11,579 - proctoring - DEBUG - [log_service.py:26] - Created log entry: {'time': '2025-04-13 20:47:11.476983', 'event': 'Face detected'}
2025-04-13 20:47:11,581 - proctoring - INFO - [log_service.py:40] - Successfully stored 1 logs
2025-04-13 20:47:11,583 - proctoring - DEBUG - [image_utils.py:43] - Decoded base64 data length: 15844
2025-04-13 20:47:11,583 - proctoring - INFO - [detection_service.py:13] - Processing new frame
2025-04-13 20:47:11,583 - proctoring - INFO - [face_detection.py:9] - Starting face detection
2025-04-13 20:47:11,587 - proctoring - INFO - [face_detection.py:38] - Face detected with confidence 0.96
2025-04-13 20:47:11,690 - proctoring - INFO - [detection_service.py:28] - Face detection found 1 events
2025-04-13 20:47:11,691 - proctoring - DEBUG - [detection_service.py:31] - No Hand detections
2025-04-13 20:47:11,691 - proctoring - DEBUG - [detection_service.py:31] - No Face Mesh detections
2025-04-13 20:47:11,691 - proctoring - DEBUG - [detection_service.py:31] - No YOLO detections
2025-04-13 20:47:11,691 - proctoring - INFO - [detection_service.py:34] - Total events detected: 1
2025-04-13 20:47:11,691 - proctoring - INFO - [log_service.py:12] - Attempting to store 1 logs for user 1
2025-04-13 20:47:11,691 - proctoring - DEBUG - [log_service.py:26] - Created log entry: {'time': '2025-04-13 20:47:11.583730', 'event': 'Face detected'}
2025-04-13 20:47:11,692 - proctoring - INFO - [log_service.py:40] - Successfully stored 1 logs
2025-04-13 20:47:11,694 - proctoring - DEBUG - [image_utils.py:43] - Decoded base64 data length: 15486
2025-04-13 20:47:11,694 - proctoring - INFO - [detection_service.py:13] - Processing new frame
2025-04-13 20:47:11,694 - proctoring - INFO - [face_detection.py:9] - Starting face detection
2025-04-13 20:47:11,699 - proctoring - INFO - [face_detection.py:38] - Face detected with confidence 0.95
2025-04-13 20:47:11,836 - proctoring - INFO - [detection_service.py:28] - Face detection found 1 events
2025-04-13 20:47:11,836 - proctoring - DEBUG - [detection_service.py:31] - No Hand detections
2025-04-13 20:47:11,836 - proctoring - DEBUG - [detection_service.py:31] - No Face Mesh detections
2025-04-13 20:47:11,836 - proctoring - DEBUG - [detection_service.py:31] - No YOLO detections
2025-04-13 20:47:11,836 - proctoring - INFO - [detection_service.py:34] - Total events detected: 1
2025-04-13 20:47:11,836 - proctoring - INFO - [log_service.py:12] - Attempting to store 1 logs for user 1
2025-04-13 20:47:11,836 - proctoring - DEBUG - [log_service.py:26] - Created log entry: {'time': '2025-04-13 20:47:11.694926', 'event': 'Face detected'}
2025-04-13 20:47:11,837 - proctoring - INFO - [log_service.py:40] - Successfully stored 1 logs
2025-04-13 20:47:11,839 - proctoring - DEBUG - [image_utils.py:43] - Decoded base64 data length: 16079
2025-04-13 20:47:11,839 - proctoring - INFO - [detection_service.py:13] - Processing new frame
2025-04-13 20:47:11,839 - proctoring - INFO - [face_detection.py:9] - Starting face detection
2025-04-13 20:47:11,843 - proctoring - INFO - [face_detection.py:38] - Face detected with confidence 0.95
2025-04-13 20:47:11,940 - proctoring - INFO - [detection_service.py:28] - Face detection found 1 events
2025-04-13 20:47:11,940 - proctoring - DEBUG - [detection_service.py:31] - No Hand detections
2025-04-13 20:47:11,940 - proctoring - DEBUG - [detection_service.py:31] - No Face Mesh detections
2025-04-13 20:47:11,940 - proctoring - DEBUG - [detection_service.py:31] - No YOLO detections
2025-04-13 20:47:11,940 - proctoring - INFO - [detection_service.py:34] - Total events detected: 1
2025-04-13 20:47:11,940 - proctoring - INFO - [log_service.py:12] - Attempting to store 1 logs for user 1
2025-04-13 20:47:11,940 - proctoring - DEBUG - [log_service.py:26] - Created log entry: {'time': '2025-04-13 20:47:11.839843', 'event': 'Face detected'}
2025-04-13 20:47:11,942 - proctoring - INFO - [log_service.py:40] - Successfully stored 1 logs
2025-04-13 20:47:11,943 - proctoring - DEBUG - [image_utils.py:43] - Decoded base64 data length: 15727
2025-04-13 20:47:11,944 - proctoring - INFO - [detection_service.py:13] - Processing new frame
2025-04-13 20:47:11,944 - proctoring - INFO - [face_detection.py:9] - Starting face detection
2025-04-13 20:47:11,949 - proctoring - INFO - [face_detection.py:38] - Face detected with confidence 0.95
2025-04-13 20:47:12,041 - proctoring - INFO - [detection_service.py:28] - Face detection found 1 events
2025-04-13 20:47:12,041 - proctoring - DEBUG - [detection_service.py:31] - No Hand detections
2025-04-13 20:47:12,041 - proctoring - DEBUG - [detection_service.py:31] - No Face Mesh detections
2025-04-13 20:47:12,041 - proctoring - DEBUG - [detection_service.py:31] - No YOLO detections
2025-04-13 20:47:12,041 - proctoring - INFO - [detection_service.py:34] - Total events detected: 1
2025-04-13 20:47:12,041 - proctoring - INFO - [log_service.py:12] - Attempting to store 1 logs for user 1
2025-04-13 20:47:12,041 - proctoring - DEBUG - [log_service.py:26] - Created log entry: {'time': '2025-04-13 20:47:11.944175', 'event': 'Face detected'}
2025-04-13 20:47:12,043 - proctoring - INFO - [log_service.py:40] - Successfully stored 1 logs
2025-04-13 20:47:12,044 - proctoring - DEBUG - [image_utils.py:43] - Decoded base64 data length: 16002
2025-04-13 20:47:12,045 - proctoring - INFO - [detection_service.py:13] - Processing new frame
2025-04-13 20:47:12,045 - proctoring - INFO - [face_detection.py:9] - Starting face detection
2025-04-13 20:47:12,050 - proctoring - INFO - [face_detection.py:38] - Face detected with confidence 0.95
2025-04-13 20:47:12,150 - proctoring - INFO - [detection_service.py:28] - Face detection found 1 events
2025-04-13 20:47:12,150 - proctoring - DEBUG - [detection_service.py:31] - No Hand detections
2025-04-13 20:47:12,150 - proctoring - DEBUG - [detection_service.py:31] - No Face Mesh detections
2025-04-13 20:47:12,150 - proctoring - DEBUG - [detection_service.py:31] - No YOLO detections
2025-04-13 20:47:12,150 - proctoring - INFO - [detection_service.py:34] - Total events detected: 1
2025-04-13 20:47:12,150 - proctoring - INFO - [log_service.py:12] - Attempting to store 1 logs for user 1
2025-04-13 20:47:12,151 - proctoring - DEBUG - [log_service.py:26] - Created log entry: {'time': '2025-04-13 20:47:12.045415', 'event': 'Face detected'}
2025-04-13 20:47:12,152 - proctoring - INFO - [log_service.py:40] - Successfully stored 1 logs
2025-04-13 20:47:12,154 - proctoring - DEBUG - [image_utils.py:43] - Decoded base64 data length: 16145
2025-04-13 20:47:12,155 - proctoring - INFO - [detection_service.py:13] - Processing new frame
2025-04-13 20:47:12,155 - proctoring - INFO - [face_detection.py:9] - Starting face detection
2025-04-13 20:47:12,162 - proctoring - INFO - [face_detection.py:38] - Face detected with confidence 0.95
2025-04-13 20:47:12,316 - proctoring - INFO - [detection_service.py:28] - Face detection found 1 events
2025-04-13 20:47:12,316 - proctoring - DEBUG - [detection_service.py:31] - No Hand detections
2025-04-13 20:47:12,316 - proctoring - DEBUG - [detection_service.py:31] - No Face Mesh detections
2025-04-13 20:47:12,316 - proctoring - DEBUG - [detection_service.py:31] - No YOLO detections
2025-04-13 20:47:12,316 - proctoring - INFO - [detection_service.py:34] - Total events detected: 1
2025-04-13 20:47:12,316 - proctoring - INFO - [log_service.py:12] - Attempting to store 1 logs for user 1
2025-04-13 20:47:12,316 - proctoring - DEBUG - [log_service.py:26] - Created log entry: {'time': '2025-04-13 20:47:12.155644', 'event': 'Face detected'}
2025-04-13 20:47:12,317 - proctoring - INFO - [log_service.py:40] - Successfully stored 1 logs
2025-04-13 20:47:12,319 - proctoring - INFO - [main.py:217] - Cleaning up connection for user 1
2025-04-13 20:47:12,697 - proctoring - INFO - [main.py:133] - WebSocket connection attempt for user 1
2025-04-13 20:47:12,699 - proctoring - INFO - [connection.py:19] - WebSocket connection accepted for user 1
2025-04-13 20:47:12,699 - proctoring - INFO - [main.py:162] - WebSocket connection established for user 1
2025-04-13 20:47:12,704 - proctoring - DEBUG - [image_utils.py:43] - Decoded base64 data length: 14291
2025-04-13 20:47:12,704 - proctoring - INFO - [detection_service.py:13] - Processing new frame
2025-04-13 20:47:12,705 - proctoring - INFO - [face_detection.py:9] - Starting face detection
2025-04-13 20:47:12,712 - proctoring - INFO - [face_detection.py:38] - Face detected with confidence 0.90
2025-04-13 20:47:12,825 - proctoring - INFO - [detection_service.py:28] - Face detection found 1 events
2025-04-13 20:47:12,825 - proctoring - DEBUG - [detection_service.py:31] - No Hand detections
2025-04-13 20:47:12,825 - proctoring - DEBUG - [detection_service.py:31] - No Face Mesh detections
2025-04-13 20:47:12,825 - proctoring - DEBUG - [detection_service.py:31] - No YOLO detections
2025-04-13 20:47:12,825 - proctoring - INFO - [detection_service.py:34] - Total events detected: 1
2025-04-13 20:47:12,825 - proctoring - INFO - [log_service.py:12] - Attempting to store 1 logs for user 1
2025-04-13 20:47:12,825 - proctoring - DEBUG - [log_service.py:26] - Created log entry: {'time': '2025-04-13 20:47:12.705059', 'event': 'Face detected'}
2025-04-13 20:47:12,827 - proctoring - INFO - [log_service.py:40] - Successfully stored 1 logs
2025-04-13 20:47:12,828 - proctoring - DEBUG - [image_utils.py:43] - Decoded base64 data length: 13694
2025-04-13 20:47:12,829 - proctoring - INFO - [detection_service.py:13] - Processing new frame
2025-04-13 20:47:12,829 - proctoring - INFO - [face_detection.py:9] - Starting face detection
2025-04-13 20:47:12,834 - proctoring - INFO - [face_detection.py:38] - Face detected with confidence 0.91
2025-04-13 20:47:12,932 - proctoring - INFO - [detection_service.py:28] - Face detection found 1 events
2025-04-13 20:47:12,932 - proctoring - DEBUG - [detection_service.py:31] - No Hand detections
2025-04-13 20:47:12,932 - proctoring - DEBUG - [detection_service.py:31] - No Face Mesh detections
2025-04-13 20:47:12,932 - proctoring - DEBUG - [detection_service.py:31] - No YOLO detections
2025-04-13 20:47:12,932 - proctoring - INFO - [detection_service.py:34] - Total events detected: 1
2025-04-13 20:47:12,932 - proctoring - INFO - [log_service.py:12] - Attempting to store 1 logs for user 1
2025-04-13 20:47:12,932 - proctoring - DEBUG - [log_service.py:26] - Created log entry: {'time': '2025-04-13 20:47:12.829342', 'event': 'Face detected'}
2025-04-13 20:47:12,934 - proctoring - INFO - [log_service.py:40] - Successfully stored 1 logs
2025-04-13 20:47:12,935 - proctoring - DEBUG - [image_utils.py:43] - Decoded base64 data length: 13731
2025-04-13 20:47:12,936 - proctoring - INFO - [detection_service.py:13] - Processing new frame
2025-04-13 20:47:12,936 - proctoring - INFO - [face_detection.py:9] - Starting face detection
2025-04-13 20:47:12,941 - proctoring - INFO - [face_detection.py:38] - Face detected with confidence 0.93
2025-04-13 20:47:13,039 - proctoring - INFO - [detection_service.py:28] - Face detection found 1 events
2025-04-13 20:47:13,039 - proctoring - DEBUG - [detection_service.py:31] - No Hand detections
2025-04-13 20:47:13,039 - proctoring - DEBUG - [detection_service.py:31] - No Face Mesh detections
2025-04-13 20:47:13,039 - proctoring - DEBUG - [detection_service.py:31] - No YOLO detections
2025-04-13 20:47:13,039 - proctoring - INFO - [detection_service.py:34] - Total events detected: 1
2025-04-13 20:47:13,039 - proctoring - INFO - [log_service.py:12] - Attempting to store 1 logs for user 1
2025-04-13 20:47:13,039 - proctoring - DEBUG - [log_service.py:26] - Created log entry: {'time': '2025-04-13 20:47:12.936560', 'event': 'Face detected'}
2025-04-13 20:47:13,040 - proctoring - INFO - [log_service.py:40] - Successfully stored 1 logs
2025-04-13 20:47:13,042 - proctoring - DEBUG - [image_utils.py:43] - Decoded base64 data length: 14444
2025-04-13 20:47:13,042 - proctoring - INFO - [detection_service.py:13] - Processing new frame
2025-04-13 20:47:13,042 - proctoring - INFO - [face_detection.py:9] - Starting face detection
2025-04-13 20:47:13,047 - proctoring - INFO - [face_detection.py:38] - Face detected with confidence 0.94
2025-04-13 20:47:13,150 - proctoring - INFO - [detection_service.py:28] - Face detection found 1 events
2025-04-13 20:47:13,150 - proctoring - DEBUG - [detection_service.py:31] - No Hand detections
2025-04-13 20:47:13,150 - proctoring - DEBUG - [detection_service.py:31] - No Face Mesh detections
2025-04-13 20:47:13,150 - proctoring - DEBUG - [detection_service.py:31] - No YOLO detections
2025-04-13 20:47:13,150 - proctoring - INFO - [detection_service.py:34] - Total events detected: 1
2025-04-13 20:47:13,150 - proctoring - INFO - [log_service.py:12] - Attempting to store 1 logs for user 1
2025-04-13 20:47:13,150 - proctoring - DEBUG - [log_service.py:26] - Created log entry: {'time': '2025-04-13 20:47:13.042627', 'event': 'Face detected'}
2025-04-13 20:47:13,152 - proctoring - INFO - [log_service.py:40] - Successfully stored 1 logs
2025-04-13 20:47:13,153 - proctoring - DEBUG - [image_utils.py:43] - Decoded base64 data length: 15088
2025-04-13 20:47:13,154 - proctoring - INFO - [detection_service.py:13] - Processing new frame
2025-04-13 20:47:13,154 - proctoring - INFO - [face_detection.py:9] - Starting face detection
2025-04-13 20:47:13,161 - proctoring - INFO - [face_detection.py:38] - Face detected with confidence 0.94
2025-04-13 20:47:13,290 - proctoring - INFO - [detection_service.py:28] - Face detection found 1 events
2025-04-13 20:47:13,290 - proctoring - DEBUG - [detection_service.py:31] - No Hand detections
2025-04-13 20:47:13,290 - proctoring - DEBUG - [detection_service.py:31] - No Face Mesh detections
2025-04-13 20:47:13,290 - proctoring - DEBUG - [detection_service.py:31] - No YOLO detections
2025-04-13 20:47:13,290 - proctoring - INFO - [detection_service.py:34] - Total events detected: 1
2025-04-13 20:47:13,290 - proctoring - INFO - [log_service.py:12] - Attempting to store 1 logs for user 1
2025-04-13 20:47:13,290 - proctoring - DEBUG - [log_service.py:26] - Created log entry: {'time': '2025-04-13 20:47:13.154134', 'event': 'Face detected'}
2025-04-13 20:47:13,291 - proctoring - INFO - [log_service.py:40] - Successfully stored 1 logs
2025-04-13 20:47:13,293 - proctoring - DEBUG - [image_utils.py:43] - Decoded base64 data length: 15692
2025-04-13 20:47:13,293 - proctoring - INFO - [detection_service.py:13] - Processing new frame
2025-04-13 20:47:13,293 - proctoring - INFO - [face_detection.py:9] - Starting face detection
2025-04-13 20:47:13,298 - proctoring - INFO - [face_detection.py:38] - Face detected with confidence 0.95
2025-04-13 20:47:13,395 - proctoring - INFO - [detection_service.py:28] - Face detection found 1 events
2025-04-13 20:47:13,395 - proctoring - DEBUG - [detection_service.py:31] - No Hand detections
2025-04-13 20:47:13,395 - proctoring - DEBUG - [detection_service.py:31] - No Face Mesh detections
2025-04-13 20:47:13,395 - proctoring - DEBUG - [detection_service.py:31] - No YOLO detections
2025-04-13 20:47:13,395 - proctoring - INFO - [detection_service.py:34] - Total events detected: 1
2025-04-13 20:47:13,395 - proctoring - INFO - [log_service.py:12] - Attempting to store 1 logs for user 1
2025-04-13 20:47:13,395 - proctoring - DEBUG - [log_service.py:26] - Created log entry: {'time': '2025-04-13 20:47:13.293663', 'event': 'Face detected'}
2025-04-13 20:47:13,396 - proctoring - INFO - [log_service.py:40] - Successfully stored 1 logs
2025-04-13 20:47:13,398 - proctoring - DEBUG - [image_utils.py:43] - Decoded base64 data length: 16086
2025-04-13 20:47:13,398 - proctoring - INFO - [detection_service.py:13] - Processing new frame
2025-04-13 20:47:13,398 - proctoring - INFO - [face_detection.py:9] - Starting face detection
2025-04-13 20:47:13,402 - proctoring - INFO - [face_detection.py:38] - Face detected with confidence 0.94
2025-04-13 20:47:13,497 - proctoring - INFO - [detection_service.py:28] - Face detection found 1 events
2025-04-13 20:47:13,497 - proctoring - DEBUG - [detection_service.py:31] - No Hand detections
2025-04-13 20:47:13,497 - proctoring - DEBUG - [detection_service.py:31] - No Face Mesh detections
2025-04-13 20:47:13,497 - proctoring - DEBUG - [detection_service.py:31] - No YOLO detections
2025-04-13 20:47:13,497 - proctoring - INFO - [detection_service.py:34] - Total events detected: 1
2025-04-13 20:47:13,497 - proctoring - INFO - [log_service.py:12] - Attempting to store 1 logs for user 1
2025-04-13 20:47:13,497 - proctoring - DEBUG - [log_service.py:26] - Created log entry: {'time': '2025-04-13 20:47:13.398881', 'event': 'Face detected'}
2025-04-13 20:47:13,499 - proctoring - INFO - [log_service.py:40] - Successfully stored 1 logs
2025-04-13 20:47:13,500 - proctoring - DEBUG - [image_utils.py:43] - Decoded base64 data length: 16381
2025-04-13 20:47:13,500 - proctoring - INFO - [detection_service.py:13] - Processing new frame
2025-04-13 20:47:13,500 - proctoring - INFO - [face_detection.py:9] - Starting face detection
2025-04-13 20:47:13,505 - proctoring - INFO - [face_detection.py:38] - Face detected with confidence 0.94
2025-04-13 20:47:13,603 - proctoring - INFO - [detection_service.py:28] - Face detection found 1 events
2025-04-13 20:47:13,603 - proctoring - DEBUG - [detection_service.py:31] - No Hand detections
2025-04-13 20:47:13,603 - proctoring - DEBUG - [detection_service.py:31] - No Face Mesh detections
2025-04-13 20:47:13,603 - proctoring - DEBUG - [detection_service.py:31] - No YOLO detections
2025-04-13 20:47:13,603 - proctoring - INFO - [detection_service.py:34] - Total events detected: 1
2025-04-13 20:47:13,603 - proctoring - INFO - [log_service.py:12] - Attempting to store 1 logs for user 1
2025-04-13 20:47:13,603 - proctoring - DEBUG - [log_service.py:26] - Created log entry: {'time': '2025-04-13 20:47:13.500759', 'event': 'Face detected'}
2025-04-13 20:47:13,605 - proctoring - INFO - [log_service.py:40] - Successfully stored 1 logs
2025-04-13 20:47:13,607 - proctoring - DEBUG - [image_utils.py:43] - Decoded base64 data length: 16700
2025-04-13 20:47:13,607 - proctoring - INFO - [detection_service.py:13] - Processing new frame
2025-04-13 20:47:13,607 - proctoring - INFO - [face_detection.py:9] - Starting face detection
2025-04-13 20:47:13,611 - proctoring - INFO - [face_detection.py:38] - Face detected with confidence 0.94
2025-04-13 20:47:13,708 - proctoring - INFO - [detection_service.py:28] - Face detection found 1 events
2025-04-13 20:47:13,708 - proctoring - DEBUG - [detection_service.py:31] - No Hand detections
2025-04-13 20:47:13,708 - proctoring - DEBUG - [detection_service.py:31] - No Face Mesh detections
2025-04-13 20:47:13,708 - proctoring - DEBUG - [detection_service.py:31] - No YOLO detections
2025-04-13 20:47:13,708 - proctoring - INFO - [detection_service.py:34] - Total events detected: 1
2025-04-13 20:47:13,708 - proctoring - INFO - [log_service.py:12] - Attempting to store 1 logs for user 1
2025-04-13 20:47:13,708 - proctoring - DEBUG - [log_service.py:26] - Created log entry: {'time': '2025-04-13 20:47:13.607840', 'event': 'Face detected'}
2025-04-13 20:47:13,710 - proctoring - INFO - [log_service.py:40] - Successfully stored 1 logs
2025-04-13 20:47:13,711 - proctoring - DEBUG - [image_utils.py:43] - Decoded base64 data length: 17276
2025-04-13 20:47:13,712 - proctoring - INFO - [detection_service.py:13] - Processing new frame
2025-04-13 20:47:13,712 - proctoring - INFO - [face_detection.py:9] - Starting face detection
2025-04-13 20:47:13,716 - proctoring - INFO - [face_detection.py:38] - Face detected with confidence 0.95
2025-04-13 20:47:13,828 - proctoring - INFO - [detection_service.py:28] - Face detection found 1 events
2025-04-13 20:47:13,828 - proctoring - DEBUG - [detection_service.py:31] - No Hand detections
2025-04-13 20:47:13,828 - proctoring - DEBUG - [detection_service.py:31] - No Face Mesh detections
2025-04-13 20:47:13,828 - proctoring - DEBUG - [detection_service.py:31] - No YOLO detections
2025-04-13 20:47:13,828 - proctoring - INFO - [detection_service.py:34] - Total events detected: 1
2025-04-13 20:47:13,828 - proctoring - INFO - [log_service.py:12] - Attempting to store 1 logs for user 1
2025-04-13 20:47:13,828 - proctoring - DEBUG - [log_service.py:26] - Created log entry: {'time': '2025-04-13 20:47:13.712427', 'event': 'Face detected'}
2025-04-13 20:47:13,830 - proctoring - INFO - [log_service.py:40] - Successfully stored 1 logs
2025-04-13 20:47:13,832 - proctoring - DEBUG - [image_utils.py:43] - Decoded base64 data length: 16970
2025-04-13 20:47:13,832 - proctoring - INFO - [detection_service.py:13] - Processing new frame
2025-04-13 20:47:13,832 - proctoring - INFO - [face_detection.py:9] - Starting face detection
2025-04-13 20:47:13,837 - proctoring - INFO - [face_detection.py:38] - Face detected with confidence 0.94
2025-04-13 20:47:13,867 - proctoring - INFO - [hand_detection.py:25] - Hand detected
2025-04-13 20:47:13,941 - proctoring - INFO - [detection_service.py:28] - Face detection found 1 events
2025-04-13 20:47:13,941 - proctoring - INFO - [detection_service.py:28] - Hand detection found 1 events
2025-04-13 20:47:13,941 - proctoring - DEBUG - [detection_service.py:31] - No Face Mesh detections
2025-04-13 20:47:13,942 - proctoring - DEBUG - [detection_service.py:31] - No YOLO detections
2025-04-13 20:47:13,942 - proctoring - INFO - [detection_service.py:34] - Total events detected: 2
2025-04-13 20:47:13,942 - proctoring - INFO - [log_service.py:12] - Attempting to store 2 logs for user 1
2025-04-13 20:47:13,942 - proctoring - DEBUG - [log_service.py:26] - Created log entry: {'time': '2025-04-13 20:47:13.832683', 'event': 'Face detected'}
2025-04-13 20:47:13,942 - proctoring - DEBUG - [log_service.py:26] - Created log entry: {'time': '2025-04-13 20:47:13.839687', 'event': 'Hand detected'}
2025-04-13 20:47:13,943 - proctoring - INFO - [log_service.py:40] - Successfully stored 2 logs
2025-04-13 20:47:13,945 - proctoring - DEBUG - [image_utils.py:43] - Decoded base64 data length: 16525
2025-04-13 20:47:13,945 - proctoring - INFO - [detection_service.py:13] - Processing new frame
2025-04-13 20:47:13,945 - proctoring - INFO - [face_detection.py:9] - Starting face detection
2025-04-13 20:47:13,950 - proctoring - INFO - [face_detection.py:38] - Face detected with confidence 0.95
2025-04-13 20:47:14,047 - proctoring - INFO - [detection_service.py:28] - Face detection found 1 events
2025-04-13 20:47:14,047 - proctoring - DEBUG - [detection_service.py:31] - No Hand detections
2025-04-13 20:47:14,047 - proctoring - DEBUG - [detection_service.py:31] - No Face Mesh detections
2025-04-13 20:47:14,047 - proctoring - DEBUG - [detection_service.py:31] - No YOLO detections
2025-04-13 20:47:14,047 - proctoring - INFO - [detection_service.py:34] - Total events detected: 1
2025-04-13 20:47:14,047 - proctoring - INFO - [log_service.py:12] - Attempting to store 1 logs for user 1
2025-04-13 20:47:14,047 - proctoring - DEBUG - [log_service.py:26] - Created log entry: {'time': '2025-04-13 20:47:13.945968', 'event': 'Face detected'}
2025-04-13 20:47:14,048 - proctoring - INFO - [log_service.py:40] - Successfully stored 1 logs
2025-04-13 20:47:14,049 - proctoring - DEBUG - [image_utils.py:43] - Decoded base64 data length: 16631
2025-04-13 20:47:14,050 - proctoring - INFO - [detection_service.py:13] - Processing new frame
2025-04-13 20:47:14,050 - proctoring - INFO - [face_detection.py:9] - Starting face detection
2025-04-13 20:47:14,054 - proctoring - INFO - [face_detection.py:38] - Face detected with confidence 0.95
2025-04-13 20:47:14,153 - proctoring - INFO - [detection_service.py:28] - Face detection found 1 events
2025-04-13 20:47:14,153 - proctoring - DEBUG - [detection_service.py:31] - No Hand detections
2025-04-13 20:47:14,153 - proctoring - DEBUG - [detection_service.py:31] - No Face Mesh detections
2025-04-13 20:47:14,153 - proctoring - DEBUG - [detection_service.py:31] - No YOLO detections
2025-04-13 20:47:14,153 - proctoring - INFO - [detection_service.py:34] - Total events detected: 1
2025-04-13 20:47:14,153 - proctoring - INFO - [log_service.py:12] - Attempting to store 1 logs for user 1
2025-04-13 20:47:14,153 - proctoring - DEBUG - [log_service.py:26] - Created log entry: {'time': '2025-04-13 20:47:14.050342', 'event': 'Face detected'}
2025-04-13 20:47:14,155 - proctoring - INFO - [log_service.py:40] - Successfully stored 1 logs
2025-04-13 20:47:14,156 - proctoring - DEBUG - [image_utils.py:43] - Decoded base64 data length: 16313
2025-04-13 20:47:14,157 - proctoring - INFO - [detection_service.py:13] - Processing new frame
2025-04-13 20:47:14,157 - proctoring - INFO - [face_detection.py:9] - Starting face detection
2025-04-13 20:47:14,161 - proctoring - INFO - [face_detection.py:38] - Face detected with confidence 0.95
2025-04-13 20:47:14,263 - proctoring - INFO - [detection_service.py:28] - Face detection found 1 events
2025-04-13 20:47:14,263 - proctoring - DEBUG - [detection_service.py:31] - No Hand detections
2025-04-13 20:47:14,263 - proctoring - DEBUG - [detection_service.py:31] - No Face Mesh detections
2025-04-13 20:47:14,263 - proctoring - DEBUG - [detection_service.py:31] - No YOLO detections
2025-04-13 20:47:14,263 - proctoring - INFO - [detection_service.py:34] - Total events detected: 1
2025-04-13 20:47:14,263 - proctoring - INFO - [log_service.py:12] - Attempting to store 1 logs for user 1
2025-04-13 20:47:14,263 - proctoring - DEBUG - [log_service.py:26] - Created log entry: {'time': '2025-04-13 20:47:14.157428', 'event': 'Face detected'}
2025-04-13 20:47:14,265 - proctoring - INFO - [log_service.py:40] - Successfully stored 1 logs
2025-04-13 20:47:14,267 - proctoring - DEBUG - [image_utils.py:43] - Decoded base64 data length: 16449
2025-04-13 20:47:14,267 - proctoring - INFO - [detection_service.py:13] - Processing new frame
2025-04-13 20:47:14,267 - proctoring - INFO - [face_detection.py:9] - Starting face detection
2025-04-13 20:47:14,271 - proctoring - INFO - [face_detection.py:38] - Face detected with confidence 0.95
2025-04-13 20:47:14,376 - proctoring - INFO - [detection_service.py:28] - Face detection found 1 events
2025-04-13 20:47:14,376 - proctoring - DEBUG - [detection_service.py:31] - No Hand detections
2025-04-13 20:47:14,376 - proctoring - DEBUG - [detection_service.py:31] - No Face Mesh detections
2025-04-13 20:47:14,376 - proctoring - DEBUG - [detection_service.py:31] - No YOLO detections
2025-04-13 20:47:14,376 - proctoring - INFO - [detection_service.py:34] - Total events detected: 1
2025-04-13 20:47:14,377 - proctoring - INFO - [log_service.py:12] - Attempting to store 1 logs for user 1
2025-04-13 20:47:14,377 - proctoring - DEBUG - [log_service.py:26] - Created log entry: {'time': '2025-04-13 20:47:14.267732', 'event': 'Face detected'}
2025-04-13 20:47:14,378 - proctoring - INFO - [log_service.py:40] - Successfully stored 1 logs
2025-04-13 20:47:14,380 - proctoring - DEBUG - [image_utils.py:43] - Decoded base64 data length: 16170
2025-04-13 20:47:14,380 - proctoring - INFO - [detection_service.py:13] - Processing new frame
2025-04-13 20:47:14,380 - proctoring - INFO - [face_detection.py:9] - Starting face detection
2025-04-13 20:47:14,385 - proctoring - INFO - [face_detection.py:38] - Face detected with confidence 0.94
2025-04-13 20:47:14,481 - proctoring - INFO - [detection_service.py:28] - Face detection found 1 events
2025-04-13 20:47:14,481 - proctoring - DEBUG - [detection_service.py:31] - No Hand detections
2025-04-13 20:47:14,481 - proctoring - DEBUG - [detection_service.py:31] - No Face Mesh detections
2025-04-13 20:47:14,481 - proctoring - DEBUG - [detection_service.py:31] - No YOLO detections
2025-04-13 20:47:14,481 - proctoring - INFO - [detection_service.py:34] - Total events detected: 1
2025-04-13 20:47:14,481 - proctoring - INFO - [log_service.py:12] - Attempting to store 1 logs for user 1
2025-04-13 20:47:14,481 - proctoring - DEBUG - [log_service.py:26] - Created log entry: {'time': '2025-04-13 20:47:14.380829', 'event': 'Face detected'}
2025-04-13 20:47:14,483 - proctoring - INFO - [log_service.py:40] - Successfully stored 1 logs
2025-04-13 20:47:14,484 - proctoring - DEBUG - [image_utils.py:43] - Decoded base64 data length: 16283
2025-04-13 20:47:14,485 - proctoring - INFO - [detection_service.py:13] - Processing new frame
2025-04-13 20:47:14,485 - proctoring - INFO - [face_detection.py:9] - Starting face detection
2025-04-13 20:47:14,489 - proctoring - INFO - [face_detection.py:38] - Face detected with confidence 0.94
2025-04-13 20:47:14,586 - proctoring - INFO - [detection_service.py:28] - Face detection found 1 events
2025-04-13 20:47:14,586 - proctoring - DEBUG - [detection_service.py:31] - No Hand detections
2025-04-13 20:47:14,586 - proctoring - DEBUG - [detection_service.py:31] - No Face Mesh detections
2025-04-13 20:47:14,586 - proctoring - DEBUG - [detection_service.py:31] - No YOLO detections
2025-04-13 20:47:14,586 - proctoring - INFO - [detection_service.py:34] - Total events detected: 1
2025-04-13 20:47:14,586 - proctoring - INFO - [log_service.py:12] - Attempting to store 1 logs for user 1
2025-04-13 20:47:14,586 - proctoring - DEBUG - [log_service.py:26] - Created log entry: {'time': '2025-04-13 20:47:14.485481', 'event': 'Face detected'}
2025-04-13 20:47:14,588 - proctoring - INFO - [log_service.py:40] - Successfully stored 1 logs
2025-04-13 20:47:14,589 - proctoring - DEBUG - [image_utils.py:43] - Decoded base64 data length: 16836
2025-04-13 20:47:14,589 - proctoring - INFO - [detection_service.py:13] - Processing new frame
2025-04-13 20:47:14,589 - proctoring - INFO - [face_detection.py:9] - Starting face detection
2025-04-13 20:47:14,596 - proctoring - INFO - [face_detection.py:38] - Face detected with confidence 0.94
2025-04-13 20:47:14,696 - proctoring - INFO - [detection_service.py:28] - Face detection found 1 events
2025-04-13 20:47:14,696 - proctoring - DEBUG - [detection_service.py:31] - No Hand detections
2025-04-13 20:47:14,696 - proctoring - DEBUG - [detection_service.py:31] - No Face Mesh detections
2025-04-13 20:47:14,696 - proctoring - DEBUG - [detection_service.py:31] - No YOLO detections
2025-04-13 20:47:14,696 - proctoring - INFO - [detection_service.py:34] - Total events detected: 1
2025-04-13 20:47:14,696 - proctoring - INFO - [log_service.py:12] - Attempting to store 1 logs for user 1
2025-04-13 20:47:14,696 - proctoring - DEBUG - [log_service.py:26] - Created log entry: {'time': '2025-04-13 20:47:14.589995', 'event': 'Face detected'}
2025-04-13 20:47:14,698 - proctoring - INFO - [log_service.py:40] - Successfully stored 1 logs
2025-04-13 20:47:14,699 - proctoring - DEBUG - [image_utils.py:43] - Decoded base64 data length: 16538
2025-04-13 20:47:14,700 - proctoring - INFO - [detection_service.py:13] - Processing new frame
2025-04-13 20:47:14,700 - proctoring - INFO - [face_detection.py:9] - Starting face detection
2025-04-13 20:47:14,704 - proctoring - INFO - [face_detection.py:38] - Face detected with confidence 0.93
2025-04-13 20:47:14,814 - proctoring - INFO - [detection_service.py:28] - Face detection found 1 events
2025-04-13 20:47:14,814 - proctoring - DEBUG - [detection_service.py:31] - No Hand detections
2025-04-13 20:47:14,814 - proctoring - DEBUG - [detection_service.py:31] - No Face Mesh detections
2025-04-13 20:47:14,814 - proctoring - DEBUG - [detection_service.py:31] - No YOLO detections
2025-04-13 20:47:14,814 - proctoring - INFO - [detection_service.py:34] - Total events detected: 1
2025-04-13 20:47:14,814 - proctoring - INFO - [log_service.py:12] - Attempting to store 1 logs for user 1
2025-04-13 20:47:14,814 - proctoring - DEBUG - [log_service.py:26] - Created log entry: {'time': '2025-04-13 20:47:14.700325', 'event': 'Face detected'}
2025-04-13 20:47:14,816 - proctoring - INFO - [log_service.py:40] - Successfully stored 1 logs
2025-04-13 20:47:14,818 - proctoring - DEBUG - [image_utils.py:43] - Decoded base64 data length: 16885
2025-04-13 20:47:14,818 - proctoring - INFO - [detection_service.py:13] - Processing new frame
2025-04-13 20:47:14,818 - proctoring - INFO - [face_detection.py:9] - Starting face detection
2025-04-13 20:47:14,823 - proctoring - INFO - [face_detection.py:38] - Face detected with confidence 0.93
2025-04-13 20:47:14,930 - proctoring - INFO - [detection_service.py:28] - Face detection found 1 events
2025-04-13 20:47:14,930 - proctoring - DEBUG - [detection_service.py:31] - No Hand detections
2025-04-13 20:47:14,930 - proctoring - DEBUG - [detection_service.py:31] - No Face Mesh detections
2025-04-13 20:47:14,930 - proctoring - DEBUG - [detection_service.py:31] - No YOLO detections
2025-04-13 20:47:14,930 - proctoring - INFO - [detection_service.py:34] - Total events detected: 1
2025-04-13 20:47:14,930 - proctoring - INFO - [log_service.py:12] - Attempting to store 1 logs for user 1
2025-04-13 20:47:14,930 - proctoring - DEBUG - [log_service.py:26] - Created log entry: {'time': '2025-04-13 20:47:14.818750', 'event': 'Face detected'}
2025-04-13 20:47:14,931 - proctoring - INFO - [log_service.py:40] - Successfully stored 1 logs
2025-04-13 20:47:14,933 - proctoring - INFO - [main.py:217] - Cleaning up connection for user 1
2025-04-13 20:49:38,107 - proctoring - INFO - [database.py:13] - Using database: localhost:3306/Proctoring_AI
2025-04-13 20:49:42,153 - proctoring - INFO - [mediapipe_config.py:14] - MediaPipe configured for CPU-only mode
2025-04-13 20:49:42,153 - proctoring - INFO - [main.py:68] - MediaPipe configured successfully
2025-04-13 20:49:42,193 - proctoring - INFO - [main.py:74] - Database connection test successful
2025-04-13 20:49:42,197 - proctoring - INFO - [main.py:81] - Database initialized successfully
2025-04-13 20:49:42,216 - proctoring - INFO - [main.py:86] - YOLO model loaded successfully
2025-04-13 20:49:42,497 - proctoring - INFO - [database.py:13] - Using database: localhost:3306/Proctoring_AI
2025-04-13 20:49:46,114 - proctoring - INFO - [mediapipe_config.py:14] - MediaPipe configured for CPU-only mode
2025-04-13 20:49:46,114 - proctoring - INFO - [main.py:68] - MediaPipe configured successfully
2025-04-13 20:49:46,130 - proctoring - INFO - [main.py:74] - Database connection test successful
2025-04-13 20:49:46,133 - proctoring - INFO - [main.py:81] - Database initialized successfully
2025-04-13 20:49:46,146 - proctoring - INFO - [main.py:86] - YOLO model loaded successfully
2025-04-13 20:50:06,710 - proctoring - INFO - [main.py:133] - WebSocket connection attempt for user 1
2025-04-13 20:50:06,711 - proctoring - INFO - [connection.py:19] - WebSocket connection accepted for user 1
2025-04-13 20:50:06,712 - proctoring - INFO - [main.py:162] - WebSocket connection established for user 1
2025-04-13 20:50:06,717 - proctoring - DEBUG - [image_utils.py:43] - Decoded base64 data length: 14192
2025-04-13 20:50:06,718 - proctoring - INFO - [detection_service.py:16] - Processing new frame
2025-04-13 20:50:06,718 - proctoring - INFO - [face_detection.py:9] - Starting face detection
2025-04-13 20:50:06,781 - proctoring - INFO - [face_detection.py:38] - Face detected with confidence 0.95
2025-04-13 20:50:06,787 - proctoring - INFO - [detection_service.py:34] - Face detection found 1 events
2025-04-13 20:50:06,803 - proctoring - DEBUG - [detection_service.py:37] - No Hand detections
2025-04-13 20:50:06,803 - proctoring - DEBUG - [detection_service.py:37] - No Face Mesh detections
2025-04-13 20:50:07,344 - proctoring - DEBUG - [detection_service.py:37] - No YOLO detections
2025-04-13 20:50:07,344 - proctoring - INFO - [detection_service.py:42] - Total events detected: 1
2025-04-13 20:50:07,344 - proctoring - INFO - [log_service.py:12] - Attempting to store 1 logs for user 1
2025-04-13 20:50:07,344 - proctoring - DEBUG - [log_service.py:26] - Created log entry: {'time': '2025-04-13 20:50:06.718715', 'event': 'Face detected'}
2025-04-13 20:50:07,346 - proctoring - INFO - [log_service.py:40] - Successfully stored 1 logs
2025-04-13 20:50:07,349 - proctoring - DEBUG - [image_utils.py:43] - Decoded base64 data length: 14467
2025-04-13 20:50:07,349 - proctoring - INFO - [detection_service.py:16] - Processing new frame
2025-04-13 20:50:07,349 - proctoring - INFO - [face_detection.py:9] - Starting face detection
2025-04-13 20:50:07,365 - proctoring - INFO - [face_detection.py:38] - Face detected with confidence 0.96
2025-04-13 20:50:07,367 - proctoring - INFO - [detection_service.py:34] - Face detection found 1 events
2025-04-13 20:50:07,372 - proctoring - DEBUG - [detection_service.py:37] - No Face Mesh detections
2025-04-13 20:50:07,377 - proctoring - DEBUG - [detection_service.py:37] - No Hand detections
2025-04-13 20:50:07,419 - proctoring - DEBUG - [detection_service.py:37] - No YOLO detections
2025-04-13 20:50:07,419 - proctoring - INFO - [detection_service.py:42] - Total events detected: 1
2025-04-13 20:50:07,419 - proctoring - INFO - [log_service.py:12] - Attempting to store 1 logs for user 1
2025-04-13 20:50:07,419 - proctoring - DEBUG - [log_service.py:26] - Created log entry: {'time': '2025-04-13 20:50:07.358567', 'event': 'Face detected'}
2025-04-13 20:50:07,421 - proctoring - INFO - [log_service.py:40] - Successfully stored 1 logs
2025-04-13 20:50:07,423 - proctoring - DEBUG - [image_utils.py:43] - Decoded base64 data length: 14867
2025-04-13 20:50:07,423 - proctoring - INFO - [detection_service.py:16] - Processing new frame
2025-04-13 20:50:07,423 - proctoring - INFO - [face_detection.py:9] - Starting face detection
2025-04-13 20:50:07,437 - proctoring - INFO - [face_detection.py:38] - Face detected with confidence 0.96
2025-04-13 20:50:07,438 - proctoring - INFO - [detection_service.py:34] - Face detection found 1 events
2025-04-13 20:50:07,447 - proctoring - DEBUG - [detection_service.py:37] - No Face Mesh detections
2025-04-13 20:50:07,451 - proctoring - DEBUG - [detection_service.py:37] - No Hand detections
2025-04-13 20:50:07,496 - proctoring - DEBUG - [detection_service.py:37] - No YOLO detections
2025-04-13 20:50:07,496 - proctoring - INFO - [detection_service.py:42] - Total events detected: 1
2025-04-13 20:50:07,496 - proctoring - INFO - [log_service.py:12] - Attempting to store 1 logs for user 1
2025-04-13 20:50:07,496 - proctoring - DEBUG - [log_service.py:26] - Created log entry: {'time': '2025-04-13 20:50:07.423807', 'event': 'Face detected'}
2025-04-13 20:50:07,497 - proctoring - INFO - [log_service.py:40] - Successfully stored 1 logs
2025-04-13 20:50:07,498 - proctoring - DEBUG - [image_utils.py:43] - Decoded base64 data length: 15407
2025-04-13 20:50:07,499 - proctoring - INFO - [detection_service.py:16] - Processing new frame
2025-04-13 20:50:07,499 - proctoring - INFO - [face_detection.py:9] - Starting face detection
2025-04-13 20:50:07,513 - proctoring - INFO - [face_detection.py:38] - Face detected with confidence 0.96
2025-04-13 20:50:07,514 - proctoring - INFO - [detection_service.py:34] - Face detection found 1 events
2025-04-13 20:50:07,519 - proctoring - DEBUG - [detection_service.py:37] - No Face Mesh detections
2025-04-13 20:50:07,527 - proctoring - DEBUG - [detection_service.py:37] - No Hand detections
2025-04-13 20:50:07,569 - proctoring - DEBUG - [detection_service.py:37] - No YOLO detections
2025-04-13 20:50:07,569 - proctoring - INFO - [detection_service.py:42] - Total events detected: 1
2025-04-13 20:50:07,569 - proctoring - INFO - [log_service.py:12] - Attempting to store 1 logs for user 1
2025-04-13 20:50:07,569 - proctoring - DEBUG - [log_service.py:26] - Created log entry: {'time': '2025-04-13 20:50:07.508104', 'event': 'Face detected'}
2025-04-13 20:50:07,571 - proctoring - INFO - [log_service.py:40] - Successfully stored 1 logs
2025-04-13 20:50:07,572 - proctoring - DEBUG - [image_utils.py:43] - Decoded base64 data length: 16114
2025-04-13 20:50:07,573 - proctoring - INFO - [detection_service.py:16] - Processing new frame
2025-04-13 20:50:07,573 - proctoring - INFO - [face_detection.py:9] - Starting face detection
2025-04-13 20:50:07,585 - proctoring - INFO - [face_detection.py:38] - Face detected with confidence 0.97
2025-04-13 20:50:07,587 - proctoring - INFO - [detection_service.py:34] - Face detection found 1 events
2025-04-13 20:50:07,600 - proctoring - DEBUG - [detection_service.py:37] - No Face Mesh detections
2025-04-13 20:50:07,603 - proctoring - DEBUG - [detection_service.py:37] - No Hand detections
2025-04-13 20:50:07,646 - proctoring - DEBUG - [detection_service.py:37] - No YOLO detections
2025-04-13 20:50:07,646 - proctoring - INFO - [detection_service.py:42] - Total events detected: 1
2025-04-13 20:50:07,646 - proctoring - INFO - [log_service.py:12] - Attempting to store 1 logs for user 1
2025-04-13 20:50:07,646 - proctoring - DEBUG - [log_service.py:26] - Created log entry: {'time': '2025-04-13 20:50:07.573244', 'event': 'Face detected'}
2025-04-13 20:50:07,648 - proctoring - INFO - [log_service.py:40] - Successfully stored 1 logs
2025-04-13 20:50:07,648 - proctoring - DEBUG - [image_utils.py:43] - Decoded base64 data length: 16720
2025-04-13 20:50:07,649 - proctoring - INFO - [detection_service.py:16] - Processing new frame
2025-04-13 20:50:07,649 - proctoring - INFO - [face_detection.py:9] - Starting face detection
2025-04-13 20:50:07,669 - proctoring - INFO - [face_detection.py:38] - Face detected with confidence 0.97
2025-04-13 20:50:07,672 - proctoring - INFO - [detection_service.py:34] - Face detection found 1 events
2025-04-13 20:50:07,680 - proctoring - DEBUG - [detection_service.py:37] - No Face Mesh detections
2025-04-13 20:50:07,683 - proctoring - DEBUG - [detection_service.py:37] - No Hand detections
2025-04-13 20:50:07,729 - proctoring - DEBUG - [detection_service.py:37] - No YOLO detections
2025-04-13 20:50:07,729 - proctoring - INFO - [detection_service.py:42] - Total events detected: 1
2025-04-13 20:50:07,729 - proctoring - INFO - [log_service.py:12] - Attempting to store 1 logs for user 1
2025-04-13 20:50:07,729 - proctoring - DEBUG - [log_service.py:26] - Created log entry: {'time': '2025-04-13 20:50:07.649885', 'event': 'Face detected'}
2025-04-13 20:50:07,731 - proctoring - INFO - [log_service.py:40] - Successfully stored 1 logs
2025-04-13 20:50:07,732 - proctoring - DEBUG - [image_utils.py:43] - Decoded base64 data length: 16243
2025-04-13 20:50:07,733 - proctoring - INFO - [detection_service.py:16] - Processing new frame
2025-04-13 20:50:07,733 - proctoring - INFO - [face_detection.py:9] - Starting face detection
2025-04-13 20:50:07,747 - proctoring - INFO - [face_detection.py:38] - Face detected with confidence 0.97
2025-04-13 20:50:07,750 - proctoring - INFO - [detection_service.py:34] - Face detection found 1 events
2025-04-13 20:50:07,759 - proctoring - DEBUG - [detection_service.py:37] - No Face Mesh detections
2025-04-13 20:50:07,764 - proctoring - DEBUG - [detection_service.py:37] - No Hand detections
2025-04-13 20:50:07,806 - proctoring - DEBUG - [detection_service.py:37] - No YOLO detections
2025-04-13 20:50:07,806 - proctoring - INFO - [detection_service.py:42] - Total events detected: 1
2025-04-13 20:50:07,806 - proctoring - INFO - [log_service.py:12] - Attempting to store 1 logs for user 1
2025-04-13 20:50:07,806 - proctoring - DEBUG - [log_service.py:26] - Created log entry: {'time': '2025-04-13 20:50:07.733209', 'event': 'Face detected'}
2025-04-13 20:50:07,808 - proctoring - INFO - [log_service.py:40] - Successfully stored 1 logs
2025-04-13 20:50:07,809 - proctoring - DEBUG - [image_utils.py:43] - Decoded base64 data length: 16241
2025-04-13 20:50:07,810 - proctoring - INFO - [detection_service.py:16] - Processing new frame
2025-04-13 20:50:07,810 - proctoring - INFO - [face_detection.py:9] - Starting face detection
2025-04-13 20:50:07,823 - proctoring - INFO - [face_detection.py:38] - Face detected with confidence 0.97
2025-04-13 20:50:07,827 - proctoring - INFO - [detection_service.py:34] - Face detection found 1 events
2025-04-13 20:50:07,838 - proctoring - DEBUG - [detection_service.py:37] - No Face Mesh detections
2025-04-13 20:50:07,841 - proctoring - DEBUG - [detection_service.py:37] - No Hand detections
2025-04-13 20:50:07,883 - proctoring - DEBUG - [detection_service.py:37] - No YOLO detections
2025-04-13 20:50:07,883 - proctoring - INFO - [detection_service.py:42] - Total events detected: 1
2025-04-13 20:50:07,883 - proctoring - INFO - [log_service.py:12] - Attempting to store 1 logs for user 1
2025-04-13 20:50:07,883 - proctoring - DEBUG - [log_service.py:26] - Created log entry: {'time': '2025-04-13 20:50:07.810505', 'event': 'Face detected'}
2025-04-13 20:50:07,884 - proctoring - INFO - [log_service.py:40] - Successfully stored 1 logs
2025-04-13 20:50:07,886 - proctoring - DEBUG - [image_utils.py:43] - Decoded base64 data length: 16746
2025-04-13 20:50:07,886 - proctoring - INFO - [detection_service.py:16] - Processing new frame
2025-04-13 20:50:07,886 - proctoring - INFO - [face_detection.py:9] - Starting face detection
2025-04-13 20:50:07,903 - proctoring - INFO - [face_detection.py:38] - Face detected with confidence 0.97
2025-04-13 20:50:07,904 - proctoring - INFO - [detection_service.py:34] - Face detection found 1 events
2025-04-13 20:50:07,908 - proctoring - DEBUG - [detection_service.py:37] - No Face Mesh detections
2025-04-13 20:50:07,911 - proctoring - DEBUG - [detection_service.py:37] - No Hand detections
2025-04-13 20:50:07,954 - proctoring - DEBUG - [detection_service.py:37] - No YOLO detections
2025-04-13 20:50:07,954 - proctoring - INFO - [detection_service.py:42] - Total events detected: 1
2025-04-13 20:50:07,954 - proctoring - INFO - [log_service.py:12] - Attempting to store 1 logs for user 1
2025-04-13 20:50:07,954 - proctoring - DEBUG - [log_service.py:26] - Created log entry: {'time': '2025-04-13 20:50:07.896705', 'event': 'Face detected'}
2025-04-13 20:50:07,956 - proctoring - INFO - [log_service.py:40] - Successfully stored 1 logs
2025-04-13 20:50:07,957 - proctoring - DEBUG - [image_utils.py:43] - Decoded base64 data length: 17018
2025-04-13 20:50:07,958 - proctoring - INFO - [detection_service.py:16] - Processing new frame
2025-04-13 20:50:07,958 - proctoring - INFO - [face_detection.py:9] - Starting face detection
2025-04-13 20:50:07,973 - proctoring - INFO - [face_detection.py:38] - Face detected with confidence 0.97
2025-04-13 20:50:07,974 - proctoring - INFO - [detection_service.py:34] - Face detection found 1 events
2025-04-13 20:50:07,981 - proctoring - DEBUG - [detection_service.py:37] - No Face Mesh detections
2025-04-13 20:50:07,986 - proctoring - DEBUG - [detection_service.py:37] - No Hand detections
2025-04-13 20:50:08,031 - proctoring - DEBUG - [detection_service.py:37] - No YOLO detections
2025-04-13 20:50:08,031 - proctoring - INFO - [detection_service.py:42] - Total events detected: 1
2025-04-13 20:50:08,031 - proctoring - INFO - [log_service.py:12] - Attempting to store 1 logs for user 1
2025-04-13 20:50:08,031 - proctoring - DEBUG - [log_service.py:26] - Created log entry: {'time': '2025-04-13 20:50:07.967654', 'event': 'Face detected'}
2025-04-13 20:50:08,032 - proctoring - INFO - [log_service.py:40] - Successfully stored 1 logs
2025-04-13 20:50:08,033 - proctoring - DEBUG - [image_utils.py:43] - Decoded base64 data length: 17125
2025-04-13 20:50:08,033 - proctoring - INFO - [detection_service.py:16] - Processing new frame
2025-04-13 20:50:08,033 - proctoring - INFO - [face_detection.py:9] - Starting face detection
2025-04-13 20:50:08,044 - proctoring - INFO - [face_detection.py:38] - Face detected with confidence 0.97
2025-04-13 20:50:08,046 - proctoring - INFO - [detection_service.py:34] - Face detection found 1 events
2025-04-13 20:50:08,057 - proctoring - DEBUG - [detection_service.py:37] - No Face Mesh detections
2025-04-13 20:50:08,062 - proctoring - DEBUG - [detection_service.py:37] - No Hand detections
2025-04-13 20:50:08,109 - proctoring - DEBUG - [detection_service.py:37] - No YOLO detections
2025-04-13 20:50:08,109 - proctoring - INFO - [detection_service.py:42] - Total events detected: 1
2025-04-13 20:50:08,109 - proctoring - INFO - [log_service.py:12] - Attempting to store 1 logs for user 1
2025-04-13 20:50:08,109 - proctoring - DEBUG - [log_service.py:26] - Created log entry: {'time': '2025-04-13 20:50:08.033906', 'event': 'Face detected'}
2025-04-13 20:50:08,110 - proctoring - INFO - [log_service.py:40] - Successfully stored 1 logs
2025-04-13 20:50:08,112 - proctoring - DEBUG - [image_utils.py:43] - Decoded base64 data length: 17380
2025-04-13 20:50:08,112 - proctoring - INFO - [detection_service.py:16] - Processing new frame
2025-04-13 20:50:08,112 - proctoring - INFO - [face_detection.py:9] - Starting face detection
2025-04-13 20:50:08,131 - proctoring - INFO - [face_detection.py:38] - Face detected with confidence 0.97
2025-04-13 20:50:08,133 - proctoring - INFO - [detection_service.py:34] - Face detection found 1 events
2025-04-13 20:50:08,138 - proctoring - DEBUG - [detection_service.py:37] - No Face Mesh detections
2025-04-13 20:50:08,143 - proctoring - DEBUG - [detection_service.py:37] - No Hand detections
2025-04-13 20:50:08,186 - proctoring - DEBUG - [detection_service.py:37] - No YOLO detections
2025-04-13 20:50:08,186 - proctoring - INFO - [detection_service.py:42] - Total events detected: 1
2025-04-13 20:50:08,186 - proctoring - INFO - [log_service.py:12] - Attempting to store 1 logs for user 1
2025-04-13 20:50:08,186 - proctoring - DEBUG - [log_service.py:26] - Created log entry: {'time': '2025-04-13 20:50:08.112608', 'event': 'Face detected'}
2025-04-13 20:50:08,188 - proctoring - INFO - [log_service.py:40] - Successfully stored 1 logs
2025-04-13 20:50:08,189 - proctoring - DEBUG - [image_utils.py:43] - Decoded base64 data length: 17313
2025-04-13 20:50:08,189 - proctoring - INFO - [detection_service.py:16] - Processing new frame
2025-04-13 20:50:08,190 - proctoring - INFO - [face_detection.py:9] - Starting face detection
2025-04-13 20:50:08,203 - proctoring - INFO - [face_detection.py:38] - Face detected with confidence 0.97
2025-04-13 20:50:08,205 - proctoring - INFO - [detection_service.py:34] - Face detection found 1 events
2025-04-13 20:50:08,215 - proctoring - DEBUG - [detection_service.py:37] - No Hand detections
2025-04-13 20:50:08,215 - proctoring - DEBUG - [detection_service.py:37] - No Face Mesh detections
2025-04-13 20:50:08,257 - proctoring - DEBUG - [detection_service.py:37] - No YOLO detections
2025-04-13 20:50:08,257 - proctoring - INFO - [detection_service.py:42] - Total events detected: 1
2025-04-13 20:50:08,257 - proctoring - INFO - [log_service.py:12] - Attempting to store 1 logs for user 1
2025-04-13 20:50:08,257 - proctoring - DEBUG - [log_service.py:26] - Created log entry: {'time': '2025-04-13 20:50:08.194033', 'event': 'Face detected'}
2025-04-13 20:50:08,259 - proctoring - INFO - [log_service.py:40] - Successfully stored 1 logs
2025-04-13 20:50:08,260 - proctoring - DEBUG - [image_utils.py:43] - Decoded base64 data length: 17346
2025-04-13 20:50:08,261 - proctoring - INFO - [detection_service.py:16] - Processing new frame
2025-04-13 20:50:08,261 - proctoring - INFO - [face_detection.py:9] - Starting face detection
2025-04-13 20:50:08,275 - proctoring - INFO - [face_detection.py:38] - Face detected with confidence 0.97
2025-04-13 20:50:08,277 - proctoring - INFO - [detection_service.py:34] - Face detection found 1 events
2025-04-13 20:50:08,284 - proctoring - DEBUG - [detection_service.py:37] - No Face Mesh detections
2025-04-13 20:50:08,287 - proctoring - DEBUG - [detection_service.py:37] - No Hand detections
2025-04-13 20:50:08,333 - proctoring - DEBUG - [detection_service.py:37] - No YOLO detections
2025-04-13 20:50:08,333 - proctoring - INFO - [detection_service.py:42] - Total events detected: 1
2025-04-13 20:50:08,333 - proctoring - INFO - [log_service.py:12] - Attempting to store 1 logs for user 1
2025-04-13 20:50:08,333 - proctoring - DEBUG - [log_service.py:26] - Created log entry: {'time': '2025-04-13 20:50:08.265289', 'event': 'Face detected'}
2025-04-13 20:50:08,335 - proctoring - INFO - [log_service.py:40] - Successfully stored 1 logs
2025-04-13 20:50:08,336 - proctoring - DEBUG - [image_utils.py:43] - Decoded base64 data length: 17371
2025-04-13 20:50:08,337 - proctoring - INFO - [detection_service.py:16] - Processing new frame
2025-04-13 20:50:08,337 - proctoring - INFO - [face_detection.py:9] - Starting face detection
2025-04-13 20:50:08,349 - proctoring - INFO - [face_detection.py:38] - Face detected with confidence 0.97
2025-04-13 20:50:08,351 - proctoring - INFO - [detection_service.py:34] - Face detection found 1 events
2025-04-13 20:50:08,361 - proctoring - DEBUG - [detection_service.py:37] - No Face Mesh detections
2025-04-13 20:50:08,363 - proctoring - DEBUG - [detection_service.py:37] - No Hand detections
2025-04-13 20:50:08,405 - proctoring - DEBUG - [detection_service.py:37] - No YOLO detections
2025-04-13 20:50:08,405 - proctoring - INFO - [detection_service.py:42] - Total events detected: 1
2025-04-13 20:50:08,405 - proctoring - INFO - [log_service.py:12] - Attempting to store 1 logs for user 1
2025-04-13 20:50:08,405 - proctoring - DEBUG - [log_service.py:26] - Created log entry: {'time': '2025-04-13 20:50:08.337520', 'event': 'Face detected'}
2025-04-13 20:50:08,407 - proctoring - INFO - [log_service.py:40] - Successfully stored 1 logs
2025-04-13 20:50:08,409 - proctoring - DEBUG - [image_utils.py:43] - Decoded base64 data length: 17492
2025-04-13 20:50:08,409 - proctoring - INFO - [detection_service.py:16] - Processing new frame
2025-04-13 20:50:08,409 - proctoring - INFO - [face_detection.py:9] - Starting face detection
2025-04-13 20:50:08,422 - proctoring - INFO - [face_detection.py:38] - Face detected with confidence 0.97
2025-04-13 20:50:08,425 - proctoring - INFO - [detection_service.py:34] - Face detection found 1 events
2025-04-13 20:50:08,433 - proctoring - DEBUG - [detection_service.py:37] - No Face Mesh detections
2025-04-13 20:50:08,437 - proctoring - DEBUG - [detection_service.py:37] - No Hand detections
2025-04-13 20:50:08,485 - proctoring - DEBUG - [detection_service.py:37] - No YOLO detections
2025-04-13 20:50:08,485 - proctoring - INFO - [detection_service.py:42] - Total events detected: 1
2025-04-13 20:50:08,485 - proctoring - INFO - [log_service.py:12] - Attempting to store 1 logs for user 1
2025-04-13 20:50:08,485 - proctoring - DEBUG - [log_service.py:26] - Created log entry: {'time': '2025-04-13 20:50:08.412867', 'event': 'Face detected'}
2025-04-13 20:50:08,487 - proctoring - INFO - [log_service.py:40] - Successfully stored 1 logs
2025-04-13 20:50:08,488 - proctoring - DEBUG - [image_utils.py:43] - Decoded base64 data length: 17585
2025-04-13 20:50:08,489 - proctoring - INFO - [detection_service.py:16] - Processing new frame
2025-04-13 20:50:08,489 - proctoring - INFO - [face_detection.py:9] - Starting face detection
2025-04-13 20:50:08,503 - proctoring - INFO - [face_detection.py:38] - Face detected with confidence 0.97
2025-04-13 20:50:08,505 - proctoring - INFO - [detection_service.py:34] - Face detection found 1 events
2025-04-13 20:50:08,514 - proctoring - DEBUG - [detection_service.py:37] - No Hand detections
2025-04-13 20:50:08,518 - proctoring - DEBUG - [detection_service.py:37] - No Face Mesh detections
2025-04-13 20:50:08,563 - proctoring - DEBUG - [detection_service.py:37] - No YOLO detections
2025-04-13 20:50:08,563 - proctoring - INFO - [detection_service.py:42] - Total events detected: 1
2025-04-13 20:50:08,563 - proctoring - INFO - [log_service.py:12] - Attempting to store 1 logs for user 1
2025-04-13 20:50:08,563 - proctoring - DEBUG - [log_service.py:26] - Created log entry: {'time': '2025-04-13 20:50:08.493798', 'event': 'Face detected'}
2025-04-13 20:50:08,564 - proctoring - INFO - [log_service.py:40] - Successfully stored 1 logs
2025-04-13 20:50:08,566 - proctoring - DEBUG - [image_utils.py:43] - Decoded base64 data length: 17668
2025-04-13 20:50:08,566 - proctoring - INFO - [detection_service.py:16] - Processing new frame
2025-04-13 20:50:08,566 - proctoring - INFO - [face_detection.py:9] - Starting face detection
2025-04-13 20:50:08,581 - proctoring - INFO - [face_detection.py:38] - Face detected with confidence 0.97
2025-04-13 20:50:08,582 - proctoring - INFO - [detection_service.py:34] - Face detection found 1 events
2025-04-13 20:50:08,588 - proctoring - DEBUG - [detection_service.py:37] - No Face Mesh detections
2025-04-13 20:50:08,593 - proctoring - DEBUG - [detection_service.py:37] - No Hand detections
2025-04-13 20:50:08,640 - proctoring - DEBUG - [detection_service.py:37] - No YOLO detections
2025-04-13 20:50:08,640 - proctoring - INFO - [detection_service.py:42] - Total events detected: 1
2025-04-13 20:50:08,640 - proctoring - INFO - [log_service.py:12] - Attempting to store 1 logs for user 1
2025-04-13 20:50:08,640 - proctoring - DEBUG - [log_service.py:26] - Created log entry: {'time': '2025-04-13 20:50:08.575982', 'event': 'Face detected'}
2025-04-13 20:50:08,641 - proctoring - INFO - [log_service.py:40] - Successfully stored 1 logs
2025-04-13 20:50:08,642 - proctoring - DEBUG - [image_utils.py:43] - Decoded base64 data length: 17650
2025-04-13 20:50:08,643 - proctoring - INFO - [detection_service.py:16] - Processing new frame
2025-04-13 20:50:08,643 - proctoring - INFO - [face_detection.py:9] - Starting face detection
2025-04-13 20:50:08,658 - proctoring - INFO - [face_detection.py:38] - Face detected with confidence 0.97
2025-04-13 20:50:08,662 - proctoring - INFO - [detection_service.py:34] - Face detection found 1 events
2025-04-13 20:50:08,669 - proctoring - DEBUG - [detection_service.py:37] - No Face Mesh detections
2025-04-13 20:50:08,674 - proctoring - DEBUG - [detection_service.py:37] - No Hand detections
2025-04-13 20:50:08,717 - proctoring - DEBUG - [detection_service.py:37] - No YOLO detections
2025-04-13 20:50:08,717 - proctoring - INFO - [detection_service.py:42] - Total events detected: 1
2025-04-13 20:50:08,717 - proctoring - INFO - [log_service.py:12] - Attempting to store 1 logs for user 1
2025-04-13 20:50:08,717 - proctoring - DEBUG - [log_service.py:26] - Created log entry: {'time': '2025-04-13 20:50:08.643427', 'event': 'Face detected'}
2025-04-13 20:50:08,719 - proctoring - INFO - [log_service.py:40] - Successfully stored 1 logs
2025-04-13 20:50:08,737 - proctoring - DEBUG - [image_utils.py:43] - Decoded base64 data length: 17625
2025-04-13 20:50:08,737 - proctoring - INFO - [detection_service.py:16] - Processing new frame
2025-04-13 20:50:08,737 - proctoring - INFO - [face_detection.py:9] - Starting face detection
2025-04-13 20:50:08,752 - proctoring - INFO - [face_detection.py:38] - Face detected with confidence 0.97
2025-04-13 20:50:08,753 - proctoring - INFO - [detection_service.py:34] - Face detection found 1 events
2025-04-13 20:50:08,761 - proctoring - DEBUG - [detection_service.py:37] - No Face Mesh detections
2025-04-13 20:50:08,767 - proctoring - DEBUG - [detection_service.py:37] - No Hand detections
2025-04-13 20:50:08,807 - proctoring - DEBUG - [detection_service.py:37] - No YOLO detections
2025-04-13 20:50:08,807 - proctoring - INFO - [detection_service.py:42] - Total events detected: 1
2025-04-13 20:50:08,807 - proctoring - INFO - [log_service.py:12] - Attempting to store 1 logs for user 1
2025-04-13 20:50:08,808 - proctoring - DEBUG - [log_service.py:26] - Created log entry: {'time': '2025-04-13 20:50:08.745978', 'event': 'Face detected'}
2025-04-13 20:50:08,809 - proctoring - INFO - [log_service.py:40] - Successfully stored 1 logs
2025-04-13 20:50:08,846 - proctoring - DEBUG - [image_utils.py:43] - Decoded base64 data length: 17476
2025-04-13 20:50:08,846 - proctoring - INFO - [detection_service.py:16] - Processing new frame
2025-04-13 20:50:08,846 - proctoring - INFO - [face_detection.py:9] - Starting face detection
2025-04-13 20:50:08,860 - proctoring - INFO - [face_detection.py:38] - Face detected with confidence 0.96
2025-04-13 20:50:08,864 - proctoring - INFO - [detection_service.py:34] - Face detection found 1 events
2025-04-13 20:50:08,871 - proctoring - DEBUG - [detection_service.py:37] - No Face Mesh detections
2025-04-13 20:50:08,875 - proctoring - DEBUG - [detection_service.py:37] - No Hand detections
2025-04-13 20:50:08,920 - proctoring - DEBUG - [detection_service.py:37] - No YOLO detections
2025-04-13 20:50:08,920 - proctoring - INFO - [detection_service.py:42] - Total events detected: 1
2025-04-13 20:50:08,920 - proctoring - INFO - [log_service.py:12] - Attempting to store 1 logs for user 1
2025-04-13 20:50:08,920 - proctoring - DEBUG - [log_service.py:26] - Created log entry: {'time': '2025-04-13 20:50:08.846851', 'event': 'Face detected'}
2025-04-13 20:50:08,921 - proctoring - INFO - [log_service.py:40] - Successfully stored 1 logs
2025-04-13 20:50:08,953 - proctoring - DEBUG - [image_utils.py:43] - Decoded base64 data length: 17344
2025-04-13 20:50:08,953 - proctoring - INFO - [detection_service.py:16] - Processing new frame
2025-04-13 20:50:08,953 - proctoring - INFO - [face_detection.py:9] - Starting face detection
2025-04-13 20:50:08,969 - proctoring - INFO - [face_detection.py:38] - Face detected with confidence 0.97
2025-04-13 20:50:08,971 - proctoring - INFO - [detection_service.py:34] - Face detection found 1 events
2025-04-13 20:50:08,976 - proctoring - DEBUG - [detection_service.py:37] - No Face Mesh detections
2025-04-13 20:50:08,981 - proctoring - DEBUG - [detection_service.py:37] - No Hand detections
2025-04-13 20:50:09,022 - proctoring - DEBUG - [detection_service.py:37] - No YOLO detections
2025-04-13 20:50:09,022 - proctoring - INFO - [detection_service.py:42] - Total events detected: 1
2025-04-13 20:50:09,023 - proctoring - INFO - [log_service.py:12] - Attempting to store 1 logs for user 1
2025-04-13 20:50:09,023 - proctoring - DEBUG - [log_service.py:26] - Created log entry: {'time': '2025-04-13 20:50:08.963061', 'event': 'Face detected'}
2025-04-13 20:50:09,025 - proctoring - INFO - [log_service.py:40] - Successfully stored 1 logs
2025-04-13 20:50:09,063 - proctoring - DEBUG - [image_utils.py:43] - Decoded base64 data length: 17262
2025-04-13 20:50:09,063 - proctoring - INFO - [detection_service.py:16] - Processing new frame
2025-04-13 20:50:09,064 - proctoring - INFO - [face_detection.py:9] - Starting face detection
2025-04-13 20:50:09,076 - proctoring - INFO - [face_detection.py:38] - Face detected with confidence 0.97
2025-04-13 20:50:09,079 - proctoring - INFO - [detection_service.py:34] - Face detection found 1 events
2025-04-13 20:50:09,087 - proctoring - DEBUG - [detection_service.py:37] - No Face Mesh detections
2025-04-13 20:50:09,091 - proctoring - DEBUG - [detection_service.py:37] - No Hand detections
2025-04-13 20:50:09,133 - proctoring - DEBUG - [detection_service.py:37] - No YOLO detections
2025-04-13 20:50:09,133 - proctoring - INFO - [detection_service.py:42] - Total events detected: 1
2025-04-13 20:50:09,133 - proctoring - INFO - [log_service.py:12] - Attempting to store 1 logs for user 1
2025-04-13 20:50:09,133 - proctoring - DEBUG - [log_service.py:26] - Created log entry: {'time': '2025-04-13 20:50:09.067233', 'event': 'Face detected'}
2025-04-13 20:50:09,135 - proctoring - INFO - [log_service.py:40] - Successfully stored 1 logs
2025-04-13 20:50:09,174 - proctoring - DEBUG - [image_utils.py:43] - Decoded base64 data length: 17262
2025-04-13 20:50:09,175 - proctoring - INFO - [detection_service.py:16] - Processing new frame
2025-04-13 20:50:09,175 - proctoring - INFO - [face_detection.py:9] - Starting face detection
2025-04-13 20:50:09,187 - proctoring - INFO - [face_detection.py:38] - Face detected with confidence 0.97
2025-04-13 20:50:09,191 - proctoring - INFO - [detection_service.py:34] - Face detection found 1 events
2025-04-13 20:50:09,200 - proctoring - DEBUG - [detection_service.py:37] - No Face Mesh detections
2025-04-13 20:50:09,203 - proctoring - DEBUG - [detection_service.py:37] - No Hand detections
2025-04-13 20:50:09,243 - proctoring - DEBUG - [detection_service.py:37] - No YOLO detections
2025-04-13 20:50:09,243 - proctoring - INFO - [detection_service.py:42] - Total events detected: 1
2025-04-13 20:50:09,243 - proctoring - INFO - [log_service.py:12] - Attempting to store 1 logs for user 1
2025-04-13 20:50:09,243 - proctoring - DEBUG - [log_service.py:26] - Created log entry: {'time': '2025-04-13 20:50:09.175429', 'event': 'Face detected'}
2025-04-13 20:50:09,245 - proctoring - INFO - [log_service.py:40] - Successfully stored 1 logs
2025-04-13 20:50:09,286 - proctoring - DEBUG - [image_utils.py:43] - Decoded base64 data length: 17372
2025-04-13 20:50:09,287 - proctoring - INFO - [detection_service.py:16] - Processing new frame
2025-04-13 20:50:09,287 - proctoring - INFO - [face_detection.py:9] - Starting face detection
2025-04-13 20:50:09,302 - proctoring - INFO - [face_detection.py:38] - Face detected with confidence 0.97
2025-04-13 20:50:09,304 - proctoring - INFO - [detection_service.py:34] - Face detection found 1 events
2025-04-13 20:50:09,311 - proctoring - DEBUG - [detection_service.py:37] - No Face Mesh detections
2025-04-13 20:50:09,316 - proctoring - DEBUG - [detection_service.py:37] - No Hand detections
2025-04-13 20:50:09,359 - proctoring - DEBUG - [detection_service.py:37] - No YOLO detections
2025-04-13 20:50:09,359 - proctoring - INFO - [detection_service.py:42] - Total events detected: 1
2025-04-13 20:50:09,359 - proctoring - INFO - [log_service.py:12] - Attempting to store 1 logs for user 1
2025-04-13 20:50:09,359 - proctoring - DEBUG - [log_service.py:26] - Created log entry: {'time': '2025-04-13 20:50:09.292616', 'event': 'Face detected'}
2025-04-13 20:50:09,361 - proctoring - INFO - [log_service.py:40] - Successfully stored 1 logs
2025-04-13 20:50:09,391 - proctoring - DEBUG - [image_utils.py:43] - Decoded base64 data length: 17448
2025-04-13 20:50:09,391 - proctoring - INFO - [detection_service.py:16] - Processing new frame
2025-04-13 20:50:09,391 - proctoring - INFO - [face_detection.py:9] - Starting face detection
2025-04-13 20:50:09,404 - proctoring - INFO - [face_detection.py:38] - Face detected with confidence 0.96
2025-04-13 20:50:09,407 - proctoring - INFO - [detection_service.py:34] - Face detection found 1 events
2025-04-13 20:50:09,416 - proctoring - DEBUG - [detection_service.py:37] - No Face Mesh detections
2025-04-13 20:50:09,420 - proctoring - DEBUG - [detection_service.py:37] - No Hand detections
2025-04-13 20:50:09,467 - proctoring - DEBUG - [detection_service.py:37] - No YOLO detections
2025-04-13 20:50:09,467 - proctoring - INFO - [detection_service.py:42] - Total events detected: 1
2025-04-13 20:50:09,467 - proctoring - INFO - [log_service.py:12] - Attempting to store 1 logs for user 1
2025-04-13 20:50:09,467 - proctoring - DEBUG - [log_service.py:26] - Created log entry: {'time': '2025-04-13 20:50:09.391935', 'event': 'Face detected'}
2025-04-13 20:50:09,469 - proctoring - INFO - [log_service.py:40] - Successfully stored 1 logs
2025-04-13 20:50:09,498 - proctoring - DEBUG - [image_utils.py:43] - Decoded base64 data length: 17500
2025-04-13 20:50:09,499 - proctoring - INFO - [detection_service.py:16] - Processing new frame
2025-04-13 20:50:09,499 - proctoring - INFO - [face_detection.py:9] - Starting face detection
2025-04-13 20:50:09,513 - proctoring - INFO - [face_detection.py:38] - Face detected with confidence 0.96
2025-04-13 20:50:09,515 - proctoring - INFO - [detection_service.py:34] - Face detection found 1 events
2025-04-13 20:50:09,522 - proctoring - DEBUG - [detection_service.py:37] - No Face Mesh detections
2025-04-13 20:50:09,527 - proctoring - DEBUG - [detection_service.py:37] - No Hand detections
2025-04-13 20:50:09,572 - proctoring - DEBUG - [detection_service.py:37] - No YOLO detections
2025-04-13 20:50:09,572 - proctoring - INFO - [detection_service.py:42] - Total events detected: 1
2025-04-13 20:50:09,572 - proctoring - INFO - [log_service.py:12] - Attempting to store 1 logs for user 1
2025-04-13 20:50:09,572 - proctoring - DEBUG - [log_service.py:26] - Created log entry: {'time': '2025-04-13 20:50:09.508085', 'event': 'Face detected'}
2025-04-13 20:50:09,574 - proctoring - INFO - [log_service.py:40] - Successfully stored 1 logs
2025-04-13 20:50:09,608 - proctoring - DEBUG - [image_utils.py:43] - Decoded base64 data length: 17464
2025-04-13 20:50:09,608 - proctoring - INFO - [detection_service.py:16] - Processing new frame
2025-04-13 20:50:09,608 - proctoring - INFO - [face_detection.py:9] - Starting face detection
2025-04-13 20:50:09,621 - proctoring - INFO - [face_detection.py:38] - Face detected with confidence 0.97
2025-04-13 20:50:09,624 - proctoring - INFO - [detection_service.py:34] - Face detection found 1 events
2025-04-13 20:50:09,633 - proctoring - DEBUG - [detection_service.py:37] - No Face Mesh detections
2025-04-13 20:50:09,637 - proctoring - DEBUG - [detection_service.py:37] - No Hand detections
2025-04-13 20:50:09,679 - proctoring - DEBUG - [detection_service.py:37] - No YOLO detections
2025-04-13 20:50:09,680 - proctoring - INFO - [detection_service.py:42] - Total events detected: 1
2025-04-13 20:50:09,680 - proctoring - INFO - [log_service.py:12] - Attempting to store 1 logs for user 1
2025-04-13 20:50:09,680 - proctoring - DEBUG - [log_service.py:26] - Created log entry: {'time': '2025-04-13 20:50:09.617088', 'event': 'Face detected'}
2025-04-13 20:50:09,681 - proctoring - INFO - [log_service.py:40] - Successfully stored 1 logs
2025-04-13 20:50:09,716 - proctoring - DEBUG - [image_utils.py:43] - Decoded base64 data length: 17156
2025-04-13 20:50:09,717 - proctoring - INFO - [detection_service.py:16] - Processing new frame
2025-04-13 20:50:09,717 - proctoring - INFO - [face_detection.py:9] - Starting face detection
2025-04-13 20:50:09,730 - proctoring - INFO - [face_detection.py:38] - Face detected with confidence 0.97
2025-04-13 20:50:09,735 - proctoring - INFO - [detection_service.py:34] - Face detection found 1 events
2025-04-13 20:50:09,746 - proctoring - DEBUG - [detection_service.py:37] - No Face Mesh detections
2025-04-13 20:50:09,749 - proctoring - DEBUG - [detection_service.py:37] - No Hand detections
2025-04-13 20:50:09,792 - proctoring - DEBUG - [detection_service.py:37] - No YOLO detections
2025-04-13 20:50:09,792 - proctoring - INFO - [detection_service.py:42] - Total events detected: 1
2025-04-13 20:50:09,792 - proctoring - INFO - [log_service.py:12] - Attempting to store 1 logs for user 1
2025-04-13 20:50:09,792 - proctoring - DEBUG - [log_service.py:26] - Created log entry: {'time': '2025-04-13 20:50:09.717404', 'event': 'Face detected'}
2025-04-13 20:50:09,794 - proctoring - INFO - [log_service.py:40] - Successfully stored 1 logs
2025-04-13 20:50:09,825 - proctoring - DEBUG - [image_utils.py:43] - Decoded base64 data length: 16992
2025-04-13 20:50:09,825 - proctoring - INFO - [detection_service.py:16] - Processing new frame
2025-04-13 20:50:09,825 - proctoring - INFO - [face_detection.py:9] - Starting face detection
2025-04-13 20:50:09,839 - proctoring - INFO - [face_detection.py:38] - Face detected with confidence 0.97
2025-04-13 20:50:09,840 - proctoring - INFO - [detection_service.py:34] - Face detection found 1 events
2025-04-13 20:50:09,848 - proctoring - DEBUG - [detection_service.py:37] - No Face Mesh detections
2025-04-13 20:50:09,852 - proctoring - DEBUG - [detection_service.py:37] - No Hand detections
2025-04-13 20:50:09,896 - proctoring - DEBUG - [detection_service.py:37] - No YOLO detections
2025-04-13 20:50:09,897 - proctoring - INFO - [detection_service.py:42] - Total events detected: 1
2025-04-13 20:50:09,897 - proctoring - INFO - [log_service.py:12] - Attempting to store 1 logs for user 1
2025-04-13 20:50:09,897 - proctoring - DEBUG - [log_service.py:26] - Created log entry: {'time': '2025-04-13 20:50:09.834012', 'event': 'Face detected'}
2025-04-13 20:50:09,898 - proctoring - INFO - [log_service.py:40] - Successfully stored 1 logs
2025-04-13 20:50:09,900 - proctoring - INFO - [main.py:177] - Client initiated disconnect for user 1
2025-04-13 20:50:09,900 - proctoring - ERROR - [connection.py:33] - Error closing WebSocket: Unexpected ASGI message 'websocket.close', after sending 'websocket.close' or response already completed.
2025-04-13 20:50:09,900 - proctoring - INFO - [main.py:217] - Cleaning up connection for user 1
2025-04-13 20:50:12,817 - proctoring - INFO - [main.py:133] - WebSocket connection attempt for user 1
2025-04-13 20:50:12,820 - proctoring - INFO - [connection.py:19] - WebSocket connection accepted for user 1
2025-04-13 20:50:12,820 - proctoring - INFO - [main.py:162] - WebSocket connection established for user 1
2025-04-13 20:50:12,826 - proctoring - DEBUG - [image_utils.py:43] - Decoded base64 data length: 17219
2025-04-13 20:50:12,827 - proctoring - INFO - [detection_service.py:16] - Processing new frame
2025-04-13 20:50:12,827 - proctoring - INFO - [face_detection.py:9] - Starting face detection
2025-04-13 20:50:12,852 - proctoring - INFO - [face_detection.py:38] - Face detected with confidence 0.96
2025-04-13 20:50:12,854 - proctoring - INFO - [detection_service.py:34] - Face detection found 1 events
2025-04-13 20:50:12,863 - proctoring - DEBUG - [detection_service.py:37] - No Face Mesh detections
2025-04-13 20:50:12,867 - proctoring - DEBUG - [detection_service.py:37] - No Hand detections
2025-04-13 20:50:12,928 - proctoring - DEBUG - [detection_service.py:37] - No YOLO detections
2025-04-13 20:50:12,928 - proctoring - INFO - [detection_service.py:42] - Total events detected: 1
2025-04-13 20:50:12,928 - proctoring - INFO - [log_service.py:12] - Attempting to store 1 logs for user 1
2025-04-13 20:50:12,928 - proctoring - DEBUG - [log_service.py:26] - Created log entry: {'time': '2025-04-13 20:50:12.845113', 'event': 'Face detected'}
2025-04-13 20:50:12,930 - proctoring - INFO - [log_service.py:40] - Successfully stored 1 logs
2025-04-13 20:50:12,932 - proctoring - DEBUG - [image_utils.py:43] - Decoded base64 data length: 17178
2025-04-13 20:50:12,933 - proctoring - INFO - [detection_service.py:16] - Processing new frame
2025-04-13 20:50:12,933 - proctoring - INFO - [face_detection.py:9] - Starting face detection
2025-04-13 20:50:12,953 - proctoring - INFO - [face_detection.py:38] - Face detected with confidence 0.96
2025-04-13 20:50:12,956 - proctoring - INFO - [detection_service.py:34] - Face detection found 1 events
2025-04-13 20:50:12,966 - proctoring - DEBUG - [detection_service.py:37] - No Hand detections
2025-04-13 20:50:12,966 - proctoring - DEBUG - [detection_service.py:37] - No Face Mesh detections
2025-04-13 20:50:13,018 - proctoring - DEBUG - [detection_service.py:37] - No YOLO detections
2025-04-13 20:50:13,018 - proctoring - INFO - [detection_service.py:42] - Total events detected: 1
2025-04-13 20:50:13,018 - proctoring - INFO - [log_service.py:12] - Attempting to store 1 logs for user 1
2025-04-13 20:50:13,018 - proctoring - DEBUG - [log_service.py:26] - Created log entry: {'time': '2025-04-13 20:50:12.944885', 'event': 'Face detected'}
2025-04-13 20:50:13,019 - proctoring - INFO - [log_service.py:40] - Successfully stored 1 logs
2025-04-13 20:50:13,036 - proctoring - DEBUG - [image_utils.py:43] - Decoded base64 data length: 17325
2025-04-13 20:50:13,037 - proctoring - INFO - [detection_service.py:16] - Processing new frame
2025-04-13 20:50:13,037 - proctoring - INFO - [face_detection.py:9] - Starting face detection
2025-04-13 20:50:13,051 - proctoring - INFO - [face_detection.py:38] - Face detected with confidence 0.96
2025-04-13 20:50:13,053 - proctoring - INFO - [detection_service.py:34] - Face detection found 1 events
2025-04-13 20:50:13,059 - proctoring - DEBUG - [detection_service.py:37] - No Face Mesh detections
2025-04-13 20:50:13,066 - proctoring - DEBUG - [detection_service.py:37] - No Hand detections
2025-04-13 20:50:13,110 - proctoring - DEBUG - [detection_service.py:37] - No YOLO detections
2025-04-13 20:50:13,110 - proctoring - INFO - [detection_service.py:42] - Total events detected: 1
2025-04-13 20:50:13,110 - proctoring - INFO - [log_service.py:12] - Attempting to store 1 logs for user 1
2025-04-13 20:50:13,110 - proctoring - DEBUG - [log_service.py:26] - Created log entry: {'time': '2025-04-13 20:50:13.045900', 'event': 'Face detected'}
2025-04-13 20:50:13,112 - proctoring - INFO - [log_service.py:40] - Successfully stored 1 logs
2025-04-13 20:50:13,147 - proctoring - DEBUG - [image_utils.py:43] - Decoded base64 data length: 17250
2025-04-13 20:50:13,148 - proctoring - INFO - [detection_service.py:16] - Processing new frame
2025-04-13 20:50:13,148 - proctoring - INFO - [face_detection.py:9] - Starting face detection
2025-04-13 20:50:13,160 - proctoring - INFO - [face_detection.py:38] - Face detected with confidence 0.96
2025-04-13 20:50:13,163 - proctoring - INFO - [detection_service.py:34] - Face detection found 1 events
2025-04-13 20:50:13,173 - proctoring - DEBUG - [detection_service.py:37] - No Face Mesh detections
2025-04-13 20:50:13,177 - proctoring - DEBUG - [detection_service.py:37] - No Hand detections
2025-04-13 20:50:13,218 - proctoring - DEBUG - [detection_service.py:37] - No YOLO detections
2025-04-13 20:50:13,218 - proctoring - INFO - [detection_service.py:42] - Total events detected: 1
2025-04-13 20:50:13,218 - proctoring - INFO - [log_service.py:12] - Attempting to store 1 logs for user 1
2025-04-13 20:50:13,218 - proctoring - DEBUG - [log_service.py:26] - Created log entry: {'time': '2025-04-13 20:50:13.148199', 'event': 'Face detected'}
2025-04-13 20:50:13,220 - proctoring - INFO - [log_service.py:40] - Successfully stored 1 logs
2025-04-13 20:50:13,255 - proctoring - DEBUG - [image_utils.py:43] - Decoded base64 data length: 16950
2025-04-13 20:50:13,256 - proctoring - INFO - [detection_service.py:16] - Processing new frame
2025-04-13 20:50:13,256 - proctoring - INFO - [face_detection.py:9] - Starting face detection
2025-04-13 20:50:13,270 - proctoring - INFO - [face_detection.py:38] - Face detected with confidence 0.96
2025-04-13 20:50:13,272 - proctoring - INFO - [detection_service.py:34] - Face detection found 1 events
2025-04-13 20:50:13,277 - proctoring - DEBUG - [detection_service.py:37] - No Face Mesh detections
2025-04-13 20:50:13,283 - proctoring - DEBUG - [detection_service.py:37] - No Hand detections
2025-04-13 20:50:13,333 - proctoring - DEBUG - [detection_service.py:37] - No YOLO detections
2025-04-13 20:50:13,333 - proctoring - INFO - [detection_service.py:42] - Total events detected: 1
2025-04-13 20:50:13,333 - proctoring - INFO - [log_service.py:12] - Attempting to store 1 logs for user 1
2025-04-13 20:50:13,333 - proctoring - DEBUG - [log_service.py:26] - Created log entry: {'time': '2025-04-13 20:50:13.264869', 'event': 'Face detected'}
2025-04-13 20:50:13,334 - proctoring - INFO - [log_service.py:40] - Successfully stored 1 logs
2025-04-13 20:50:13,364 - proctoring - DEBUG - [image_utils.py:43] - Decoded base64 data length: 16699
2025-04-13 20:50:13,364 - proctoring - INFO - [detection_service.py:16] - Processing new frame
2025-04-13 20:50:13,364 - proctoring - INFO - [face_detection.py:9] - Starting face detection
2025-04-13 20:50:13,378 - proctoring - INFO - [face_detection.py:38] - Face detected with confidence 0.97
2025-04-13 20:50:13,382 - proctoring - INFO - [detection_service.py:34] - Face detection found 1 events
2025-04-13 20:50:13,386 - proctoring - DEBUG - [detection_service.py:37] - No Face Mesh detections
2025-04-13 20:50:13,390 - proctoring - DEBUG - [detection_service.py:37] - No Hand detections
2025-04-13 20:50:13,436 - proctoring - DEBUG - [detection_service.py:37] - No YOLO detections
2025-04-13 20:50:13,436 - proctoring - INFO - [detection_service.py:42] - Total events detected: 1
2025-04-13 20:50:13,436 - proctoring - INFO - [log_service.py:12] - Attempting to store 1 logs for user 1
2025-04-13 20:50:13,436 - proctoring - DEBUG - [log_service.py:26] - Created log entry: {'time': '2025-04-13 20:50:13.368028', 'event': 'Face detected'}
2025-04-13 20:50:13,438 - proctoring - INFO - [log_service.py:40] - Successfully stored 1 logs
2025-04-13 20:50:13,474 - proctoring - DEBUG - [image_utils.py:43] - Decoded base64 data length: 16961
2025-04-13 20:50:13,475 - proctoring - INFO - [detection_service.py:16] - Processing new frame
2025-04-13 20:50:13,475 - proctoring - INFO - [face_detection.py:9] - Starting face detection
2025-04-13 20:50:13,490 - proctoring - INFO - [face_detection.py:38] - Face detected with confidence 0.96
2025-04-13 20:50:13,493 - proctoring - INFO - [detection_service.py:34] - Face detection found 1 events
2025-04-13 20:50:13,501 - proctoring - DEBUG - [detection_service.py:37] - No Face Mesh detections
2025-04-13 20:50:13,504 - proctoring - DEBUG - [detection_service.py:37] - No Hand detections
2025-04-13 20:50:13,546 - proctoring - DEBUG - [detection_service.py:37] - No YOLO detections
2025-04-13 20:50:13,546 - proctoring - INFO - [detection_service.py:42] - Total events detected: 1
2025-04-13 20:50:13,546 - proctoring - INFO - [log_service.py:12] - Attempting to store 1 logs for user 1
2025-04-13 20:50:13,546 - proctoring - DEBUG - [log_service.py:26] - Created log entry: {'time': '2025-04-13 20:50:13.475360', 'event': 'Face detected'}
2025-04-13 20:50:13,548 - proctoring - INFO - [log_service.py:40] - Successfully stored 1 logs
2025-04-13 20:50:13,584 - proctoring - DEBUG - [image_utils.py:43] - Decoded base64 data length: 16956
2025-04-13 20:50:13,585 - proctoring - INFO - [detection_service.py:16] - Processing new frame
2025-04-13 20:50:13,585 - proctoring - INFO - [face_detection.py:9] - Starting face detection
2025-04-13 20:50:13,601 - proctoring - INFO - [face_detection.py:38] - Face detected with confidence 0.97
2025-04-13 20:50:13,603 - proctoring - INFO - [detection_service.py:34] - Face detection found 1 events
2025-04-13 20:50:13,610 - proctoring - DEBUG - [detection_service.py:37] - No Face Mesh detections
2025-04-13 20:50:13,610 - proctoring - DEBUG - [detection_service.py:37] - No Hand detections
2025-04-13 20:50:13,652 - proctoring - DEBUG - [detection_service.py:37] - No YOLO detections
2025-04-13 20:50:13,652 - proctoring - INFO - [detection_service.py:42] - Total events detected: 1
2025-04-13 20:50:13,652 - proctoring - INFO - [log_service.py:12] - Attempting to store 1 logs for user 1
2025-04-13 20:50:13,652 - proctoring - DEBUG - [log_service.py:26] - Created log entry: {'time': '2025-04-13 20:50:13.588875', 'event': 'Face detected'}
2025-04-13 20:50:13,654 - proctoring - INFO - [log_service.py:40] - Successfully stored 1 logs
2025-04-13 20:50:13,695 - proctoring - DEBUG - [image_utils.py:43] - Decoded base64 data length: 16788
2025-04-13 20:50:13,696 - proctoring - INFO - [detection_service.py:16] - Processing new frame
2025-04-13 20:50:13,696 - proctoring - INFO - [face_detection.py:9] - Starting face detection
2025-04-13 20:50:13,707 - proctoring - INFO - [face_detection.py:38] - Face detected with confidence 0.97
2025-04-13 20:50:13,710 - proctoring - INFO - [detection_service.py:34] - Face detection found 1 events
2025-04-13 20:50:13,721 - proctoring - DEBUG - [detection_service.py:37] - No Hand detections
2025-04-13 20:50:13,721 - proctoring - DEBUG - [detection_service.py:37] - No Face Mesh detections
2025-04-13 20:50:13,769 - proctoring - DEBUG - [detection_service.py:37] - No YOLO detections
2025-04-13 20:50:13,769 - proctoring - INFO - [detection_service.py:42] - Total events detected: 1
2025-04-13 20:50:13,769 - proctoring - INFO - [log_service.py:12] - Attempting to store 1 logs for user 1
2025-04-13 20:50:13,769 - proctoring - DEBUG - [log_service.py:26] - Created log entry: {'time': '2025-04-13 20:50:13.696519', 'event': 'Face detected'}
2025-04-13 20:50:13,771 - proctoring - INFO - [log_service.py:40] - Successfully stored 1 logs
2025-04-13 20:50:13,806 - proctoring - DEBUG - [image_utils.py:43] - Decoded base64 data length: 16728
2025-04-13 20:50:13,806 - proctoring - INFO - [detection_service.py:16] - Processing new frame
2025-04-13 20:50:13,807 - proctoring - INFO - [face_detection.py:9] - Starting face detection
2025-04-13 20:50:13,820 - proctoring - INFO - [face_detection.py:38] - Face detected with confidence 0.97
2025-04-13 20:50:13,825 - proctoring - INFO - [detection_service.py:34] - Face detection found 1 events
2025-04-13 20:50:13,832 - proctoring - DEBUG - [detection_service.py:37] - No Face Mesh detections
2025-04-13 20:50:13,837 - proctoring - DEBUG - [detection_service.py:37] - No Hand detections
2025-04-13 20:50:13,883 - proctoring - DEBUG - [detection_service.py:37] - No YOLO detections
2025-04-13 20:50:13,883 - proctoring - INFO - [detection_service.py:42] - Total events detected: 1
2025-04-13 20:50:13,883 - proctoring - INFO - [log_service.py:12] - Attempting to store 1 logs for user 1
2025-04-13 20:50:13,883 - proctoring - DEBUG - [log_service.py:26] - Created log entry: {'time': '2025-04-13 20:50:13.815487', 'event': 'Face detected'}
2025-04-13 20:50:13,884 - proctoring - INFO - [log_service.py:40] - Successfully stored 1 logs
2025-04-13 20:50:13,918 - proctoring - DEBUG - [image_utils.py:43] - Decoded base64 data length: 16894
2025-04-13 20:50:13,918 - proctoring - INFO - [detection_service.py:16] - Processing new frame
2025-04-13 20:50:13,918 - proctoring - INFO - [face_detection.py:9] - Starting face detection
2025-04-13 20:50:13,934 - proctoring - INFO - [face_detection.py:38] - Face detected with confidence 0.97
2025-04-13 20:50:13,937 - proctoring - INFO - [detection_service.py:34] - Face detection found 1 events
2025-04-13 20:50:13,943 - proctoring - DEBUG - [detection_service.py:37] - No Face Mesh detections
2025-04-13 20:50:13,948 - proctoring - DEBUG - [detection_service.py:37] - No Hand detections
2025-04-13 20:50:13,988 - proctoring - DEBUG - [detection_service.py:37] - No YOLO detections
2025-04-13 20:50:13,988 - proctoring - INFO - [detection_service.py:42] - Total events detected: 1
2025-04-13 20:50:13,988 - proctoring - INFO - [log_service.py:12] - Attempting to store 1 logs for user 1
2025-04-13 20:50:13,988 - proctoring - DEBUG - [log_service.py:26] - Created log entry: {'time': '2025-04-13 20:50:13.928798', 'event': 'Face detected'}
2025-04-13 20:50:13,990 - proctoring - INFO - [log_service.py:40] - Successfully stored 1 logs
2025-04-13 20:50:14,026 - proctoring - DEBUG - [image_utils.py:43] - Decoded base64 data length: 17146
2025-04-13 20:50:14,027 - proctoring - INFO - [detection_service.py:16] - Processing new frame
2025-04-13 20:50:14,027 - proctoring - INFO - [face_detection.py:9] - Starting face detection
2025-04-13 20:50:14,046 - proctoring - INFO - [face_detection.py:38] - Face detected with confidence 0.96
2025-04-13 20:50:14,048 - proctoring - INFO - [detection_service.py:34] - Face detection found 1 events
2025-04-13 20:50:14,051 - proctoring - DEBUG - [detection_service.py:37] - No Face Mesh detections
2025-04-13 20:50:14,061 - proctoring - DEBUG - [detection_service.py:37] - No Hand detections
2025-04-13 20:50:14,106 - proctoring - DEBUG - [detection_service.py:37] - No YOLO detections
2025-04-13 20:50:14,106 - proctoring - INFO - [detection_service.py:42] - Total events detected: 1
2025-04-13 20:50:14,106 - proctoring - INFO - [log_service.py:12] - Attempting to store 1 logs for user 1
2025-04-13 20:50:14,107 - proctoring - DEBUG - [log_service.py:26] - Created log entry: {'time': '2025-04-13 20:50:14.036284', 'event': 'Face detected'}
2025-04-13 20:50:14,108 - proctoring - INFO - [log_service.py:40] - Successfully stored 1 logs
2025-04-13 20:50:14,135 - proctoring - DEBUG - [image_utils.py:43] - Decoded base64 data length: 17409
2025-04-13 20:50:14,135 - proctoring - INFO - [detection_service.py:16] - Processing new frame
2025-04-13 20:50:14,135 - proctoring - INFO - [face_detection.py:9] - Starting face detection
2025-04-13 20:50:14,152 - proctoring - INFO - [face_detection.py:38] - Face detected with confidence 0.96
2025-04-13 20:50:14,154 - proctoring - INFO - [detection_service.py:34] - Face detection found 1 events
2025-04-13 20:50:14,163 - proctoring - DEBUG - [detection_service.py:37] - No Hand detections
2025-04-13 20:50:14,165 - proctoring - DEBUG - [detection_service.py:37] - No Face Mesh detections
2025-04-13 20:50:14,209 - proctoring - DEBUG - [detection_service.py:37] - No YOLO detections
2025-04-13 20:50:14,209 - proctoring - INFO - [detection_service.py:42] - Total events detected: 1
2025-04-13 20:50:14,209 - proctoring - INFO - [log_service.py:12] - Attempting to store 1 logs for user 1
2025-04-13 20:50:14,209 - proctoring - DEBUG - [log_service.py:26] - Created log entry: {'time': '2025-04-13 20:50:14.141510', 'event': 'Face detected'}
2025-04-13 20:50:14,211 - proctoring - INFO - [log_service.py:40] - Successfully stored 1 logs
2025-04-13 20:50:14,248 - proctoring - DEBUG - [image_utils.py:43] - Decoded base64 data length: 17341
2025-04-13 20:50:14,248 - proctoring - INFO - [detection_service.py:16] - Processing new frame
2025-04-13 20:50:14,248 - proctoring - INFO - [face_detection.py:9] - Starting face detection
2025-04-13 20:50:14,264 - proctoring - INFO - [face_detection.py:38] - Face detected with confidence 0.97
2025-04-13 20:50:14,267 - proctoring - INFO - [detection_service.py:34] - Face detection found 1 events
2025-04-13 20:50:14,272 - proctoring - DEBUG - [detection_service.py:37] - No Face Mesh detections
2025-04-13 20:50:14,277 - proctoring - DEBUG - [detection_service.py:37] - No Hand detections
2025-04-13 20:50:14,316 - proctoring - DEBUG - [detection_service.py:37] - No YOLO detections
2025-04-13 20:50:14,316 - proctoring - INFO - [detection_service.py:42] - Total events detected: 1
2025-04-13 20:50:14,316 - proctoring - INFO - [log_service.py:12] - Attempting to store 1 logs for user 1
2025-04-13 20:50:14,316 - proctoring - DEBUG - [log_service.py:26] - Created log entry: {'time': '2025-04-13 20:50:14.257124', 'event': 'Face detected'}
2025-04-13 20:50:14,318 - proctoring - INFO - [log_service.py:40] - Successfully stored 1 logs
2025-04-13 20:50:14,361 - proctoring - DEBUG - [image_utils.py:43] - Decoded base64 data length: 17384
2025-04-13 20:50:14,361 - proctoring - INFO - [detection_service.py:16] - Processing new frame
2025-04-13 20:50:14,361 - proctoring - INFO - [face_detection.py:9] - Starting face detection
2025-04-13 20:50:14,378 - proctoring - INFO - [face_detection.py:38] - Face detected with confidence 0.97
2025-04-13 20:50:14,380 - proctoring - INFO - [detection_service.py:34] - Face detection found 1 events
2025-04-13 20:50:14,388 - proctoring - DEBUG - [detection_service.py:37] - No Face Mesh detections
2025-04-13 20:50:14,394 - proctoring - DEBUG - [detection_service.py:37] - No Hand detections
2025-04-13 20:50:14,437 - proctoring - DEBUG - [detection_service.py:37] - No YOLO detections
2025-04-13 20:50:14,437 - proctoring - INFO - [detection_service.py:42] - Total events detected: 1
2025-04-13 20:50:14,437 - proctoring - INFO - [log_service.py:12] - Attempting to store 1 logs for user 1
2025-04-13 20:50:14,437 - proctoring - DEBUG - [log_service.py:26] - Created log entry: {'time': '2025-04-13 20:50:14.361681', 'event': 'Face detected'}
2025-04-13 20:50:14,439 - proctoring - INFO - [log_service.py:40] - Successfully stored 1 logs
2025-04-13 20:50:14,470 - proctoring - DEBUG - [image_utils.py:43] - Decoded base64 data length: 17250
2025-04-13 20:50:14,471 - proctoring - INFO - [detection_service.py:16] - Processing new frame
2025-04-13 20:50:14,471 - proctoring - INFO - [face_detection.py:9] - Starting face detection
2025-04-13 20:50:14,483 - proctoring - INFO - [face_detection.py:38] - Face detected with confidence 0.97
2025-04-13 20:50:14,486 - proctoring - INFO - [detection_service.py:34] - Face detection found 1 events
2025-04-13 20:50:14,494 - proctoring - DEBUG - [detection_service.py:37] - No Face Mesh detections
2025-04-13 20:50:14,499 - proctoring - DEBUG - [detection_service.py:37] - No Hand detections
2025-04-13 20:50:14,539 - proctoring - DEBUG - [detection_service.py:37] - No YOLO detections
2025-04-13 20:50:14,539 - proctoring - INFO - [detection_service.py:42] - Total events detected: 1
2025-04-13 20:50:14,539 - proctoring - INFO - [log_service.py:12] - Attempting to store 1 logs for user 1
2025-04-13 20:50:14,539 - proctoring - DEBUG - [log_service.py:26] - Created log entry: {'time': '2025-04-13 20:50:14.475207', 'event': 'Face detected'}
2025-04-13 20:50:14,541 - proctoring - INFO - [log_service.py:40] - Successfully stored 1 logs
2025-04-13 20:50:14,582 - proctoring - DEBUG - [image_utils.py:43] - Decoded base64 data length: 17016
2025-04-13 20:50:14,583 - proctoring - INFO - [detection_service.py:16] - Processing new frame
2025-04-13 20:50:14,583 - proctoring - INFO - [face_detection.py:9] - Starting face detection
2025-04-13 20:50:14,599 - proctoring - INFO - [face_detection.py:38] - Face detected with confidence 0.97
2025-04-13 20:50:14,602 - proctoring - INFO - [detection_service.py:34] - Face detection found 1 events
2025-04-13 20:50:14,607 - proctoring - DEBUG - [detection_service.py:37] - No Face Mesh detections
2025-04-13 20:50:14,613 - proctoring - DEBUG - [detection_service.py:37] - No Hand detections
2025-04-13 20:50:14,654 - proctoring - DEBUG - [detection_service.py:37] - No YOLO detections
2025-04-13 20:50:14,655 - proctoring - INFO - [detection_service.py:42] - Total events detected: 1
2025-04-13 20:50:14,655 - proctoring - INFO - [log_service.py:12] - Attempting to store 1 logs for user 1
2025-04-13 20:50:14,655 - proctoring - DEBUG - [log_service.py:26] - Created log entry: {'time': '2025-04-13 20:50:14.592385', 'event': 'Face detected'}
2025-04-13 20:50:14,656 - proctoring - INFO - [log_service.py:40] - Successfully stored 1 logs
2025-04-13 20:50:14,689 - proctoring - DEBUG - [image_utils.py:43] - Decoded base64 data length: 16927
2025-04-13 20:50:14,689 - proctoring - INFO - [detection_service.py:16] - Processing new frame
2025-04-13 20:50:14,689 - proctoring - INFO - [face_detection.py:9] - Starting face detection
2025-04-13 20:50:14,705 - proctoring - INFO - [face_detection.py:38] - Face detected with confidence 0.97
2025-04-13 20:50:14,706 - proctoring - INFO - [detection_service.py:34] - Face detection found 1 events
2025-04-13 20:50:14,712 - proctoring - DEBUG - [detection_service.py:37] - No Face Mesh detections
2025-04-13 20:50:14,718 - proctoring - DEBUG - [detection_service.py:37] - No Hand detections
2025-04-13 20:50:14,761 - proctoring - DEBUG - [detection_service.py:37] - No YOLO detections
2025-04-13 20:50:14,761 - proctoring - INFO - [detection_service.py:42] - Total events detected: 1
2025-04-13 20:50:14,761 - proctoring - INFO - [log_service.py:12] - Attempting to store 1 logs for user 1
2025-04-13 20:50:14,762 - proctoring - DEBUG - [log_service.py:26] - Created log entry: {'time': '2025-04-13 20:50:14.698750', 'event': 'Face detected'}
2025-04-13 20:50:14,764 - proctoring - INFO - [log_service.py:40] - Successfully stored 1 logs
2025-04-13 20:50:14,792 - proctoring - DEBUG - [image_utils.py:43] - Decoded base64 data length: 16790
2025-04-13 20:50:14,792 - proctoring - INFO - [detection_service.py:16] - Processing new frame
2025-04-13 20:50:14,793 - proctoring - INFO - [face_detection.py:9] - Starting face detection
2025-04-13 20:50:14,807 - proctoring - INFO - [face_detection.py:38] - Face detected with confidence 0.97
2025-04-13 20:50:14,810 - proctoring - INFO - [detection_service.py:34] - Face detection found 1 events
2025-04-13 20:50:14,818 - proctoring - DEBUG - [detection_service.py:37] - No Face Mesh detections
2025-04-13 20:50:14,824 - proctoring - DEBUG - [detection_service.py:37] - No Hand detections
2025-04-13 20:50:14,870 - proctoring - DEBUG - [detection_service.py:37] - No YOLO detections
2025-04-13 20:50:14,870 - proctoring - INFO - [detection_service.py:42] - Total events detected: 1
2025-04-13 20:50:14,870 - proctoring - INFO - [log_service.py:12] - Attempting to store 1 logs for user 1
2025-04-13 20:50:14,870 - proctoring - DEBUG - [log_service.py:26] - Created log entry: {'time': '2025-04-13 20:50:14.793106', 'event': 'Face detected'}
2025-04-13 20:50:14,871 - proctoring - INFO - [log_service.py:40] - Successfully stored 1 logs
2025-04-13 20:50:14,901 - proctoring - DEBUG - [image_utils.py:43] - Decoded base64 data length: 16885
2025-04-13 20:50:14,901 - proctoring - INFO - [detection_service.py:16] - Processing new frame
2025-04-13 20:50:14,901 - proctoring - INFO - [face_detection.py:9] - Starting face detection
2025-04-13 20:50:14,916 - proctoring - INFO - [face_detection.py:38] - Face detected with confidence 0.97
2025-04-13 20:50:14,919 - proctoring - INFO - [detection_service.py:34] - Face detection found 1 events
2025-04-13 20:50:14,928 - proctoring - DEBUG - [detection_service.py:37] - No Face Mesh detections
2025-04-13 20:50:14,934 - proctoring - DEBUG - [detection_service.py:37] - No Hand detections
2025-04-13 20:50:14,976 - proctoring - DEBUG - [detection_service.py:37] - No YOLO detections
2025-04-13 20:50:14,976 - proctoring - INFO - [detection_service.py:42] - Total events detected: 1
2025-04-13 20:50:14,976 - proctoring - INFO - [log_service.py:12] - Attempting to store 1 logs for user 1
2025-04-13 20:50:14,976 - proctoring - DEBUG - [log_service.py:26] - Created log entry: {'time': '2025-04-13 20:50:14.907075', 'event': 'Face detected'}
2025-04-13 20:50:14,977 - proctoring - INFO - [log_service.py:40] - Successfully stored 1 logs
2025-04-13 20:50:15,010 - proctoring - DEBUG - [image_utils.py:43] - Decoded base64 data length: 17061
2025-04-13 20:50:15,011 - proctoring - INFO - [detection_service.py:16] - Processing new frame
2025-04-13 20:50:15,011 - proctoring - INFO - [face_detection.py:9] - Starting face detection
2025-04-13 20:50:15,027 - proctoring - INFO - [face_detection.py:38] - Face detected with confidence 0.97
2025-04-13 20:50:15,030 - proctoring - INFO - [detection_service.py:34] - Face detection found 1 events
2025-04-13 20:50:15,039 - proctoring - DEBUG - [detection_service.py:37] - No Face Mesh detections
2025-04-13 20:50:15,042 - proctoring - DEBUG - [detection_service.py:37] - No Hand detections
2025-04-13 20:50:15,081 - proctoring - DEBUG - [detection_service.py:37] - No YOLO detections
2025-04-13 20:50:15,081 - proctoring - INFO - [detection_service.py:42] - Total events detected: 1
2025-04-13 20:50:15,081 - proctoring - INFO - [log_service.py:12] - Attempting to store 1 logs for user 1
2025-04-13 20:50:15,081 - proctoring - DEBUG - [log_service.py:26] - Created log entry: {'time': '2025-04-13 20:50:15.011545', 'event': 'Face detected'}
2025-04-13 20:50:15,083 - proctoring - INFO - [log_service.py:40] - Successfully stored 1 logs
2025-04-13 20:50:15,121 - proctoring - DEBUG - [image_utils.py:43] - Decoded base64 data length: 17211
2025-04-13 20:50:15,121 - proctoring - INFO - [detection_service.py:16] - Processing new frame
2025-04-13 20:50:15,121 - proctoring - INFO - [face_detection.py:9] - Starting face detection
2025-04-13 20:50:15,135 - proctoring - INFO - [face_detection.py:38] - Face detected with confidence 0.97
2025-04-13 20:50:15,138 - proctoring - INFO - [detection_service.py:34] - Face detection found 1 events
2025-04-13 20:50:15,146 - proctoring - DEBUG - [detection_service.py:37] - No Face Mesh detections
2025-04-13 20:50:15,150 - proctoring - DEBUG - [detection_service.py:37] - No Hand detections
2025-04-13 20:50:15,190 - proctoring - DEBUG - [detection_service.py:37] - No YOLO detections
2025-04-13 20:50:15,190 - proctoring - INFO - [detection_service.py:42] - Total events detected: 1
2025-04-13 20:50:15,190 - proctoring - INFO - [log_service.py:12] - Attempting to store 1 logs for user 1
2025-04-13 20:50:15,190 - proctoring - DEBUG - [log_service.py:26] - Created log entry: {'time': '2025-04-13 20:50:15.125813', 'event': 'Face detected'}
2025-04-13 20:50:15,192 - proctoring - INFO - [log_service.py:40] - Successfully stored 1 logs
2025-04-13 20:50:15,232 - proctoring - DEBUG - [image_utils.py:43] - Decoded base64 data length: 17194
2025-04-13 20:50:15,232 - proctoring - INFO - [detection_service.py:16] - Processing new frame
2025-04-13 20:50:15,232 - proctoring - INFO - [face_detection.py:9] - Starting face detection
2025-04-13 20:50:15,247 - proctoring - INFO - [face_detection.py:38] - Face detected with confidence 0.97
2025-04-13 20:50:15,248 - proctoring - INFO - [detection_service.py:34] - Face detection found 1 events
2025-04-13 20:50:15,256 - proctoring - DEBUG - [detection_service.py:37] - No Hand detections
2025-04-13 20:50:15,260 - proctoring - DEBUG - [detection_service.py:37] - No Face Mesh detections
2025-04-13 20:50:15,302 - proctoring - DEBUG - [detection_service.py:37] - No YOLO detections
2025-04-13 20:50:15,302 - proctoring - INFO - [detection_service.py:42] - Total events detected: 1
2025-04-13 20:50:15,302 - proctoring - INFO - [log_service.py:12] - Attempting to store 1 logs for user 1
2025-04-13 20:50:15,302 - proctoring - DEBUG - [log_service.py:26] - Created log entry: {'time': '2025-04-13 20:50:15.236613', 'event': 'Face detected'}
2025-04-13 20:50:15,304 - proctoring - INFO - [log_service.py:40] - Successfully stored 1 logs
2025-04-13 20:50:15,339 - proctoring - DEBUG - [image_utils.py:43] - Decoded base64 data length: 17327
2025-04-13 20:50:15,339 - proctoring - INFO - [detection_service.py:16] - Processing new frame
2025-04-13 20:50:15,339 - proctoring - INFO - [face_detection.py:9] - Starting face detection
2025-04-13 20:50:15,354 - proctoring - INFO - [face_detection.py:38] - Face detected with confidence 0.97
2025-04-13 20:50:15,355 - proctoring - INFO - [detection_service.py:34] - Face detection found 1 events
2025-04-13 20:50:15,367 - proctoring - DEBUG - [detection_service.py:37] - No Face Mesh detections
2025-04-13 20:50:15,371 - proctoring - DEBUG - [detection_service.py:37] - No Hand detections
2025-04-13 20:50:15,412 - proctoring - DEBUG - [detection_service.py:37] - No YOLO detections
2025-04-13 20:50:15,413 - proctoring - INFO - [detection_service.py:42] - Total events detected: 1
2025-04-13 20:50:15,413 - proctoring - INFO - [log_service.py:12] - Attempting to store 1 logs for user 1
2025-04-13 20:50:15,413 - proctoring - DEBUG - [log_service.py:26] - Created log entry: {'time': '2025-04-13 20:50:15.343772', 'event': 'Face detected'}
2025-04-13 20:50:15,414 - proctoring - INFO - [log_service.py:40] - Successfully stored 1 logs
2025-04-13 20:50:15,448 - proctoring - DEBUG - [image_utils.py:43] - Decoded base64 data length: 17380
2025-04-13 20:50:15,449 - proctoring - INFO - [detection_service.py:16] - Processing new frame
2025-04-13 20:50:15,449 - proctoring - INFO - [face_detection.py:9] - Starting face detection
2025-04-13 20:50:15,468 - proctoring - INFO - [face_detection.py:38] - Face detected with confidence 0.97
2025-04-13 20:50:15,471 - proctoring - INFO - [detection_service.py:34] - Face detection found 1 events
2025-04-13 20:50:15,474 - proctoring - DEBUG - [detection_service.py:37] - No Face Mesh detections
2025-04-13 20:50:15,481 - proctoring - DEBUG - [detection_service.py:37] - No Hand detections
2025-04-13 20:50:15,526 - proctoring - DEBUG - [detection_service.py:37] - No YOLO detections
2025-04-13 20:50:15,526 - proctoring - INFO - [detection_service.py:42] - Total events detected: 1
2025-04-13 20:50:15,526 - proctoring - INFO - [log_service.py:12] - Attempting to store 1 logs for user 1
2025-04-13 20:50:15,526 - proctoring - DEBUG - [log_service.py:26] - Created log entry: {'time': '2025-04-13 20:50:15.460491', 'event': 'Face detected'}
2025-04-13 20:50:15,528 - proctoring - INFO - [log_service.py:40] - Successfully stored 1 logs
2025-04-13 20:50:15,555 - proctoring - DEBUG - [image_utils.py:43] - Decoded base64 data length: 17404
2025-04-13 20:50:15,555 - proctoring - INFO - [detection_service.py:16] - Processing new frame
2025-04-13 20:50:15,555 - proctoring - INFO - [face_detection.py:9] - Starting face detection
2025-04-13 20:50:15,568 - proctoring - INFO - [face_detection.py:38] - Face detected with confidence 0.97
2025-04-13 20:50:15,571 - proctoring - INFO - [detection_service.py:34] - Face detection found 1 events
2025-04-13 20:50:15,580 - proctoring - DEBUG - [detection_service.py:37] - No Face Mesh detections
2025-04-13 20:50:15,583 - proctoring - DEBUG - [detection_service.py:37] - No Hand detections
2025-04-13 20:50:15,628 - proctoring - DEBUG - [detection_service.py:37] - No YOLO detections
2025-04-13 20:50:15,628 - proctoring - INFO - [detection_service.py:42] - Total events detected: 1
2025-04-13 20:50:15,628 - proctoring - INFO - [log_service.py:12] - Attempting to store 1 logs for user 1
2025-04-13 20:50:15,628 - proctoring - DEBUG - [log_service.py:26] - Created log entry: {'time': '2025-04-13 20:50:15.555933', 'event': 'Face detected'}
2025-04-13 20:50:15,630 - proctoring - INFO - [log_service.py:40] - Successfully stored 1 logs
2025-04-13 20:50:15,658 - proctoring - DEBUG - [image_utils.py:43] - Decoded base64 data length: 17406
2025-04-13 20:50:15,659 - proctoring - INFO - [detection_service.py:16] - Processing new frame
2025-04-13 20:50:15,659 - proctoring - INFO - [face_detection.py:9] - Starting face detection
2025-04-13 20:50:15,672 - proctoring - INFO - [face_detection.py:38] - Face detected with confidence 0.97
2025-04-13 20:50:15,676 - proctoring - INFO - [detection_service.py:34] - Face detection found 1 events
2025-04-13 20:50:15,687 - proctoring - DEBUG - [detection_service.py:37] - No Hand detections
2025-04-13 20:50:15,690 - proctoring - DEBUG - [detection_service.py:37] - No Face Mesh detections
2025-04-13 20:50:15,730 - proctoring - DEBUG - [detection_service.py:37] - No YOLO detections
2025-04-13 20:50:15,730 - proctoring - INFO - [detection_service.py:42] - Total events detected: 1
2025-04-13 20:50:15,730 - proctoring - INFO - [log_service.py:12] - Attempting to store 1 logs for user 1
2025-04-13 20:50:15,730 - proctoring - DEBUG - [log_service.py:26] - Created log entry: {'time': '2025-04-13 20:50:15.659395', 'event': 'Face detected'}
2025-04-13 20:50:15,732 - proctoring - INFO - [log_service.py:40] - Successfully stored 1 logs
2025-04-13 20:50:15,768 - proctoring - DEBUG - [image_utils.py:43] - Decoded base64 data length: 17274
2025-04-13 20:50:15,768 - proctoring - INFO - [detection_service.py:16] - Processing new frame
2025-04-13 20:50:15,768 - proctoring - INFO - [face_detection.py:9] - Starting face detection
2025-04-13 20:50:15,785 - proctoring - INFO - [face_detection.py:38] - Face detected with confidence 0.97
2025-04-13 20:50:15,788 - proctoring - INFO - [detection_service.py:34] - Face detection found 1 events
2025-04-13 20:50:15,792 - proctoring - DEBUG - [detection_service.py:37] - No Hand detections
2025-04-13 20:50:15,796 - proctoring - DEBUG - [detection_service.py:37] - No Face Mesh detections
2025-04-13 20:50:15,838 - proctoring - DEBUG - [detection_service.py:37] - No YOLO detections
2025-04-13 20:50:15,838 - proctoring - INFO - [detection_service.py:42] - Total events detected: 1
2025-04-13 20:50:15,838 - proctoring - INFO - [log_service.py:12] - Attempting to store 1 logs for user 1
2025-04-13 20:50:15,839 - proctoring - DEBUG - [log_service.py:26] - Created log entry: {'time': '2025-04-13 20:50:15.774244', 'event': 'Face detected'}
2025-04-13 20:50:15,840 - proctoring - INFO - [log_service.py:40] - Successfully stored 1 logs
2025-04-13 20:50:15,878 - proctoring - DEBUG - [image_utils.py:43] - Decoded base64 data length: 16943
2025-04-13 20:50:15,879 - proctoring - INFO - [detection_service.py:16] - Processing new frame
2025-04-13 20:50:15,879 - proctoring - INFO - [face_detection.py:9] - Starting face detection
2025-04-13 20:50:15,892 - proctoring - INFO - [face_detection.py:38] - Face detected with confidence 0.97
2025-04-13 20:50:15,895 - proctoring - INFO - [detection_service.py:34] - Face detection found 1 events
2025-04-13 20:50:15,905 - proctoring - DEBUG - [detection_service.py:37] - No Face Mesh detections
2025-04-13 20:50:15,908 - proctoring - DEBUG - [detection_service.py:37] - No Hand detections
2025-04-13 20:50:15,948 - proctoring - DEBUG - [detection_service.py:37] - No YOLO detections
2025-04-13 20:50:15,948 - proctoring - INFO - [detection_service.py:42] - Total events detected: 1
2025-04-13 20:50:15,948 - proctoring - INFO - [log_service.py:12] - Attempting to store 1 logs for user 1
2025-04-13 20:50:15,948 - proctoring - DEBUG - [log_service.py:26] - Created log entry: {'time': '2025-04-13 20:50:15.879267', 'event': 'Face detected'}
2025-04-13 20:50:15,950 - proctoring - INFO - [log_service.py:40] - Successfully stored 1 logs
2025-04-13 20:50:15,986 - proctoring - DEBUG - [image_utils.py:43] - Decoded base64 data length: 17078
2025-04-13 20:50:15,987 - proctoring - INFO - [detection_service.py:16] - Processing new frame
2025-04-13 20:50:15,987 - proctoring - INFO - [face_detection.py:9] - Starting face detection
2025-04-13 20:50:16,000 - proctoring - INFO - [face_detection.py:38] - Face detected with confidence 0.97
2025-04-13 20:50:16,003 - proctoring - INFO - [detection_service.py:34] - Face detection found 1 events
2025-04-13 20:50:16,010 - proctoring - DEBUG - [detection_service.py:37] - No Face Mesh detections
2025-04-13 20:50:16,017 - proctoring - DEBUG - [detection_service.py:37] - No Hand detections
2025-04-13 20:50:16,061 - proctoring - DEBUG - [detection_service.py:37] - No YOLO detections
2025-04-13 20:50:16,061 - proctoring - INFO - [detection_service.py:42] - Total events detected: 1
2025-04-13 20:50:16,061 - proctoring - INFO - [log_service.py:12] - Attempting to store 1 logs for user 1
2025-04-13 20:50:16,061 - proctoring - DEBUG - [log_service.py:26] - Created log entry: {'time': '2025-04-13 20:50:15.987132', 'event': 'Face detected'}
2025-04-13 20:50:16,062 - proctoring - INFO - [log_service.py:40] - Successfully stored 1 logs
2025-04-13 20:50:16,096 - proctoring - DEBUG - [image_utils.py:43] - Decoded base64 data length: 17214
2025-04-13 20:50:16,097 - proctoring - INFO - [detection_service.py:16] - Processing new frame
2025-04-13 20:50:16,097 - proctoring - INFO - [face_detection.py:9] - Starting face detection
2025-04-13 20:50:16,113 - proctoring - INFO - [face_detection.py:38] - Face detected with confidence 0.97
2025-04-13 20:50:16,116 - proctoring - INFO - [detection_service.py:34] - Face detection found 1 events
2025-04-13 20:50:16,123 - proctoring - DEBUG - [detection_service.py:37] - No Face Mesh detections
2025-04-13 20:50:16,128 - proctoring - DEBUG - [detection_service.py:37] - No Hand detections
2025-04-13 20:50:16,175 - proctoring - DEBUG - [detection_service.py:37] - No YOLO detections
2025-04-13 20:50:16,175 - proctoring - INFO - [detection_service.py:42] - Total events detected: 1
2025-04-13 20:50:16,175 - proctoring - INFO - [log_service.py:12] - Attempting to store 1 logs for user 1
2025-04-13 20:50:16,175 - proctoring - DEBUG - [log_service.py:26] - Created log entry: {'time': '2025-04-13 20:50:16.101770', 'event': 'Face detected'}
2025-04-13 20:50:16,176 - proctoring - INFO - [log_service.py:40] - Successfully stored 1 logs
2025-04-13 20:50:16,196 - proctoring - ERROR - [exam.py:195] - Error during session stop sequence: object NoneType can't be used in 'await' expression
2025-04-13 20:50:16,196 - proctoring - ERROR - [exam.py:201] - Stop session error: object NoneType can't be used in 'await' expression
2025-04-13 20:50:16,196 - proctoring - INFO - [main.py:177] - Client initiated disconnect for user 1
2025-04-13 20:50:16,196 - proctoring - ERROR - [connection.py:33] - Error closing WebSocket: Unexpected ASGI message 'websocket.close', after sending 'websocket.close' or response already completed.
2025-04-13 20:50:16,196 - proctoring - INFO - [main.py:217] - Cleaning up connection for user 1
2025-04-13 20:50:21,134 - proctoring - INFO - [main.py:133] - WebSocket connection attempt for user 1
2025-04-13 20:50:21,136 - proctoring - INFO - [connection.py:19] - WebSocket connection accepted for user 1
2025-04-13 20:50:21,136 - proctoring - INFO - [main.py:162] - WebSocket connection established for user 1
2025-04-13 20:50:21,146 - proctoring - DEBUG - [image_utils.py:43] - Decoded base64 data length: 16952
2025-04-13 20:50:21,147 - proctoring - INFO - [detection_service.py:16] - Processing new frame
2025-04-13 20:50:21,147 - proctoring - INFO - [face_detection.py:9] - Starting face detection
2025-04-13 20:50:21,164 - proctoring - INFO - [face_detection.py:38] - Face detected with confidence 0.97
2025-04-13 20:50:21,167 - proctoring - INFO - [detection_service.py:34] - Face detection found 1 events
2025-04-13 20:50:21,173 - proctoring - DEBUG - [detection_service.py:37] - No Hand detections
2025-04-13 20:50:21,177 - proctoring - DEBUG - [detection_service.py:37] - No Face Mesh detections
2025-04-13 20:50:21,220 - proctoring - DEBUG - [detection_service.py:37] - No YOLO detections
2025-04-13 20:50:21,220 - proctoring - INFO - [detection_service.py:42] - Total events detected: 1
2025-04-13 20:50:21,220 - proctoring - INFO - [log_service.py:12] - Attempting to store 1 logs for user 1
2025-04-13 20:50:21,220 - proctoring - DEBUG - [log_service.py:26] - Created log entry: {'time': '2025-04-13 20:50:21.151107', 'event': 'Face detected'}
2025-04-13 20:50:21,222 - proctoring - INFO - [log_service.py:40] - Successfully stored 1 logs
2025-04-13 20:50:21,256 - proctoring - DEBUG - [image_utils.py:43] - Decoded base64 data length: 17042
2025-04-13 20:50:21,256 - proctoring - INFO - [detection_service.py:16] - Processing new frame
2025-04-13 20:50:21,256 - proctoring - INFO - [face_detection.py:9] - Starting face detection
2025-04-13 20:50:21,269 - proctoring - INFO - [face_detection.py:38] - Face detected with confidence 0.97
2025-04-13 20:50:21,272 - proctoring - INFO - [detection_service.py:34] - Face detection found 1 events
2025-04-13 20:50:21,280 - proctoring - DEBUG - [detection_service.py:37] - No Face Mesh detections
2025-04-13 20:50:21,284 - proctoring - DEBUG - [detection_service.py:37] - No Hand detections
2025-04-13 20:50:21,329 - proctoring - DEBUG - [detection_service.py:37] - No YOLO detections
2025-04-13 20:50:21,329 - proctoring - INFO - [detection_service.py:42] - Total events detected: 1
2025-04-13 20:50:21,329 - proctoring - INFO - [log_service.py:12] - Attempting to store 1 logs for user 1
2025-04-13 20:50:21,329 - proctoring - DEBUG - [log_service.py:26] - Created log entry: {'time': '2025-04-13 20:50:21.256818', 'event': 'Face detected'}
2025-04-13 20:50:21,331 - proctoring - INFO - [log_service.py:40] - Successfully stored 1 logs
2025-04-13 20:50:21,367 - proctoring - DEBUG - [image_utils.py:43] - Decoded base64 data length: 17138
2025-04-13 20:50:21,367 - proctoring - INFO - [detection_service.py:16] - Processing new frame
2025-04-13 20:50:21,367 - proctoring - INFO - [face_detection.py:9] - Starting face detection
2025-04-13 20:50:21,382 - proctoring - INFO - [face_detection.py:38] - Face detected with confidence 0.97
2025-04-13 20:50:21,384 - proctoring - INFO - [detection_service.py:34] - Face detection found 1 events
2025-04-13 20:50:21,395 - proctoring - DEBUG - [detection_service.py:37] - No Face Mesh detections
2025-04-13 20:50:21,398 - proctoring - DEBUG - [detection_service.py:37] - No Hand detections
2025-04-13 20:50:21,445 - proctoring - DEBUG - [detection_service.py:37] - No YOLO detections
2025-04-13 20:50:21,445 - proctoring - INFO - [detection_service.py:42] - Total events detected: 1
2025-04-13 20:50:21,445 - proctoring - INFO - [log_service.py:12] - Attempting to store 1 logs for user 1
2025-04-13 20:50:21,445 - proctoring - DEBUG - [log_service.py:26] - Created log entry: {'time': '2025-04-13 20:50:21.367958', 'event': 'Face detected'}
2025-04-13 20:50:21,447 - proctoring - INFO - [log_service.py:40] - Successfully stored 1 logs
2025-04-13 20:50:21,470 - proctoring - DEBUG - [image_utils.py:43] - Decoded base64 data length: 17190
2025-04-13 20:50:21,470 - proctoring - INFO - [detection_service.py:16] - Processing new frame
2025-04-13 20:50:21,471 - proctoring - INFO - [face_detection.py:9] - Starting face detection
2025-04-13 20:50:21,482 - proctoring - INFO - [face_detection.py:38] - Face detected with confidence 0.97
2025-04-13 20:50:21,485 - proctoring - INFO - [detection_service.py:34] - Face detection found 1 events
2025-04-13 20:50:21,495 - proctoring - DEBUG - [detection_service.py:37] - No Face Mesh detections
2025-04-13 20:50:21,499 - proctoring - DEBUG - [detection_service.py:37] - No Hand detections
2025-04-13 20:50:21,545 - proctoring - DEBUG - [detection_service.py:37] - No YOLO detections
2025-04-13 20:50:21,545 - proctoring - INFO - [detection_service.py:42] - Total events detected: 1
2025-04-13 20:50:21,545 - proctoring - INFO - [log_service.py:12] - Attempting to store 1 logs for user 1
2025-04-13 20:50:21,545 - proctoring - DEBUG - [log_service.py:26] - Created log entry: {'time': '2025-04-13 20:50:21.474306', 'event': 'Face detected'}
2025-04-13 20:50:21,547 - proctoring - INFO - [log_service.py:40] - Successfully stored 1 logs
2025-04-13 20:50:21,580 - proctoring - DEBUG - [image_utils.py:43] - Decoded base64 data length: 17242
2025-04-13 20:50:21,580 - proctoring - INFO - [detection_service.py:16] - Processing new frame
2025-04-13 20:50:21,580 - proctoring - INFO - [face_detection.py:9] - Starting face detection
2025-04-13 20:50:21,593 - proctoring - INFO - [face_detection.py:38] - Face detected with confidence 0.96
2025-04-13 20:50:21,597 - proctoring - INFO - [detection_service.py:34] - Face detection found 1 events
2025-04-13 20:50:21,608 - proctoring - DEBUG - [detection_service.py:37] - No Hand detections
2025-04-13 20:50:21,608 - proctoring - DEBUG - [detection_service.py:37] - No Face Mesh detections
2025-04-13 20:50:21,652 - proctoring - DEBUG - [detection_service.py:37] - No YOLO detections
2025-04-13 20:50:21,652 - proctoring - INFO - [detection_service.py:42] - Total events detected: 1
2025-04-13 20:50:21,652 - proctoring - INFO - [log_service.py:12] - Attempting to store 1 logs for user 1
2025-04-13 20:50:21,652 - proctoring - DEBUG - [log_service.py:26] - Created log entry: {'time': '2025-04-13 20:50:21.581028', 'event': 'Face detected'}
2025-04-13 20:50:21,653 - proctoring - INFO - [log_service.py:40] - Successfully stored 1 logs
2025-04-13 20:50:21,688 - proctoring - DEBUG - [image_utils.py:43] - Decoded base64 data length: 17301
2025-04-13 20:50:21,689 - proctoring - INFO - [detection_service.py:16] - Processing new frame
2025-04-13 20:50:21,689 - proctoring - INFO - [face_detection.py:9] - Starting face detection
2025-04-13 20:50:21,703 - proctoring - INFO - [face_detection.py:38] - Face detected with confidence 0.97
2025-04-13 20:50:21,705 - proctoring - INFO - [detection_service.py:34] - Face detection found 1 events
2025-04-13 20:50:21,713 - proctoring - DEBUG - [detection_service.py:37] - No Face Mesh detections
2025-04-13 20:50:21,717 - proctoring - DEBUG - [detection_service.py:37] - No Hand detections
2025-04-13 20:50:21,764 - proctoring - DEBUG - [detection_service.py:37] - No YOLO detections
2025-04-13 20:50:21,764 - proctoring - INFO - [detection_service.py:42] - Total events detected: 1
2025-04-13 20:50:21,764 - proctoring - INFO - [log_service.py:12] - Attempting to store 1 logs for user 1
2025-04-13 20:50:21,764 - proctoring - DEBUG - [log_service.py:26] - Created log entry: {'time': '2025-04-13 20:50:21.693569', 'event': 'Face detected'}
2025-04-13 20:50:21,765 - proctoring - INFO - [log_service.py:40] - Successfully stored 1 logs
2025-04-13 20:50:21,800 - proctoring - DEBUG - [image_utils.py:43] - Decoded base64 data length: 17386
2025-04-13 20:50:21,800 - proctoring - INFO - [detection_service.py:16] - Processing new frame
2025-04-13 20:50:21,800 - proctoring - INFO - [face_detection.py:9] - Starting face detection
2025-04-13 20:50:21,816 - proctoring - INFO - [face_detection.py:38] - Face detected with confidence 0.97
2025-04-13 20:50:21,819 - proctoring - INFO - [detection_service.py:34] - Face detection found 1 events
2025-04-13 20:50:21,821 - proctoring - DEBUG - [detection_service.py:37] - No Face Mesh detections
2025-04-13 20:50:21,826 - proctoring - DEBUG - [detection_service.py:37] - No Hand detections
2025-04-13 20:50:21,873 - proctoring - DEBUG - [detection_service.py:37] - No YOLO detections
2025-04-13 20:50:21,873 - proctoring - INFO - [detection_service.py:42] - Total events detected: 1
2025-04-13 20:50:21,873 - proctoring - INFO - [log_service.py:12] - Attempting to store 1 logs for user 1
2025-04-13 20:50:21,873 - proctoring - DEBUG - [log_service.py:26] - Created log entry: {'time': '2025-04-13 20:50:21.809379', 'event': 'Face detected'}
2025-04-13 20:50:21,874 - proctoring - INFO - [log_service.py:40] - Successfully stored 1 logs
2025-04-13 20:50:21,908 - proctoring - DEBUG - [image_utils.py:43] - Decoded base64 data length: 17365
2025-04-13 20:50:21,909 - proctoring - INFO - [detection_service.py:16] - Processing new frame
2025-04-13 20:50:21,909 - proctoring - INFO - [face_detection.py:9] - Starting face detection
2025-04-13 20:50:21,921 - proctoring - INFO - [face_detection.py:38] - Face detected with confidence 0.97
2025-04-13 20:50:21,922 - proctoring - INFO - [detection_service.py:34] - Face detection found 1 events
2025-04-13 20:50:21,936 - proctoring - DEBUG - [detection_service.py:37] - No Face Mesh detections
2025-04-13 20:50:21,940 - proctoring - DEBUG - [detection_service.py:37] - No Hand detections
2025-04-13 20:50:21,984 - proctoring - DEBUG - [detection_service.py:37] - No YOLO detections
2025-04-13 20:50:21,984 - proctoring - INFO - [detection_service.py:42] - Total events detected: 1
2025-04-13 20:50:21,984 - proctoring - INFO - [log_service.py:12] - Attempting to store 1 logs for user 1
2025-04-13 20:50:21,984 - proctoring - DEBUG - [log_service.py:26] - Created log entry: {'time': '2025-04-13 20:50:21.909317', 'event': 'Face detected'}
2025-04-13 20:50:21,986 - proctoring - INFO - [log_service.py:40] - Successfully stored 1 logs
2025-04-13 20:50:22,017 - proctoring - DEBUG - [image_utils.py:43] - Decoded base64 data length: 17353
2025-04-13 20:50:22,018 - proctoring - INFO - [detection_service.py:16] - Processing new frame
2025-04-13 20:50:22,018 - proctoring - INFO - [face_detection.py:9] - Starting face detection
2025-04-13 20:50:22,033 - proctoring - INFO - [face_detection.py:38] - Face detected with confidence 0.96
2025-04-13 20:50:22,037 - proctoring - INFO - [detection_service.py:34] - Face detection found 1 events
2025-04-13 20:50:22,045 - proctoring - DEBUG - [detection_service.py:37] - No Face Mesh detections
2025-04-13 20:50:22,049 - proctoring - DEBUG - [detection_service.py:37] - No Hand detections
2025-04-13 20:50:22,092 - proctoring - DEBUG - [detection_service.py:37] - No YOLO detections
2025-04-13 20:50:22,092 - proctoring - INFO - [detection_service.py:42] - Total events detected: 1
2025-04-13 20:50:22,092 - proctoring - INFO - [log_service.py:12] - Attempting to store 1 logs for user 1
2025-04-13 20:50:22,092 - proctoring - DEBUG - [log_service.py:26] - Created log entry: {'time': '2025-04-13 20:50:22.018516', 'event': 'Face detected'}
2025-04-13 20:50:22,094 - proctoring - INFO - [log_service.py:40] - Successfully stored 1 logs
2025-04-13 20:50:22,123 - proctoring - DEBUG - [image_utils.py:43] - Decoded base64 data length: 17433
2025-04-13 20:50:22,123 - proctoring - INFO - [detection_service.py:16] - Processing new frame
2025-04-13 20:50:22,123 - proctoring - INFO - [face_detection.py:9] - Starting face detection
2025-04-13 20:50:22,139 - proctoring - INFO - [face_detection.py:38] - Face detected with confidence 0.96
2025-04-13 20:50:22,140 - proctoring - INFO - [detection_service.py:34] - Face detection found 1 events
2025-04-13 20:50:22,145 - proctoring - DEBUG - [detection_service.py:37] - No Face Mesh detections
2025-04-13 20:50:22,149 - proctoring - DEBUG - [detection_service.py:37] - No Hand detections
2025-04-13 20:50:22,189 - proctoring - DEBUG - [detection_service.py:37] - No YOLO detections
2025-04-13 20:50:22,189 - proctoring - INFO - [detection_service.py:42] - Total events detected: 1
2025-04-13 20:50:22,189 - proctoring - INFO - [log_service.py:12] - Attempting to store 1 logs for user 1
2025-04-13 20:50:22,189 - proctoring - DEBUG - [log_service.py:26] - Created log entry: {'time': '2025-04-13 20:50:22.132721', 'event': 'Face detected'}
2025-04-13 20:50:22,191 - proctoring - INFO - [log_service.py:40] - Successfully stored 1 logs
2025-04-13 20:50:22,231 - proctoring - DEBUG - [image_utils.py:43] - Decoded base64 data length: 17394
2025-04-13 20:50:22,232 - proctoring - INFO - [detection_service.py:16] - Processing new frame
2025-04-13 20:50:22,232 - proctoring - INFO - [face_detection.py:9] - Starting face detection
2025-04-13 20:50:22,248 - proctoring - INFO - [face_detection.py:38] - Face detected with confidence 0.96
2025-04-13 20:50:22,250 - proctoring - INFO - [detection_service.py:34] - Face detection found 1 events
2025-04-13 20:50:22,257 - proctoring - DEBUG - [detection_service.py:37] - No Face Mesh detections
2025-04-13 20:50:22,263 - proctoring - DEBUG - [detection_service.py:37] - No Hand detections
2025-04-13 20:50:22,308 - proctoring - DEBUG - [detection_service.py:37] - No YOLO detections
2025-04-13 20:50:22,308 - proctoring - INFO - [detection_service.py:42] - Total events detected: 1
2025-04-13 20:50:22,308 - proctoring - INFO - [log_service.py:12] - Attempting to store 1 logs for user 1
2025-04-13 20:50:22,308 - proctoring - DEBUG - [log_service.py:26] - Created log entry: {'time': '2025-04-13 20:50:22.236187', 'event': 'Face detected'}
2025-04-13 20:50:22,310 - proctoring - INFO - [log_service.py:40] - Successfully stored 1 logs
2025-04-13 20:50:22,339 - proctoring - DEBUG - [image_utils.py:43] - Decoded base64 data length: 16951
2025-04-13 20:50:22,340 - proctoring - INFO - [detection_service.py:16] - Processing new frame
2025-04-13 20:50:22,340 - proctoring - INFO - [face_detection.py:9] - Starting face detection
2025-04-13 20:50:22,354 - proctoring - INFO - [face_detection.py:38] - Face detected with confidence 0.97
2025-04-13 20:50:22,355 - proctoring - INFO - [detection_service.py:34] - Face detection found 1 events
2025-04-13 20:50:22,365 - proctoring - DEBUG - [detection_service.py:37] - No Face Mesh detections
2025-04-13 20:50:22,373 - proctoring - DEBUG - [detection_service.py:37] - No Hand detections
2025-04-13 20:50:22,411 - proctoring - DEBUG - [detection_service.py:37] - No YOLO detections
2025-04-13 20:50:22,411 - proctoring - INFO - [detection_service.py:42] - Total events detected: 1
2025-04-13 20:50:22,411 - proctoring - INFO - [log_service.py:12] - Attempting to store 1 logs for user 1
2025-04-13 20:50:22,411 - proctoring - DEBUG - [log_service.py:26] - Created log entry: {'time': '2025-04-13 20:50:22.348920', 'event': 'Face detected'}
2025-04-13 20:50:22,413 - proctoring - INFO - [log_service.py:40] - Successfully stored 1 logs
2025-04-13 20:50:22,448 - proctoring - DEBUG - [image_utils.py:43] - Decoded base64 data length: 16404
2025-04-13 20:50:22,448 - proctoring - INFO - [detection_service.py:16] - Processing new frame
2025-04-13 20:50:22,448 - proctoring - INFO - [face_detection.py:9] - Starting face detection
2025-04-13 20:50:22,460 - proctoring - INFO - [face_detection.py:38] - Face detected with confidence 0.96
2025-04-13 20:50:22,464 - proctoring - INFO - [detection_service.py:34] - Face detection found 1 events
2025-04-13 20:50:22,474 - proctoring - DEBUG - [detection_service.py:37] - No Face Mesh detections
2025-04-13 20:50:22,479 - proctoring - DEBUG - [detection_service.py:37] - No Hand detections
2025-04-13 20:50:22,520 - proctoring - DEBUG - [detection_service.py:37] - No YOLO detections
2025-04-13 20:50:22,520 - proctoring - INFO - [detection_service.py:42] - Total events detected: 1
2025-04-13 20:50:22,520 - proctoring - INFO - [log_service.py:12] - Attempting to store 1 logs for user 1
2025-04-13 20:50:22,520 - proctoring - DEBUG - [log_service.py:26] - Created log entry: {'time': '2025-04-13 20:50:22.448951', 'event': 'Face detected'}
2025-04-13 20:50:22,521 - proctoring - INFO - [log_service.py:40] - Successfully stored 1 logs
2025-04-13 20:50:22,556 - proctoring - DEBUG - [image_utils.py:43] - Decoded base64 data length: 16400
2025-04-13 20:50:22,557 - proctoring - INFO - [detection_service.py:16] - Processing new frame
2025-04-13 20:50:22,557 - proctoring - INFO - [face_detection.py:9] - Starting face detection
2025-04-13 20:50:22,572 - proctoring - INFO - [face_detection.py:38] - Face detected with confidence 0.97
2025-04-13 20:50:22,573 - proctoring - INFO - [detection_service.py:34] - Face detection found 1 events
2025-04-13 20:50:22,580 - proctoring - DEBUG - [detection_service.py:37] - No Face Mesh detections
2025-04-13 20:50:22,585 - proctoring - DEBUG - [detection_service.py:37] - No Hand detections
2025-04-13 20:50:22,631 - proctoring - DEBUG - [detection_service.py:37] - No YOLO detections
2025-04-13 20:50:22,631 - proctoring - INFO - [detection_service.py:42] - Total events detected: 1
2025-04-13 20:50:22,631 - proctoring - INFO - [log_service.py:12] - Attempting to store 1 logs for user 1
2025-04-13 20:50:22,631 - proctoring - DEBUG - [log_service.py:26] - Created log entry: {'time': '2025-04-13 20:50:22.566965', 'event': 'Face detected'}
2025-04-13 20:50:22,633 - proctoring - INFO - [log_service.py:40] - Successfully stored 1 logs
2025-04-13 20:50:22,664 - proctoring - DEBUG - [image_utils.py:43] - Decoded base64 data length: 16252
2025-04-13 20:50:22,665 - proctoring - INFO - [detection_service.py:16] - Processing new frame
2025-04-13 20:50:22,665 - proctoring - INFO - [face_detection.py:9] - Starting face detection
2025-04-13 20:50:22,680 - proctoring - INFO - [face_detection.py:38] - Face detected with confidence 0.97
2025-04-13 20:50:22,682 - proctoring - INFO - [detection_service.py:34] - Face detection found 1 events
2025-04-13 20:50:22,688 - proctoring - DEBUG - [detection_service.py:37] - No Face Mesh detections
2025-04-13 20:50:22,695 - proctoring - DEBUG - [detection_service.py:37] - No Hand detections
2025-04-13 20:50:22,736 - proctoring - DEBUG - [detection_service.py:37] - No YOLO detections
2025-04-13 20:50:22,736 - proctoring - INFO - [detection_service.py:42] - Total events detected: 1
2025-04-13 20:50:22,736 - proctoring - INFO - [log_service.py:12] - Attempting to store 1 logs for user 1
2025-04-13 20:50:22,736 - proctoring - DEBUG - [log_service.py:26] - Created log entry: {'time': '2025-04-13 20:50:22.669293', 'event': 'Face detected'}
2025-04-13 20:50:22,738 - proctoring - INFO - [log_service.py:40] - Successfully stored 1 logs
2025-04-13 20:50:22,775 - proctoring - DEBUG - [image_utils.py:43] - Decoded base64 data length: 16379
2025-04-13 20:50:22,776 - proctoring - INFO - [detection_service.py:16] - Processing new frame
2025-04-13 20:50:22,776 - proctoring - INFO - [face_detection.py:9] - Starting face detection
2025-04-13 20:50:22,791 - proctoring - INFO - [face_detection.py:38] - Face detected with confidence 0.96
2025-04-13 20:50:22,793 - proctoring - INFO - [detection_service.py:34] - Face detection found 1 events
2025-04-13 20:50:22,800 - proctoring - DEBUG - [detection_service.py:37] - No Face Mesh detections
2025-04-13 20:50:22,806 - proctoring - DEBUG - [detection_service.py:37] - No Hand detections
2025-04-13 20:50:22,846 - proctoring - DEBUG - [detection_service.py:37] - No YOLO detections
2025-04-13 20:50:22,846 - proctoring - INFO - [detection_service.py:42] - Total events detected: 1
2025-04-13 20:50:22,846 - proctoring - INFO - [log_service.py:12] - Attempting to store 1 logs for user 1
2025-04-13 20:50:22,846 - proctoring - DEBUG - [log_service.py:26] - Created log entry: {'time': '2025-04-13 20:50:22.784921', 'event': 'Face detected'}
2025-04-13 20:50:22,848 - proctoring - INFO - [log_service.py:40] - Successfully stored 1 logs
2025-04-13 20:50:22,886 - proctoring - DEBUG - [image_utils.py:43] - Decoded base64 data length: 16565
2025-04-13 20:50:22,886 - proctoring - INFO - [detection_service.py:16] - Processing new frame
2025-04-13 20:50:22,886 - proctoring - INFO - [face_detection.py:9] - Starting face detection
2025-04-13 20:50:22,901 - proctoring - INFO - [face_detection.py:38] - Face detected with confidence 0.96
2025-04-13 20:50:22,903 - proctoring - INFO - [detection_service.py:34] - Face detection found 1 events
2025-04-13 20:50:22,910 - proctoring - DEBUG - [detection_service.py:37] - No Face Mesh detections
2025-04-13 20:50:22,914 - proctoring - DEBUG - [detection_service.py:37] - No Hand detections
2025-04-13 20:50:22,960 - proctoring - DEBUG - [detection_service.py:37] - No YOLO detections
2025-04-13 20:50:22,960 - proctoring - INFO - [detection_service.py:42] - Total events detected: 1
2025-04-13 20:50:22,960 - proctoring - INFO - [log_service.py:12] - Attempting to store 1 logs for user 1
2025-04-13 20:50:22,960 - proctoring - DEBUG - [log_service.py:26] - Created log entry: {'time': '2025-04-13 20:50:22.890568', 'event': 'Face detected'}
2025-04-13 20:50:22,962 - proctoring - INFO - [log_service.py:40] - Successfully stored 1 logs
2025-04-13 20:50:22,994 - proctoring - DEBUG - [image_utils.py:43] - Decoded base64 data length: 16779
2025-04-13 20:50:22,994 - proctoring - INFO - [detection_service.py:16] - Processing new frame
2025-04-13 20:50:22,994 - proctoring - INFO - [face_detection.py:9] - Starting face detection
2025-04-13 20:50:23,010 - proctoring - INFO - [face_detection.py:38] - Face detected with confidence 0.96
2025-04-13 20:50:23,011 - proctoring - INFO - [detection_service.py:34] - Face detection found 1 events
2025-04-13 20:50:23,017 - proctoring - DEBUG - [detection_service.py:37] - No Face Mesh detections
2025-04-13 20:50:23,022 - proctoring - DEBUG - [detection_service.py:37] - No Hand detections
2025-04-13 20:50:23,067 - proctoring - DEBUG - [detection_service.py:37] - No YOLO detections
2025-04-13 20:50:23,068 - proctoring - INFO - [detection_service.py:42] - Total events detected: 1
2025-04-13 20:50:23,068 - proctoring - INFO - [log_service.py:12] - Attempting to store 1 logs for user 1
2025-04-13 20:50:23,068 - proctoring - DEBUG - [log_service.py:26] - Created log entry: {'time': '2025-04-13 20:50:22.998137', 'event': 'Face detected'}
2025-04-13 20:50:23,069 - proctoring - INFO - [log_service.py:40] - Successfully stored 1 logs
2025-04-13 20:50:23,104 - proctoring - DEBUG - [image_utils.py:43] - Decoded base64 data length: 16668
2025-04-13 20:50:23,105 - proctoring - INFO - [detection_service.py:16] - Processing new frame
2025-04-13 20:50:23,105 - proctoring - INFO - [face_detection.py:9] - Starting face detection
2025-04-13 20:50:23,140 - proctoring - INFO - [face_detection.py:38] - Face detected with confidence 0.97
2025-04-13 20:50:23,141 - proctoring - INFO - [detection_service.py:34] - Face detection found 1 events
2025-04-13 20:50:23,149 - proctoring - DEBUG - [detection_service.py:37] - No Hand detections
2025-04-13 20:50:23,153 - proctoring - DEBUG - [detection_service.py:37] - No Face Mesh detections
2025-04-13 20:50:23,197 - proctoring - DEBUG - [detection_service.py:37] - No YOLO detections
2025-04-13 20:50:23,197 - proctoring - INFO - [detection_service.py:42] - Total events detected: 1
2025-04-13 20:50:23,197 - proctoring - INFO - [log_service.py:12] - Attempting to store 1 logs for user 1
2025-04-13 20:50:23,197 - proctoring - DEBUG - [log_service.py:26] - Created log entry: {'time': '2025-04-13 20:50:23.105461', 'event': 'Face detected'}
2025-04-13 20:50:23,198 - proctoring - INFO - [log_service.py:40] - Successfully stored 1 logs
2025-04-13 20:50:23,214 - proctoring - DEBUG - [image_utils.py:43] - Decoded base64 data length: 16458
2025-04-13 20:50:23,214 - proctoring - INFO - [detection_service.py:16] - Processing new frame
2025-04-13 20:50:23,214 - proctoring - INFO - [face_detection.py:9] - Starting face detection
2025-04-13 20:50:23,234 - proctoring - INFO - [face_detection.py:38] - Face detected with confidence 0.97
2025-04-13 20:50:23,236 - proctoring - INFO - [detection_service.py:34] - Face detection found 1 events
2025-04-13 20:50:23,239 - proctoring - DEBUG - [detection_service.py:37] - No Face Mesh detections
2025-04-13 20:50:23,246 - proctoring - DEBUG - [detection_service.py:37] - No Hand detections
2025-04-13 20:50:23,288 - proctoring - DEBUG - [detection_service.py:37] - No YOLO detections
2025-04-13 20:50:23,288 - proctoring - INFO - [detection_service.py:42] - Total events detected: 1
2025-04-13 20:50:23,288 - proctoring - INFO - [log_service.py:12] - Attempting to store 1 logs for user 1
2025-04-13 20:50:23,288 - proctoring - DEBUG - [log_service.py:26] - Created log entry: {'time': '2025-04-13 20:50:23.222875', 'event': 'Face detected'}
2025-04-13 20:50:23,290 - proctoring - INFO - [log_service.py:40] - Successfully stored 1 logs
2025-04-13 20:50:23,323 - proctoring - DEBUG - [image_utils.py:43] - Decoded base64 data length: 16234
2025-04-13 20:50:23,323 - proctoring - INFO - [detection_service.py:16] - Processing new frame
2025-04-13 20:50:23,323 - proctoring - INFO - [face_detection.py:9] - Starting face detection
2025-04-13 20:50:23,337 - proctoring - INFO - [face_detection.py:38] - Face detected with confidence 0.97
2025-04-13 20:50:23,339 - proctoring - INFO - [detection_service.py:34] - Face detection found 1 events
2025-04-13 20:50:23,346 - proctoring - DEBUG - [detection_service.py:37] - No Face Mesh detections
2025-04-13 20:50:23,351 - proctoring - DEBUG - [detection_service.py:37] - No Hand detections
2025-04-13 20:50:23,397 - proctoring - DEBUG - [detection_service.py:37] - No YOLO detections
2025-04-13 20:50:23,397 - proctoring - INFO - [detection_service.py:42] - Total events detected: 1
2025-04-13 20:50:23,397 - proctoring - INFO - [log_service.py:12] - Attempting to store 1 logs for user 1
2025-04-13 20:50:23,397 - proctoring - DEBUG - [log_service.py:26] - Created log entry: {'time': '2025-04-13 20:50:23.323600', 'event': 'Face detected'}
2025-04-13 20:50:23,398 - proctoring - INFO - [log_service.py:40] - Successfully stored 1 logs
2025-04-13 20:50:23,430 - proctoring - DEBUG - [image_utils.py:43] - Decoded base64 data length: 16096
2025-04-13 20:50:23,431 - proctoring - INFO - [detection_service.py:16] - Processing new frame
2025-04-13 20:50:23,431 - proctoring - INFO - [face_detection.py:9] - Starting face detection
2025-04-13 20:50:23,441 - proctoring - INFO - [face_detection.py:38] - Face detected with confidence 0.97
2025-04-13 20:50:23,444 - proctoring - INFO - [detection_service.py:34] - Face detection found 1 events
2025-04-13 20:50:23,453 - proctoring - DEBUG - [detection_service.py:37] - No Face Mesh detections
2025-04-13 20:50:23,457 - proctoring - DEBUG - [detection_service.py:37] - No Hand detections
2025-04-13 20:50:23,505 - proctoring - DEBUG - [detection_service.py:37] - No YOLO detections
2025-04-13 20:50:23,505 - proctoring - INFO - [detection_service.py:42] - Total events detected: 1
2025-04-13 20:50:23,505 - proctoring - INFO - [log_service.py:12] - Attempting to store 1 logs for user 1
2025-04-13 20:50:23,505 - proctoring - DEBUG - [log_service.py:26] - Created log entry: {'time': '2025-04-13 20:50:23.431464', 'event': 'Face detected'}
2025-04-13 20:50:23,507 - proctoring - INFO - [log_service.py:40] - Successfully stored 1 logs
2025-04-13 20:50:23,538 - proctoring - DEBUG - [image_utils.py:43] - Decoded base64 data length: 16056
2025-04-13 20:50:23,538 - proctoring - INFO - [detection_service.py:16] - Processing new frame
2025-04-13 20:50:23,538 - proctoring - INFO - [face_detection.py:9] - Starting face detection
2025-04-13 20:50:23,552 - proctoring - INFO - [face_detection.py:38] - Face detected with confidence 0.96
2025-04-13 20:50:23,554 - proctoring - INFO - [detection_service.py:34] - Face detection found 1 events
2025-04-13 20:50:23,567 - proctoring - DEBUG - [detection_service.py:37] - No Face Mesh detections
2025-04-13 20:50:23,567 - proctoring - DEBUG - [detection_service.py:37] - No Hand detections
2025-04-13 20:50:23,612 - proctoring - DEBUG - [detection_service.py:37] - No YOLO detections
2025-04-13 20:50:23,612 - proctoring - INFO - [detection_service.py:42] - Total events detected: 1
2025-04-13 20:50:23,612 - proctoring - INFO - [log_service.py:12] - Attempting to store 1 logs for user 1
2025-04-13 20:50:23,612 - proctoring - DEBUG - [log_service.py:26] - Created log entry: {'time': '2025-04-13 20:50:23.542094', 'event': 'Face detected'}
2025-04-13 20:50:23,614 - proctoring - INFO - [log_service.py:40] - Successfully stored 1 logs
2025-04-13 20:50:23,648 - proctoring - DEBUG - [image_utils.py:43] - Decoded base64 data length: 16305
2025-04-13 20:50:23,648 - proctoring - INFO - [detection_service.py:16] - Processing new frame
2025-04-13 20:50:23,648 - proctoring - INFO - [face_detection.py:9] - Starting face detection
2025-04-13 20:50:23,664 - proctoring - INFO - [face_detection.py:38] - Face detected with confidence 0.95
2025-04-13 20:50:23,666 - proctoring - INFO - [detection_service.py:34] - Face detection found 1 events
2025-04-13 20:50:23,672 - proctoring - DEBUG - [detection_service.py:37] - No Hand detections
2025-04-13 20:50:23,676 - proctoring - DEBUG - [detection_service.py:37] - No Face Mesh detections
2025-04-13 20:50:23,724 - proctoring - DEBUG - [detection_service.py:37] - No YOLO detections
2025-04-13 20:50:23,724 - proctoring - INFO - [detection_service.py:42] - Total events detected: 1
2025-04-13 20:50:23,724 - proctoring - INFO - [log_service.py:12] - Attempting to store 1 logs for user 1
2025-04-13 20:50:23,724 - proctoring - DEBUG - [log_service.py:26] - Created log entry: {'time': '2025-04-13 20:50:23.651790', 'event': 'Face detected'}
2025-04-13 20:50:23,726 - proctoring - INFO - [log_service.py:40] - Successfully stored 1 logs
2025-04-13 20:50:23,757 - proctoring - DEBUG - [image_utils.py:43] - Decoded base64 data length: 16180
2025-04-13 20:50:23,758 - proctoring - INFO - [detection_service.py:16] - Processing new frame
2025-04-13 20:50:23,758 - proctoring - INFO - [face_detection.py:9] - Starting face detection
2025-04-13 20:50:23,772 - proctoring - INFO - [face_detection.py:38] - Face detected with confidence 0.96
2025-04-13 20:50:23,775 - proctoring - INFO - [detection_service.py:34] - Face detection found 1 events
2025-04-13 20:50:23,781 - proctoring - DEBUG - [detection_service.py:37] - No Face Mesh detections
2025-04-13 20:50:23,787 - proctoring - DEBUG - [detection_service.py:37] - No Hand detections
2025-04-13 20:50:23,828 - proctoring - DEBUG - [detection_service.py:37] - No YOLO detections
2025-04-13 20:50:23,828 - proctoring - INFO - [detection_service.py:42] - Total events detected: 1
2025-04-13 20:50:23,828 - proctoring - INFO - [log_service.py:12] - Attempting to store 1 logs for user 1
2025-04-13 20:50:23,828 - proctoring - DEBUG - [log_service.py:26] - Created log entry: {'time': '2025-04-13 20:50:23.767829', 'event': 'Face detected'}
2025-04-13 20:50:23,830 - proctoring - INFO - [log_service.py:40] - Successfully stored 1 logs
2025-04-13 20:50:23,868 - proctoring - DEBUG - [image_utils.py:43] - Decoded base64 data length: 15438
2025-04-13 20:50:23,869 - proctoring - INFO - [detection_service.py:16] - Processing new frame
2025-04-13 20:50:23,869 - proctoring - INFO - [face_detection.py:9] - Starting face detection
2025-04-13 20:50:23,884 - proctoring - INFO - [face_detection.py:38] - Face detected with confidence 0.97
2025-04-13 20:50:23,886 - proctoring - INFO - [detection_service.py:34] - Face detection found 1 events
2025-04-13 20:50:23,892 - proctoring - DEBUG - [detection_service.py:37] - No Face Mesh detections
2025-04-13 20:50:23,897 - proctoring - DEBUG - [detection_service.py:37] - No Hand detections
2025-04-13 20:50:23,940 - proctoring - DEBUG - [detection_service.py:37] - No YOLO detections
2025-04-13 20:50:23,940 - proctoring - INFO - [detection_service.py:42] - Total events detected: 1
2025-04-13 20:50:23,940 - proctoring - INFO - [log_service.py:12] - Attempting to store 1 logs for user 1
2025-04-13 20:50:23,940 - proctoring - DEBUG - [log_service.py:26] - Created log entry: {'time': '2025-04-13 20:50:23.878521', 'event': 'Face detected'}
2025-04-13 20:50:23,942 - proctoring - INFO - [log_service.py:40] - Successfully stored 1 logs
2025-04-13 20:50:23,981 - proctoring - DEBUG - [image_utils.py:43] - Decoded base64 data length: 15290
2025-04-13 20:50:23,982 - proctoring - INFO - [detection_service.py:16] - Processing new frame
2025-04-13 20:50:23,982 - proctoring - INFO - [face_detection.py:9] - Starting face detection
2025-04-13 20:50:23,998 - proctoring - INFO - [face_detection.py:38] - Face detected with confidence 0.97
2025-04-13 20:50:24,000 - proctoring - INFO - [detection_service.py:34] - Face detection found 1 events
2025-04-13 20:50:24,007 - proctoring - DEBUG - [detection_service.py:37] - No Face Mesh detections
2025-04-13 20:50:24,011 - proctoring - DEBUG - [detection_service.py:37] - No Hand detections
2025-04-13 20:50:24,053 - proctoring - DEBUG - [detection_service.py:37] - No YOLO detections
2025-04-13 20:50:24,053 - proctoring - INFO - [detection_service.py:42] - Total events detected: 1
2025-04-13 20:50:24,053 - proctoring - INFO - [log_service.py:12] - Attempting to store 1 logs for user 1
2025-04-13 20:50:24,053 - proctoring - DEBUG - [log_service.py:26] - Created log entry: {'time': '2025-04-13 20:50:23.986097', 'event': 'Face detected'}
2025-04-13 20:50:24,055 - proctoring - INFO - [log_service.py:40] - Successfully stored 1 logs
2025-04-13 20:50:24,090 - proctoring - DEBUG - [image_utils.py:43] - Decoded base64 data length: 15336
2025-04-13 20:50:24,090 - proctoring - INFO - [detection_service.py:16] - Processing new frame
2025-04-13 20:50:24,090 - proctoring - INFO - [face_detection.py:9] - Starting face detection
2025-04-13 20:50:24,104 - proctoring - INFO - [face_detection.py:38] - Face detected with confidence 0.97
2025-04-13 20:50:24,107 - proctoring - INFO - [detection_service.py:34] - Face detection found 1 events
2025-04-13 20:50:24,119 - proctoring - DEBUG - [detection_service.py:37] - No Hand detections
2025-04-13 20:50:24,119 - proctoring - DEBUG - [detection_service.py:37] - No Face Mesh detections
2025-04-13 20:50:24,164 - proctoring - DEBUG - [detection_service.py:37] - No YOLO detections
2025-04-13 20:50:24,164 - proctoring - INFO - [detection_service.py:42] - Total events detected: 1
2025-04-13 20:50:24,165 - proctoring - INFO - [log_service.py:12] - Attempting to store 1 logs for user 1
2025-04-13 20:50:24,165 - proctoring - DEBUG - [log_service.py:26] - Created log entry: {'time': '2025-04-13 20:50:24.090996', 'event': 'Face detected'}
2025-04-13 20:50:24,166 - proctoring - INFO - [log_service.py:40] - Successfully stored 1 logs
2025-04-13 20:50:24,193 - proctoring - DEBUG - [image_utils.py:43] - Decoded base64 data length: 15429
2025-04-13 20:50:24,193 - proctoring - INFO - [detection_service.py:16] - Processing new frame
2025-04-13 20:50:24,194 - proctoring - INFO - [face_detection.py:9] - Starting face detection
2025-04-13 20:50:24,209 - proctoring - INFO - [face_detection.py:38] - Face detected with confidence 0.97
2025-04-13 20:50:24,212 - proctoring - INFO - [detection_service.py:34] - Face detection found 1 events
2025-04-13 20:50:24,217 - proctoring - DEBUG - [detection_service.py:37] - No Face Mesh detections
2025-04-13 20:50:24,222 - proctoring - DEBUG - [detection_service.py:37] - No Hand detections
2025-04-13 20:50:24,269 - proctoring - DEBUG - [detection_service.py:37] - No YOLO detections
2025-04-13 20:50:24,269 - proctoring - INFO - [detection_service.py:42] - Total events detected: 1
2025-04-13 20:50:24,269 - proctoring - INFO - [log_service.py:12] - Attempting to store 1 logs for user 1
2025-04-13 20:50:24,269 - proctoring - DEBUG - [log_service.py:26] - Created log entry: {'time': '2025-04-13 20:50:24.202861', 'event': 'Face detected'}
2025-04-13 20:50:24,271 - proctoring - INFO - [log_service.py:40] - Successfully stored 1 logs
2025-04-13 20:50:24,305 - proctoring - DEBUG - [image_utils.py:43] - Decoded base64 data length: 15603
2025-04-13 20:50:24,305 - proctoring - INFO - [detection_service.py:16] - Processing new frame
2025-04-13 20:50:24,305 - proctoring - INFO - [face_detection.py:9] - Starting face detection
2025-04-13 20:50:24,320 - proctoring - INFO - [face_detection.py:38] - Face detected with confidence 0.97
2025-04-13 20:50:24,322 - proctoring - INFO - [detection_service.py:34] - Face detection found 1 events
2025-04-13 20:50:24,332 - proctoring - DEBUG - [detection_service.py:37] - No Face Mesh detections
2025-04-13 20:50:24,336 - proctoring - DEBUG - [detection_service.py:37] - No Hand detections
2025-04-13 20:50:24,379 - proctoring - DEBUG - [detection_service.py:37] - No YOLO detections
2025-04-13 20:50:24,379 - proctoring - INFO - [detection_service.py:42] - Total events detected: 1
2025-04-13 20:50:24,379 - proctoring - INFO - [log_service.py:12] - Attempting to store 1 logs for user 1
2025-04-13 20:50:24,379 - proctoring - DEBUG - [log_service.py:26] - Created log entry: {'time': '2025-04-13 20:50:24.305905', 'event': 'Face detected'}
2025-04-13 20:50:24,380 - proctoring - INFO - [log_service.py:40] - Successfully stored 1 logs
2025-04-13 20:50:24,412 - proctoring - DEBUG - [image_utils.py:43] - Decoded base64 data length: 16085
2025-04-13 20:50:24,413 - proctoring - INFO - [detection_service.py:16] - Processing new frame
2025-04-13 20:50:24,413 - proctoring - INFO - [face_detection.py:9] - Starting face detection
2025-04-13 20:50:24,427 - proctoring - INFO - [face_detection.py:38] - Face detected with confidence 0.96
2025-04-13 20:50:24,430 - proctoring - INFO - [detection_service.py:34] - Face detection found 1 events
2025-04-13 20:50:24,442 - proctoring - DEBUG - [detection_service.py:37] - No Face Mesh detections
2025-04-13 20:50:24,445 - proctoring - DEBUG - [detection_service.py:37] - No Hand detections
2025-04-13 20:50:24,495 - proctoring - DEBUG - [detection_service.py:37] - No YOLO detections
2025-04-13 20:50:24,495 - proctoring - INFO - [detection_service.py:42] - Total events detected: 1
2025-04-13 20:50:24,495 - proctoring - INFO - [log_service.py:12] - Attempting to store 1 logs for user 1
2025-04-13 20:50:24,495 - proctoring - DEBUG - [log_service.py:26] - Created log entry: {'time': '2025-04-13 20:50:24.413473', 'event': 'Face detected'}
2025-04-13 20:50:24,496 - proctoring - INFO - [log_service.py:40] - Successfully stored 1 logs
2025-04-13 20:50:24,520 - proctoring - DEBUG - [image_utils.py:43] - Decoded base64 data length: 16506
2025-04-13 20:50:24,521 - proctoring - INFO - [detection_service.py:16] - Processing new frame
2025-04-13 20:50:24,521 - proctoring - INFO - [face_detection.py:9] - Starting face detection
2025-04-13 20:50:24,537 - proctoring - INFO - [face_detection.py:38] - Face detected with confidence 0.96
2025-04-13 20:50:24,539 - proctoring - INFO - [detection_service.py:34] - Face detection found 1 events
2025-04-13 20:50:24,547 - proctoring - DEBUG - [detection_service.py:37] - No Face Mesh detections
2025-04-13 20:50:24,552 - proctoring - DEBUG - [detection_service.py:37] - No Hand detections
2025-04-13 20:50:24,597 - proctoring - DEBUG - [detection_service.py:37] - No YOLO detections
2025-04-13 20:50:24,597 - proctoring - INFO - [detection_service.py:42] - Total events detected: 1
2025-04-13 20:50:24,597 - proctoring - INFO - [log_service.py:12] - Attempting to store 1 logs for user 1
2025-04-13 20:50:24,597 - proctoring - DEBUG - [log_service.py:26] - Created log entry: {'time': '2025-04-13 20:50:24.532109', 'event': 'Face detected'}
2025-04-13 20:50:24,599 - proctoring - INFO - [log_service.py:40] - Successfully stored 1 logs
2025-04-13 20:50:24,631 - proctoring - DEBUG - [image_utils.py:43] - Decoded base64 data length: 16156
2025-04-13 20:50:24,632 - proctoring - INFO - [detection_service.py:16] - Processing new frame
2025-04-13 20:50:24,632 - proctoring - INFO - [face_detection.py:9] - Starting face detection
2025-04-13 20:50:24,647 - proctoring - INFO - [face_detection.py:38] - Face detected with confidence 0.96
2025-04-13 20:50:24,651 - proctoring - INFO - [detection_service.py:34] - Face detection found 1 events
2025-04-13 20:50:24,657 - proctoring - DEBUG - [detection_service.py:37] - No Face Mesh detections
2025-04-13 20:50:24,662 - proctoring - DEBUG - [detection_service.py:37] - No Hand detections
2025-04-13 20:50:24,704 - proctoring - DEBUG - [detection_service.py:37] - No YOLO detections
2025-04-13 20:50:24,704 - proctoring - INFO - [detection_service.py:42] - Total events detected: 1
2025-04-13 20:50:24,704 - proctoring - INFO - [log_service.py:12] - Attempting to store 1 logs for user 1
2025-04-13 20:50:24,704 - proctoring - DEBUG - [log_service.py:26] - Created log entry: {'time': '2025-04-13 20:50:24.632532', 'event': 'Face detected'}
2025-04-13 20:50:24,706 - proctoring - INFO - [log_service.py:40] - Successfully stored 1 logs
2025-04-13 20:50:24,741 - proctoring - DEBUG - [image_utils.py:43] - Decoded base64 data length: 16379
2025-04-13 20:50:24,741 - proctoring - INFO - [detection_service.py:16] - Processing new frame
2025-04-13 20:50:24,741 - proctoring - INFO - [face_detection.py:9] - Starting face detection
2025-04-13 20:50:24,753 - proctoring - INFO - [face_detection.py:38] - Face detected with confidence 0.97
2025-04-13 20:50:24,755 - proctoring - INFO - [detection_service.py:34] - Face detection found 1 events
2025-04-13 20:50:24,769 - proctoring - DEBUG - [detection_service.py:37] - No Hand detections
2025-04-13 20:50:24,769 - proctoring - DEBUG - [detection_service.py:37] - No Face Mesh detections
2025-04-13 20:50:24,809 - proctoring - DEBUG - [detection_service.py:37] - No YOLO detections
2025-04-13 20:50:24,809 - proctoring - INFO - [detection_service.py:42] - Total events detected: 1
2025-04-13 20:50:24,809 - proctoring - INFO - [log_service.py:12] - Attempting to store 1 logs for user 1
2025-04-13 20:50:24,809 - proctoring - DEBUG - [log_service.py:26] - Created log entry: {'time': '2025-04-13 20:50:24.745449', 'event': 'Face detected'}
2025-04-13 20:50:24,811 - proctoring - INFO - [log_service.py:40] - Successfully stored 1 logs
2025-04-13 20:50:24,849 - proctoring - DEBUG - [image_utils.py:43] - Decoded base64 data length: 15945
2025-04-13 20:50:24,850 - proctoring - INFO - [detection_service.py:16] - Processing new frame
2025-04-13 20:50:24,850 - proctoring - INFO - [face_detection.py:9] - Starting face detection
2025-04-13 20:50:24,864 - proctoring - INFO - [face_detection.py:38] - Face detected with confidence 0.97
2025-04-13 20:50:24,867 - proctoring - INFO - [detection_service.py:34] - Face detection found 1 events
2025-04-13 20:50:24,877 - proctoring - DEBUG - [detection_service.py:37] - No Face Mesh detections
2025-04-13 20:50:24,880 - proctoring - DEBUG - [detection_service.py:37] - No Hand detections
2025-04-13 20:50:24,923 - proctoring - DEBUG - [detection_service.py:37] - No YOLO detections
2025-04-13 20:50:24,923 - proctoring - INFO - [detection_service.py:42] - Total events detected: 1
2025-04-13 20:50:24,923 - proctoring - INFO - [log_service.py:12] - Attempting to store 1 logs for user 1
2025-04-13 20:50:24,923 - proctoring - DEBUG - [log_service.py:26] - Created log entry: {'time': '2025-04-13 20:50:24.850583', 'event': 'Face detected'}
2025-04-13 20:50:24,925 - proctoring - INFO - [log_service.py:40] - Successfully stored 1 logs
2025-04-13 20:50:24,957 - proctoring - DEBUG - [image_utils.py:43] - Decoded base64 data length: 15908
2025-04-13 20:50:24,958 - proctoring - INFO - [detection_service.py:16] - Processing new frame
2025-04-13 20:50:24,958 - proctoring - INFO - [face_detection.py:9] - Starting face detection
2025-04-13 20:50:24,977 - proctoring - INFO - [face_detection.py:38] - Face detected with confidence 0.97
2025-04-13 20:50:24,980 - proctoring - INFO - [detection_service.py:34] - Face detection found 1 events
2025-04-13 20:50:24,987 - proctoring - DEBUG - [detection_service.py:37] - No Hand detections
2025-04-13 20:50:24,987 - proctoring - DEBUG - [detection_service.py:37] - No Face Mesh detections
2025-04-13 20:50:25,033 - proctoring - DEBUG - [detection_service.py:37] - No YOLO detections
2025-04-13 20:50:25,033 - proctoring - INFO - [detection_service.py:42] - Total events detected: 1
2025-04-13 20:50:25,033 - proctoring - INFO - [log_service.py:12] - Attempting to store 1 logs for user 1
2025-04-13 20:50:25,033 - proctoring - DEBUG - [log_service.py:26] - Created log entry: {'time': '2025-04-13 20:50:24.969267', 'event': 'Face detected'}
2025-04-13 20:50:25,034 - proctoring - INFO - [log_service.py:40] - Successfully stored 1 logs
2025-04-13 20:50:25,063 - proctoring - DEBUG - [image_utils.py:43] - Decoded base64 data length: 15902
2025-04-13 20:50:25,064 - proctoring - INFO - [detection_service.py:16] - Processing new frame
2025-04-13 20:50:25,064 - proctoring - INFO - [face_detection.py:9] - Starting face detection
2025-04-13 20:50:25,076 - proctoring - INFO - [face_detection.py:38] - Face detected with confidence 0.97
2025-04-13 20:50:25,078 - proctoring - INFO - [detection_service.py:34] - Face detection found 1 events
2025-04-13 20:50:25,087 - proctoring - DEBUG - [detection_service.py:37] - No Face Mesh detections
2025-04-13 20:50:25,091 - proctoring - DEBUG - [detection_service.py:37] - No Hand detections
2025-04-13 20:50:25,136 - proctoring - DEBUG - [detection_service.py:37] - No YOLO detections
2025-04-13 20:50:25,137 - proctoring - INFO - [detection_service.py:42] - Total events detected: 1
2025-04-13 20:50:25,137 - proctoring - INFO - [log_service.py:12] - Attempting to store 1 logs for user 1
2025-04-13 20:50:25,137 - proctoring - DEBUG - [log_service.py:26] - Created log entry: {'time': '2025-04-13 20:50:25.064458', 'event': 'Face detected'}
2025-04-13 20:50:25,138 - proctoring - INFO - [log_service.py:40] - Successfully stored 1 logs
2025-04-13 20:50:25,170 - proctoring - DEBUG - [image_utils.py:43] - Decoded base64 data length: 16083
2025-04-13 20:50:25,170 - proctoring - INFO - [detection_service.py:16] - Processing new frame
2025-04-13 20:50:25,170 - proctoring - INFO - [face_detection.py:9] - Starting face detection
2025-04-13 20:50:25,189 - proctoring - INFO - [face_detection.py:38] - Face detected with confidence 0.97
2025-04-13 20:50:25,192 - proctoring - INFO - [detection_service.py:34] - Face detection found 1 events
2025-04-13 20:50:25,202 - proctoring - DEBUG - [detection_service.py:37] - No Hand detections
2025-04-13 20:50:25,202 - proctoring - DEBUG - [detection_service.py:37] - No Face Mesh detections
2025-04-13 20:50:25,250 - proctoring - DEBUG - [detection_service.py:37] - No YOLO detections
2025-04-13 20:50:25,250 - proctoring - INFO - [detection_service.py:42] - Total events detected: 1
2025-04-13 20:50:25,250 - proctoring - INFO - [log_service.py:12] - Attempting to store 1 logs for user 1
2025-04-13 20:50:25,250 - proctoring - DEBUG - [log_service.py:26] - Created log entry: {'time': '2025-04-13 20:50:25.181594', 'event': 'Face detected'}
2025-04-13 20:50:25,252 - proctoring - INFO - [log_service.py:40] - Successfully stored 1 logs
2025-04-13 20:50:25,277 - proctoring - DEBUG - [image_utils.py:43] - Decoded base64 data length: 16117
2025-04-13 20:50:25,278 - proctoring - INFO - [detection_service.py:16] - Processing new frame
2025-04-13 20:50:25,278 - proctoring - INFO - [face_detection.py:9] - Starting face detection
2025-04-13 20:50:25,294 - proctoring - INFO - [face_detection.py:38] - Face detected with confidence 0.97
2025-04-13 20:50:25,299 - proctoring - INFO - [detection_service.py:34] - Face detection found 1 events
2025-04-13 20:50:25,316 - proctoring - DEBUG - [detection_service.py:37] - No Face Mesh detections
2025-04-13 20:50:25,316 - proctoring - DEBUG - [detection_service.py:37] - No Hand detections
2025-04-13 20:50:25,358 - proctoring - DEBUG - [detection_service.py:37] - No YOLO detections
2025-04-13 20:50:25,359 - proctoring - INFO - [detection_service.py:42] - Total events detected: 1
2025-04-13 20:50:25,359 - proctoring - INFO - [log_service.py:12] - Attempting to store 1 logs for user 1
2025-04-13 20:50:25,359 - proctoring - DEBUG - [log_service.py:26] - Created log entry: {'time': '2025-04-13 20:50:25.281701', 'event': 'Face detected'}
2025-04-13 20:50:25,361 - proctoring - INFO - [log_service.py:40] - Successfully stored 1 logs
2025-04-13 20:50:25,386 - proctoring - DEBUG - [image_utils.py:43] - Decoded base64 data length: 16375
2025-04-13 20:50:25,387 - proctoring - INFO - [detection_service.py:16] - Processing new frame
2025-04-13 20:50:25,387 - proctoring - INFO - [face_detection.py:9] - Starting face detection
2025-04-13 20:50:25,402 - proctoring - INFO - [face_detection.py:38] - Face detected with confidence 0.97
2025-04-13 20:50:25,404 - proctoring - INFO - [detection_service.py:34] - Face detection found 1 events
2025-04-13 20:50:25,414 - proctoring - DEBUG - [detection_service.py:37] - No Face Mesh detections
2025-04-13 20:50:25,417 - proctoring - DEBUG - [detection_service.py:37] - No Hand detections
2025-04-13 20:50:25,457 - proctoring - DEBUG - [detection_service.py:37] - No YOLO detections
2025-04-13 20:50:25,457 - proctoring - INFO - [detection_service.py:42] - Total events detected: 1
2025-04-13 20:50:25,457 - proctoring - INFO - [log_service.py:12] - Attempting to store 1 logs for user 1
2025-04-13 20:50:25,458 - proctoring - DEBUG - [log_service.py:26] - Created log entry: {'time': '2025-04-13 20:50:25.390545', 'event': 'Face detected'}
2025-04-13 20:50:25,460 - proctoring - INFO - [log_service.py:40] - Successfully stored 1 logs
2025-04-13 20:50:25,462 - proctoring - INFO - [main.py:177] - Client initiated disconnect for user 1
2025-04-13 20:50:25,462 - proctoring - ERROR - [connection.py:33] - Error closing WebSocket: Unexpected ASGI message 'websocket.close', after sending 'websocket.close' or response already completed.
2025-04-13 20:50:25,463 - proctoring - INFO - [main.py:217] - Cleaning up connection for user 1
2025-04-13 20:53:53,254 - proctoring - INFO - [database.py:13] - Using database: localhost:3306/Proctoring_AI
2025-04-13 20:53:57,120 - proctoring - INFO - [mediapipe_config.py:14] - MediaPipe configured for CPU-only mode
2025-04-13 20:53:57,120 - proctoring - INFO - [main.py:68] - MediaPipe configured successfully
2025-04-13 20:53:57,155 - proctoring - INFO - [main.py:74] - Database connection test successful
2025-04-13 20:53:57,158 - proctoring - INFO - [main.py:81] - Database initialized successfully
2025-04-13 20:53:57,176 - proctoring - INFO - [main.py:86] - YOLO model loaded successfully
2025-04-13 20:56:53,572 - proctoring - INFO - [database.py:13] - Using database: localhost:3306/Proctoring_AI
2025-04-13 20:56:57,382 - proctoring - INFO - [mediapipe_config.py:14] - MediaPipe configured for CPU-only mode
2025-04-13 20:56:57,382 - proctoring - INFO - [main.py:68] - MediaPipe configured successfully
2025-04-13 20:56:57,418 - proctoring - INFO - [main.py:74] - Database connection test successful
2025-04-13 20:56:57,420 - proctoring - INFO - [main.py:81] - Database initialized successfully
2025-04-13 20:56:57,438 - proctoring - INFO - [main.py:86] - YOLO model loaded successfully
2025-04-13 20:58:00,294 - proctoring - INFO - [database.py:13] - Using database: localhost:3306/Proctoring_AI
2025-04-13 20:58:04,257 - proctoring - INFO - [mediapipe_config.py:14] - MediaPipe configured for CPU-only mode
2025-04-13 20:58:04,257 - proctoring - INFO - [main.py:68] - MediaPipe configured successfully
2025-04-13 20:58:04,313 - proctoring - INFO - [main.py:74] - Database connection test successful
2025-04-13 20:58:04,318 - proctoring - INFO - [main.py:81] - Database initialized successfully
2025-04-13 20:58:04,337 - proctoring - INFO - [main.py:86] - YOLO model loaded successfully
2025-04-13 20:58:04,627 - proctoring - INFO - [database.py:13] - Using database: localhost:3306/Proctoring_AI
2025-04-13 20:58:08,052 - proctoring - INFO - [mediapipe_config.py:14] - MediaPipe configured for CPU-only mode
2025-04-13 20:58:08,052 - proctoring - INFO - [main.py:68] - MediaPipe configured successfully
2025-04-13 20:58:08,070 - proctoring - INFO - [main.py:74] - Database connection test successful
2025-04-13 20:58:08,073 - proctoring - INFO - [main.py:81] - Database initialized successfully
2025-04-13 20:58:08,087 - proctoring - INFO - [main.py:86] - YOLO model loaded successfully
2025-04-13 21:03:09,720 - proctoring - INFO - [main.py:133] - WebSocket connection attempt for user 1
2025-04-13 21:03:09,722 - proctoring - INFO - [connection.py:19] - WebSocket connection accepted for user 1
2025-04-13 21:03:09,722 - proctoring - INFO - [main.py:162] - WebSocket connection established for user 1
2025-04-13 21:03:09,727 - proctoring - DEBUG - [image_utils.py:43] - Decoded base64 data length: 16904
2025-04-13 21:03:09,728 - proctoring - INFO - [detection_service.py:16] - Processing new frame
2025-04-13 21:03:09,728 - proctoring - INFO - [face_detection.py:9] - Starting face detection
2025-04-13 21:03:09,814 - proctoring - INFO - [face_detection.py:38] - Face detected with confidence 0.98
2025-04-13 21:03:09,821 - proctoring - INFO - [detection_service.py:34] - Face detection found 1 events
2025-04-13 21:03:09,828 - proctoring - DEBUG - [detection_service.py:37] - No Face Mesh detections
2025-04-13 21:03:09,833 - proctoring - DEBUG - [detection_service.py:37] - No Hand detections
2025-04-13 21:03:10,360 - proctoring - DEBUG - [detection_service.py:37] - No YOLO detections
2025-04-13 21:03:10,360 - proctoring - INFO - [detection_service.py:42] - Total events detected: 1
2025-04-13 21:03:10,360 - proctoring - INFO - [log_service.py:12] - Attempting to store 1 logs for user 1
2025-04-13 21:03:10,360 - proctoring - DEBUG - [log_service.py:26] - Created log entry: {'time': '2025-04-13 21:03:09.728670', 'event': 'Face detected'}
2025-04-13 21:03:10,363 - proctoring - INFO - [log_service.py:40] - Successfully stored 1 logs
2025-04-13 21:03:10,366 - proctoring - DEBUG - [image_utils.py:43] - Decoded base64 data length: 20689
2025-04-13 21:03:10,368 - proctoring - INFO - [detection_service.py:16] - Processing new frame
2025-04-13 21:03:10,368 - proctoring - INFO - [face_detection.py:9] - Starting face detection
2025-04-13 21:03:10,382 - proctoring - INFO - [face_detection.py:38] - Face detected with confidence 0.97
2025-04-13 21:03:10,386 - proctoring - INFO - [detection_service.py:34] - Face detection found 1 events
2025-04-13 21:03:10,397 - proctoring - DEBUG - [detection_service.py:37] - No Hand detections
2025-04-13 21:03:10,400 - proctoring - DEBUG - [detection_service.py:37] - No Face Mesh detections
2025-04-13 21:03:10,446 - proctoring - DEBUG - [detection_service.py:37] - No YOLO detections
2025-04-13 21:03:10,446 - proctoring - INFO - [detection_service.py:42] - Total events detected: 1
2025-04-13 21:03:10,446 - proctoring - INFO - [log_service.py:12] - Attempting to store 1 logs for user 1
2025-04-13 21:03:10,446 - proctoring - DEBUG - [log_service.py:26] - Created log entry: {'time': '2025-04-13 21:03:10.372582', 'event': 'Face detected'}
2025-04-13 21:03:10,448 - proctoring - INFO - [log_service.py:40] - Successfully stored 1 logs
2025-04-13 21:03:10,449 - proctoring - DEBUG - [image_utils.py:43] - Decoded base64 data length: 23609
2025-04-13 21:03:10,449 - proctoring - INFO - [detection_service.py:16] - Processing new frame
2025-04-13 21:03:10,449 - proctoring - INFO - [face_detection.py:9] - Starting face detection
2025-04-13 21:03:10,467 - proctoring - INFO - [face_detection.py:38] - Face detected with confidence 0.97
2025-04-13 21:03:10,470 - proctoring - INFO - [detection_service.py:34] - Face detection found 1 events
2025-04-13 21:03:10,485 - proctoring - DEBUG - [detection_service.py:37] - No Hand detections
2025-04-13 21:03:10,485 - proctoring - DEBUG - [detection_service.py:37] - No Face Mesh detections
2025-04-13 21:03:10,526 - proctoring - INFO - [detection_service.py:34] - YOLO detection found 1 events
2025-04-13 21:03:10,526 - proctoring - INFO - [detection_service.py:42] - Total events detected: 2
2025-04-13 21:03:10,526 - proctoring - INFO - [log_service.py:12] - Attempting to store 2 logs for user 1
2025-04-13 21:03:10,526 - proctoring - DEBUG - [log_service.py:26] - Created log entry: {'time': '2025-04-13 21:03:10.449815', 'event': 'Face detected'}
2025-04-13 21:03:10,526 - proctoring - DEBUG - [log_service.py:26] - Created log entry: {'time': '2025-04-13 21:03:10.464991', 'event': 'Background person detected'}
2025-04-13 21:03:10,528 - proctoring - INFO - [log_service.py:40] - Successfully stored 2 logs
2025-04-13 21:03:10,529 - proctoring - DEBUG - [image_utils.py:43] - Decoded base64 data length: 24387
2025-04-13 21:03:10,530 - proctoring - INFO - [detection_service.py:16] - Processing new frame
2025-04-13 21:03:10,530 - proctoring - INFO - [face_detection.py:9] - Starting face detection
2025-04-13 21:03:10,547 - proctoring - INFO - [face_detection.py:38] - Face detected with confidence 0.98
2025-04-13 21:03:10,553 - proctoring - INFO - [detection_service.py:34] - Face detection found 1 events
2025-04-13 21:03:10,557 - proctoring - DEBUG - [detection_service.py:37] - No Face Mesh detections
2025-04-13 21:03:10,559 - proctoring - DEBUG - [detection_service.py:37] - No Hand detections
2025-04-13 21:03:10,606 - proctoring - DEBUG - [detection_service.py:37] - No YOLO detections
2025-04-13 21:03:10,606 - proctoring - INFO - [detection_service.py:42] - Total events detected: 1
2025-04-13 21:03:10,606 - proctoring - INFO - [log_service.py:12] - Attempting to store 1 logs for user 1
2025-04-13 21:03:10,606 - proctoring - DEBUG - [log_service.py:26] - Created log entry: {'time': '2025-04-13 21:03:10.539740', 'event': 'Face detected'}
2025-04-13 21:03:10,608 - proctoring - INFO - [log_service.py:40] - Successfully stored 1 logs
2025-04-13 21:03:10,609 - proctoring - DEBUG - [image_utils.py:43] - Decoded base64 data length: 23822
2025-04-13 21:03:10,610 - proctoring - INFO - [detection_service.py:16] - Processing new frame
2025-04-13 21:03:10,610 - proctoring - INFO - [face_detection.py:9] - Starting face detection
2025-04-13 21:03:10,624 - proctoring - INFO - [face_detection.py:38] - Face detected with confidence 0.97
2025-04-13 21:03:10,627 - proctoring - INFO - [detection_service.py:34] - Face detection found 1 events
2025-04-13 21:03:10,636 - proctoring - DEBUG - [detection_service.py:37] - No Hand detections
2025-04-13 21:03:10,636 - proctoring - DEBUG - [detection_service.py:37] - No Face Mesh detections
2025-04-13 21:03:10,678 - proctoring - DEBUG - [detection_service.py:37] - No YOLO detections
2025-04-13 21:03:10,678 - proctoring - INFO - [detection_service.py:42] - Total events detected: 1
2025-04-13 21:03:10,678 - proctoring - INFO - [log_service.py:12] - Attempting to store 1 logs for user 1
2025-04-13 21:03:10,679 - proctoring - DEBUG - [log_service.py:26] - Created log entry: {'time': '2025-04-13 21:03:10.614318', 'event': 'Face detected'}
2025-04-13 21:03:10,680 - proctoring - INFO - [log_service.py:40] - Successfully stored 1 logs
2025-04-13 21:03:10,682 - proctoring - DEBUG - [image_utils.py:43] - Decoded base64 data length: 23568
2025-04-13 21:03:10,682 - proctoring - INFO - [detection_service.py:16] - Processing new frame
2025-04-13 21:03:10,682 - proctoring - INFO - [face_detection.py:9] - Starting face detection
2025-04-13 21:03:10,696 - proctoring - INFO - [face_detection.py:38] - Face detected with confidence 0.98
2025-04-13 21:03:10,698 - proctoring - INFO - [detection_service.py:34] - Face detection found 1 events
2025-04-13 21:03:10,714 - proctoring - DEBUG - [detection_service.py:37] - No Face Mesh detections
2025-04-13 21:03:10,714 - proctoring - DEBUG - [detection_service.py:37] - No Hand detections
2025-04-13 21:03:10,765 - proctoring - DEBUG - [detection_service.py:37] - No YOLO detections
2025-04-13 21:03:10,765 - proctoring - INFO - [detection_service.py:42] - Total events detected: 1
2025-04-13 21:03:10,765 - proctoring - INFO - [log_service.py:12] - Attempting to store 1 logs for user 1
2025-04-13 21:03:10,765 - proctoring - DEBUG - [log_service.py:26] - Created log entry: {'time': '2025-04-13 21:03:10.682645', 'event': 'Face detected'}
2025-04-13 21:03:10,766 - proctoring - INFO - [log_service.py:40] - Successfully stored 1 logs
2025-04-13 21:03:10,768 - proctoring - DEBUG - [image_utils.py:43] - Decoded base64 data length: 24624
2025-04-13 21:03:10,769 - proctoring - INFO - [detection_service.py:16] - Processing new frame
2025-04-13 21:03:10,769 - proctoring - INFO - [face_detection.py:9] - Starting face detection
2025-04-13 21:03:10,785 - proctoring - INFO - [face_detection.py:38] - Face detected with confidence 0.98
2025-04-13 21:03:10,787 - proctoring - INFO - [detection_service.py:34] - Face detection found 1 events
2025-04-13 21:03:10,795 - proctoring - DEBUG - [detection_service.py:37] - No Face Mesh detections
2025-04-13 21:03:10,805 - proctoring - DEBUG - [detection_service.py:37] - No Hand detections
2025-04-13 21:03:10,845 - proctoring - DEBUG - [detection_service.py:37] - No YOLO detections
2025-04-13 21:03:10,845 - proctoring - INFO - [detection_service.py:42] - Total events detected: 1
2025-04-13 21:03:10,845 - proctoring - INFO - [log_service.py:12] - Attempting to store 1 logs for user 1
2025-04-13 21:03:10,845 - proctoring - DEBUG - [log_service.py:26] - Created log entry: {'time': '2025-04-13 21:03:10.769336', 'event': 'Face detected'}
2025-04-13 21:03:10,847 - proctoring - INFO - [log_service.py:40] - Successfully stored 1 logs
2025-04-13 21:03:10,849 - proctoring - DEBUG - [image_utils.py:43] - Decoded base64 data length: 18894
2025-04-13 21:03:10,850 - proctoring - INFO - [detection_service.py:16] - Processing new frame
2025-04-13 21:03:10,850 - proctoring - INFO - [face_detection.py:9] - Starting face detection
2025-04-13 21:03:10,865 - proctoring - INFO - [face_detection.py:38] - Face detected with confidence 0.98
2025-04-13 21:03:10,869 - proctoring - INFO - [detection_service.py:34] - Face detection found 1 events
2025-04-13 21:03:10,879 - proctoring - DEBUG - [detection_service.py:37] - No Face Mesh detections
2025-04-13 21:03:10,882 - proctoring - DEBUG - [detection_service.py:37] - No Hand detections
2025-04-13 21:03:10,924 - proctoring - DEBUG - [detection_service.py:37] - No YOLO detections
2025-04-13 21:03:10,924 - proctoring - INFO - [detection_service.py:42] - Total events detected: 1
2025-04-13 21:03:10,924 - proctoring - INFO - [log_service.py:12] - Attempting to store 1 logs for user 1
2025-04-13 21:03:10,924 - proctoring - DEBUG - [log_service.py:26] - Created log entry: {'time': '2025-04-13 21:03:10.850418', 'event': 'Face detected'}
2025-04-13 21:03:10,926 - proctoring - INFO - [log_service.py:40] - Successfully stored 1 logs
2025-04-13 21:03:10,927 - proctoring - DEBUG - [image_utils.py:43] - Decoded base64 data length: 22340
2025-04-13 21:03:10,927 - proctoring - INFO - [detection_service.py:16] - Processing new frame
2025-04-13 21:03:10,928 - proctoring - INFO - [face_detection.py:9] - Starting face detection
2025-04-13 21:03:10,942 - proctoring - INFO - [face_detection.py:38] - Face detected with confidence 0.98
2025-04-13 21:03:10,943 - proctoring - INFO - [detection_service.py:34] - Face detection found 1 events
2025-04-13 21:03:10,950 - proctoring - DEBUG - [detection_service.py:37] - No Face Mesh detections
2025-04-13 21:03:10,953 - proctoring - DEBUG - [detection_service.py:37] - No Hand detections
2025-04-13 21:03:10,995 - proctoring - DEBUG - [detection_service.py:37] - No YOLO detections
2025-04-13 21:03:10,995 - proctoring - INFO - [detection_service.py:42] - Total events detected: 1
2025-04-13 21:03:10,995 - proctoring - INFO - [log_service.py:12] - Attempting to store 1 logs for user 1
2025-04-13 21:03:10,996 - proctoring - DEBUG - [log_service.py:26] - Created log entry: {'time': '2025-04-13 21:03:10.931665', 'event': 'Face detected'}
2025-04-13 21:03:10,997 - proctoring - INFO - [log_service.py:40] - Successfully stored 1 logs
2025-04-13 21:03:10,998 - proctoring - DEBUG - [image_utils.py:43] - Decoded base64 data length: 23811
2025-04-13 21:03:10,998 - proctoring - INFO - [detection_service.py:16] - Processing new frame
2025-04-13 21:03:10,999 - proctoring - INFO - [face_detection.py:9] - Starting face detection
2025-04-13 21:03:11,013 - proctoring - INFO - [face_detection.py:38] - Face detected with confidence 0.98
2025-04-13 21:03:11,015 - proctoring - INFO - [detection_service.py:34] - Face detection found 1 events
2025-04-13 21:03:11,027 - proctoring - DEBUG - [detection_service.py:37] - No Face Mesh detections
2025-04-13 21:03:11,031 - proctoring - DEBUG - [detection_service.py:37] - No Hand detections
2025-04-13 21:03:11,075 - proctoring - DEBUG - [detection_service.py:37] - No YOLO detections
2025-04-13 21:03:11,075 - proctoring - INFO - [detection_service.py:42] - Total events detected: 1
2025-04-13 21:03:11,075 - proctoring - INFO - [log_service.py:12] - Attempting to store 1 logs for user 1
2025-04-13 21:03:11,075 - proctoring - DEBUG - [log_service.py:26] - Created log entry: {'time': '2025-04-13 21:03:10.999081', 'event': 'Face detected'}
2025-04-13 21:03:11,077 - proctoring - INFO - [log_service.py:40] - Successfully stored 1 logs
2025-04-13 21:03:11,078 - proctoring - DEBUG - [image_utils.py:43] - Decoded base64 data length: 22577
2025-04-13 21:03:11,078 - proctoring - INFO - [detection_service.py:16] - Processing new frame
2025-04-13 21:03:11,078 - proctoring - INFO - [face_detection.py:9] - Starting face detection
2025-04-13 21:03:11,093 - proctoring - INFO - [face_detection.py:38] - Face detected with confidence 0.98
2025-04-13 21:03:11,094 - proctoring - INFO - [detection_service.py:34] - Face detection found 1 events
2025-04-13 21:03:11,101 - proctoring - DEBUG - [detection_service.py:37] - No Face Mesh detections
2025-04-13 21:03:11,107 - proctoring - DEBUG - [detection_service.py:37] - No Hand detections
2025-04-13 21:03:11,150 - proctoring - DEBUG - [detection_service.py:37] - No YOLO detections
2025-04-13 21:03:11,150 - proctoring - INFO - [detection_service.py:42] - Total events detected: 1
2025-04-13 21:03:11,150 - proctoring - INFO - [log_service.py:12] - Attempting to store 1 logs for user 1
2025-04-13 21:03:11,150 - proctoring - DEBUG - [log_service.py:26] - Created log entry: {'time': '2025-04-13 21:03:11.087325', 'event': 'Face detected'}
2025-04-13 21:03:11,152 - proctoring - INFO - [log_service.py:40] - Successfully stored 1 logs
2025-04-13 21:03:11,153 - proctoring - DEBUG - [image_utils.py:43] - Decoded base64 data length: 23281
2025-04-13 21:03:11,154 - proctoring - INFO - [detection_service.py:16] - Processing new frame
2025-04-13 21:03:11,154 - proctoring - INFO - [face_detection.py:9] - Starting face detection
2025-04-13 21:03:11,167 - proctoring - INFO - [face_detection.py:38] - Face detected with confidence 0.98
2025-04-13 21:03:11,171 - proctoring - INFO - [detection_service.py:34] - Face detection found 1 events
2025-04-13 21:03:11,177 - proctoring - DEBUG - [detection_service.py:37] - No Face Mesh detections
2025-04-13 21:03:11,184 - proctoring - DEBUG - [detection_service.py:37] - No Hand detections
2025-04-13 21:03:11,224 - proctoring - DEBUG - [detection_service.py:37] - No YOLO detections
2025-04-13 21:03:11,224 - proctoring - INFO - [detection_service.py:42] - Total events detected: 1
2025-04-13 21:03:11,224 - proctoring - INFO - [log_service.py:12] - Attempting to store 1 logs for user 1
2025-04-13 21:03:11,224 - proctoring - DEBUG - [log_service.py:26] - Created log entry: {'time': '2025-04-13 21:03:11.162172', 'event': 'Face detected'}
2025-04-13 21:03:11,226 - proctoring - INFO - [log_service.py:40] - Successfully stored 1 logs
2025-04-13 21:03:11,227 - proctoring - DEBUG - [image_utils.py:43] - Decoded base64 data length: 23370
2025-04-13 21:03:11,227 - proctoring - INFO - [detection_service.py:16] - Processing new frame
2025-04-13 21:03:11,227 - proctoring - INFO - [face_detection.py:9] - Starting face detection
2025-04-13 21:03:11,242 - proctoring - INFO - [face_detection.py:38] - Face detected with confidence 0.98
2025-04-13 21:03:11,244 - proctoring - INFO - [detection_service.py:34] - Face detection found 1 events
2025-04-13 21:03:11,255 - proctoring - DEBUG - [detection_service.py:37] - No Face Mesh detections
2025-04-13 21:03:11,259 - proctoring - DEBUG - [detection_service.py:37] - No Hand detections
2025-04-13 21:03:11,297 - proctoring - DEBUG - [detection_service.py:37] - No YOLO detections
2025-04-13 21:03:11,297 - proctoring - INFO - [detection_service.py:42] - Total events detected: 1
2025-04-13 21:03:11,297 - proctoring - INFO - [log_service.py:12] - Attempting to store 1 logs for user 1
2025-04-13 21:03:11,297 - proctoring - DEBUG - [log_service.py:26] - Created log entry: {'time': '2025-04-13 21:03:11.227848', 'event': 'Face detected'}
2025-04-13 21:03:11,299 - proctoring - INFO - [log_service.py:40] - Successfully stored 1 logs
2025-04-13 21:03:11,300 - proctoring - DEBUG - [image_utils.py:43] - Decoded base64 data length: 23217
2025-04-13 21:03:11,300 - proctoring - INFO - [detection_service.py:16] - Processing new frame
2025-04-13 21:03:11,301 - proctoring - INFO - [face_detection.py:9] - Starting face detection
2025-04-13 21:03:11,315 - proctoring - INFO - [face_detection.py:38] - Face detected with confidence 0.98
2025-04-13 21:03:11,318 - proctoring - INFO - [detection_service.py:34] - Face detection found 1 events
2025-04-13 21:03:11,327 - proctoring - DEBUG - [detection_service.py:37] - No Hand detections
2025-04-13 21:03:11,327 - proctoring - DEBUG - [detection_service.py:37] - No Face Mesh detections
2025-04-13 21:03:11,368 - proctoring - DEBUG - [detection_service.py:37] - No YOLO detections
2025-04-13 21:03:11,368 - proctoring - INFO - [detection_service.py:42] - Total events detected: 1
2025-04-13 21:03:11,368 - proctoring - INFO - [log_service.py:12] - Attempting to store 1 logs for user 1
2025-04-13 21:03:11,369 - proctoring - DEBUG - [log_service.py:26] - Created log entry: {'time': '2025-04-13 21:03:11.305940', 'event': 'Face detected'}
2025-04-13 21:03:11,370 - proctoring - INFO - [log_service.py:40] - Successfully stored 1 logs
2025-04-13 21:03:11,372 - proctoring - DEBUG - [image_utils.py:43] - Decoded base64 data length: 24048
2025-04-13 21:03:11,373 - proctoring - INFO - [detection_service.py:16] - Processing new frame
2025-04-13 21:03:11,373 - proctoring - INFO - [face_detection.py:9] - Starting face detection
2025-04-13 21:03:11,386 - proctoring - INFO - [face_detection.py:38] - Face detected with confidence 0.98
2025-04-13 21:03:11,390 - proctoring - INFO - [detection_service.py:34] - Face detection found 1 events
2025-04-13 21:03:11,398 - proctoring - DEBUG - [detection_service.py:37] - No Face Mesh detections
2025-04-13 21:03:11,403 - proctoring - DEBUG - [detection_service.py:37] - No Hand detections
2025-04-13 21:03:11,448 - proctoring - DEBUG - [detection_service.py:37] - No YOLO detections
2025-04-13 21:03:11,448 - proctoring - INFO - [detection_service.py:42] - Total events detected: 1
2025-04-13 21:03:11,448 - proctoring - INFO - [log_service.py:12] - Attempting to store 1 logs for user 1
2025-04-13 21:03:11,448 - proctoring - DEBUG - [log_service.py:26] - Created log entry: {'time': '2025-04-13 21:03:11.373381', 'event': 'Face detected'}
2025-04-13 21:03:11,450 - proctoring - INFO - [log_service.py:40] - Successfully stored 1 logs
2025-04-13 21:03:11,451 - proctoring - DEBUG - [image_utils.py:43] - Decoded base64 data length: 24597
2025-04-13 21:03:11,451 - proctoring - INFO - [detection_service.py:16] - Processing new frame
2025-04-13 21:03:11,451 - proctoring - INFO - [face_detection.py:9] - Starting face detection
2025-04-13 21:03:11,463 - proctoring - INFO - [face_detection.py:38] - Face detected with confidence 0.98
2025-04-13 21:03:11,466 - proctoring - INFO - [detection_service.py:34] - Face detection found 1 events
2025-04-13 21:03:11,480 - proctoring - DEBUG - [detection_service.py:37] - No Face Mesh detections
2025-04-13 21:03:11,480 - proctoring - DEBUG - [detection_service.py:37] - No Hand detections
2025-04-13 21:03:11,523 - proctoring - DEBUG - [detection_service.py:37] - No YOLO detections
2025-04-13 21:03:11,523 - proctoring - INFO - [detection_service.py:42] - Total events detected: 1
2025-04-13 21:03:11,523 - proctoring - INFO - [log_service.py:12] - Attempting to store 1 logs for user 1
2025-04-13 21:03:11,523 - proctoring - DEBUG - [log_service.py:26] - Created log entry: {'time': '2025-04-13 21:03:11.452017', 'event': 'Face detected'}
2025-04-13 21:03:11,525 - proctoring - INFO - [log_service.py:40] - Successfully stored 1 logs
2025-04-13 21:03:11,527 - proctoring - DEBUG - [image_utils.py:43] - Decoded base64 data length: 25134
2025-04-13 21:03:11,528 - proctoring - INFO - [detection_service.py:16] - Processing new frame
2025-04-13 21:03:11,528 - proctoring - INFO - [face_detection.py:9] - Starting face detection
2025-04-13 21:03:11,540 - proctoring - INFO - [face_detection.py:38] - Face detected with confidence 0.97
2025-04-13 21:03:11,544 - proctoring - INFO - [detection_service.py:34] - Face detection found 1 events
2025-04-13 21:03:11,554 - proctoring - DEBUG - [detection_service.py:37] - No Face Mesh detections
2025-04-13 21:03:11,557 - proctoring - DEBUG - [detection_service.py:37] - No Hand detections
2025-04-13 21:03:11,603 - proctoring - DEBUG - [detection_service.py:37] - No YOLO detections
2025-04-13 21:03:11,603 - proctoring - INFO - [detection_service.py:42] - Total events detected: 1
2025-04-13 21:03:11,603 - proctoring - INFO - [log_service.py:12] - Attempting to store 1 logs for user 1
2025-04-13 21:03:11,603 - proctoring - DEBUG - [log_service.py:26] - Created log entry: {'time': '2025-04-13 21:03:11.528124', 'event': 'Face detected'}
2025-04-13 21:03:11,605 - proctoring - INFO - [log_service.py:40] - Successfully stored 1 logs
2025-04-13 21:03:11,607 - proctoring - DEBUG - [image_utils.py:43] - Decoded base64 data length: 25586
2025-04-13 21:03:11,607 - proctoring - INFO - [detection_service.py:16] - Processing new frame
2025-04-13 21:03:11,607 - proctoring - INFO - [face_detection.py:9] - Starting face detection
2025-04-13 21:03:11,620 - proctoring - INFO - [face_detection.py:38] - Face detected with confidence 0.97
2025-04-13 21:03:11,623 - proctoring - INFO - [detection_service.py:34] - Face detection found 1 events
2025-04-13 21:03:11,631 - proctoring - DEBUG - [detection_service.py:37] - No Face Mesh detections
2025-04-13 21:03:11,636 - proctoring - DEBUG - [detection_service.py:37] - No Hand detections
2025-04-13 21:03:11,682 - proctoring - DEBUG - [detection_service.py:37] - No YOLO detections
2025-04-13 21:03:11,682 - proctoring - INFO - [detection_service.py:42] - Total events detected: 1
2025-04-13 21:03:11,682 - proctoring - INFO - [log_service.py:12] - Attempting to store 1 logs for user 1
2025-04-13 21:03:11,682 - proctoring - DEBUG - [log_service.py:26] - Created log entry: {'time': '2025-04-13 21:03:11.611096', 'event': 'Face detected'}
2025-04-13 21:03:11,684 - proctoring - INFO - [log_service.py:40] - Successfully stored 1 logs
2025-04-13 21:03:11,686 - proctoring - DEBUG - [image_utils.py:43] - Decoded base64 data length: 25645
2025-04-13 21:03:11,687 - proctoring - INFO - [detection_service.py:16] - Processing new frame
2025-04-13 21:03:11,687 - proctoring - INFO - [face_detection.py:9] - Starting face detection
2025-04-13 21:03:11,700 - proctoring - INFO - [face_detection.py:38] - Face detected with confidence 0.97
2025-04-13 21:03:11,718 - proctoring - INFO - [detection_service.py:34] - Face detection found 1 events
2025-04-13 21:03:11,720 - proctoring - DEBUG - [detection_service.py:37] - No Hand detections
2025-04-13 21:03:11,726 - proctoring - DEBUG - [detection_service.py:37] - No Face Mesh detections
2025-04-13 21:03:11,767 - proctoring - DEBUG - [detection_service.py:37] - No YOLO detections
2025-04-13 21:03:11,767 - proctoring - INFO - [detection_service.py:42] - Total events detected: 1
2025-04-13 21:03:11,767 - proctoring - INFO - [log_service.py:12] - Attempting to store 1 logs for user 1
2025-04-13 21:03:11,767 - proctoring - DEBUG - [log_service.py:26] - Created log entry: {'time': '2025-04-13 21:03:11.690443', 'event': 'Face detected'}
2025-04-13 21:03:11,769 - proctoring - INFO - [log_service.py:40] - Successfully stored 1 logs
2025-04-13 21:03:11,771 - proctoring - DEBUG - [image_utils.py:43] - Decoded base64 data length: 25145
2025-04-13 21:03:11,772 - proctoring - INFO - [detection_service.py:16] - Processing new frame
2025-04-13 21:03:11,772 - proctoring - INFO - [face_detection.py:9] - Starting face detection
2025-04-13 21:03:11,785 - proctoring - INFO - [face_detection.py:38] - Face detected with confidence 0.97
2025-04-13 21:03:11,786 - proctoring - INFO - [detection_service.py:34] - Face detection found 1 events
2025-04-13 21:03:11,793 - proctoring - DEBUG - [detection_service.py:37] - No Face Mesh detections
2025-04-13 21:03:11,798 - proctoring - DEBUG - [detection_service.py:37] - No Hand detections
2025-04-13 21:03:11,841 - proctoring - DEBUG - [detection_service.py:37] - No YOLO detections
2025-04-13 21:03:11,842 - proctoring - INFO - [detection_service.py:42] - Total events detected: 1
2025-04-13 21:03:11,842 - proctoring - INFO - [log_service.py:12] - Attempting to store 1 logs for user 1
2025-04-13 21:03:11,842 - proctoring - DEBUG - [log_service.py:26] - Created log entry: {'time': '2025-04-13 21:03:11.780610', 'event': 'Face detected'}
2025-04-13 21:03:11,843 - proctoring - INFO - [log_service.py:40] - Successfully stored 1 logs
2025-04-13 21:03:11,866 - proctoring - DEBUG - [image_utils.py:43] - Decoded base64 data length: 25101
2025-04-13 21:03:11,867 - proctoring - INFO - [detection_service.py:16] - Processing new frame
2025-04-13 21:03:11,867 - proctoring - INFO - [face_detection.py:9] - Starting face detection
2025-04-13 21:03:11,882 - proctoring - INFO - [face_detection.py:38] - Face detected with confidence 0.97
2025-04-13 21:03:11,883 - proctoring - INFO - [detection_service.py:34] - Face detection found 1 events
2025-04-13 21:03:11,888 - proctoring - DEBUG - [detection_service.py:37] - No Face Mesh detections
2025-04-13 21:03:11,894 - proctoring - DEBUG - [detection_service.py:37] - No Hand detections
2025-04-13 21:03:11,937 - proctoring - DEBUG - [detection_service.py:37] - No YOLO detections
2025-04-13 21:03:11,937 - proctoring - INFO - [detection_service.py:42] - Total events detected: 1
2025-04-13 21:03:11,937 - proctoring - INFO - [log_service.py:12] - Attempting to store 1 logs for user 1
2025-04-13 21:03:11,937 - proctoring - DEBUG - [log_service.py:26] - Created log entry: {'time': '2025-04-13 21:03:11.875895', 'event': 'Face detected'}
2025-04-13 21:03:11,939 - proctoring - INFO - [log_service.py:40] - Successfully stored 1 logs
2025-04-13 21:03:11,976 - proctoring - DEBUG - [image_utils.py:43] - Decoded base64 data length: 25387
2025-04-13 21:03:11,976 - proctoring - INFO - [detection_service.py:16] - Processing new frame
2025-04-13 21:03:11,976 - proctoring - INFO - [face_detection.py:9] - Starting face detection
2025-04-13 21:03:11,992 - proctoring - INFO - [face_detection.py:38] - Face detected with confidence 0.97
2025-04-13 21:03:11,993 - proctoring - INFO - [detection_service.py:34] - Face detection found 1 events
2025-04-13 21:03:12,001 - proctoring - DEBUG - [detection_service.py:37] - No Face Mesh detections
2025-04-13 21:03:12,007 - proctoring - DEBUG - [detection_service.py:37] - No Hand detections
2025-04-13 21:03:12,050 - proctoring - DEBUG - [detection_service.py:37] - No YOLO detections
2025-04-13 21:03:12,050 - proctoring - INFO - [detection_service.py:42] - Total events detected: 1
2025-04-13 21:03:12,050 - proctoring - INFO - [log_service.py:12] - Attempting to store 1 logs for user 1
2025-04-13 21:03:12,050 - proctoring - DEBUG - [log_service.py:26] - Created log entry: {'time': '2025-04-13 21:03:11.987471', 'event': 'Face detected'}
2025-04-13 21:03:12,052 - proctoring - INFO - [log_service.py:40] - Successfully stored 1 logs
2025-04-13 21:03:12,087 - proctoring - DEBUG - [image_utils.py:43] - Decoded base64 data length: 25628
2025-04-13 21:03:12,087 - proctoring - INFO - [detection_service.py:16] - Processing new frame
2025-04-13 21:03:12,088 - proctoring - INFO - [face_detection.py:9] - Starting face detection
2025-04-13 21:03:12,102 - proctoring - INFO - [face_detection.py:38] - Face detected with confidence 0.97
2025-04-13 21:03:12,104 - proctoring - INFO - [detection_service.py:34] - Face detection found 1 events
2025-04-13 21:03:12,110 - proctoring - DEBUG - [detection_service.py:37] - No Face Mesh detections
2025-04-13 21:03:12,118 - proctoring - DEBUG - [detection_service.py:37] - No Hand detections
2025-04-13 21:03:12,158 - proctoring - DEBUG - [detection_service.py:37] - No YOLO detections
2025-04-13 21:03:12,158 - proctoring - INFO - [detection_service.py:42] - Total events detected: 1
2025-04-13 21:03:12,158 - proctoring - INFO - [log_service.py:12] - Attempting to store 1 logs for user 1
2025-04-13 21:03:12,158 - proctoring - DEBUG - [log_service.py:26] - Created log entry: {'time': '2025-04-13 21:03:12.096131', 'event': 'Face detected'}
2025-04-13 21:03:12,160 - proctoring - INFO - [log_service.py:40] - Successfully stored 1 logs
2025-04-13 21:03:12,197 - proctoring - DEBUG - [image_utils.py:43] - Decoded base64 data length: 25766
2025-04-13 21:03:12,198 - proctoring - INFO - [detection_service.py:16] - Processing new frame
2025-04-13 21:03:12,198 - proctoring - INFO - [face_detection.py:9] - Starting face detection
2025-04-13 21:03:12,214 - proctoring - INFO - [face_detection.py:38] - Face detected with confidence 0.97
2025-04-13 21:03:12,217 - proctoring - INFO - [detection_service.py:34] - Face detection found 1 events
2025-04-13 21:03:12,224 - proctoring - DEBUG - [detection_service.py:37] - No Face Mesh detections
2025-04-13 21:03:12,229 - proctoring - DEBUG - [detection_service.py:37] - No Hand detections
2025-04-13 21:03:12,277 - proctoring - DEBUG - [detection_service.py:37] - No YOLO detections
2025-04-13 21:03:12,277 - proctoring - INFO - [detection_service.py:42] - Total events detected: 1
2025-04-13 21:03:12,277 - proctoring - INFO - [log_service.py:12] - Attempting to store 1 logs for user 1
2025-04-13 21:03:12,277 - proctoring - DEBUG - [log_service.py:26] - Created log entry: {'time': '2025-04-13 21:03:12.204951', 'event': 'Face detected'}
2025-04-13 21:03:12,279 - proctoring - INFO - [log_service.py:40] - Successfully stored 1 logs
2025-04-13 21:03:12,280 - proctoring - INFO - [main.py:177] - Client initiated disconnect for user 1
2025-04-13 21:03:12,281 - proctoring - INFO - [main.py:217] - Cleaning up connection for user 1
2025-04-13 21:03:12,281 - proctoring - INFO - [exam.py:154] - Closed WebSocket connection for user 1
2025-04-13 21:03:55,301 - proctoring - INFO - [main.py:133] - WebSocket connection attempt for user 1
2025-04-13 21:03:55,305 - proctoring - INFO - [connection.py:19] - WebSocket connection accepted for user 1
2025-04-13 21:03:55,306 - proctoring - INFO - [main.py:162] - WebSocket connection established for user 1
2025-04-13 21:03:55,319 - proctoring - DEBUG - [image_utils.py:43] - Decoded base64 data length: 22011
2025-04-13 21:03:55,320 - proctoring - INFO - [detection_service.py:16] - Processing new frame
2025-04-13 21:03:55,320 - proctoring - INFO - [face_detection.py:9] - Starting face detection
2025-04-13 21:03:55,349 - proctoring - INFO - [face_detection.py:38] - Face detected with confidence 0.96
2025-04-13 21:03:55,352 - proctoring - INFO - [detection_service.py:34] - Face detection found 1 events
2025-04-13 21:03:55,368 - proctoring - DEBUG - [detection_service.py:37] - No Face Mesh detections
2025-04-13 21:03:55,368 - proctoring - DEBUG - [detection_service.py:37] - No Hand detections
2025-04-13 21:03:55,430 - proctoring - DEBUG - [detection_service.py:37] - No YOLO detections
2025-04-13 21:03:55,430 - proctoring - INFO - [detection_service.py:42] - Total events detected: 1
2025-04-13 21:03:55,430 - proctoring - INFO - [log_service.py:12] - Attempting to store 1 logs for user 1
2025-04-13 21:03:55,430 - proctoring - DEBUG - [log_service.py:26] - Created log entry: {'time': '2025-04-13 21:03:55.336008', 'event': 'Face detected'}
2025-04-13 21:03:55,431 - proctoring - INFO - [log_service.py:40] - Successfully stored 1 logs
2025-04-13 21:03:55,433 - proctoring - DEBUG - [image_utils.py:43] - Decoded base64 data length: 21858
2025-04-13 21:03:55,433 - proctoring - INFO - [detection_service.py:16] - Processing new frame
2025-04-13 21:03:55,433 - proctoring - INFO - [face_detection.py:9] - Starting face detection
2025-04-13 21:03:55,452 - proctoring - INFO - [face_detection.py:38] - Face detected with confidence 0.97
2025-04-13 21:03:55,455 - proctoring - INFO - [detection_service.py:34] - Face detection found 1 events
2025-04-13 21:03:55,465 - proctoring - DEBUG - [detection_service.py:37] - No Face Mesh detections
2025-04-13 21:03:55,468 - proctoring - DEBUG - [detection_service.py:37] - No Hand detections
2025-04-13 21:03:55,518 - proctoring - DEBUG - [detection_service.py:37] - No YOLO detections
2025-04-13 21:03:55,518 - proctoring - INFO - [detection_service.py:42] - Total events detected: 1
2025-04-13 21:03:55,518 - proctoring - INFO - [log_service.py:12] - Attempting to store 1 logs for user 1
2025-04-13 21:03:55,518 - proctoring - DEBUG - [log_service.py:26] - Created log entry: {'time': '2025-04-13 21:03:55.444495', 'event': 'Face detected'}
2025-04-13 21:03:55,520 - proctoring - INFO - [log_service.py:40] - Successfully stored 1 logs
2025-04-13 21:03:55,530 - proctoring - DEBUG - [image_utils.py:43] - Decoded base64 data length: 22821
2025-04-13 21:03:55,530 - proctoring - INFO - [detection_service.py:16] - Processing new frame
2025-04-13 21:03:55,530 - proctoring - INFO - [face_detection.py:9] - Starting face detection
2025-04-13 21:03:55,549 - proctoring - INFO - [face_detection.py:38] - Face detected with confidence 0.97
2025-04-13 21:03:55,551 - proctoring - INFO - [detection_service.py:34] - Face detection found 1 events
2025-04-13 21:03:55,558 - proctoring - DEBUG - [detection_service.py:37] - No Face Mesh detections
2025-04-13 21:03:55,563 - proctoring - DEBUG - [detection_service.py:37] - No Hand detections
2025-04-13 21:03:55,606 - proctoring - DEBUG - [detection_service.py:37] - No YOLO detections
2025-04-13 21:03:55,606 - proctoring - INFO - [detection_service.py:42] - Total events detected: 1
2025-04-13 21:03:55,606 - proctoring - INFO - [log_service.py:12] - Attempting to store 1 logs for user 1
2025-04-13 21:03:55,606 - proctoring - DEBUG - [log_service.py:26] - Created log entry: {'time': '2025-04-13 21:03:55.541319', 'event': 'Face detected'}
2025-04-13 21:03:55,608 - proctoring - INFO - [log_service.py:40] - Successfully stored 1 logs
2025-04-13 21:03:55,634 - proctoring - DEBUG - [image_utils.py:43] - Decoded base64 data length: 22978
2025-04-13 21:03:55,634 - proctoring - INFO - [detection_service.py:16] - Processing new frame
2025-04-13 21:03:55,634 - proctoring - INFO - [face_detection.py:9] - Starting face detection
2025-04-13 21:03:55,654 - proctoring - INFO - [face_detection.py:38] - Face detected with confidence 0.97
2025-04-13 21:03:55,656 - proctoring - INFO - [detection_service.py:34] - Face detection found 1 events
2025-04-13 21:03:55,662 - proctoring - DEBUG - [detection_service.py:37] - No Face Mesh detections
2025-04-13 21:03:55,666 - proctoring - DEBUG - [detection_service.py:37] - No Hand detections
2025-04-13 21:03:55,718 - proctoring - DEBUG - [detection_service.py:37] - No YOLO detections
2025-04-13 21:03:55,718 - proctoring - INFO - [detection_service.py:42] - Total events detected: 1
2025-04-13 21:03:55,718 - proctoring - INFO - [log_service.py:12] - Attempting to store 1 logs for user 1
2025-04-13 21:03:55,718 - proctoring - DEBUG - [log_service.py:26] - Created log entry: {'time': '2025-04-13 21:03:55.648195', 'event': 'Face detected'}
2025-04-13 21:03:55,719 - proctoring - INFO - [log_service.py:40] - Successfully stored 1 logs
2025-04-13 21:03:55,739 - proctoring - DEBUG - [image_utils.py:43] - Decoded base64 data length: 23449
2025-04-13 21:03:55,739 - proctoring - INFO - [detection_service.py:16] - Processing new frame
2025-04-13 21:03:55,739 - proctoring - INFO - [face_detection.py:9] - Starting face detection
2025-04-13 21:03:55,754 - proctoring - INFO - [face_detection.py:38] - Face detected with confidence 0.97
2025-04-13 21:03:55,756 - proctoring - INFO - [detection_service.py:34] - Face detection found 1 events
2025-04-13 21:03:55,766 - proctoring - DEBUG - [detection_service.py:37] - No Face Mesh detections
2025-04-13 21:03:55,766 - proctoring - DEBUG - [detection_service.py:37] - No Hand detections
2025-04-13 21:03:55,824 - proctoring - DEBUG - [detection_service.py:37] - No YOLO detections
2025-04-13 21:03:55,824 - proctoring - INFO - [detection_service.py:42] - Total events detected: 1
2025-04-13 21:03:55,824 - proctoring - INFO - [log_service.py:12] - Attempting to store 1 logs for user 1
2025-04-13 21:03:55,824 - proctoring - DEBUG - [log_service.py:26] - Created log entry: {'time': '2025-04-13 21:03:55.743797', 'event': 'Face detected'}
2025-04-13 21:03:55,825 - proctoring - INFO - [log_service.py:40] - Successfully stored 1 logs
2025-04-13 21:03:55,844 - proctoring - DEBUG - [image_utils.py:43] - Decoded base64 data length: 24081
2025-04-13 21:03:55,845 - proctoring - INFO - [detection_service.py:16] - Processing new frame
2025-04-13 21:03:55,846 - proctoring - INFO - [face_detection.py:9] - Starting face detection
2025-04-13 21:03:55,863 - proctoring - INFO - [face_detection.py:38] - Face detected with confidence 0.97
2025-04-13 21:03:55,865 - proctoring - INFO - [detection_service.py:34] - Face detection found 1 events
2025-04-13 21:03:55,876 - proctoring - DEBUG - [detection_service.py:37] - No Face Mesh detections
2025-04-13 21:03:55,882 - proctoring - DEBUG - [detection_service.py:37] - No Hand detections
2025-04-13 21:03:55,939 - proctoring - DEBUG - [detection_service.py:37] - No YOLO detections
2025-04-13 21:03:55,940 - proctoring - INFO - [detection_service.py:42] - Total events detected: 1
2025-04-13 21:03:55,940 - proctoring - INFO - [log_service.py:12] - Attempting to store 1 logs for user 1
2025-04-13 21:03:55,940 - proctoring - DEBUG - [log_service.py:26] - Created log entry: {'time': '2025-04-13 21:03:55.856421', 'event': 'Face detected'}
2025-04-13 21:03:55,941 - proctoring - INFO - [log_service.py:40] - Successfully stored 1 logs
2025-04-13 21:03:55,948 - proctoring - DEBUG - [image_utils.py:43] - Decoded base64 data length: 23535
2025-04-13 21:03:55,949 - proctoring - INFO - [detection_service.py:16] - Processing new frame
2025-04-13 21:03:55,949 - proctoring - INFO - [face_detection.py:9] - Starting face detection
2025-04-13 21:03:55,961 - proctoring - INFO - [face_detection.py:38] - Face detected with confidence 0.97
2025-04-13 21:03:55,964 - proctoring - INFO - [detection_service.py:34] - Face detection found 1 events
2025-04-13 21:03:55,974 - proctoring - DEBUG - [detection_service.py:37] - No Face Mesh detections
2025-04-13 21:03:55,979 - proctoring - DEBUG - [detection_service.py:37] - No Hand detections
2025-04-13 21:03:56,026 - proctoring - DEBUG - [detection_service.py:37] - No YOLO detections
2025-04-13 21:03:56,026 - proctoring - INFO - [detection_service.py:42] - Total events detected: 1
2025-04-13 21:03:56,027 - proctoring - INFO - [log_service.py:12] - Attempting to store 1 logs for user 1
2025-04-13 21:03:56,027 - proctoring - DEBUG - [log_service.py:26] - Created log entry: {'time': '2025-04-13 21:03:55.949157', 'event': 'Face detected'}
2025-04-13 21:03:56,032 - proctoring - INFO - [log_service.py:40] - Successfully stored 1 logs
2025-04-13 21:03:56,052 - proctoring - DEBUG - [image_utils.py:43] - Decoded base64 data length: 23708
2025-04-13 21:03:56,052 - proctoring - INFO - [detection_service.py:16] - Processing new frame
2025-04-13 21:03:56,052 - proctoring - INFO - [face_detection.py:9] - Starting face detection
2025-04-13 21:03:56,068 - proctoring - INFO - [face_detection.py:38] - Face detected with confidence 0.97
2025-04-13 21:03:56,070 - proctoring - INFO - [detection_service.py:34] - Face detection found 1 events
2025-04-13 21:03:56,081 - proctoring - DEBUG - [detection_service.py:37] - No Face Mesh detections
2025-04-13 21:03:56,085 - proctoring - DEBUG - [detection_service.py:37] - No Hand detections
2025-04-13 21:03:56,134 - proctoring - DEBUG - [detection_service.py:37] - No YOLO detections
2025-04-13 21:03:56,134 - proctoring - INFO - [detection_service.py:42] - Total events detected: 1
2025-04-13 21:03:56,134 - proctoring - INFO - [log_service.py:12] - Attempting to store 1 logs for user 1
2025-04-13 21:03:56,134 - proctoring - DEBUG - [log_service.py:26] - Created log entry: {'time': '2025-04-13 21:03:56.057259', 'event': 'Face detected'}
2025-04-13 21:03:56,136 - proctoring - INFO - [log_service.py:40] - Successfully stored 1 logs
2025-04-13 21:03:56,159 - proctoring - DEBUG - [image_utils.py:43] - Decoded base64 data length: 24765
2025-04-13 21:03:56,159 - proctoring - INFO - [detection_service.py:16] - Processing new frame
2025-04-13 21:03:56,159 - proctoring - INFO - [face_detection.py:9] - Starting face detection
2025-04-13 21:03:56,179 - proctoring - INFO - [face_detection.py:38] - Face detected with confidence 0.97
2025-04-13 21:03:56,181 - proctoring - INFO - [detection_service.py:34] - Face detection found 1 events
2025-04-13 21:03:56,186 - proctoring - DEBUG - [detection_service.py:37] - No Hand detections
2025-04-13 21:03:56,187 - proctoring - DEBUG - [detection_service.py:37] - No Face Mesh detections
2025-04-13 21:03:56,229 - proctoring - DEBUG - [detection_service.py:37] - No YOLO detections
2025-04-13 21:03:56,229 - proctoring - INFO - [detection_service.py:42] - Total events detected: 1
2025-04-13 21:03:56,229 - proctoring - INFO - [log_service.py:12] - Attempting to store 1 logs for user 1
2025-04-13 21:03:56,229 - proctoring - DEBUG - [log_service.py:26] - Created log entry: {'time': '2025-04-13 21:03:56.171248', 'event': 'Face detected'}
2025-04-13 21:03:56,230 - proctoring - INFO - [log_service.py:40] - Successfully stored 1 logs
2025-04-13 21:03:56,269 - proctoring - DEBUG - [image_utils.py:43] - Decoded base64 data length: 24534
2025-04-13 21:03:56,269 - proctoring - INFO - [detection_service.py:16] - Processing new frame
2025-04-13 21:03:56,269 - proctoring - INFO - [face_detection.py:9] - Starting face detection
2025-04-13 21:03:56,287 - proctoring - INFO - [face_detection.py:38] - Face detected with confidence 0.97
2025-04-13 21:03:56,289 - proctoring - INFO - [detection_service.py:34] - Face detection found 1 events
2025-04-13 21:03:56,292 - proctoring - DEBUG - [detection_service.py:37] - No Face Mesh detections
2025-04-13 21:03:56,295 - proctoring - DEBUG - [detection_service.py:37] - No Hand detections
2025-04-13 21:03:56,341 - proctoring - DEBUG - [detection_service.py:37] - No YOLO detections
2025-04-13 21:03:56,341 - proctoring - INFO - [detection_service.py:42] - Total events detected: 1
2025-04-13 21:03:56,341 - proctoring - INFO - [log_service.py:12] - Attempting to store 1 logs for user 1
2025-04-13 21:03:56,341 - proctoring - DEBUG - [log_service.py:26] - Created log entry: {'time': '2025-04-13 21:03:56.280505', 'event': 'Face detected'}
2025-04-13 21:03:56,343 - proctoring - INFO - [log_service.py:40] - Successfully stored 1 logs
2025-04-13 21:03:56,379 - proctoring - DEBUG - [image_utils.py:43] - Decoded base64 data length: 23834
2025-04-13 21:03:56,380 - proctoring - INFO - [detection_service.py:16] - Processing new frame
2025-04-13 21:03:56,380 - proctoring - INFO - [face_detection.py:9] - Starting face detection
2025-04-13 21:03:56,395 - proctoring - INFO - [face_detection.py:38] - Face detected with confidence 0.97
2025-04-13 21:03:56,397 - proctoring - INFO - [detection_service.py:34] - Face detection found 1 events
2025-04-13 21:03:56,401 - proctoring - DEBUG - [detection_service.py:37] - No Face Mesh detections
2025-04-13 21:03:56,408 - proctoring - DEBUG - [detection_service.py:37] - No Hand detections
2025-04-13 21:03:56,455 - proctoring - DEBUG - [detection_service.py:37] - No YOLO detections
2025-04-13 21:03:56,455 - proctoring - INFO - [detection_service.py:42] - Total events detected: 1
2025-04-13 21:03:56,455 - proctoring - INFO - [log_service.py:12] - Attempting to store 1 logs for user 1
2025-04-13 21:03:56,455 - proctoring - DEBUG - [log_service.py:26] - Created log entry: {'time': '2025-04-13 21:03:56.388977', 'event': 'Face detected'}
2025-04-13 21:03:56,457 - proctoring - INFO - [log_service.py:40] - Successfully stored 1 logs
2025-04-13 21:03:56,490 - proctoring - DEBUG - [image_utils.py:43] - Decoded base64 data length: 23362
2025-04-13 21:03:56,491 - proctoring - INFO - [detection_service.py:16] - Processing new frame
2025-04-13 21:03:56,491 - proctoring - INFO - [face_detection.py:9] - Starting face detection
2025-04-13 21:03:56,505 - proctoring - INFO - [face_detection.py:38] - Face detected with confidence 0.97
2025-04-13 21:03:56,508 - proctoring - INFO - [detection_service.py:34] - Face detection found 1 events
2025-04-13 21:03:56,517 - proctoring - DEBUG - [detection_service.py:37] - No Face Mesh detections
2025-04-13 21:03:56,517 - proctoring - DEBUG - [detection_service.py:37] - No Hand detections
2025-04-13 21:03:56,559 - proctoring - DEBUG - [detection_service.py:37] - No YOLO detections
2025-04-13 21:03:56,559 - proctoring - INFO - [detection_service.py:42] - Total events detected: 1
2025-04-13 21:03:56,559 - proctoring - INFO - [log_service.py:12] - Attempting to store 1 logs for user 1
2025-04-13 21:03:56,559 - proctoring - DEBUG - [log_service.py:26] - Created log entry: {'time': '2025-04-13 21:03:56.494369', 'event': 'Face detected'}
2025-04-13 21:03:56,561 - proctoring - INFO - [log_service.py:40] - Successfully stored 1 logs
2025-04-13 21:03:56,602 - proctoring - DEBUG - [image_utils.py:43] - Decoded base64 data length: 23809
2025-04-13 21:03:56,602 - proctoring - INFO - [detection_service.py:16] - Processing new frame
2025-04-13 21:03:56,603 - proctoring - INFO - [face_detection.py:9] - Starting face detection
2025-04-13 21:03:56,616 - proctoring - INFO - [face_detection.py:38] - Face detected with confidence 0.97
2025-04-13 21:03:56,618 - proctoring - INFO - [detection_service.py:34] - Face detection found 1 events
2025-04-13 21:03:56,625 - proctoring - DEBUG - [detection_service.py:37] - No Face Mesh detections
2025-04-13 21:03:56,629 - proctoring - DEBUG - [detection_service.py:37] - No Hand detections
2025-04-13 21:03:56,670 - proctoring - DEBUG - [detection_service.py:37] - No YOLO detections
2025-04-13 21:03:56,670 - proctoring - INFO - [detection_service.py:42] - Total events detected: 1
2025-04-13 21:03:56,670 - proctoring - INFO - [log_service.py:12] - Attempting to store 1 logs for user 1
2025-04-13 21:03:56,670 - proctoring - DEBUG - [log_service.py:26] - Created log entry: {'time': '2025-04-13 21:03:56.606958', 'event': 'Face detected'}
2025-04-13 21:03:56,672 - proctoring - INFO - [log_service.py:40] - Successfully stored 1 logs
2025-04-13 21:03:56,707 - proctoring - DEBUG - [image_utils.py:43] - Decoded base64 data length: 24026
2025-04-13 21:03:56,707 - proctoring - INFO - [detection_service.py:16] - Processing new frame
2025-04-13 21:03:56,707 - proctoring - INFO - [face_detection.py:9] - Starting face detection
2025-04-13 21:03:56,720 - proctoring - INFO - [face_detection.py:38] - Face detected with confidence 0.98
2025-04-13 21:03:56,722 - proctoring - INFO - [detection_service.py:34] - Face detection found 1 events
2025-04-13 21:03:56,732 - proctoring - DEBUG - [detection_service.py:37] - No Face Mesh detections
2025-04-13 21:03:56,733 - proctoring - DEBUG - [detection_service.py:37] - No Hand detections
2025-04-13 21:03:56,778 - proctoring - DEBUG - [detection_service.py:37] - No YOLO detections
2025-04-13 21:03:56,778 - proctoring - INFO - [detection_service.py:42] - Total events detected: 1
2025-04-13 21:03:56,778 - proctoring - INFO - [log_service.py:12] - Attempting to store 1 logs for user 1
2025-04-13 21:03:56,778 - proctoring - DEBUG - [log_service.py:26] - Created log entry: {'time': '2025-04-13 21:03:56.711200', 'event': 'Face detected'}
2025-04-13 21:03:56,780 - proctoring - INFO - [log_service.py:40] - Successfully stored 1 logs
2025-04-13 21:03:56,818 - proctoring - DEBUG - [image_utils.py:43] - Decoded base64 data length: 24408
2025-04-13 21:03:56,819 - proctoring - INFO - [detection_service.py:16] - Processing new frame
2025-04-13 21:03:56,819 - proctoring - INFO - [face_detection.py:9] - Starting face detection
2025-04-13 21:03:56,833 - proctoring - INFO - [face_detection.py:38] - Face detected with confidence 0.97
2025-04-13 21:03:56,834 - proctoring - INFO - [detection_service.py:34] - Face detection found 1 events
2025-04-13 21:03:56,841 - proctoring - DEBUG - [detection_service.py:37] - No Face Mesh detections
2025-04-13 21:03:56,850 - proctoring - DEBUG - [detection_service.py:37] - No Hand detections
2025-04-13 21:03:56,891 - proctoring - DEBUG - [detection_service.py:37] - No YOLO detections
2025-04-13 21:03:56,891 - proctoring - INFO - [detection_service.py:42] - Total events detected: 1
2025-04-13 21:03:56,892 - proctoring - INFO - [log_service.py:12] - Attempting to store 1 logs for user 1
2025-04-13 21:03:56,892 - proctoring - DEBUG - [log_service.py:26] - Created log entry: {'time': '2025-04-13 21:03:56.827588', 'event': 'Face detected'}
2025-04-13 21:03:56,893 - proctoring - INFO - [log_service.py:40] - Successfully stored 1 logs
2025-04-13 21:03:56,931 - proctoring - DEBUG - [image_utils.py:43] - Decoded base64 data length: 24745
2025-04-13 21:03:56,932 - proctoring - INFO - [detection_service.py:16] - Processing new frame
2025-04-13 21:03:56,932 - proctoring - INFO - [face_detection.py:9] - Starting face detection
2025-04-13 21:03:56,950 - proctoring - INFO - [face_detection.py:38] - Face detected with confidence 0.97
2025-04-13 21:03:56,952 - proctoring - INFO - [detection_service.py:34] - Face detection found 1 events
2025-04-13 21:03:56,961 - proctoring - DEBUG - [detection_service.py:37] - No Face Mesh detections
2025-04-13 21:03:56,965 - proctoring - DEBUG - [detection_service.py:37] - No Hand detections
2025-04-13 21:03:57,010 - proctoring - DEBUG - [detection_service.py:37] - No YOLO detections
2025-04-13 21:03:57,010 - proctoring - INFO - [detection_service.py:42] - Total events detected: 1
2025-04-13 21:03:57,010 - proctoring - INFO - [log_service.py:12] - Attempting to store 1 logs for user 1
2025-04-13 21:03:57,010 - proctoring - DEBUG - [log_service.py:26] - Created log entry: {'time': '2025-04-13 21:03:56.940203', 'event': 'Face detected'}
2025-04-13 21:03:57,011 - proctoring - INFO - [log_service.py:40] - Successfully stored 1 logs
2025-04-13 21:03:57,040 - proctoring - DEBUG - [image_utils.py:43] - Decoded base64 data length: 25087
2025-04-13 21:03:57,040 - proctoring - INFO - [detection_service.py:16] - Processing new frame
2025-04-13 21:03:57,040 - proctoring - INFO - [face_detection.py:9] - Starting face detection
2025-04-13 21:03:57,051 - proctoring - INFO - [face_detection.py:38] - Face detected with confidence 0.97
2025-04-13 21:03:57,054 - proctoring - INFO - [detection_service.py:34] - Face detection found 1 events
2025-04-13 21:03:57,064 - proctoring - DEBUG - [detection_service.py:37] - No Face Mesh detections
2025-04-13 21:03:57,067 - proctoring - DEBUG - [detection_service.py:37] - No Hand detections
2025-04-13 21:03:57,110 - proctoring - DEBUG - [detection_service.py:37] - No YOLO detections
2025-04-13 21:03:57,110 - proctoring - INFO - [detection_service.py:42] - Total events detected: 1
2025-04-13 21:03:57,110 - proctoring - INFO - [log_service.py:12] - Attempting to store 1 logs for user 1
2025-04-13 21:03:57,110 - proctoring - DEBUG - [log_service.py:26] - Created log entry: {'time': '2025-04-13 21:03:57.040813', 'event': 'Face detected'}
2025-04-13 21:03:57,112 - proctoring - INFO - [log_service.py:40] - Successfully stored 1 logs
2025-04-13 21:03:57,148 - proctoring - DEBUG - [image_utils.py:43] - Decoded base64 data length: 25560
2025-04-13 21:03:57,149 - proctoring - INFO - [detection_service.py:16] - Processing new frame
2025-04-13 21:03:57,149 - proctoring - INFO - [face_detection.py:9] - Starting face detection
2025-04-13 21:03:57,160 - proctoring - INFO - [face_detection.py:38] - Face detected with confidence 0.97
2025-04-13 21:03:57,163 - proctoring - INFO - [detection_service.py:34] - Face detection found 1 events
2025-04-13 21:03:57,173 - proctoring - DEBUG - [detection_service.py:37] - No Face Mesh detections
2025-04-13 21:03:57,177 - proctoring - DEBUG - [detection_service.py:37] - No Hand detections
2025-04-13 21:03:57,220 - proctoring - DEBUG - [detection_service.py:37] - No YOLO detections
2025-04-13 21:03:57,220 - proctoring - INFO - [detection_service.py:42] - Total events detected: 1
2025-04-13 21:03:57,220 - proctoring - INFO - [log_service.py:12] - Attempting to store 1 logs for user 1
2025-04-13 21:03:57,220 - proctoring - DEBUG - [log_service.py:26] - Created log entry: {'time': '2025-04-13 21:03:57.149506', 'event': 'Face detected'}
2025-04-13 21:03:57,222 - proctoring - INFO - [log_service.py:40] - Successfully stored 1 logs
2025-04-13 21:03:57,261 - proctoring - DEBUG - [image_utils.py:43] - Decoded base64 data length: 24740
2025-04-13 21:03:57,261 - proctoring - INFO - [detection_service.py:16] - Processing new frame
2025-04-13 21:03:57,261 - proctoring - INFO - [face_detection.py:9] - Starting face detection
2025-04-13 21:03:57,275 - proctoring - INFO - [face_detection.py:38] - Face detected with confidence 0.97
2025-04-13 21:03:57,278 - proctoring - INFO - [detection_service.py:34] - Face detection found 1 events
2025-04-13 21:03:57,286 - proctoring - DEBUG - [detection_service.py:37] - No Face Mesh detections
2025-04-13 21:03:57,289 - proctoring - DEBUG - [detection_service.py:37] - No Hand detections
2025-04-13 21:03:57,330 - proctoring - DEBUG - [detection_service.py:37] - No YOLO detections
2025-04-13 21:03:57,330 - proctoring - INFO - [detection_service.py:42] - Total events detected: 1
2025-04-13 21:03:57,330 - proctoring - INFO - [log_service.py:12] - Attempting to store 1 logs for user 1
2025-04-13 21:03:57,330 - proctoring - DEBUG - [log_service.py:26] - Created log entry: {'time': '2025-04-13 21:03:57.261752', 'event': 'Face detected'}
2025-04-13 21:03:57,332 - proctoring - INFO - [log_service.py:40] - Successfully stored 1 logs
2025-04-13 21:03:57,373 - proctoring - DEBUG - [image_utils.py:43] - Decoded base64 data length: 24025
2025-04-13 21:03:57,373 - proctoring - INFO - [detection_service.py:16] - Processing new frame
2025-04-13 21:03:57,373 - proctoring - INFO - [face_detection.py:9] - Starting face detection
2025-04-13 21:03:57,389 - proctoring - INFO - [face_detection.py:38] - Face detected with confidence 0.97
2025-04-13 21:03:57,390 - proctoring - INFO - [detection_service.py:34] - Face detection found 1 events
2025-04-13 21:03:57,399 - proctoring - DEBUG - [detection_service.py:37] - No Face Mesh detections
2025-04-13 21:03:57,399 - proctoring - DEBUG - [detection_service.py:37] - No Hand detections
2025-04-13 21:03:57,442 - proctoring - DEBUG - [detection_service.py:37] - No YOLO detections
2025-04-13 21:03:57,442 - proctoring - INFO - [detection_service.py:42] - Total events detected: 1
2025-04-13 21:03:57,442 - proctoring - INFO - [log_service.py:12] - Attempting to store 1 logs for user 1
2025-04-13 21:03:57,442 - proctoring - DEBUG - [log_service.py:26] - Created log entry: {'time': '2025-04-13 21:03:57.377441', 'event': 'Face detected'}
2025-04-13 21:03:57,444 - proctoring - INFO - [log_service.py:40] - Successfully stored 1 logs
2025-04-13 21:03:57,485 - proctoring - DEBUG - [image_utils.py:43] - Decoded base64 data length: 24274
2025-04-13 21:03:57,486 - proctoring - INFO - [detection_service.py:16] - Processing new frame
2025-04-13 21:03:57,486 - proctoring - INFO - [face_detection.py:9] - Starting face detection
2025-04-13 21:03:57,500 - proctoring - INFO - [face_detection.py:38] - Face detected with confidence 0.97
2025-04-13 21:03:57,502 - proctoring - INFO - [detection_service.py:34] - Face detection found 1 events
2025-04-13 21:03:57,512 - proctoring - DEBUG - [detection_service.py:37] - No Hand detections
2025-04-13 21:03:57,512 - proctoring - DEBUG - [detection_service.py:37] - No Face Mesh detections
2025-04-13 21:03:57,554 - proctoring - DEBUG - [detection_service.py:37] - No YOLO detections
2025-04-13 21:03:57,554 - proctoring - INFO - [detection_service.py:42] - Total events detected: 1
2025-04-13 21:03:57,554 - proctoring - INFO - [log_service.py:12] - Attempting to store 1 logs for user 1
2025-04-13 21:03:57,554 - proctoring - DEBUG - [log_service.py:26] - Created log entry: {'time': '2025-04-13 21:03:57.490441', 'event': 'Face detected'}
2025-04-13 21:03:57,556 - proctoring - INFO - [log_service.py:40] - Successfully stored 1 logs
2025-04-13 21:03:57,596 - proctoring - DEBUG - [image_utils.py:43] - Decoded base64 data length: 24804
2025-04-13 21:03:57,596 - proctoring - INFO - [detection_service.py:16] - Processing new frame
2025-04-13 21:03:57,597 - proctoring - INFO - [face_detection.py:9] - Starting face detection
2025-04-13 21:03:57,612 - proctoring - INFO - [face_detection.py:38] - Face detected with confidence 0.97
2025-04-13 21:03:57,614 - proctoring - INFO - [detection_service.py:34] - Face detection found 1 events
2025-04-13 21:03:57,625 - proctoring - DEBUG - [detection_service.py:37] - No Face Mesh detections
2025-04-13 21:03:57,628 - proctoring - DEBUG - [detection_service.py:37] - No Hand detections
2025-04-13 21:03:57,699 - proctoring - DEBUG - [detection_service.py:37] - No YOLO detections
2025-04-13 21:03:57,699 - proctoring - INFO - [detection_service.py:42] - Total events detected: 1
2025-04-13 21:03:57,699 - proctoring - INFO - [log_service.py:12] - Attempting to store 1 logs for user 1
2025-04-13 21:03:57,700 - proctoring - DEBUG - [log_service.py:26] - Created log entry: {'time': '2025-04-13 21:03:57.600579', 'event': 'Face detected'}
2025-04-13 21:03:57,701 - proctoring - INFO - [log_service.py:40] - Successfully stored 1 logs
2025-04-13 21:03:57,703 - proctoring - DEBUG - [image_utils.py:43] - Decoded base64 data length: 24868
2025-04-13 21:03:57,706 - proctoring - INFO - [detection_service.py:16] - Processing new frame
2025-04-13 21:03:57,707 - proctoring - INFO - [face_detection.py:9] - Starting face detection
2025-04-13 21:03:57,738 - proctoring - INFO - [face_detection.py:38] - Face detected with confidence 0.97
2025-04-13 21:03:57,744 - proctoring - INFO - [detection_service.py:34] - Face detection found 1 events
2025-04-13 21:03:57,761 - proctoring - DEBUG - [detection_service.py:37] - No Hand detections
2025-04-13 21:03:57,761 - proctoring - DEBUG - [detection_service.py:37] - No Face Mesh detections
2025-04-13 21:03:57,846 - proctoring - DEBUG - [detection_service.py:37] - No YOLO detections
2025-04-13 21:03:57,846 - proctoring - INFO - [detection_service.py:42] - Total events detected: 1
2025-04-13 21:03:57,846 - proctoring - INFO - [log_service.py:12] - Attempting to store 1 logs for user 1
2025-04-13 21:03:57,846 - proctoring - DEBUG - [log_service.py:26] - Created log entry: {'time': '2025-04-13 21:03:57.713298', 'event': 'Face detected'}
2025-04-13 21:03:57,848 - proctoring - INFO - [log_service.py:40] - Successfully stored 1 logs
2025-04-13 21:03:58,117 - proctoring - DEBUG - [image_utils.py:43] - Decoded base64 data length: 25628
2025-04-13 21:03:58,118 - proctoring - INFO - [detection_service.py:16] - Processing new frame
2025-04-13 21:03:58,118 - proctoring - INFO - [face_detection.py:9] - Starting face detection
2025-04-13 21:03:58,145 - proctoring - INFO - [face_detection.py:38] - Face detected with confidence 0.97
2025-04-13 21:03:58,147 - proctoring - INFO - [detection_service.py:34] - Face detection found 1 events
2025-04-13 21:03:58,150 - proctoring - DEBUG - [detection_service.py:37] - No Face Mesh detections
2025-04-13 21:03:58,153 - proctoring - DEBUG - [detection_service.py:37] - No Hand detections
2025-04-13 21:03:58,199 - proctoring - DEBUG - [detection_service.py:37] - No YOLO detections
2025-04-13 21:03:58,199 - proctoring - INFO - [detection_service.py:42] - Total events detected: 1
2025-04-13 21:03:58,199 - proctoring - INFO - [log_service.py:12] - Attempting to store 1 logs for user 1
2025-04-13 21:03:58,199 - proctoring - DEBUG - [log_service.py:26] - Created log entry: {'time': '2025-04-13 21:03:58.134926', 'event': 'Face detected'}
2025-04-13 21:03:58,201 - proctoring - INFO - [log_service.py:40] - Successfully stored 1 logs
2025-04-13 21:03:58,220 - proctoring - DEBUG - [image_utils.py:43] - Decoded base64 data length: 24708
2025-04-13 21:03:58,221 - proctoring - INFO - [detection_service.py:16] - Processing new frame
2025-04-13 21:03:58,221 - proctoring - INFO - [face_detection.py:9] - Starting face detection
2025-04-13 21:03:58,237 - proctoring - INFO - [face_detection.py:38] - Face detected with confidence 0.97
2025-04-13 21:03:58,240 - proctoring - INFO - [detection_service.py:34] - Face detection found 1 events
2025-04-13 21:03:58,247 - proctoring - DEBUG - [detection_service.py:37] - No Face Mesh detections
2025-04-13 21:03:58,253 - proctoring - DEBUG - [detection_service.py:37] - No Hand detections
2025-04-13 21:03:58,297 - proctoring - DEBUG - [detection_service.py:37] - No YOLO detections
2025-04-13 21:03:58,297 - proctoring - INFO - [detection_service.py:42] - Total events detected: 1
2025-04-13 21:03:58,297 - proctoring - INFO - [log_service.py:12] - Attempting to store 1 logs for user 1
2025-04-13 21:03:58,297 - proctoring - DEBUG - [log_service.py:26] - Created log entry: {'time': '2025-04-13 21:03:58.230722', 'event': 'Face detected'}
2025-04-13 21:03:58,299 - proctoring - INFO - [log_service.py:40] - Successfully stored 1 logs
2025-04-13 21:03:58,328 - proctoring - DEBUG - [image_utils.py:43] - Decoded base64 data length: 24486
2025-04-13 21:03:58,329 - proctoring - INFO - [detection_service.py:16] - Processing new frame
2025-04-13 21:03:58,329 - proctoring - INFO - [face_detection.py:9] - Starting face detection
2025-04-13 21:03:58,346 - proctoring - INFO - [face_detection.py:38] - Face detected with confidence 0.97
2025-04-13 21:03:58,349 - proctoring - INFO - [detection_service.py:34] - Face detection found 1 events
2025-04-13 21:03:58,356 - proctoring - DEBUG - [detection_service.py:37] - No Face Mesh detections
2025-04-13 21:03:58,360 - proctoring - DEBUG - [detection_service.py:37] - No Hand detections
2025-04-13 21:03:58,401 - proctoring - DEBUG - [detection_service.py:37] - No YOLO detections
2025-04-13 21:03:58,401 - proctoring - INFO - [detection_service.py:42] - Total events detected: 1
2025-04-13 21:03:58,401 - proctoring - INFO - [log_service.py:12] - Attempting to store 1 logs for user 1
2025-04-13 21:03:58,401 - proctoring - DEBUG - [log_service.py:26] - Created log entry: {'time': '2025-04-13 21:03:58.333000', 'event': 'Face detected'}
2025-04-13 21:03:58,403 - proctoring - INFO - [log_service.py:40] - Successfully stored 1 logs
2025-04-13 21:03:58,439 - proctoring - DEBUG - [image_utils.py:43] - Decoded base64 data length: 24544
2025-04-13 21:03:58,439 - proctoring - INFO - [detection_service.py:16] - Processing new frame
2025-04-13 21:03:58,439 - proctoring - INFO - [face_detection.py:9] - Starting face detection
2025-04-13 21:03:58,456 - proctoring - INFO - [face_detection.py:38] - Face detected with confidence 0.97
2025-04-13 21:03:58,457 - proctoring - INFO - [detection_service.py:34] - Face detection found 1 events
2025-04-13 21:03:58,462 - proctoring - DEBUG - [detection_service.py:37] - No Face Mesh detections
2025-04-13 21:03:58,465 - proctoring - DEBUG - [detection_service.py:37] - No Hand detections
2025-04-13 21:03:58,507 - proctoring - DEBUG - [detection_service.py:37] - No YOLO detections
2025-04-13 21:03:58,507 - proctoring - INFO - [detection_service.py:42] - Total events detected: 1
2025-04-13 21:03:58,507 - proctoring - INFO - [log_service.py:12] - Attempting to store 1 logs for user 1
2025-04-13 21:03:58,507 - proctoring - DEBUG - [log_service.py:26] - Created log entry: {'time': '2025-04-13 21:03:58.449705', 'event': 'Face detected'}
2025-04-13 21:03:58,509 - proctoring - INFO - [log_service.py:40] - Successfully stored 1 logs
2025-04-13 21:03:58,549 - proctoring - DEBUG - [image_utils.py:43] - Decoded base64 data length: 25110
2025-04-13 21:03:58,550 - proctoring - INFO - [detection_service.py:16] - Processing new frame
2025-04-13 21:03:58,550 - proctoring - INFO - [face_detection.py:9] - Starting face detection
2025-04-13 21:03:58,569 - proctoring - INFO - [face_detection.py:38] - Face detected with confidence 0.97
2025-04-13 21:03:58,573 - proctoring - INFO - [detection_service.py:34] - Face detection found 1 events
2025-04-13 21:03:58,581 - proctoring - DEBUG - [detection_service.py:37] - No Face Mesh detections
2025-04-13 21:03:58,585 - proctoring - DEBUG - [detection_service.py:37] - No Hand detections
2025-04-13 21:03:58,627 - proctoring - DEBUG - [detection_service.py:37] - No YOLO detections
2025-04-13 21:03:58,627 - proctoring - INFO - [detection_service.py:42] - Total events detected: 1
2025-04-13 21:03:58,627 - proctoring - INFO - [log_service.py:12] - Attempting to store 1 logs for user 1
2025-04-13 21:03:58,627 - proctoring - DEBUG - [log_service.py:26] - Created log entry: {'time': '2025-04-13 21:03:58.550210', 'event': 'Face detected'}
2025-04-13 21:03:58,629 - proctoring - INFO - [log_service.py:40] - Successfully stored 1 logs
2025-04-13 21:03:58,657 - proctoring - DEBUG - [image_utils.py:43] - Decoded base64 data length: 24367
2025-04-13 21:03:58,657 - proctoring - INFO - [detection_service.py:16] - Processing new frame
2025-04-13 21:03:58,657 - proctoring - INFO - [face_detection.py:9] - Starting face detection
2025-04-13 21:03:58,673 - proctoring - INFO - [face_detection.py:38] - Face detected with confidence 0.98
2025-04-13 21:03:58,676 - proctoring - INFO - [detection_service.py:34] - Face detection found 1 events
2025-04-13 21:03:58,684 - proctoring - DEBUG - [detection_service.py:37] - No Face Mesh detections
2025-04-13 21:03:58,688 - proctoring - DEBUG - [detection_service.py:37] - No Hand detections
2025-04-13 21:03:58,732 - proctoring - DEBUG - [detection_service.py:37] - No YOLO detections
2025-04-13 21:03:58,732 - proctoring - INFO - [detection_service.py:42] - Total events detected: 1
2025-04-13 21:03:58,732 - proctoring - INFO - [log_service.py:12] - Attempting to store 1 logs for user 1
2025-04-13 21:03:58,732 - proctoring - DEBUG - [log_service.py:26] - Created log entry: {'time': '2025-04-13 21:03:58.661720', 'event': 'Face detected'}
2025-04-13 21:03:58,734 - proctoring - INFO - [log_service.py:40] - Successfully stored 1 logs
2025-04-13 21:03:58,763 - proctoring - DEBUG - [image_utils.py:43] - Decoded base64 data length: 25041
2025-04-13 21:03:58,764 - proctoring - INFO - [detection_service.py:16] - Processing new frame
2025-04-13 21:03:58,764 - proctoring - INFO - [face_detection.py:9] - Starting face detection
2025-04-13 21:03:58,782 - proctoring - INFO - [face_detection.py:38] - Face detected with confidence 0.98
2025-04-13 21:03:58,784 - proctoring - INFO - [detection_service.py:34] - Face detection found 1 events
2025-04-13 21:03:58,793 - proctoring - DEBUG - [detection_service.py:37] - No Face Mesh detections
2025-04-13 21:03:58,793 - proctoring - DEBUG - [detection_service.py:37] - No Hand detections
2025-04-13 21:03:58,833 - proctoring - DEBUG - [detection_service.py:37] - No YOLO detections
2025-04-13 21:03:58,833 - proctoring - INFO - [detection_service.py:42] - Total events detected: 1
2025-04-13 21:03:58,833 - proctoring - INFO - [log_service.py:12] - Attempting to store 1 logs for user 1
2025-04-13 21:03:58,833 - proctoring - DEBUG - [log_service.py:26] - Created log entry: {'time': '2025-04-13 21:03:58.767590', 'event': 'Face detected'}
2025-04-13 21:03:58,835 - proctoring - INFO - [log_service.py:40] - Successfully stored 1 logs
2025-04-13 21:03:58,873 - proctoring - DEBUG - [image_utils.py:43] - Decoded base64 data length: 25431
2025-04-13 21:03:58,874 - proctoring - INFO - [detection_service.py:16] - Processing new frame
2025-04-13 21:03:58,874 - proctoring - INFO - [face_detection.py:9] - Starting face detection
2025-04-13 21:03:58,890 - proctoring - INFO - [face_detection.py:38] - Face detected with confidence 0.98
2025-04-13 21:03:58,891 - proctoring - INFO - [detection_service.py:34] - Face detection found 1 events
2025-04-13 21:03:58,898 - proctoring - DEBUG - [detection_service.py:37] - No Face Mesh detections
2025-04-13 21:03:58,901 - proctoring - DEBUG - [detection_service.py:37] - No Hand detections
2025-04-13 21:03:58,945 - proctoring - DEBUG - [detection_service.py:37] - No YOLO detections
2025-04-13 21:03:58,945 - proctoring - INFO - [detection_service.py:42] - Total events detected: 1
2025-04-13 21:03:58,945 - proctoring - INFO - [log_service.py:12] - Attempting to store 1 logs for user 1
2025-04-13 21:03:58,945 - proctoring - DEBUG - [log_service.py:26] - Created log entry: {'time': '2025-04-13 21:03:58.884294', 'event': 'Face detected'}
2025-04-13 21:03:58,947 - proctoring - INFO - [log_service.py:40] - Successfully stored 1 logs
2025-04-13 21:03:58,986 - proctoring - DEBUG - [image_utils.py:43] - Decoded base64 data length: 25550
2025-04-13 21:03:58,986 - proctoring - INFO - [detection_service.py:16] - Processing new frame
2025-04-13 21:03:58,987 - proctoring - INFO - [face_detection.py:9] - Starting face detection
2025-04-13 21:03:59,000 - proctoring - INFO - [face_detection.py:38] - Face detected with confidence 0.97
2025-04-13 21:03:59,002 - proctoring - INFO - [detection_service.py:34] - Face detection found 1 events
2025-04-13 21:03:59,012 - proctoring - DEBUG - [detection_service.py:37] - No Face Mesh detections
2025-04-13 21:03:59,016 - proctoring - DEBUG - [detection_service.py:37] - No Hand detections
2025-04-13 21:03:59,056 - proctoring - DEBUG - [detection_service.py:37] - No YOLO detections
2025-04-13 21:03:59,056 - proctoring - INFO - [detection_service.py:42] - Total events detected: 1
2025-04-13 21:03:59,056 - proctoring - INFO - [log_service.py:12] - Attempting to store 1 logs for user 1
2025-04-13 21:03:59,056 - proctoring - DEBUG - [log_service.py:26] - Created log entry: {'time': '2025-04-13 21:03:58.990254', 'event': 'Face detected'}
2025-04-13 21:03:59,058 - proctoring - INFO - [log_service.py:40] - Successfully stored 1 logs
2025-04-13 21:03:59,099 - proctoring - DEBUG - [image_utils.py:43] - Decoded base64 data length: 25697
2025-04-13 21:03:59,099 - proctoring - INFO - [detection_service.py:16] - Processing new frame
2025-04-13 21:03:59,099 - proctoring - INFO - [face_detection.py:9] - Starting face detection
2025-04-13 21:03:59,117 - proctoring - INFO - [face_detection.py:38] - Face detected with confidence 0.97
2025-04-13 21:03:59,118 - proctoring - INFO - [detection_service.py:34] - Face detection found 1 events
2025-04-13 21:03:59,123 - proctoring - DEBUG - [detection_service.py:37] - No Face Mesh detections
2025-04-13 21:03:59,129 - proctoring - DEBUG - [detection_service.py:37] - No Hand detections
2025-04-13 21:03:59,171 - proctoring - DEBUG - [detection_service.py:37] - No YOLO detections
2025-04-13 21:03:59,171 - proctoring - INFO - [detection_service.py:42] - Total events detected: 1
2025-04-13 21:03:59,171 - proctoring - INFO - [log_service.py:12] - Attempting to store 1 logs for user 1
2025-04-13 21:03:59,171 - proctoring - DEBUG - [log_service.py:26] - Created log entry: {'time': '2025-04-13 21:03:59.111416', 'event': 'Face detected'}
2025-04-13 21:03:59,173 - proctoring - INFO - [log_service.py:40] - Successfully stored 1 logs
2025-04-13 21:03:59,208 - proctoring - DEBUG - [image_utils.py:43] - Decoded base64 data length: 25795
2025-04-13 21:03:59,209 - proctoring - INFO - [detection_service.py:16] - Processing new frame
2025-04-13 21:03:59,209 - proctoring - INFO - [face_detection.py:9] - Starting face detection
2025-04-13 21:03:59,220 - proctoring - INFO - [face_detection.py:38] - Face detected with confidence 0.97
2025-04-13 21:03:59,223 - proctoring - INFO - [detection_service.py:34] - Face detection found 1 events
2025-04-13 21:03:59,233 - proctoring - DEBUG - [detection_service.py:37] - No Face Mesh detections
2025-04-13 21:03:59,237 - proctoring - DEBUG - [detection_service.py:37] - No Hand detections
2025-04-13 21:03:59,277 - proctoring - DEBUG - [detection_service.py:37] - No YOLO detections
2025-04-13 21:03:59,277 - proctoring - INFO - [detection_service.py:42] - Total events detected: 1
2025-04-13 21:03:59,277 - proctoring - INFO - [log_service.py:12] - Attempting to store 1 logs for user 1
2025-04-13 21:03:59,277 - proctoring - DEBUG - [log_service.py:26] - Created log entry: {'time': '2025-04-13 21:03:59.209224', 'event': 'Face detected'}
2025-04-13 21:03:59,279 - proctoring - INFO - [log_service.py:40] - Successfully stored 1 logs
2025-04-13 21:03:59,319 - proctoring - DEBUG - [image_utils.py:43] - Decoded base64 data length: 25690
2025-04-13 21:03:59,319 - proctoring - INFO - [detection_service.py:16] - Processing new frame
2025-04-13 21:03:59,319 - proctoring - INFO - [face_detection.py:9] - Starting face detection
2025-04-13 21:03:59,333 - proctoring - INFO - [face_detection.py:38] - Face detected with confidence 0.97
2025-04-13 21:03:59,335 - proctoring - INFO - [detection_service.py:34] - Face detection found 1 events
2025-04-13 21:03:59,346 - proctoring - DEBUG - [detection_service.py:37] - No Hand detections
2025-04-13 21:03:59,346 - proctoring - DEBUG - [detection_service.py:37] - No Face Mesh detections
2025-04-13 21:03:59,387 - proctoring - DEBUG - [detection_service.py:37] - No YOLO detections
2025-04-13 21:03:59,388 - proctoring - INFO - [detection_service.py:42] - Total events detected: 1
2025-04-13 21:03:59,388 - proctoring - INFO - [log_service.py:12] - Attempting to store 1 logs for user 1
2025-04-13 21:03:59,388 - proctoring - DEBUG - [log_service.py:26] - Created log entry: {'time': '2025-04-13 21:03:59.323557', 'event': 'Face detected'}
2025-04-13 21:03:59,390 - proctoring - INFO - [log_service.py:40] - Successfully stored 1 logs
2025-04-13 21:03:59,431 - proctoring - DEBUG - [image_utils.py:43] - Decoded base64 data length: 25940
2025-04-13 21:03:59,432 - proctoring - INFO - [detection_service.py:16] - Processing new frame
2025-04-13 21:03:59,432 - proctoring - INFO - [face_detection.py:9] - Starting face detection
2025-04-13 21:03:59,446 - proctoring - INFO - [face_detection.py:38] - Face detected with confidence 0.97
2025-04-13 21:03:59,449 - proctoring - INFO - [detection_service.py:34] - Face detection found 1 events
2025-04-13 21:03:59,457 - proctoring - DEBUG - [detection_service.py:37] - No Face Mesh detections
2025-04-13 21:03:59,461 - proctoring - DEBUG - [detection_service.py:37] - No Hand detections
2025-04-13 21:03:59,496 - proctoring - DEBUG - [detection_service.py:37] - No YOLO detections
2025-04-13 21:03:59,496 - proctoring - INFO - [detection_service.py:42] - Total events detected: 1
2025-04-13 21:03:59,496 - proctoring - INFO - [log_service.py:12] - Attempting to store 1 logs for user 1
2025-04-13 21:03:59,496 - proctoring - DEBUG - [log_service.py:26] - Created log entry: {'time': '2025-04-13 21:03:59.432682', 'event': 'Face detected'}
2025-04-13 21:03:59,498 - proctoring - INFO - [log_service.py:40] - Successfully stored 1 logs
2025-04-13 21:03:59,542 - proctoring - DEBUG - [image_utils.py:43] - Decoded base64 data length: 25971
2025-04-13 21:03:59,543 - proctoring - INFO - [detection_service.py:16] - Processing new frame
2025-04-13 21:03:59,543 - proctoring - INFO - [face_detection.py:9] - Starting face detection
2025-04-13 21:03:59,558 - proctoring - INFO - [face_detection.py:38] - Face detected with confidence 0.97
2025-04-13 21:03:59,560 - proctoring - INFO - [detection_service.py:34] - Face detection found 1 events
2025-04-13 21:03:59,565 - proctoring - DEBUG - [detection_service.py:37] - No Face Mesh detections
2025-04-13 21:03:59,570 - proctoring - DEBUG - [detection_service.py:37] - No Hand detections
2025-04-13 21:03:59,615 - proctoring - DEBUG - [detection_service.py:37] - No YOLO detections
2025-04-13 21:03:59,615 - proctoring - INFO - [detection_service.py:42] - Total events detected: 1
2025-04-13 21:03:59,615 - proctoring - INFO - [log_service.py:12] - Attempting to store 1 logs for user 1
2025-04-13 21:03:59,615 - proctoring - DEBUG - [log_service.py:26] - Created log entry: {'time': '2025-04-13 21:03:59.551399', 'event': 'Face detected'}
2025-04-13 21:03:59,616 - proctoring - INFO - [log_service.py:40] - Successfully stored 1 logs
2025-04-13 21:03:59,653 - proctoring - DEBUG - [image_utils.py:43] - Decoded base64 data length: 26157
2025-04-13 21:03:59,654 - proctoring - INFO - [detection_service.py:16] - Processing new frame
2025-04-13 21:03:59,654 - proctoring - INFO - [face_detection.py:9] - Starting face detection
2025-04-13 21:03:59,667 - proctoring - INFO - [face_detection.py:38] - Face detected with confidence 0.97
2025-04-13 21:03:59,669 - proctoring - INFO - [detection_service.py:34] - Face detection found 1 events
2025-04-13 21:03:59,680 - proctoring - DEBUG - [detection_service.py:37] - No Face Mesh detections
2025-04-13 21:03:59,684 - proctoring - DEBUG - [detection_service.py:37] - No Hand detections
2025-04-13 21:03:59,725 - proctoring - DEBUG - [detection_service.py:37] - No YOLO detections
2025-04-13 21:03:59,726 - proctoring - INFO - [detection_service.py:42] - Total events detected: 1
2025-04-13 21:03:59,726 - proctoring - INFO - [log_service.py:12] - Attempting to store 1 logs for user 1
2025-04-13 21:03:59,726 - proctoring - DEBUG - [log_service.py:26] - Created log entry: {'time': '2025-04-13 21:03:59.657845', 'event': 'Face detected'}
2025-04-13 21:03:59,727 - proctoring - INFO - [log_service.py:40] - Successfully stored 1 logs
2025-04-13 21:03:59,766 - proctoring - DEBUG - [image_utils.py:43] - Decoded base64 data length: 26241
2025-04-13 21:03:59,767 - proctoring - INFO - [detection_service.py:16] - Processing new frame
2025-04-13 21:03:59,767 - proctoring - INFO - [face_detection.py:9] - Starting face detection
2025-04-13 21:03:59,784 - proctoring - INFO - [face_detection.py:38] - Face detected with confidence 0.98
2025-04-13 21:03:59,786 - proctoring - INFO - [detection_service.py:34] - Face detection found 1 events
2025-04-13 21:03:59,791 - proctoring - DEBUG - [detection_service.py:37] - No Face Mesh detections
2025-04-13 21:03:59,795 - proctoring - DEBUG - [detection_service.py:37] - No Hand detections
2025-04-13 21:03:59,854 - proctoring - DEBUG - [detection_service.py:37] - No YOLO detections
2025-04-13 21:03:59,854 - proctoring - INFO - [detection_service.py:42] - Total events detected: 1
2025-04-13 21:03:59,854 - proctoring - INFO - [log_service.py:12] - Attempting to store 1 logs for user 1
2025-04-13 21:03:59,854 - proctoring - DEBUG - [log_service.py:26] - Created log entry: {'time': '2025-04-13 21:03:59.777902', 'event': 'Face detected'}
2025-04-13 21:03:59,856 - proctoring - INFO - [log_service.py:40] - Successfully stored 1 logs
2025-04-13 21:04:00,445 - proctoring - DEBUG - [image_utils.py:43] - Decoded base64 data length: 25487
2025-04-13 21:04:00,446 - proctoring - INFO - [detection_service.py:16] - Processing new frame
2025-04-13 21:04:00,447 - proctoring - INFO - [face_detection.py:9] - Starting face detection
2025-04-13 21:04:00,470 - proctoring - INFO - [face_detection.py:38] - Face detected with confidence 0.97
2025-04-13 21:04:00,474 - proctoring - INFO - [detection_service.py:34] - Face detection found 1 events
2025-04-13 21:04:00,480 - proctoring - DEBUG - [detection_service.py:37] - No Face Mesh detections
2025-04-13 21:04:00,485 - proctoring - DEBUG - [detection_service.py:37] - No Hand detections
2025-04-13 21:04:00,538 - proctoring - DEBUG - [detection_service.py:37] - No YOLO detections
2025-04-13 21:04:00,538 - proctoring - INFO - [detection_service.py:42] - Total events detected: 1
2025-04-13 21:04:00,538 - proctoring - INFO - [log_service.py:12] - Attempting to store 1 logs for user 1
2025-04-13 21:04:00,538 - proctoring - DEBUG - [log_service.py:26] - Created log entry: {'time': '2025-04-13 21:04:00.461445', 'event': 'Face detected'}
2025-04-13 21:04:00,540 - proctoring - INFO - [log_service.py:40] - Successfully stored 1 logs
2025-04-13 21:04:00,545 - proctoring - DEBUG - [image_utils.py:43] - Decoded base64 data length: 24855
2025-04-13 21:04:00,546 - proctoring - INFO - [detection_service.py:16] - Processing new frame
2025-04-13 21:04:00,546 - proctoring - INFO - [face_detection.py:9] - Starting face detection
2025-04-13 21:04:00,563 - proctoring - INFO - [face_detection.py:38] - Face detected with confidence 0.97
2025-04-13 21:04:00,566 - proctoring - INFO - [detection_service.py:34] - Face detection found 1 events
2025-04-13 21:04:00,572 - proctoring - DEBUG - [detection_service.py:37] - No Face Mesh detections
2025-04-13 21:04:00,577 - proctoring - DEBUG - [detection_service.py:37] - No Hand detections
2025-04-13 21:04:00,620 - proctoring - DEBUG - [detection_service.py:37] - No YOLO detections
2025-04-13 21:04:00,620 - proctoring - INFO - [detection_service.py:42] - Total events detected: 1
2025-04-13 21:04:00,620 - proctoring - INFO - [log_service.py:12] - Attempting to store 1 logs for user 1
2025-04-13 21:04:00,620 - proctoring - DEBUG - [log_service.py:26] - Created log entry: {'time': '2025-04-13 21:04:00.550455', 'event': 'Face detected'}
2025-04-13 21:04:00,622 - proctoring - INFO - [log_service.py:40] - Successfully stored 1 logs
2025-04-13 21:04:00,653 - proctoring - DEBUG - [image_utils.py:43] - Decoded base64 data length: 24664
2025-04-13 21:04:00,654 - proctoring - INFO - [detection_service.py:16] - Processing new frame
2025-04-13 21:04:00,654 - proctoring - INFO - [face_detection.py:9] - Starting face detection
2025-04-13 21:04:00,666 - proctoring - INFO - [face_detection.py:38] - Face detected with confidence 0.97
2025-04-13 21:04:00,669 - proctoring - INFO - [detection_service.py:34] - Face detection found 1 events
2025-04-13 21:04:00,680 - proctoring - DEBUG - [detection_service.py:37] - No Face Mesh detections
2025-04-13 21:04:00,683 - proctoring - DEBUG - [detection_service.py:37] - No Hand detections
2025-04-13 21:04:00,726 - proctoring - DEBUG - [detection_service.py:37] - No YOLO detections
2025-04-13 21:04:00,726 - proctoring - INFO - [detection_service.py:42] - Total events detected: 1
2025-04-13 21:04:00,726 - proctoring - INFO - [log_service.py:12] - Attempting to store 1 logs for user 1
2025-04-13 21:04:00,726 - proctoring - DEBUG - [log_service.py:26] - Created log entry: {'time': '2025-04-13 21:04:00.654571', 'event': 'Face detected'}
2025-04-13 21:04:00,728 - proctoring - INFO - [log_service.py:40] - Successfully stored 1 logs
2025-04-13 21:04:00,762 - proctoring - DEBUG - [image_utils.py:43] - Decoded base64 data length: 24781
2025-04-13 21:04:00,763 - proctoring - INFO - [detection_service.py:16] - Processing new frame
2025-04-13 21:04:00,763 - proctoring - INFO - [face_detection.py:9] - Starting face detection
2025-04-13 21:04:00,779 - proctoring - INFO - [face_detection.py:38] - Face detected with confidence 0.97
2025-04-13 21:04:00,782 - proctoring - INFO - [detection_service.py:34] - Face detection found 1 events
2025-04-13 21:04:00,789 - proctoring - DEBUG - [detection_service.py:37] - No Face Mesh detections
2025-04-13 21:04:00,792 - proctoring - DEBUG - [detection_service.py:37] - No Hand detections
2025-04-13 21:04:00,834 - proctoring - DEBUG - [detection_service.py:37] - No YOLO detections
2025-04-13 21:04:00,834 - proctoring - INFO - [detection_service.py:42] - Total events detected: 1
2025-04-13 21:04:00,834 - proctoring - INFO - [log_service.py:12] - Attempting to store 1 logs for user 1
2025-04-13 21:04:00,834 - proctoring - DEBUG - [log_service.py:26] - Created log entry: {'time': '2025-04-13 21:04:00.772957', 'event': 'Face detected'}
2025-04-13 21:04:00,836 - proctoring - INFO - [log_service.py:40] - Successfully stored 1 logs
2025-04-13 21:04:00,870 - proctoring - DEBUG - [image_utils.py:43] - Decoded base64 data length: 24584
2025-04-13 21:04:00,870 - proctoring - INFO - [detection_service.py:16] - Processing new frame
2025-04-13 21:04:00,871 - proctoring - INFO - [face_detection.py:9] - Starting face detection
2025-04-13 21:04:00,888 - proctoring - INFO - [face_detection.py:38] - Face detected with confidence 0.97
2025-04-13 21:04:00,892 - proctoring - INFO - [detection_service.py:34] - Face detection found 1 events
2025-04-13 21:04:00,895 - proctoring - DEBUG - [detection_service.py:37] - No Face Mesh detections
2025-04-13 21:04:00,898 - proctoring - DEBUG - [detection_service.py:37] - No Hand detections
2025-04-13 21:04:00,943 - proctoring - DEBUG - [detection_service.py:37] - No YOLO detections
2025-04-13 21:04:00,943 - proctoring - INFO - [detection_service.py:42] - Total events detected: 1
2025-04-13 21:04:00,943 - proctoring - INFO - [log_service.py:12] - Attempting to store 1 logs for user 1
2025-04-13 21:04:00,943 - proctoring - DEBUG - [log_service.py:26] - Created log entry: {'time': '2025-04-13 21:04:00.880774', 'event': 'Face detected'}
2025-04-13 21:04:00,945 - proctoring - INFO - [log_service.py:40] - Successfully stored 1 logs
2025-04-13 21:04:00,979 - proctoring - DEBUG - [image_utils.py:43] - Decoded base64 data length: 23488
2025-04-13 21:04:00,980 - proctoring - INFO - [detection_service.py:16] - Processing new frame
2025-04-13 21:04:00,980 - proctoring - INFO - [face_detection.py:9] - Starting face detection
2025-04-13 21:04:00,998 - proctoring - INFO - [face_detection.py:38] - Face detected with confidence 0.97
2025-04-13 21:04:00,999 - proctoring - INFO - [detection_service.py:34] - Face detection found 1 events
2025-04-13 21:04:01,001 - proctoring - DEBUG - [detection_service.py:37] - No Face Mesh detections
2025-04-13 21:04:01,008 - proctoring - DEBUG - [detection_service.py:37] - No Hand detections
2025-04-13 21:04:01,050 - proctoring - DEBUG - [detection_service.py:37] - No YOLO detections
2025-04-13 21:04:01,050 - proctoring - INFO - [detection_service.py:42] - Total events detected: 1
2025-04-13 21:04:01,050 - proctoring - INFO - [log_service.py:12] - Attempting to store 1 logs for user 1
2025-04-13 21:04:01,050 - proctoring - DEBUG - [log_service.py:26] - Created log entry: {'time': '2025-04-13 21:04:00.989702', 'event': 'Face detected'}
2025-04-13 21:04:01,052 - proctoring - INFO - [log_service.py:40] - Successfully stored 1 logs
2025-04-13 21:04:01,089 - proctoring - DEBUG - [image_utils.py:43] - Decoded base64 data length: 23298
2025-04-13 21:04:01,090 - proctoring - INFO - [detection_service.py:16] - Processing new frame
2025-04-13 21:04:01,090 - proctoring - INFO - [face_detection.py:9] - Starting face detection
2025-04-13 21:04:01,102 - proctoring - INFO - [face_detection.py:38] - Face detected with confidence 0.97
2025-04-13 21:04:01,107 - proctoring - INFO - [detection_service.py:34] - Face detection found 1 events
2025-04-13 21:04:01,118 - proctoring - DEBUG - [detection_service.py:37] - No Face Mesh detections
2025-04-13 21:04:01,121 - proctoring - DEBUG - [detection_service.py:37] - No Hand detections
2025-04-13 21:04:01,156 - proctoring - DEBUG - [detection_service.py:37] - No YOLO detections
2025-04-13 21:04:01,157 - proctoring - INFO - [detection_service.py:42] - Total events detected: 1
2025-04-13 21:04:01,157 - proctoring - INFO - [log_service.py:12] - Attempting to store 1 logs for user 1
2025-04-13 21:04:01,157 - proctoring - DEBUG - [log_service.py:26] - Created log entry: {'time': '2025-04-13 21:04:01.090387', 'event': 'Face detected'}
2025-04-13 21:04:01,158 - proctoring - INFO - [log_service.py:40] - Successfully stored 1 logs
2025-04-13 21:04:01,197 - proctoring - DEBUG - [image_utils.py:43] - Decoded base64 data length: 23822
2025-04-13 21:04:01,198 - proctoring - INFO - [detection_service.py:16] - Processing new frame
2025-04-13 21:04:01,198 - proctoring - INFO - [face_detection.py:9] - Starting face detection
2025-04-13 21:04:01,210 - proctoring - INFO - [face_detection.py:38] - Face detected with confidence 0.97
2025-04-13 21:04:01,213 - proctoring - INFO - [detection_service.py:34] - Face detection found 1 events
2025-04-13 21:04:01,220 - proctoring - DEBUG - [detection_service.py:37] - No Face Mesh detections
2025-04-13 21:04:01,226 - proctoring - DEBUG - [detection_service.py:37] - No Hand detections
2025-04-13 21:04:01,267 - proctoring - DEBUG - [detection_service.py:37] - No YOLO detections
2025-04-13 21:04:01,267 - proctoring - INFO - [detection_service.py:42] - Total events detected: 1
2025-04-13 21:04:01,267 - proctoring - INFO - [log_service.py:12] - Attempting to store 1 logs for user 1
2025-04-13 21:04:01,267 - proctoring - DEBUG - [log_service.py:26] - Created log entry: {'time': '2025-04-13 21:04:01.198206', 'event': 'Face detected'}
2025-04-13 21:04:01,269 - proctoring - INFO - [log_service.py:40] - Successfully stored 1 logs
2025-04-13 21:04:01,306 - proctoring - DEBUG - [image_utils.py:43] - Decoded base64 data length: 23853
2025-04-13 21:04:01,306 - proctoring - INFO - [detection_service.py:16] - Processing new frame
2025-04-13 21:04:01,306 - proctoring - INFO - [face_detection.py:9] - Starting face detection
2025-04-13 21:04:01,319 - proctoring - INFO - [face_detection.py:38] - Face detected with confidence 0.97
2025-04-13 21:04:01,323 - proctoring - INFO - [detection_service.py:34] - Face detection found 1 events
2025-04-13 21:04:01,332 - proctoring - DEBUG - [detection_service.py:37] - No Face Mesh detections
2025-04-13 21:04:01,335 - proctoring - DEBUG - [detection_service.py:37] - No Hand detections
2025-04-13 21:04:01,380 - proctoring - DEBUG - [detection_service.py:37] - No YOLO detections
2025-04-13 21:04:01,380 - proctoring - INFO - [detection_service.py:42] - Total events detected: 1
2025-04-13 21:04:01,380 - proctoring - INFO - [log_service.py:12] - Attempting to store 1 logs for user 1
2025-04-13 21:04:01,380 - proctoring - DEBUG - [log_service.py:26] - Created log entry: {'time': '2025-04-13 21:04:01.306878', 'event': 'Face detected'}
2025-04-13 21:04:01,381 - proctoring - INFO - [log_service.py:40] - Successfully stored 1 logs
2025-04-13 21:04:01,414 - proctoring - DEBUG - [image_utils.py:43] - Decoded base64 data length: 24006
2025-04-13 21:04:01,415 - proctoring - INFO - [detection_service.py:16] - Processing new frame
2025-04-13 21:04:01,415 - proctoring - INFO - [face_detection.py:9] - Starting face detection
2025-04-13 21:04:01,430 - proctoring - INFO - [face_detection.py:38] - Face detected with confidence 0.97
2025-04-13 21:04:01,432 - proctoring - INFO - [detection_service.py:34] - Face detection found 1 events
2025-04-13 21:04:01,439 - proctoring - DEBUG - [detection_service.py:37] - No Face Mesh detections
2025-04-13 21:04:01,445 - proctoring - DEBUG - [detection_service.py:37] - No Hand detections
2025-04-13 21:04:01,486 - proctoring - DEBUG - [detection_service.py:37] - No YOLO detections
2025-04-13 21:04:01,486 - proctoring - INFO - [detection_service.py:42] - Total events detected: 1
2025-04-13 21:04:01,486 - proctoring - INFO - [log_service.py:12] - Attempting to store 1 logs for user 1
2025-04-13 21:04:01,486 - proctoring - DEBUG - [log_service.py:26] - Created log entry: {'time': '2025-04-13 21:04:01.424873', 'event': 'Face detected'}
2025-04-13 21:04:01,487 - proctoring - INFO - [log_service.py:40] - Successfully stored 1 logs
2025-04-13 21:04:01,523 - proctoring - DEBUG - [image_utils.py:43] - Decoded base64 data length: 24023
2025-04-13 21:04:01,524 - proctoring - INFO - [detection_service.py:16] - Processing new frame
2025-04-13 21:04:01,524 - proctoring - INFO - [face_detection.py:9] - Starting face detection
2025-04-13 21:04:01,536 - proctoring - INFO - [face_detection.py:38] - Face detected with confidence 0.97
2025-04-13 21:04:01,539 - proctoring - INFO - [detection_service.py:34] - Face detection found 1 events
2025-04-13 21:04:01,549 - proctoring - DEBUG - [detection_service.py:37] - No Face Mesh detections
2025-04-13 21:04:01,552 - proctoring - DEBUG - [detection_service.py:37] - No Hand detections
2025-04-13 21:04:01,596 - proctoring - DEBUG - [detection_service.py:37] - No YOLO detections
2025-04-13 21:04:01,596 - proctoring - INFO - [detection_service.py:42] - Total events detected: 1
2025-04-13 21:04:01,596 - proctoring - INFO - [log_service.py:12] - Attempting to store 1 logs for user 1
2025-04-13 21:04:01,596 - proctoring - DEBUG - [log_service.py:26] - Created log entry: {'time': '2025-04-13 21:04:01.524142', 'event': 'Face detected'}
2025-04-13 21:04:01,598 - proctoring - INFO - [log_service.py:40] - Successfully stored 1 logs
2025-04-13 21:04:01,630 - proctoring - DEBUG - [image_utils.py:43] - Decoded base64 data length: 24682
2025-04-13 21:04:01,631 - proctoring - INFO - [detection_service.py:16] - Processing new frame
2025-04-13 21:04:01,631 - proctoring - INFO - [face_detection.py:9] - Starting face detection
2025-04-13 21:04:01,645 - proctoring - INFO - [face_detection.py:38] - Face detected with confidence 0.97
2025-04-13 21:04:01,647 - proctoring - INFO - [detection_service.py:34] - Face detection found 1 events
2025-04-13 21:04:01,654 - proctoring - DEBUG - [detection_service.py:37] - No Face Mesh detections
2025-04-13 21:04:01,660 - proctoring - DEBUG - [detection_service.py:37] - No Hand detections
2025-04-13 21:04:01,705 - proctoring - DEBUG - [detection_service.py:37] - No YOLO detections
2025-04-13 21:04:01,705 - proctoring - INFO - [detection_service.py:42] - Total events detected: 1
2025-04-13 21:04:01,705 - proctoring - INFO - [log_service.py:12] - Attempting to store 1 logs for user 1
2025-04-13 21:04:01,706 - proctoring - DEBUG - [log_service.py:26] - Created log entry: {'time': '2025-04-13 21:04:01.631278', 'event': 'Face detected'}
2025-04-13 21:04:01,707 - proctoring - INFO - [log_service.py:40] - Successfully stored 1 logs
2025-04-13 21:04:01,739 - proctoring - DEBUG - [image_utils.py:43] - Decoded base64 data length: 24368
2025-04-13 21:04:01,740 - proctoring - INFO - [detection_service.py:16] - Processing new frame
2025-04-13 21:04:01,740 - proctoring - INFO - [face_detection.py:9] - Starting face detection
2025-04-13 21:04:01,754 - proctoring - INFO - [face_detection.py:38] - Face detected with confidence 0.97
2025-04-13 21:04:01,755 - proctoring - INFO - [detection_service.py:34] - Face detection found 1 events
2025-04-13 21:04:01,762 - proctoring - DEBUG - [detection_service.py:37] - No Face Mesh detections
2025-04-13 21:04:01,767 - proctoring - DEBUG - [detection_service.py:37] - No Hand detections
2025-04-13 21:04:01,808 - proctoring - DEBUG - [detection_service.py:37] - No YOLO detections
2025-04-13 21:04:01,809 - proctoring - INFO - [detection_service.py:42] - Total events detected: 1
2025-04-13 21:04:01,809 - proctoring - INFO - [log_service.py:12] - Attempting to store 1 logs for user 1
2025-04-13 21:04:01,809 - proctoring - DEBUG - [log_service.py:26] - Created log entry: {'time': '2025-04-13 21:04:01.748401', 'event': 'Face detected'}
2025-04-13 21:04:01,811 - proctoring - INFO - [log_service.py:40] - Successfully stored 1 logs
2025-04-13 21:04:01,849 - proctoring - DEBUG - [image_utils.py:43] - Decoded base64 data length: 24078
2025-04-13 21:04:01,850 - proctoring - INFO - [detection_service.py:16] - Processing new frame
2025-04-13 21:04:01,850 - proctoring - INFO - [face_detection.py:9] - Starting face detection
2025-04-13 21:04:01,862 - proctoring - INFO - [face_detection.py:38] - Face detected with confidence 0.97
2025-04-13 21:04:01,865 - proctoring - INFO - [detection_service.py:34] - Face detection found 1 events
2025-04-13 21:04:01,875 - proctoring - DEBUG - [detection_service.py:37] - No Face Mesh detections
2025-04-13 21:04:01,879 - proctoring - DEBUG - [detection_service.py:37] - No Hand detections
2025-04-13 21:04:01,918 - proctoring - DEBUG - [detection_service.py:37] - No YOLO detections
2025-04-13 21:04:01,918 - proctoring - INFO - [detection_service.py:42] - Total events detected: 1
2025-04-13 21:04:01,918 - proctoring - INFO - [log_service.py:12] - Attempting to store 1 logs for user 1
2025-04-13 21:04:01,918 - proctoring - DEBUG - [log_service.py:26] - Created log entry: {'time': '2025-04-13 21:04:01.850144', 'event': 'Face detected'}
2025-04-13 21:04:01,920 - proctoring - INFO - [log_service.py:40] - Successfully stored 1 logs
2025-04-13 21:04:01,959 - proctoring - DEBUG - [image_utils.py:43] - Decoded base64 data length: 24033
2025-04-13 21:04:01,960 - proctoring - INFO - [detection_service.py:16] - Processing new frame
2025-04-13 21:04:01,960 - proctoring - INFO - [face_detection.py:9] - Starting face detection
2025-04-13 21:04:01,976 - proctoring - INFO - [face_detection.py:38] - Face detected with confidence 0.97
2025-04-13 21:04:01,978 - proctoring - INFO - [detection_service.py:34] - Face detection found 1 events
2025-04-13 21:04:01,985 - proctoring - DEBUG - [detection_service.py:37] - No Face Mesh detections
2025-04-13 21:04:01,989 - proctoring - DEBUG - [detection_service.py:37] - No Hand detections
2025-04-13 21:04:02,029 - proctoring - DEBUG - [detection_service.py:37] - No YOLO detections
2025-04-13 21:04:02,029 - proctoring - INFO - [detection_service.py:42] - Total events detected: 1
2025-04-13 21:04:02,029 - proctoring - INFO - [log_service.py:12] - Attempting to store 1 logs for user 1
2025-04-13 21:04:02,030 - proctoring - DEBUG - [log_service.py:26] - Created log entry: {'time': '2025-04-13 21:04:01.960562', 'event': 'Face detected'}
2025-04-13 21:04:02,031 - proctoring - INFO - [log_service.py:40] - Successfully stored 1 logs
2025-04-13 21:04:02,072 - proctoring - DEBUG - [image_utils.py:43] - Decoded base64 data length: 24270
2025-04-13 21:04:02,073 - proctoring - INFO - [detection_service.py:16] - Processing new frame
2025-04-13 21:04:02,073 - proctoring - INFO - [face_detection.py:9] - Starting face detection
2025-04-13 21:04:02,088 - proctoring - INFO - [face_detection.py:38] - Face detected with confidence 0.97
2025-04-13 21:04:02,089 - proctoring - INFO - [detection_service.py:34] - Face detection found 1 events
2025-04-13 21:04:02,094 - proctoring - DEBUG - [detection_service.py:37] - No Face Mesh detections
2025-04-13 21:04:02,101 - proctoring - DEBUG - [detection_service.py:37] - No Hand detections
2025-04-13 21:04:02,147 - proctoring - DEBUG - [detection_service.py:37] - No YOLO detections
2025-04-13 21:04:02,147 - proctoring - INFO - [detection_service.py:42] - Total events detected: 1
2025-04-13 21:04:02,147 - proctoring - INFO - [log_service.py:12] - Attempting to store 1 logs for user 1
2025-04-13 21:04:02,147 - proctoring - DEBUG - [log_service.py:26] - Created log entry: {'time': '2025-04-13 21:04:02.082105', 'event': 'Face detected'}
2025-04-13 21:04:02,148 - proctoring - INFO - [log_service.py:40] - Successfully stored 1 logs
2025-04-13 21:04:02,179 - proctoring - DEBUG - [image_utils.py:43] - Decoded base64 data length: 24746
2025-04-13 21:04:02,179 - proctoring - INFO - [detection_service.py:16] - Processing new frame
2025-04-13 21:04:02,179 - proctoring - INFO - [face_detection.py:9] - Starting face detection
2025-04-13 21:04:02,194 - proctoring - INFO - [face_detection.py:38] - Face detected with confidence 0.97
2025-04-13 21:04:02,196 - proctoring - INFO - [detection_service.py:34] - Face detection found 1 events
2025-04-13 21:04:02,201 - proctoring - DEBUG - [detection_service.py:37] - No Face Mesh detections
2025-04-13 21:04:02,207 - proctoring - DEBUG - [detection_service.py:37] - No Hand detections
2025-04-13 21:04:02,251 - proctoring - DEBUG - [detection_service.py:37] - No YOLO detections
2025-04-13 21:04:02,251 - proctoring - INFO - [detection_service.py:42] - Total events detected: 1
2025-04-13 21:04:02,251 - proctoring - INFO - [log_service.py:12] - Attempting to store 1 logs for user 1
2025-04-13 21:04:02,251 - proctoring - DEBUG - [log_service.py:26] - Created log entry: {'time': '2025-04-13 21:04:02.187921', 'event': 'Face detected'}
2025-04-13 21:04:02,252 - proctoring - INFO - [log_service.py:40] - Successfully stored 1 logs
2025-04-13 21:04:02,290 - proctoring - DEBUG - [image_utils.py:43] - Decoded base64 data length: 24909
2025-04-13 21:04:02,290 - proctoring - INFO - [detection_service.py:16] - Processing new frame
2025-04-13 21:04:02,290 - proctoring - INFO - [face_detection.py:9] - Starting face detection
2025-04-13 21:04:02,306 - proctoring - INFO - [face_detection.py:38] - Face detected with confidence 0.97
2025-04-13 21:04:02,310 - proctoring - INFO - [detection_service.py:34] - Face detection found 1 events
2025-04-13 21:04:02,316 - proctoring - DEBUG - [detection_service.py:37] - No Face Mesh detections
2025-04-13 21:04:02,319 - proctoring - DEBUG - [detection_service.py:37] - No Hand detections
2025-04-13 21:04:02,365 - proctoring - DEBUG - [detection_service.py:37] - No YOLO detections
2025-04-13 21:04:02,365 - proctoring - INFO - [detection_service.py:42] - Total events detected: 1
2025-04-13 21:04:02,365 - proctoring - INFO - [log_service.py:12] - Attempting to store 1 logs for user 1
2025-04-13 21:04:02,365 - proctoring - DEBUG - [log_service.py:26] - Created log entry: {'time': '2025-04-13 21:04:02.290703', 'event': 'Face detected'}
2025-04-13 21:04:02,366 - proctoring - INFO - [log_service.py:40] - Successfully stored 1 logs
2025-04-13 21:04:02,402 - proctoring - DEBUG - [image_utils.py:43] - Decoded base64 data length: 24222
2025-04-13 21:04:02,403 - proctoring - INFO - [detection_service.py:16] - Processing new frame
2025-04-13 21:04:02,403 - proctoring - INFO - [face_detection.py:9] - Starting face detection
2025-04-13 21:04:02,418 - proctoring - INFO - [face_detection.py:38] - Face detected with confidence 0.97
2025-04-13 21:04:02,421 - proctoring - INFO - [detection_service.py:34] - Face detection found 1 events
2025-04-13 21:04:02,427 - proctoring - DEBUG - [detection_service.py:37] - No Face Mesh detections
2025-04-13 21:04:02,433 - proctoring - DEBUG - [detection_service.py:37] - No Hand detections
2025-04-13 21:04:02,474 - proctoring - DEBUG - [detection_service.py:37] - No YOLO detections
2025-04-13 21:04:02,474 - proctoring - INFO - [detection_service.py:42] - Total events detected: 1
2025-04-13 21:04:02,474 - proctoring - INFO - [log_service.py:12] - Attempting to store 1 logs for user 1
2025-04-13 21:04:02,475 - proctoring - DEBUG - [log_service.py:26] - Created log entry: {'time': '2025-04-13 21:04:02.413231', 'event': 'Face detected'}
2025-04-13 21:04:02,476 - proctoring - INFO - [log_service.py:40] - Successfully stored 1 logs
2025-04-13 21:04:02,510 - proctoring - DEBUG - [image_utils.py:43] - Decoded base64 data length: 25090
2025-04-13 21:04:02,510 - proctoring - INFO - [detection_service.py:16] - Processing new frame
2025-04-13 21:04:02,511 - proctoring - INFO - [face_detection.py:9] - Starting face detection
2025-04-13 21:04:02,525 - proctoring - INFO - [face_detection.py:38] - Face detected with confidence 0.97
2025-04-13 21:04:02,527 - proctoring - INFO - [detection_service.py:34] - Face detection found 1 events
2025-04-13 21:04:02,536 - proctoring - DEBUG - [detection_service.py:37] - No Hand detections
2025-04-13 21:04:02,536 - proctoring - DEBUG - [detection_service.py:37] - No Face Mesh detections
2025-04-13 21:04:02,577 - proctoring - DEBUG - [detection_service.py:37] - No YOLO detections
2025-04-13 21:04:02,577 - proctoring - INFO - [detection_service.py:42] - Total events detected: 1
2025-04-13 21:04:02,577 - proctoring - INFO - [log_service.py:12] - Attempting to store 1 logs for user 1
2025-04-13 21:04:02,577 - proctoring - DEBUG - [log_service.py:26] - Created log entry: {'time': '2025-04-13 21:04:02.515162', 'event': 'Face detected'}
2025-04-13 21:04:02,579 - proctoring - INFO - [log_service.py:40] - Successfully stored 1 logs
2025-04-13 21:04:02,623 - proctoring - DEBUG - [image_utils.py:43] - Decoded base64 data length: 25013
2025-04-13 21:04:02,623 - proctoring - INFO - [detection_service.py:16] - Processing new frame
2025-04-13 21:04:02,623 - proctoring - INFO - [face_detection.py:9] - Starting face detection
2025-04-13 21:04:02,635 - proctoring - INFO - [face_detection.py:38] - Face detected with confidence 0.97
2025-04-13 21:04:02,637 - proctoring - INFO - [detection_service.py:34] - Face detection found 1 events
2025-04-13 21:04:02,651 - proctoring - DEBUG - [detection_service.py:37] - No Face Mesh detections
2025-04-13 21:04:02,651 - proctoring - DEBUG - [detection_service.py:37] - No Hand detections
2025-04-13 21:04:02,696 - proctoring - DEBUG - [detection_service.py:37] - No YOLO detections
2025-04-13 21:04:02,696 - proctoring - INFO - [detection_service.py:42] - Total events detected: 1
2025-04-13 21:04:02,696 - proctoring - INFO - [log_service.py:12] - Attempting to store 1 logs for user 1
2025-04-13 21:04:02,696 - proctoring - DEBUG - [log_service.py:26] - Created log entry: {'time': '2025-04-13 21:04:02.626900', 'event': 'Face detected'}
2025-04-13 21:04:02,697 - proctoring - INFO - [log_service.py:40] - Successfully stored 1 logs
2025-04-13 21:04:02,732 - proctoring - DEBUG - [image_utils.py:43] - Decoded base64 data length: 24714
2025-04-13 21:04:02,733 - proctoring - INFO - [detection_service.py:16] - Processing new frame
2025-04-13 21:04:02,733 - proctoring - INFO - [face_detection.py:9] - Starting face detection
2025-04-13 21:04:02,751 - proctoring - INFO - [face_detection.py:38] - Face detected with confidence 0.97
2025-04-13 21:04:02,752 - proctoring - INFO - [detection_service.py:34] - Face detection found 1 events
2025-04-13 21:04:02,757 - proctoring - DEBUG - [detection_service.py:37] - No Face Mesh detections
2025-04-13 21:04:02,763 - proctoring - DEBUG - [detection_service.py:37] - No Hand detections
2025-04-13 21:04:02,807 - proctoring - DEBUG - [detection_service.py:37] - No YOLO detections
2025-04-13 21:04:02,807 - proctoring - INFO - [detection_service.py:42] - Total events detected: 1
2025-04-13 21:04:02,807 - proctoring - INFO - [log_service.py:12] - Attempting to store 1 logs for user 1
2025-04-13 21:04:02,807 - proctoring - DEBUG - [log_service.py:26] - Created log entry: {'time': '2025-04-13 21:04:02.744160', 'event': 'Face detected'}
2025-04-13 21:04:02,809 - proctoring - INFO - [log_service.py:40] - Successfully stored 1 logs
2025-04-13 21:04:02,837 - proctoring - DEBUG - [image_utils.py:43] - Decoded base64 data length: 25162
2025-04-13 21:04:02,838 - proctoring - INFO - [detection_service.py:16] - Processing new frame
2025-04-13 21:04:02,838 - proctoring - INFO - [face_detection.py:9] - Starting face detection
2025-04-13 21:04:02,855 - proctoring - INFO - [face_detection.py:38] - Face detected with confidence 0.97
2025-04-13 21:04:02,857 - proctoring - INFO - [detection_service.py:34] - Face detection found 1 events
2025-04-13 21:04:02,865 - proctoring - DEBUG - [detection_service.py:37] - No Face Mesh detections
2025-04-13 21:04:02,870 - proctoring - DEBUG - [detection_service.py:37] - No Hand detections
2025-04-13 21:04:02,924 - proctoring - DEBUG - [detection_service.py:37] - No YOLO detections
2025-04-13 21:04:02,924 - proctoring - INFO - [detection_service.py:42] - Total events detected: 1
2025-04-13 21:04:02,924 - proctoring - INFO - [log_service.py:12] - Attempting to store 1 logs for user 1
2025-04-13 21:04:02,924 - proctoring - DEBUG - [log_service.py:26] - Created log entry: {'time': '2025-04-13 21:04:02.849049', 'event': 'Face detected'}
2025-04-13 21:04:02,926 - proctoring - INFO - [log_service.py:40] - Successfully stored 1 logs
2025-04-13 21:04:02,946 - proctoring - DEBUG - [image_utils.py:43] - Decoded base64 data length: 25577
2025-04-13 21:04:02,946 - proctoring - INFO - [detection_service.py:16] - Processing new frame
2025-04-13 21:04:02,947 - proctoring - INFO - [face_detection.py:9] - Starting face detection
2025-04-13 21:04:02,962 - proctoring - INFO - [face_detection.py:38] - Face detected with confidence 0.97
2025-04-13 21:04:02,964 - proctoring - INFO - [detection_service.py:34] - Face detection found 1 events
2025-04-13 21:04:02,970 - proctoring - DEBUG - [detection_service.py:37] - No Face Mesh detections
2025-04-13 21:04:02,977 - proctoring - DEBUG - [detection_service.py:37] - No Hand detections
2025-04-13 21:04:03,029 - proctoring - DEBUG - [detection_service.py:37] - No YOLO detections
2025-04-13 21:04:03,029 - proctoring - INFO - [detection_service.py:42] - Total events detected: 1
2025-04-13 21:04:03,029 - proctoring - INFO - [log_service.py:12] - Attempting to store 1 logs for user 1
2025-04-13 21:04:03,029 - proctoring - DEBUG - [log_service.py:26] - Created log entry: {'time': '2025-04-13 21:04:02.955674', 'event': 'Face detected'}
2025-04-13 21:04:03,031 - proctoring - INFO - [log_service.py:40] - Successfully stored 1 logs
2025-04-13 21:04:03,056 - proctoring - DEBUG - [image_utils.py:43] - Decoded base64 data length: 25584
2025-04-13 21:04:03,056 - proctoring - INFO - [detection_service.py:16] - Processing new frame
2025-04-13 21:04:03,057 - proctoring - INFO - [face_detection.py:9] - Starting face detection
2025-04-13 21:04:03,071 - proctoring - INFO - [face_detection.py:38] - Face detected with confidence 0.97
2025-04-13 21:04:03,075 - proctoring - INFO - [detection_service.py:34] - Face detection found 1 events
2025-04-13 21:04:03,080 - proctoring - DEBUG - [detection_service.py:37] - No Face Mesh detections
2025-04-13 21:04:03,088 - proctoring - DEBUG - [detection_service.py:37] - No Hand detections
2025-04-13 21:04:03,146 - proctoring - DEBUG - [detection_service.py:37] - No YOLO detections
2025-04-13 21:04:03,146 - proctoring - INFO - [detection_service.py:42] - Total events detected: 1
2025-04-13 21:04:03,146 - proctoring - INFO - [log_service.py:12] - Attempting to store 1 logs for user 1
2025-04-13 21:04:03,146 - proctoring - DEBUG - [log_service.py:26] - Created log entry: {'time': '2025-04-13 21:04:03.065757', 'event': 'Face detected'}
2025-04-13 21:04:03,147 - proctoring - INFO - [log_service.py:40] - Successfully stored 1 logs
2025-04-13 21:04:03,162 - proctoring - DEBUG - [image_utils.py:43] - Decoded base64 data length: 25158
2025-04-13 21:04:03,163 - proctoring - INFO - [detection_service.py:16] - Processing new frame
2025-04-13 21:04:03,163 - proctoring - INFO - [face_detection.py:9] - Starting face detection
2025-04-13 21:04:03,181 - proctoring - INFO - [face_detection.py:38] - Face detected with confidence 0.97
2025-04-13 21:04:03,183 - proctoring - INFO - [detection_service.py:34] - Face detection found 1 events
2025-04-13 21:04:03,191 - proctoring - DEBUG - [detection_service.py:37] - No Face Mesh detections
2025-04-13 21:04:03,195 - proctoring - DEBUG - [detection_service.py:37] - No Hand detections
2025-04-13 21:04:03,237 - proctoring - DEBUG - [detection_service.py:37] - No YOLO detections
2025-04-13 21:04:03,237 - proctoring - INFO - [detection_service.py:42] - Total events detected: 1
2025-04-13 21:04:03,237 - proctoring - INFO - [log_service.py:12] - Attempting to store 1 logs for user 1
2025-04-13 21:04:03,237 - proctoring - DEBUG - [log_service.py:26] - Created log entry: {'time': '2025-04-13 21:04:03.174338', 'event': 'Face detected'}
2025-04-13 21:04:03,238 - proctoring - INFO - [log_service.py:40] - Successfully stored 1 logs
2025-04-13 21:04:03,266 - proctoring - DEBUG - [image_utils.py:43] - Decoded base64 data length: 24347
2025-04-13 21:04:03,266 - proctoring - INFO - [detection_service.py:16] - Processing new frame
2025-04-13 21:04:03,266 - proctoring - INFO - [face_detection.py:9] - Starting face detection
2025-04-13 21:04:03,281 - proctoring - INFO - [face_detection.py:38] - Face detected with confidence 0.97
2025-04-13 21:04:03,283 - proctoring - INFO - [detection_service.py:34] - Face detection found 1 events
2025-04-13 21:04:03,292 - proctoring - DEBUG - [detection_service.py:37] - No Face Mesh detections
2025-04-13 21:04:03,297 - proctoring - DEBUG - [detection_service.py:37] - No Hand detections
2025-04-13 21:04:03,347 - proctoring - DEBUG - [detection_service.py:37] - No YOLO detections
2025-04-13 21:04:03,347 - proctoring - INFO - [detection_service.py:42] - Total events detected: 1
2025-04-13 21:04:03,347 - proctoring - INFO - [log_service.py:12] - Attempting to store 1 logs for user 1
2025-04-13 21:04:03,347 - proctoring - DEBUG - [log_service.py:26] - Created log entry: {'time': '2025-04-13 21:04:03.270420', 'event': 'Face detected'}
2025-04-13 21:04:03,349 - proctoring - INFO - [log_service.py:40] - Successfully stored 1 logs
2025-04-13 21:04:03,369 - proctoring - DEBUG - [image_utils.py:43] - Decoded base64 data length: 24064
2025-04-13 21:04:03,369 - proctoring - INFO - [detection_service.py:16] - Processing new frame
2025-04-13 21:04:03,369 - proctoring - INFO - [face_detection.py:9] - Starting face detection
2025-04-13 21:04:03,386 - proctoring - INFO - [face_detection.py:38] - Face detected with confidence 0.97
2025-04-13 21:04:03,389 - proctoring - INFO - [detection_service.py:34] - Face detection found 1 events
2025-04-13 21:04:03,393 - proctoring - DEBUG - [detection_service.py:37] - No Face Mesh detections
2025-04-13 21:04:03,400 - proctoring - DEBUG - [detection_service.py:37] - No Hand detections
2025-04-13 21:04:03,441 - proctoring - DEBUG - [detection_service.py:37] - No YOLO detections
2025-04-13 21:04:03,441 - proctoring - INFO - [detection_service.py:42] - Total events detected: 1
2025-04-13 21:04:03,441 - proctoring - INFO - [log_service.py:12] - Attempting to store 1 logs for user 1
2025-04-13 21:04:03,441 - proctoring - DEBUG - [log_service.py:26] - Created log entry: {'time': '2025-04-13 21:04:03.380373', 'event': 'Face detected'}
2025-04-13 21:04:03,443 - proctoring - INFO - [log_service.py:40] - Successfully stored 1 logs
2025-04-13 21:04:03,477 - proctoring - DEBUG - [image_utils.py:43] - Decoded base64 data length: 24398
2025-04-13 21:04:03,478 - proctoring - INFO - [detection_service.py:16] - Processing new frame
2025-04-13 21:04:03,478 - proctoring - INFO - [face_detection.py:9] - Starting face detection
2025-04-13 21:04:03,491 - proctoring - INFO - [face_detection.py:38] - Face detected with confidence 0.97
2025-04-13 21:04:03,494 - proctoring - INFO - [detection_service.py:34] - Face detection found 1 events
2025-04-13 21:04:03,503 - proctoring - DEBUG - [detection_service.py:37] - No Face Mesh detections
2025-04-13 21:04:03,507 - proctoring - DEBUG - [detection_service.py:37] - No Hand detections
2025-04-13 21:04:03,552 - proctoring - DEBUG - [detection_service.py:37] - No YOLO detections
2025-04-13 21:04:03,552 - proctoring - INFO - [detection_service.py:42] - Total events detected: 1
2025-04-13 21:04:03,552 - proctoring - INFO - [log_service.py:12] - Attempting to store 1 logs for user 1
2025-04-13 21:04:03,552 - proctoring - DEBUG - [log_service.py:26] - Created log entry: {'time': '2025-04-13 21:04:03.481398', 'event': 'Face detected'}
2025-04-13 21:04:03,553 - proctoring - INFO - [log_service.py:40] - Successfully stored 1 logs
2025-04-13 21:04:03,584 - proctoring - DEBUG - [image_utils.py:43] - Decoded base64 data length: 24202
2025-04-13 21:04:03,585 - proctoring - INFO - [detection_service.py:16] - Processing new frame
2025-04-13 21:04:03,585 - proctoring - INFO - [face_detection.py:9] - Starting face detection
2025-04-13 21:04:03,598 - proctoring - INFO - [face_detection.py:38] - Face detected with confidence 0.97
2025-04-13 21:04:03,600 - proctoring - INFO - [detection_service.py:34] - Face detection found 1 events
2025-04-13 21:04:03,612 - proctoring - DEBUG - [detection_service.py:37] - No Face Mesh detections
2025-04-13 21:04:03,616 - proctoring - DEBUG - [detection_service.py:37] - No Hand detections
2025-04-13 21:04:03,656 - proctoring - DEBUG - [detection_service.py:37] - No YOLO detections
2025-04-13 21:04:03,656 - proctoring - INFO - [detection_service.py:42] - Total events detected: 1
2025-04-13 21:04:03,656 - proctoring - INFO - [log_service.py:12] - Attempting to store 1 logs for user 1
2025-04-13 21:04:03,656 - proctoring - DEBUG - [log_service.py:26] - Created log entry: {'time': '2025-04-13 21:04:03.585598', 'event': 'Face detected'}
2025-04-13 21:04:03,658 - proctoring - INFO - [log_service.py:40] - Successfully stored 1 logs
2025-04-13 21:04:03,696 - proctoring - DEBUG - [image_utils.py:43] - Decoded base64 data length: 24065
2025-04-13 21:04:03,696 - proctoring - INFO - [detection_service.py:16] - Processing new frame
2025-04-13 21:04:03,697 - proctoring - INFO - [face_detection.py:9] - Starting face detection
2025-04-13 21:04:03,713 - proctoring - INFO - [face_detection.py:38] - Face detected with confidence 0.97
2025-04-13 21:04:03,714 - proctoring - INFO - [detection_service.py:34] - Face detection found 1 events
2025-04-13 21:04:03,721 - proctoring - DEBUG - [detection_service.py:37] - No Face Mesh detections
2025-04-13 21:04:03,724 - proctoring - DEBUG - [detection_service.py:37] - No Hand detections
2025-04-13 21:04:03,763 - proctoring - DEBUG - [detection_service.py:37] - No YOLO detections
2025-04-13 21:04:03,763 - proctoring - INFO - [detection_service.py:42] - Total events detected: 1
2025-04-13 21:04:03,763 - proctoring - INFO - [log_service.py:12] - Attempting to store 1 logs for user 1
2025-04-13 21:04:03,763 - proctoring - DEBUG - [log_service.py:26] - Created log entry: {'time': '2025-04-13 21:04:03.707323', 'event': 'Face detected'}
2025-04-13 21:04:03,765 - proctoring - INFO - [log_service.py:40] - Successfully stored 1 logs
2025-04-13 21:04:03,805 - proctoring - DEBUG - [image_utils.py:43] - Decoded base64 data length: 24147
2025-04-13 21:04:03,806 - proctoring - INFO - [detection_service.py:16] - Processing new frame
2025-04-13 21:04:03,806 - proctoring - INFO - [face_detection.py:9] - Starting face detection
2025-04-13 21:04:03,819 - proctoring - INFO - [face_detection.py:38] - Face detected with confidence 0.97
2025-04-13 21:04:03,823 - proctoring - INFO - [detection_service.py:34] - Face detection found 1 events
2025-04-13 21:04:03,832 - proctoring - DEBUG - [detection_service.py:37] - No Face Mesh detections
2025-04-13 21:04:03,835 - proctoring - DEBUG - [detection_service.py:37] - No Hand detections
2025-04-13 21:04:03,875 - proctoring - DEBUG - [detection_service.py:37] - No YOLO detections
2025-04-13 21:04:03,875 - proctoring - INFO - [detection_service.py:42] - Total events detected: 1
2025-04-13 21:04:03,875 - proctoring - INFO - [log_service.py:12] - Attempting to store 1 logs for user 1
2025-04-13 21:04:03,875 - proctoring - DEBUG - [log_service.py:26] - Created log entry: {'time': '2025-04-13 21:04:03.806183', 'event': 'Face detected'}
2025-04-13 21:04:03,878 - proctoring - INFO - [log_service.py:40] - Successfully stored 1 logs
2025-04-13 21:04:03,916 - proctoring - DEBUG - [image_utils.py:43] - Decoded base64 data length: 24665
2025-04-13 21:04:03,916 - proctoring - INFO - [detection_service.py:16] - Processing new frame
2025-04-13 21:04:03,916 - proctoring - INFO - [face_detection.py:9] - Starting face detection
2025-04-13 21:04:03,931 - proctoring - INFO - [face_detection.py:38] - Face detected with confidence 0.97
2025-04-13 21:04:03,933 - proctoring - INFO - [detection_service.py:34] - Face detection found 1 events
2025-04-13 21:04:03,943 - proctoring - DEBUG - [detection_service.py:37] - No Hand detections
2025-04-13 21:04:03,948 - proctoring - DEBUG - [detection_service.py:37] - No Face Mesh detections
2025-04-13 21:04:03,988 - proctoring - DEBUG - [detection_service.py:37] - No YOLO detections
2025-04-13 21:04:03,988 - proctoring - INFO - [detection_service.py:42] - Total events detected: 1
2025-04-13 21:04:03,988 - proctoring - INFO - [log_service.py:12] - Attempting to store 1 logs for user 1
2025-04-13 21:04:03,988 - proctoring - DEBUG - [log_service.py:26] - Created log entry: {'time': '2025-04-13 21:04:03.921916', 'event': 'Face detected'}
2025-04-13 21:04:03,990 - proctoring - INFO - [log_service.py:40] - Successfully stored 1 logs
2025-04-13 21:04:04,027 - proctoring - DEBUG - [image_utils.py:43] - Decoded base64 data length: 24882
2025-04-13 21:04:04,027 - proctoring - INFO - [detection_service.py:16] - Processing new frame
2025-04-13 21:04:04,027 - proctoring - INFO - [face_detection.py:9] - Starting face detection
2025-04-13 21:04:04,044 - proctoring - INFO - [face_detection.py:38] - Face detected with confidence 0.97
2025-04-13 21:04:04,046 - proctoring - INFO - [detection_service.py:34] - Face detection found 1 events
2025-04-13 21:04:04,054 - proctoring - DEBUG - [detection_service.py:37] - No Hand detections
2025-04-13 21:04:04,054 - proctoring - DEBUG - [detection_service.py:37] - No Face Mesh detections
2025-04-13 21:04:04,094 - proctoring - DEBUG - [detection_service.py:37] - No YOLO detections
2025-04-13 21:04:04,094 - proctoring - INFO - [detection_service.py:42] - Total events detected: 1
2025-04-13 21:04:04,094 - proctoring - INFO - [log_service.py:12] - Attempting to store 1 logs for user 1
2025-04-13 21:04:04,094 - proctoring - DEBUG - [log_service.py:26] - Created log entry: {'time': '2025-04-13 21:04:04.031116', 'event': 'Face detected'}
2025-04-13 21:04:04,096 - proctoring - INFO - [log_service.py:40] - Successfully stored 1 logs
2025-04-13 21:04:04,137 - proctoring - DEBUG - [image_utils.py:43] - Decoded base64 data length: 24961
2025-04-13 21:04:04,138 - proctoring - INFO - [detection_service.py:16] - Processing new frame
2025-04-13 21:04:04,138 - proctoring - INFO - [face_detection.py:9] - Starting face detection
2025-04-13 21:04:04,153 - proctoring - INFO - [face_detection.py:38] - Face detected with confidence 0.97
2025-04-13 21:04:04,154 - proctoring - INFO - [detection_service.py:34] - Face detection found 1 events
2025-04-13 21:04:04,163 - proctoring - DEBUG - [detection_service.py:37] - No Face Mesh detections
2025-04-13 21:04:04,166 - proctoring - DEBUG - [detection_service.py:37] - No Hand detections
2025-04-13 21:04:04,206 - proctoring - DEBUG - [detection_service.py:37] - No YOLO detections
2025-04-13 21:04:04,206 - proctoring - INFO - [detection_service.py:42] - Total events detected: 1
2025-04-13 21:04:04,206 - proctoring - INFO - [log_service.py:12] - Attempting to store 1 logs for user 1
2025-04-13 21:04:04,206 - proctoring - DEBUG - [log_service.py:26] - Created log entry: {'time': '2025-04-13 21:04:04.138229', 'event': 'Face detected'}
2025-04-13 21:04:04,208 - proctoring - INFO - [log_service.py:40] - Successfully stored 1 logs
2025-04-13 21:04:04,247 - proctoring - DEBUG - [image_utils.py:43] - Decoded base64 data length: 25011
2025-04-13 21:04:04,248 - proctoring - INFO - [detection_service.py:16] - Processing new frame
2025-04-13 21:04:04,248 - proctoring - INFO - [face_detection.py:9] - Starting face detection
2025-04-13 21:04:04,263 - proctoring - INFO - [face_detection.py:38] - Face detected with confidence 0.97
2025-04-13 21:04:04,265 - proctoring - INFO - [detection_service.py:34] - Face detection found 1 events
2025-04-13 21:04:04,270 - proctoring - DEBUG - [detection_service.py:37] - No Face Mesh detections
2025-04-13 21:04:04,277 - proctoring - DEBUG - [detection_service.py:37] - No Hand detections
2025-04-13 21:04:04,319 - proctoring - DEBUG - [detection_service.py:37] - No YOLO detections
2025-04-13 21:04:04,319 - proctoring - INFO - [detection_service.py:42] - Total events detected: 1
2025-04-13 21:04:04,319 - proctoring - INFO - [log_service.py:12] - Attempting to store 1 logs for user 1
2025-04-13 21:04:04,319 - proctoring - DEBUG - [log_service.py:26] - Created log entry: {'time': '2025-04-13 21:04:04.257184', 'event': 'Face detected'}
2025-04-13 21:04:04,321 - proctoring - INFO - [log_service.py:40] - Successfully stored 1 logs
2025-04-13 21:04:04,359 - proctoring - DEBUG - [image_utils.py:43] - Decoded base64 data length: 25024
2025-04-13 21:04:04,359 - proctoring - INFO - [detection_service.py:16] - Processing new frame
2025-04-13 21:04:04,359 - proctoring - INFO - [face_detection.py:9] - Starting face detection
2025-04-13 21:04:04,374 - proctoring - INFO - [face_detection.py:38] - Face detected with confidence 0.97
2025-04-13 21:04:04,377 - proctoring - INFO - [detection_service.py:34] - Face detection found 1 events
2025-04-13 21:04:04,385 - proctoring - DEBUG - [detection_service.py:37] - No Face Mesh detections
2025-04-13 21:04:04,389 - proctoring - DEBUG - [detection_service.py:37] - No Hand detections
2025-04-13 21:04:04,430 - proctoring - DEBUG - [detection_service.py:37] - No YOLO detections
2025-04-13 21:04:04,430 - proctoring - INFO - [detection_service.py:42] - Total events detected: 1
2025-04-13 21:04:04,430 - proctoring - INFO - [log_service.py:12] - Attempting to store 1 logs for user 1
2025-04-13 21:04:04,430 - proctoring - DEBUG - [log_service.py:26] - Created log entry: {'time': '2025-04-13 21:04:04.368420', 'event': 'Face detected'}
2025-04-13 21:04:04,432 - proctoring - INFO - [log_service.py:40] - Successfully stored 1 logs
2025-04-13 21:04:04,469 - proctoring - DEBUG - [image_utils.py:43] - Decoded base64 data length: 25176
2025-04-13 21:04:04,469 - proctoring - INFO - [detection_service.py:16] - Processing new frame
2025-04-13 21:04:04,470 - proctoring - INFO - [face_detection.py:9] - Starting face detection
2025-04-13 21:04:04,485 - proctoring - INFO - [face_detection.py:38] - Face detected with confidence 0.98
2025-04-13 21:04:04,486 - proctoring - INFO - [detection_service.py:34] - Face detection found 1 events
2025-04-13 21:04:04,496 - proctoring - DEBUG - [detection_service.py:37] - No Hand detections
2025-04-13 21:04:04,496 - proctoring - DEBUG - [detection_service.py:37] - No Face Mesh detections
2025-04-13 21:04:04,535 - proctoring - DEBUG - [detection_service.py:37] - No YOLO detections
2025-04-13 21:04:04,535 - proctoring - INFO - [detection_service.py:42] - Total events detected: 1
2025-04-13 21:04:04,535 - proctoring - INFO - [log_service.py:12] - Attempting to store 1 logs for user 1
2025-04-13 21:04:04,535 - proctoring - DEBUG - [log_service.py:26] - Created log entry: {'time': '2025-04-13 21:04:04.473528', 'event': 'Face detected'}
2025-04-13 21:04:04,537 - proctoring - INFO - [log_service.py:40] - Successfully stored 1 logs
2025-04-13 21:04:04,580 - proctoring - DEBUG - [image_utils.py:43] - Decoded base64 data length: 25431
2025-04-13 21:04:04,581 - proctoring - INFO - [detection_service.py:16] - Processing new frame
2025-04-13 21:04:04,581 - proctoring - INFO - [face_detection.py:9] - Starting face detection
2025-04-13 21:04:04,596 - proctoring - INFO - [face_detection.py:38] - Face detected with confidence 0.98
2025-04-13 21:04:04,598 - proctoring - INFO - [detection_service.py:34] - Face detection found 1 events
2025-04-13 21:04:04,605 - proctoring - DEBUG - [detection_service.py:37] - No Hand detections
2025-04-13 21:04:04,610 - proctoring - DEBUG - [detection_service.py:37] - No Face Mesh detections
2025-04-13 21:04:04,661 - proctoring - DEBUG - [detection_service.py:37] - No YOLO detections
2025-04-13 21:04:04,661 - proctoring - INFO - [detection_service.py:42] - Total events detected: 1
2025-04-13 21:04:04,661 - proctoring - INFO - [log_service.py:12] - Attempting to store 1 logs for user 1
2025-04-13 21:04:04,661 - proctoring - DEBUG - [log_service.py:26] - Created log entry: {'time': '2025-04-13 21:04:04.584563', 'event': 'Face detected'}
2025-04-13 21:04:04,663 - proctoring - INFO - [log_service.py:40] - Successfully stored 1 logs
2025-04-13 21:04:04,686 - proctoring - DEBUG - [image_utils.py:43] - Decoded base64 data length: 25574
2025-04-13 21:04:04,688 - proctoring - INFO - [detection_service.py:16] - Processing new frame
2025-04-13 21:04:04,688 - proctoring - INFO - [face_detection.py:9] - Starting face detection
2025-04-13 21:04:04,703 - proctoring - INFO - [face_detection.py:38] - Face detected with confidence 0.98
2025-04-13 21:04:04,705 - proctoring - INFO - [detection_service.py:34] - Face detection found 1 events
2025-04-13 21:04:04,711 - proctoring - DEBUG - [detection_service.py:37] - No Face Mesh detections
2025-04-13 21:04:04,719 - proctoring - DEBUG - [detection_service.py:37] - No Hand detections
2025-04-13 21:04:04,764 - proctoring - DEBUG - [detection_service.py:37] - No YOLO detections
2025-04-13 21:04:04,764 - proctoring - INFO - [detection_service.py:42] - Total events detected: 1
2025-04-13 21:04:04,764 - proctoring - INFO - [log_service.py:12] - Attempting to store 1 logs for user 1
2025-04-13 21:04:04,764 - proctoring - DEBUG - [log_service.py:26] - Created log entry: {'time': '2025-04-13 21:04:04.698262', 'event': 'Face detected'}
2025-04-13 21:04:04,766 - proctoring - INFO - [log_service.py:40] - Successfully stored 1 logs
2025-04-13 21:04:04,797 - proctoring - DEBUG - [image_utils.py:43] - Decoded base64 data length: 25322
2025-04-13 21:04:04,798 - proctoring - INFO - [detection_service.py:16] - Processing new frame
2025-04-13 21:04:04,798 - proctoring - INFO - [face_detection.py:9] - Starting face detection
2025-04-13 21:04:04,812 - proctoring - INFO - [face_detection.py:38] - Face detected with confidence 0.98
2025-04-13 21:04:04,815 - proctoring - INFO - [detection_service.py:34] - Face detection found 1 events
2025-04-13 21:04:04,821 - proctoring - DEBUG - [detection_service.py:37] - No Face Mesh detections
2025-04-13 21:04:04,828 - proctoring - DEBUG - [detection_service.py:37] - No Hand detections
2025-04-13 21:04:04,867 - proctoring - DEBUG - [detection_service.py:37] - No YOLO detections
2025-04-13 21:04:04,867 - proctoring - INFO - [detection_service.py:42] - Total events detected: 1
2025-04-13 21:04:04,867 - proctoring - INFO - [log_service.py:12] - Attempting to store 1 logs for user 1
2025-04-13 21:04:04,867 - proctoring - DEBUG - [log_service.py:26] - Created log entry: {'time': '2025-04-13 21:04:04.798311', 'event': 'Face detected'}
2025-04-13 21:04:04,869 - proctoring - INFO - [log_service.py:40] - Successfully stored 1 logs
2025-04-13 21:04:04,906 - proctoring - DEBUG - [image_utils.py:43] - Decoded base64 data length: 24386
2025-04-13 21:04:04,907 - proctoring - INFO - [detection_service.py:16] - Processing new frame
2025-04-13 21:04:04,907 - proctoring - INFO - [face_detection.py:9] - Starting face detection
2025-04-13 21:04:04,924 - proctoring - INFO - [face_detection.py:38] - Face detected with confidence 0.98
2025-04-13 21:04:04,926 - proctoring - INFO - [detection_service.py:34] - Face detection found 1 events
2025-04-13 21:04:04,930 - proctoring - DEBUG - [detection_service.py:37] - No Face Mesh detections
2025-04-13 21:04:04,933 - proctoring - DEBUG - [detection_service.py:37] - No Hand detections
2025-04-13 21:04:04,980 - proctoring - DEBUG - [detection_service.py:37] - No YOLO detections
2025-04-13 21:04:04,980 - proctoring - INFO - [detection_service.py:42] - Total events detected: 1
2025-04-13 21:04:04,980 - proctoring - INFO - [log_service.py:12] - Attempting to store 1 logs for user 1
2025-04-13 21:04:04,980 - proctoring - DEBUG - [log_service.py:26] - Created log entry: {'time': '2025-04-13 21:04:04.916144', 'event': 'Face detected'}
2025-04-13 21:04:04,982 - proctoring - INFO - [log_service.py:40] - Successfully stored 1 logs
2025-04-13 21:04:05,015 - proctoring - DEBUG - [image_utils.py:43] - Decoded base64 data length: 24615
2025-04-13 21:04:05,016 - proctoring - INFO - [detection_service.py:16] - Processing new frame
2025-04-13 21:04:05,016 - proctoring - INFO - [face_detection.py:9] - Starting face detection
2025-04-13 21:04:05,034 - proctoring - INFO - [face_detection.py:38] - Face detected with confidence 0.98
2025-04-13 21:04:05,036 - proctoring - INFO - [detection_service.py:34] - Face detection found 1 events
2025-04-13 21:04:05,040 - proctoring - DEBUG - [detection_service.py:37] - No Face Mesh detections
2025-04-13 21:04:05,045 - proctoring - DEBUG - [detection_service.py:37] - No Hand detections
2025-04-13 21:04:05,087 - proctoring - DEBUG - [detection_service.py:37] - No YOLO detections
2025-04-13 21:04:05,088 - proctoring - INFO - [detection_service.py:42] - Total events detected: 1
2025-04-13 21:04:05,088 - proctoring - INFO - [log_service.py:12] - Attempting to store 1 logs for user 1
2025-04-13 21:04:05,088 - proctoring - DEBUG - [log_service.py:26] - Created log entry: {'time': '2025-04-13 21:04:05.027028', 'event': 'Face detected'}
2025-04-13 21:04:05,089 - proctoring - INFO - [log_service.py:40] - Successfully stored 1 logs
2025-04-13 21:04:05,129 - proctoring - DEBUG - [image_utils.py:43] - Decoded base64 data length: 24591
2025-04-13 21:04:05,130 - proctoring - INFO - [detection_service.py:16] - Processing new frame
2025-04-13 21:04:05,130 - proctoring - INFO - [face_detection.py:9] - Starting face detection
2025-04-13 21:04:05,145 - proctoring - INFO - [face_detection.py:38] - Face detected with confidence 0.98
2025-04-13 21:04:05,148 - proctoring - INFO - [detection_service.py:34] - Face detection found 1 events
2025-04-13 21:04:05,154 - proctoring - DEBUG - [detection_service.py:37] - No Face Mesh detections
2025-04-13 21:04:05,160 - proctoring - DEBUG - [detection_service.py:37] - No Hand detections
2025-04-13 21:04:05,200 - proctoring - DEBUG - [detection_service.py:37] - No YOLO detections
2025-04-13 21:04:05,200 - proctoring - INFO - [detection_service.py:42] - Total events detected: 1
2025-04-13 21:04:05,200 - proctoring - INFO - [log_service.py:12] - Attempting to store 1 logs for user 1
2025-04-13 21:04:05,200 - proctoring - DEBUG - [log_service.py:26] - Created log entry: {'time': '2025-04-13 21:04:05.133638', 'event': 'Face detected'}
2025-04-13 21:04:05,202 - proctoring - INFO - [log_service.py:40] - Successfully stored 1 logs
2025-04-13 21:04:05,238 - proctoring - DEBUG - [image_utils.py:43] - Decoded base64 data length: 24411
2025-04-13 21:04:05,239 - proctoring - INFO - [detection_service.py:16] - Processing new frame
2025-04-13 21:04:05,239 - proctoring - INFO - [face_detection.py:9] - Starting face detection
2025-04-13 21:04:05,252 - proctoring - INFO - [face_detection.py:38] - Face detected with confidence 0.98
2025-04-13 21:04:05,254 - proctoring - INFO - [detection_service.py:34] - Face detection found 1 events
2025-04-13 21:04:05,265 - proctoring - DEBUG - [detection_service.py:37] - No Hand detections
2025-04-13 21:04:05,265 - proctoring - DEBUG - [detection_service.py:37] - No Face Mesh detections
2025-04-13 21:04:05,304 - proctoring - DEBUG - [detection_service.py:37] - No YOLO detections
2025-04-13 21:04:05,305 - proctoring - INFO - [detection_service.py:42] - Total events detected: 1
2025-04-13 21:04:05,305 - proctoring - INFO - [log_service.py:12] - Attempting to store 1 logs for user 1
2025-04-13 21:04:05,305 - proctoring - DEBUG - [log_service.py:26] - Created log entry: {'time': '2025-04-13 21:04:05.242856', 'event': 'Face detected'}
2025-04-13 21:04:05,307 - proctoring - INFO - [log_service.py:40] - Successfully stored 1 logs
2025-04-13 21:04:05,344 - proctoring - DEBUG - [image_utils.py:43] - Decoded base64 data length: 24873
2025-04-13 21:04:05,345 - proctoring - INFO - [detection_service.py:16] - Processing new frame
2025-04-13 21:04:05,345 - proctoring - INFO - [face_detection.py:9] - Starting face detection
2025-04-13 21:04:05,358 - proctoring - INFO - [face_detection.py:38] - Face detected with confidence 0.98
2025-04-13 21:04:05,360 - proctoring - INFO - [detection_service.py:34] - Face detection found 1 events
2025-04-13 21:04:05,367 - proctoring - DEBUG - [detection_service.py:37] - No Hand detections
2025-04-13 21:04:05,371 - proctoring - DEBUG - [detection_service.py:37] - No Face Mesh detections
2025-04-13 21:04:05,414 - proctoring - DEBUG - [detection_service.py:37] - No YOLO detections
2025-04-13 21:04:05,414 - proctoring - INFO - [detection_service.py:42] - Total events detected: 1
2025-04-13 21:04:05,414 - proctoring - INFO - [log_service.py:12] - Attempting to store 1 logs for user 1
2025-04-13 21:04:05,414 - proctoring - DEBUG - [log_service.py:26] - Created log entry: {'time': '2025-04-13 21:04:05.349114', 'event': 'Face detected'}
2025-04-13 21:04:05,417 - proctoring - INFO - [log_service.py:40] - Successfully stored 1 logs
2025-04-13 21:04:05,458 - proctoring - DEBUG - [image_utils.py:43] - Decoded base64 data length: 25452
2025-04-13 21:04:05,458 - proctoring - INFO - [detection_service.py:16] - Processing new frame
2025-04-13 21:04:05,459 - proctoring - INFO - [face_detection.py:9] - Starting face detection
2025-04-13 21:04:05,474 - proctoring - INFO - [face_detection.py:38] - Face detected with confidence 0.98
2025-04-13 21:04:05,476 - proctoring - INFO - [detection_service.py:34] - Face detection found 1 events
2025-04-13 21:04:05,485 - proctoring - DEBUG - [detection_service.py:37] - No Face Mesh detections
2025-04-13 21:04:05,489 - proctoring - DEBUG - [detection_service.py:37] - No Hand detections
2025-04-13 21:04:05,528 - proctoring - DEBUG - [detection_service.py:37] - No YOLO detections
2025-04-13 21:04:05,528 - proctoring - INFO - [detection_service.py:42] - Total events detected: 1
2025-04-13 21:04:05,528 - proctoring - INFO - [log_service.py:12] - Attempting to store 1 logs for user 1
2025-04-13 21:04:05,528 - proctoring - DEBUG - [log_service.py:26] - Created log entry: {'time': '2025-04-13 21:04:05.462688', 'event': 'Face detected'}
2025-04-13 21:04:05,530 - proctoring - INFO - [log_service.py:40] - Successfully stored 1 logs
2025-04-13 21:04:05,570 - proctoring - DEBUG - [image_utils.py:43] - Decoded base64 data length: 25701
2025-04-13 21:04:05,571 - proctoring - INFO - [detection_service.py:16] - Processing new frame
2025-04-13 21:04:05,571 - proctoring - INFO - [face_detection.py:9] - Starting face detection
2025-04-13 21:04:05,589 - proctoring - INFO - [face_detection.py:38] - Face detected with confidence 0.98
2025-04-13 21:04:05,591 - proctoring - INFO - [detection_service.py:34] - Face detection found 1 events
2025-04-13 21:04:05,595 - proctoring - DEBUG - [detection_service.py:37] - No Face Mesh detections
2025-04-13 21:04:05,599 - proctoring - DEBUG - [detection_service.py:37] - No Hand detections
2025-04-13 21:04:05,643 - proctoring - DEBUG - [detection_service.py:37] - No YOLO detections
2025-04-13 21:04:05,643 - proctoring - INFO - [detection_service.py:42] - Total events detected: 1
2025-04-13 21:04:05,643 - proctoring - INFO - [log_service.py:12] - Attempting to store 1 logs for user 1
2025-04-13 21:04:05,643 - proctoring - DEBUG - [log_service.py:26] - Created log entry: {'time': '2025-04-13 21:04:05.582387', 'event': 'Face detected'}
2025-04-13 21:04:05,645 - proctoring - INFO - [log_service.py:40] - Successfully stored 1 logs
2025-04-13 21:04:05,681 - proctoring - DEBUG - [image_utils.py:43] - Decoded base64 data length: 25851
2025-04-13 21:04:05,682 - proctoring - INFO - [detection_service.py:16] - Processing new frame
2025-04-13 21:04:05,682 - proctoring - INFO - [face_detection.py:9] - Starting face detection
2025-04-13 21:04:05,696 - proctoring - INFO - [face_detection.py:38] - Face detected with confidence 0.97
2025-04-13 21:04:05,699 - proctoring - INFO - [detection_service.py:34] - Face detection found 1 events
2025-04-13 21:04:05,707 - proctoring - DEBUG - [detection_service.py:37] - No Face Mesh detections
2025-04-13 21:04:05,711 - proctoring - DEBUG - [detection_service.py:37] - No Hand detections
2025-04-13 21:04:05,752 - proctoring - DEBUG - [detection_service.py:37] - No YOLO detections
2025-04-13 21:04:05,752 - proctoring - INFO - [detection_service.py:42] - Total events detected: 1
2025-04-13 21:04:05,752 - proctoring - INFO - [log_service.py:12] - Attempting to store 1 logs for user 1
2025-04-13 21:04:05,752 - proctoring - DEBUG - [log_service.py:26] - Created log entry: {'time': '2025-04-13 21:04:05.682302', 'event': 'Face detected'}
2025-04-13 21:04:05,754 - proctoring - INFO - [log_service.py:40] - Successfully stored 1 logs
2025-04-13 21:04:05,793 - proctoring - DEBUG - [image_utils.py:43] - Decoded base64 data length: 24921
2025-04-13 21:04:05,794 - proctoring - INFO - [detection_service.py:16] - Processing new frame
2025-04-13 21:04:05,794 - proctoring - INFO - [face_detection.py:9] - Starting face detection
2025-04-13 21:04:05,806 - proctoring - INFO - [face_detection.py:38] - Face detected with confidence 0.97
2025-04-13 21:04:05,810 - proctoring - INFO - [detection_service.py:34] - Face detection found 1 events
2025-04-13 21:04:05,820 - proctoring - DEBUG - [detection_service.py:37] - No Face Mesh detections
2025-04-13 21:04:05,825 - proctoring - DEBUG - [detection_service.py:37] - No Hand detections
2025-04-13 21:04:05,865 - proctoring - DEBUG - [detection_service.py:37] - No YOLO detections
2025-04-13 21:04:05,865 - proctoring - INFO - [detection_service.py:42] - Total events detected: 1
2025-04-13 21:04:05,865 - proctoring - INFO - [log_service.py:12] - Attempting to store 1 logs for user 1
2025-04-13 21:04:05,865 - proctoring - DEBUG - [log_service.py:26] - Created log entry: {'time': '2025-04-13 21:04:05.794532', 'event': 'Face detected'}
2025-04-13 21:04:05,867 - proctoring - INFO - [log_service.py:40] - Successfully stored 1 logs
2025-04-13 21:04:05,901 - proctoring - DEBUG - [image_utils.py:43] - Decoded base64 data length: 25243
2025-04-13 21:04:05,902 - proctoring - INFO - [detection_service.py:16] - Processing new frame
2025-04-13 21:04:05,902 - proctoring - INFO - [face_detection.py:9] - Starting face detection
2025-04-13 21:04:05,915 - proctoring - INFO - [face_detection.py:38] - Face detected with confidence 0.97
2025-04-13 21:04:05,919 - proctoring - INFO - [detection_service.py:34] - Face detection found 1 events
2025-04-13 21:04:05,932 - proctoring - DEBUG - [detection_service.py:37] - No Face Mesh detections
2025-04-13 21:04:05,932 - proctoring - DEBUG - [detection_service.py:37] - No Hand detections
2025-04-13 21:04:05,979 - proctoring - DEBUG - [detection_service.py:37] - No YOLO detections
2025-04-13 21:04:05,979 - proctoring - INFO - [detection_service.py:42] - Total events detected: 1
2025-04-13 21:04:05,979 - proctoring - INFO - [log_service.py:12] - Attempting to store 1 logs for user 1
2025-04-13 21:04:05,979 - proctoring - DEBUG - [log_service.py:26] - Created log entry: {'time': '2025-04-13 21:04:05.902260', 'event': 'Face detected'}
2025-04-13 21:04:05,981 - proctoring - INFO - [log_service.py:40] - Successfully stored 1 logs
2025-04-13 21:04:06,010 - proctoring - DEBUG - [image_utils.py:43] - Decoded base64 data length: 25118
2025-04-13 21:04:06,010 - proctoring - INFO - [detection_service.py:16] - Processing new frame
2025-04-13 21:04:06,010 - proctoring - INFO - [face_detection.py:9] - Starting face detection
2025-04-13 21:04:06,028 - proctoring - INFO - [face_detection.py:38] - Face detected with confidence 0.98
2025-04-13 21:04:06,031 - proctoring - INFO - [detection_service.py:34] - Face detection found 1 events
2025-04-13 21:04:06,036 - proctoring - DEBUG - [detection_service.py:37] - No Face Mesh detections
2025-04-13 21:04:06,040 - proctoring - DEBUG - [detection_service.py:37] - No Hand detections
2025-04-13 21:04:06,082 - proctoring - DEBUG - [detection_service.py:37] - No YOLO detections
2025-04-13 21:04:06,082 - proctoring - INFO - [detection_service.py:42] - Total events detected: 1
2025-04-13 21:04:06,082 - proctoring - INFO - [log_service.py:12] - Attempting to store 1 logs for user 1
2025-04-13 21:04:06,082 - proctoring - DEBUG - [log_service.py:26] - Created log entry: {'time': '2025-04-13 21:04:06.022318', 'event': 'Face detected'}
2025-04-13 21:04:06,084 - proctoring - INFO - [log_service.py:40] - Successfully stored 1 logs
2025-04-13 21:04:06,118 - proctoring - DEBUG - [image_utils.py:43] - Decoded base64 data length: 24104
2025-04-13 21:04:06,118 - proctoring - INFO - [detection_service.py:16] - Processing new frame
2025-04-13 21:04:06,118 - proctoring - INFO - [face_detection.py:9] - Starting face detection
2025-04-13 21:04:06,133 - proctoring - INFO - [face_detection.py:38] - Face detected with confidence 0.98
2025-04-13 21:04:06,135 - proctoring - INFO - [detection_service.py:34] - Face detection found 1 events
2025-04-13 21:04:06,141 - proctoring - DEBUG - [detection_service.py:37] - No Face Mesh detections
2025-04-13 21:04:06,146 - proctoring - DEBUG - [detection_service.py:37] - No Hand detections
2025-04-13 21:04:06,188 - proctoring - DEBUG - [detection_service.py:37] - No YOLO detections
2025-04-13 21:04:06,188 - proctoring - INFO - [detection_service.py:42] - Total events detected: 1
2025-04-13 21:04:06,188 - proctoring - INFO - [log_service.py:12] - Attempting to store 1 logs for user 1
2025-04-13 21:04:06,188 - proctoring - DEBUG - [log_service.py:26] - Created log entry: {'time': '2025-04-13 21:04:06.127258', 'event': 'Face detected'}
2025-04-13 21:04:06,190 - proctoring - INFO - [log_service.py:40] - Successfully stored 1 logs
2025-04-13 21:04:06,231 - proctoring - DEBUG - [image_utils.py:43] - Decoded base64 data length: 23631
2025-04-13 21:04:06,231 - proctoring - INFO - [detection_service.py:16] - Processing new frame
2025-04-13 21:04:06,231 - proctoring - INFO - [face_detection.py:9] - Starting face detection
2025-04-13 21:04:06,249 - proctoring - INFO - [face_detection.py:38] - Face detected with confidence 0.97
2025-04-13 21:04:06,252 - proctoring - INFO - [detection_service.py:34] - Face detection found 1 events
2025-04-13 21:04:06,255 - proctoring - DEBUG - [detection_service.py:37] - No Face Mesh detections
2025-04-13 21:04:06,260 - proctoring - DEBUG - [detection_service.py:37] - No Hand detections
2025-04-13 21:04:06,303 - proctoring - DEBUG - [detection_service.py:37] - No YOLO detections
2025-04-13 21:04:06,303 - proctoring - INFO - [detection_service.py:42] - Total events detected: 1
2025-04-13 21:04:06,303 - proctoring - INFO - [log_service.py:12] - Attempting to store 1 logs for user 1
2025-04-13 21:04:06,303 - proctoring - DEBUG - [log_service.py:26] - Created log entry: {'time': '2025-04-13 21:04:06.242290', 'event': 'Face detected'}
2025-04-13 21:04:06,304 - proctoring - INFO - [log_service.py:40] - Successfully stored 1 logs
2025-04-13 21:04:06,342 - proctoring - DEBUG - [image_utils.py:43] - Decoded base64 data length: 24190
2025-04-13 21:04:06,342 - proctoring - INFO - [detection_service.py:16] - Processing new frame
2025-04-13 21:04:06,342 - proctoring - INFO - [face_detection.py:9] - Starting face detection
2025-04-13 21:04:06,358 - proctoring - INFO - [face_detection.py:38] - Face detected with confidence 0.98
2025-04-13 21:04:06,359 - proctoring - INFO - [detection_service.py:34] - Face detection found 1 events
2025-04-13 21:04:06,365 - proctoring - DEBUG - [detection_service.py:37] - No Face Mesh detections
2025-04-13 21:04:06,369 - proctoring - DEBUG - [detection_service.py:37] - No Hand detections
2025-04-13 21:04:06,413 - proctoring - DEBUG - [detection_service.py:37] - No YOLO detections
2025-04-13 21:04:06,413 - proctoring - INFO - [detection_service.py:42] - Total events detected: 1
2025-04-13 21:04:06,413 - proctoring - INFO - [log_service.py:12] - Attempting to store 1 logs for user 1
2025-04-13 21:04:06,413 - proctoring - DEBUG - [log_service.py:26] - Created log entry: {'time': '2025-04-13 21:04:06.352694', 'event': 'Face detected'}
2025-04-13 21:04:06,415 - proctoring - INFO - [log_service.py:40] - Successfully stored 1 logs
2025-04-13 21:04:06,451 - proctoring - DEBUG - [image_utils.py:43] - Decoded base64 data length: 24954
2025-04-13 21:04:06,452 - proctoring - INFO - [detection_service.py:16] - Processing new frame
2025-04-13 21:04:06,452 - proctoring - INFO - [face_detection.py:9] - Starting face detection
2025-04-13 21:04:06,468 - proctoring - INFO - [face_detection.py:38] - Face detected with confidence 0.98
2025-04-13 21:04:06,470 - proctoring - INFO - [detection_service.py:34] - Face detection found 1 events
2025-04-13 21:04:06,477 - proctoring - DEBUG - [detection_service.py:37] - No Face Mesh detections
2025-04-13 21:04:06,485 - proctoring - DEBUG - [detection_service.py:37] - No Hand detections
2025-04-13 21:04:06,526 - proctoring - DEBUG - [detection_service.py:37] - No YOLO detections
2025-04-13 21:04:06,526 - proctoring - INFO - [detection_service.py:42] - Total events detected: 1
2025-04-13 21:04:06,526 - proctoring - INFO - [log_service.py:12] - Attempting to store 1 logs for user 1
2025-04-13 21:04:06,526 - proctoring - DEBUG - [log_service.py:26] - Created log entry: {'time': '2025-04-13 21:04:06.461412', 'event': 'Face detected'}
2025-04-13 21:04:06,528 - proctoring - INFO - [log_service.py:40] - Successfully stored 1 logs
2025-04-13 21:04:06,564 - proctoring - DEBUG - [image_utils.py:43] - Decoded base64 data length: 24693
2025-04-13 21:04:06,565 - proctoring - INFO - [detection_service.py:16] - Processing new frame
2025-04-13 21:04:06,565 - proctoring - INFO - [face_detection.py:9] - Starting face detection
2025-04-13 21:04:06,579 - proctoring - INFO - [face_detection.py:38] - Face detected with confidence 0.98
2025-04-13 21:04:06,584 - proctoring - INFO - [detection_service.py:34] - Face detection found 1 events
2025-04-13 21:04:06,594 - proctoring - DEBUG - [detection_service.py:37] - No Face Mesh detections
2025-04-13 21:04:06,595 - proctoring - DEBUG - [detection_service.py:37] - No Hand detections
2025-04-13 21:04:06,641 - proctoring - DEBUG - [detection_service.py:37] - No YOLO detections
2025-04-13 21:04:06,641 - proctoring - INFO - [detection_service.py:42] - Total events detected: 1
2025-04-13 21:04:06,641 - proctoring - INFO - [log_service.py:12] - Attempting to store 1 logs for user 1
2025-04-13 21:04:06,641 - proctoring - DEBUG - [log_service.py:26] - Created log entry: {'time': '2025-04-13 21:04:06.565563', 'event': 'Face detected'}
2025-04-13 21:04:06,642 - proctoring - INFO - [log_service.py:40] - Successfully stored 1 logs
2025-04-13 21:04:06,673 - proctoring - DEBUG - [image_utils.py:43] - Decoded base64 data length: 24587
2025-04-13 21:04:06,674 - proctoring - INFO - [detection_service.py:16] - Processing new frame
2025-04-13 21:04:06,674 - proctoring - INFO - [face_detection.py:9] - Starting face detection
2025-04-13 21:04:06,691 - proctoring - INFO - [face_detection.py:38] - Face detected with confidence 0.98
2025-04-13 21:04:06,692 - proctoring - INFO - [detection_service.py:34] - Face detection found 1 events
2025-04-13 21:04:06,696 - proctoring - DEBUG - [detection_service.py:37] - No Face Mesh detections
2025-04-13 21:04:06,703 - proctoring - DEBUG - [detection_service.py:37] - No Hand detections
2025-04-13 21:04:06,745 - proctoring - DEBUG - [detection_service.py:37] - No YOLO detections
2025-04-13 21:04:06,745 - proctoring - INFO - [detection_service.py:42] - Total events detected: 1
2025-04-13 21:04:06,745 - proctoring - INFO - [log_service.py:12] - Attempting to store 1 logs for user 1
2025-04-13 21:04:06,745 - proctoring - DEBUG - [log_service.py:26] - Created log entry: {'time': '2025-04-13 21:04:06.683419', 'event': 'Face detected'}
2025-04-13 21:04:06,747 - proctoring - INFO - [log_service.py:40] - Successfully stored 1 logs
2025-04-13 21:04:06,783 - proctoring - DEBUG - [image_utils.py:43] - Decoded base64 data length: 24630
2025-04-13 21:04:06,783 - proctoring - INFO - [detection_service.py:16] - Processing new frame
2025-04-13 21:04:06,783 - proctoring - INFO - [face_detection.py:9] - Starting face detection
2025-04-13 21:04:06,799 - proctoring - INFO - [face_detection.py:38] - Face detected with confidence 0.97
2025-04-13 21:04:06,801 - proctoring - INFO - [detection_service.py:34] - Face detection found 1 events
2025-04-13 21:04:06,804 - proctoring - DEBUG - [detection_service.py:37] - No Face Mesh detections
2025-04-13 21:04:06,812 - proctoring - DEBUG - [detection_service.py:37] - No Hand detections
2025-04-13 21:04:06,854 - proctoring - DEBUG - [detection_service.py:37] - No YOLO detections
2025-04-13 21:04:06,854 - proctoring - INFO - [detection_service.py:42] - Total events detected: 1
2025-04-13 21:04:06,854 - proctoring - INFO - [log_service.py:12] - Attempting to store 1 logs for user 1
2025-04-13 21:04:06,854 - proctoring - DEBUG - [log_service.py:26] - Created log entry: {'time': '2025-04-13 21:04:06.792947', 'event': 'Face detected'}
2025-04-13 21:04:06,856 - proctoring - INFO - [log_service.py:40] - Successfully stored 1 logs
2025-04-13 21:04:06,892 - proctoring - DEBUG - [image_utils.py:43] - Decoded base64 data length: 24600
2025-04-13 21:04:06,893 - proctoring - INFO - [detection_service.py:16] - Processing new frame
2025-04-13 21:04:06,893 - proctoring - INFO - [face_detection.py:9] - Starting face detection
2025-04-13 21:04:06,908 - proctoring - INFO - [face_detection.py:38] - Face detected with confidence 0.97
2025-04-13 21:04:06,912 - proctoring - INFO - [detection_service.py:34] - Face detection found 1 events
2025-04-13 21:04:06,917 - proctoring - DEBUG - [detection_service.py:37] - No Hand detections
2025-04-13 21:04:06,920 - proctoring - DEBUG - [detection_service.py:37] - No Face Mesh detections
2025-04-13 21:04:06,964 - proctoring - DEBUG - [detection_service.py:37] - No YOLO detections
2025-04-13 21:04:06,964 - proctoring - INFO - [detection_service.py:42] - Total events detected: 1
2025-04-13 21:04:06,964 - proctoring - INFO - [log_service.py:12] - Attempting to store 1 logs for user 1
2025-04-13 21:04:06,964 - proctoring - DEBUG - [log_service.py:26] - Created log entry: {'time': '2025-04-13 21:04:06.896175', 'event': 'Face detected'}
2025-04-13 21:04:06,965 - proctoring - INFO - [log_service.py:40] - Successfully stored 1 logs
2025-04-13 21:04:07,002 - proctoring - DEBUG - [image_utils.py:43] - Decoded base64 data length: 24626
2025-04-13 21:04:07,003 - proctoring - INFO - [detection_service.py:16] - Processing new frame
2025-04-13 21:04:07,003 - proctoring - INFO - [face_detection.py:9] - Starting face detection
2025-04-13 21:04:07,018 - proctoring - INFO - [face_detection.py:38] - Face detected with confidence 0.97
2025-04-13 21:04:07,021 - proctoring - INFO - [detection_service.py:34] - Face detection found 1 events
2025-04-13 21:04:07,031 - proctoring - DEBUG - [detection_service.py:37] - No Face Mesh detections
2025-04-13 21:04:07,031 - proctoring - DEBUG - [detection_service.py:37] - No Hand detections
2025-04-13 21:04:07,071 - proctoring - DEBUG - [detection_service.py:37] - No YOLO detections
2025-04-13 21:04:07,071 - proctoring - INFO - [detection_service.py:42] - Total events detected: 1
2025-04-13 21:04:07,071 - proctoring - INFO - [log_service.py:12] - Attempting to store 1 logs for user 1
2025-04-13 21:04:07,071 - proctoring - DEBUG - [log_service.py:26] - Created log entry: {'time': '2025-04-13 21:04:07.003444', 'event': 'Face detected'}
2025-04-13 21:04:07,073 - proctoring - INFO - [log_service.py:40] - Successfully stored 1 logs
2025-04-13 21:04:07,110 - proctoring - DEBUG - [image_utils.py:43] - Decoded base64 data length: 24651
2025-04-13 21:04:07,111 - proctoring - INFO - [detection_service.py:16] - Processing new frame
2025-04-13 21:04:07,111 - proctoring - INFO - [face_detection.py:9] - Starting face detection
2025-04-13 21:04:07,125 - proctoring - INFO - [face_detection.py:38] - Face detected with confidence 0.97
2025-04-13 21:04:07,127 - proctoring - INFO - [detection_service.py:34] - Face detection found 1 events
2025-04-13 21:04:07,134 - proctoring - DEBUG - [detection_service.py:37] - No Face Mesh detections
2025-04-13 21:04:07,139 - proctoring - DEBUG - [detection_service.py:37] - No Hand detections
2025-04-13 21:04:07,183 - proctoring - DEBUG - [detection_service.py:37] - No YOLO detections
2025-04-13 21:04:07,183 - proctoring - INFO - [detection_service.py:42] - Total events detected: 1
2025-04-13 21:04:07,183 - proctoring - INFO - [log_service.py:12] - Attempting to store 1 logs for user 1
2025-04-13 21:04:07,183 - proctoring - DEBUG - [log_service.py:26] - Created log entry: {'time': '2025-04-13 21:04:07.115173', 'event': 'Face detected'}
2025-04-13 21:04:07,185 - proctoring - INFO - [log_service.py:40] - Successfully stored 1 logs
2025-04-13 21:04:07,217 - proctoring - DEBUG - [image_utils.py:43] - Decoded base64 data length: 24152
2025-04-13 21:04:07,218 - proctoring - INFO - [detection_service.py:16] - Processing new frame
2025-04-13 21:04:07,218 - proctoring - INFO - [face_detection.py:9] - Starting face detection
2025-04-13 21:04:07,234 - proctoring - INFO - [face_detection.py:38] - Face detected with confidence 0.97
2025-04-13 21:04:07,236 - proctoring - INFO - [detection_service.py:34] - Face detection found 1 events
2025-04-13 21:04:07,243 - proctoring - DEBUG - [detection_service.py:37] - No Face Mesh detections
2025-04-13 21:04:07,247 - proctoring - DEBUG - [detection_service.py:37] - No Hand detections
2025-04-13 21:04:07,287 - proctoring - DEBUG - [detection_service.py:37] - No YOLO detections
2025-04-13 21:04:07,287 - proctoring - INFO - [detection_service.py:42] - Total events detected: 1
2025-04-13 21:04:07,288 - proctoring - INFO - [log_service.py:12] - Attempting to store 1 logs for user 1
2025-04-13 21:04:07,288 - proctoring - DEBUG - [log_service.py:26] - Created log entry: {'time': '2025-04-13 21:04:07.218559', 'event': 'Face detected'}
2025-04-13 21:04:07,290 - proctoring - INFO - [log_service.py:40] - Successfully stored 1 logs
2025-04-13 21:04:07,326 - proctoring - DEBUG - [image_utils.py:43] - Decoded base64 data length: 24070
2025-04-13 21:04:07,327 - proctoring - INFO - [detection_service.py:16] - Processing new frame
2025-04-13 21:04:07,327 - proctoring - INFO - [face_detection.py:9] - Starting face detection
2025-04-13 21:04:07,347 - proctoring - INFO - [face_detection.py:38] - Face detected with confidence 0.97
2025-04-13 21:04:07,349 - proctoring - INFO - [detection_service.py:34] - Face detection found 1 events
2025-04-13 21:04:07,354 - proctoring - DEBUG - [detection_service.py:37] - No Face Mesh detections
2025-04-13 21:04:07,357 - proctoring - DEBUG - [detection_service.py:37] - No Hand detections
2025-04-13 21:04:07,399 - proctoring - DEBUG - [detection_service.py:37] - No YOLO detections
2025-04-13 21:04:07,400 - proctoring - INFO - [detection_service.py:42] - Total events detected: 1
2025-04-13 21:04:07,400 - proctoring - INFO - [log_service.py:12] - Attempting to store 1 logs for user 1
2025-04-13 21:04:07,400 - proctoring - DEBUG - [log_service.py:26] - Created log entry: {'time': '2025-04-13 21:04:07.339516', 'event': 'Face detected'}
2025-04-13 21:04:07,402 - proctoring - INFO - [log_service.py:40] - Successfully stored 1 logs
2025-04-13 21:04:07,436 - proctoring - DEBUG - [image_utils.py:43] - Decoded base64 data length: 24153
2025-04-13 21:04:07,436 - proctoring - INFO - [detection_service.py:16] - Processing new frame
2025-04-13 21:04:07,436 - proctoring - INFO - [face_detection.py:9] - Starting face detection
2025-04-13 21:04:07,448 - proctoring - INFO - [face_detection.py:38] - Face detected with confidence 0.97
2025-04-13 21:04:07,452 - proctoring - INFO - [detection_service.py:34] - Face detection found 1 events
2025-04-13 21:04:07,460 - proctoring - DEBUG - [detection_service.py:37] - No Face Mesh detections
2025-04-13 21:04:07,466 - proctoring - DEBUG - [detection_service.py:37] - No Hand detections
2025-04-13 21:04:07,510 - proctoring - DEBUG - [detection_service.py:37] - No YOLO detections
2025-04-13 21:04:07,510 - proctoring - INFO - [detection_service.py:42] - Total events detected: 1
2025-04-13 21:04:07,510 - proctoring - INFO - [log_service.py:12] - Attempting to store 1 logs for user 1
2025-04-13 21:04:07,510 - proctoring - DEBUG - [log_service.py:26] - Created log entry: {'time': '2025-04-13 21:04:07.436839', 'event': 'Face detected'}
2025-04-13 21:04:07,511 - proctoring - INFO - [log_service.py:40] - Successfully stored 1 logs
2025-04-13 21:04:07,546 - proctoring - DEBUG - [image_utils.py:43] - Decoded base64 data length: 24435
2025-04-13 21:04:07,546 - proctoring - INFO - [detection_service.py:16] - Processing new frame
2025-04-13 21:04:07,547 - proctoring - INFO - [face_detection.py:9] - Starting face detection
2025-04-13 21:04:07,564 - proctoring - INFO - [face_detection.py:38] - Face detected with confidence 0.97
2025-04-13 21:04:07,566 - proctoring - INFO - [detection_service.py:34] - Face detection found 1 events
2025-04-13 21:04:07,569 - proctoring - DEBUG - [detection_service.py:37] - No Face Mesh detections
2025-04-13 21:04:07,578 - proctoring - DEBUG - [detection_service.py:37] - No Hand detections
2025-04-13 21:04:07,643 - proctoring - DEBUG - [detection_service.py:37] - No YOLO detections
2025-04-13 21:04:07,643 - proctoring - INFO - [detection_service.py:42] - Total events detected: 1
2025-04-13 21:04:07,643 - proctoring - INFO - [log_service.py:12] - Attempting to store 1 logs for user 1
2025-04-13 21:04:07,643 - proctoring - DEBUG - [log_service.py:26] - Created log entry: {'time': '2025-04-13 21:04:07.555733', 'event': 'Face detected'}
2025-04-13 21:04:07,644 - proctoring - INFO - [log_service.py:40] - Successfully stored 1 logs
2025-04-13 21:04:07,654 - proctoring - DEBUG - [image_utils.py:43] - Decoded base64 data length: 24784
2025-04-13 21:04:07,654 - proctoring - INFO - [detection_service.py:16] - Processing new frame
2025-04-13 21:04:07,654 - proctoring - INFO - [face_detection.py:9] - Starting face detection
2025-04-13 21:04:07,667 - proctoring - INFO - [face_detection.py:38] - Face detected with confidence 0.97
2025-04-13 21:04:07,671 - proctoring - INFO - [detection_service.py:34] - Face detection found 1 events
2025-04-13 21:04:07,685 - proctoring - DEBUG - [detection_service.py:37] - No Face Mesh detections
2025-04-13 21:04:07,685 - proctoring - DEBUG - [detection_service.py:37] - No Hand detections
2025-04-13 21:04:07,730 - proctoring - DEBUG - [detection_service.py:37] - No YOLO detections
2025-04-13 21:04:07,730 - proctoring - INFO - [detection_service.py:42] - Total events detected: 1
2025-04-13 21:04:07,730 - proctoring - INFO - [log_service.py:12] - Attempting to store 1 logs for user 1
2025-04-13 21:04:07,730 - proctoring - DEBUG - [log_service.py:26] - Created log entry: {'time': '2025-04-13 21:04:07.658333', 'event': 'Face detected'}
2025-04-13 21:04:07,732 - proctoring - INFO - [log_service.py:40] - Successfully stored 1 logs
2025-04-13 21:04:07,763 - proctoring - DEBUG - [image_utils.py:43] - Decoded base64 data length: 24912
2025-04-13 21:04:07,764 - proctoring - INFO - [detection_service.py:16] - Processing new frame
2025-04-13 21:04:07,764 - proctoring - INFO - [face_detection.py:9] - Starting face detection
2025-04-13 21:04:07,780 - proctoring - INFO - [face_detection.py:38] - Face detected with confidence 0.97
2025-04-13 21:04:07,784 - proctoring - INFO - [detection_service.py:34] - Face detection found 1 events
2025-04-13 21:04:07,794 - proctoring - DEBUG - [detection_service.py:37] - No Face Mesh detections
2025-04-13 21:04:07,797 - proctoring - DEBUG - [detection_service.py:37] - No Hand detections
2025-04-13 21:04:07,846 - proctoring - DEBUG - [detection_service.py:37] - No YOLO detections
2025-04-13 21:04:07,846 - proctoring - INFO - [detection_service.py:42] - Total events detected: 1
2025-04-13 21:04:07,846 - proctoring - INFO - [log_service.py:12] - Attempting to store 1 logs for user 1
2025-04-13 21:04:07,846 - proctoring - DEBUG - [log_service.py:26] - Created log entry: {'time': '2025-04-13 21:04:07.764184', 'event': 'Face detected'}
2025-04-13 21:04:07,848 - proctoring - INFO - [log_service.py:40] - Successfully stored 1 logs
2025-04-13 21:04:07,870 - proctoring - DEBUG - [image_utils.py:43] - Decoded base64 data length: 23815
2025-04-13 21:04:07,871 - proctoring - INFO - [detection_service.py:16] - Processing new frame
2025-04-13 21:04:07,871 - proctoring - INFO - [face_detection.py:9] - Starting face detection
2025-04-13 21:04:07,885 - proctoring - INFO - [face_detection.py:38] - Face detected with confidence 0.97
2025-04-13 21:04:07,887 - proctoring - INFO - [detection_service.py:34] - Face detection found 1 events
2025-04-13 21:04:07,894 - proctoring - DEBUG - [detection_service.py:37] - No Face Mesh detections
2025-04-13 21:04:07,899 - proctoring - DEBUG - [detection_service.py:37] - No Hand detections
2025-04-13 21:04:07,947 - proctoring - DEBUG - [detection_service.py:37] - No YOLO detections
2025-04-13 21:04:07,947 - proctoring - INFO - [detection_service.py:42] - Total events detected: 1
2025-04-13 21:04:07,947 - proctoring - INFO - [log_service.py:12] - Attempting to store 1 logs for user 1
2025-04-13 21:04:07,947 - proctoring - DEBUG - [log_service.py:26] - Created log entry: {'time': '2025-04-13 21:04:07.880002', 'event': 'Face detected'}
2025-04-13 21:04:07,949 - proctoring - INFO - [log_service.py:40] - Successfully stored 1 logs
2025-04-13 21:04:07,985 - proctoring - DEBUG - [image_utils.py:43] - Decoded base64 data length: 23982
2025-04-13 21:04:07,985 - proctoring - INFO - [detection_service.py:16] - Processing new frame
2025-04-13 21:04:07,985 - proctoring - INFO - [face_detection.py:9] - Starting face detection
2025-04-13 21:04:08,000 - proctoring - INFO - [face_detection.py:38] - Face detected with confidence 0.97
2025-04-13 21:04:08,001 - proctoring - INFO - [detection_service.py:34] - Face detection found 1 events
2025-04-13 21:04:08,009 - proctoring - DEBUG - [detection_service.py:37] - No Face Mesh detections
2025-04-13 21:04:08,012 - proctoring - DEBUG - [detection_service.py:37] - No Hand detections
2025-04-13 21:04:08,055 - proctoring - DEBUG - [detection_service.py:37] - No YOLO detections
2025-04-13 21:04:08,055 - proctoring - INFO - [detection_service.py:42] - Total events detected: 1
2025-04-13 21:04:08,055 - proctoring - INFO - [log_service.py:12] - Attempting to store 1 logs for user 1
2025-04-13 21:04:08,055 - proctoring - DEBUG - [log_service.py:26] - Created log entry: {'time': '2025-04-13 21:04:07.989172', 'event': 'Face detected'}
2025-04-13 21:04:08,057 - proctoring - INFO - [log_service.py:40] - Successfully stored 1 logs
2025-04-13 21:04:08,093 - proctoring - DEBUG - [image_utils.py:43] - Decoded base64 data length: 23852
2025-04-13 21:04:08,094 - proctoring - INFO - [detection_service.py:16] - Processing new frame
2025-04-13 21:04:08,094 - proctoring - INFO - [face_detection.py:9] - Starting face detection
2025-04-13 21:04:08,111 - proctoring - INFO - [face_detection.py:38] - Face detected with confidence 0.97
2025-04-13 21:04:08,114 - proctoring - INFO - [detection_service.py:34] - Face detection found 1 events
2025-04-13 21:04:08,120 - proctoring - DEBUG - [detection_service.py:37] - No Face Mesh detections
2025-04-13 21:04:08,123 - proctoring - DEBUG - [detection_service.py:37] - No Hand detections
2025-04-13 21:04:08,164 - proctoring - DEBUG - [detection_service.py:37] - No YOLO detections
2025-04-13 21:04:08,164 - proctoring - INFO - [detection_service.py:42] - Total events detected: 1
2025-04-13 21:04:08,164 - proctoring - INFO - [log_service.py:12] - Attempting to store 1 logs for user 1
2025-04-13 21:04:08,164 - proctoring - DEBUG - [log_service.py:26] - Created log entry: {'time': '2025-04-13 21:04:08.094491', 'event': 'Face detected'}
2025-04-13 21:04:08,166 - proctoring - INFO - [log_service.py:40] - Successfully stored 1 logs
2025-04-13 21:04:08,205 - proctoring - DEBUG - [image_utils.py:43] - Decoded base64 data length: 23405
2025-04-13 21:04:08,206 - proctoring - INFO - [detection_service.py:16] - Processing new frame
2025-04-13 21:04:08,206 - proctoring - INFO - [face_detection.py:9] - Starting face detection
2025-04-13 21:04:08,223 - proctoring - INFO - [face_detection.py:38] - Face detected with confidence 0.97
2025-04-13 21:04:08,224 - proctoring - INFO - [detection_service.py:34] - Face detection found 1 events
2025-04-13 21:04:08,229 - proctoring - DEBUG - [detection_service.py:37] - No Face Mesh detections
2025-04-13 21:04:08,235 - proctoring - DEBUG - [detection_service.py:37] - No Hand detections
2025-04-13 21:04:08,280 - proctoring - DEBUG - [detection_service.py:37] - No YOLO detections
2025-04-13 21:04:08,280 - proctoring - INFO - [detection_service.py:42] - Total events detected: 1
2025-04-13 21:04:08,280 - proctoring - INFO - [log_service.py:12] - Attempting to store 1 logs for user 1
2025-04-13 21:04:08,280 - proctoring - DEBUG - [log_service.py:26] - Created log entry: {'time': '2025-04-13 21:04:08.215838', 'event': 'Face detected'}
2025-04-13 21:04:08,282 - proctoring - INFO - [log_service.py:40] - Successfully stored 1 logs
2025-04-13 21:04:08,309 - proctoring - DEBUG - [image_utils.py:43] - Decoded base64 data length: 22733
2025-04-13 21:04:08,309 - proctoring - INFO - [detection_service.py:16] - Processing new frame
2025-04-13 21:04:08,309 - proctoring - INFO - [face_detection.py:9] - Starting face detection
2025-04-13 21:04:08,324 - proctoring - INFO - [face_detection.py:38] - Face detected with confidence 0.98
2025-04-13 21:04:08,326 - proctoring - INFO - [detection_service.py:34] - Face detection found 1 events
2025-04-13 21:04:08,336 - proctoring - DEBUG - [detection_service.py:37] - No Hand detections
2025-04-13 21:04:08,336 - proctoring - DEBUG - [detection_service.py:37] - No Face Mesh detections
2025-04-13 21:04:08,380 - proctoring - DEBUG - [detection_service.py:37] - No YOLO detections
2025-04-13 21:04:08,381 - proctoring - INFO - [detection_service.py:42] - Total events detected: 1
2025-04-13 21:04:08,381 - proctoring - INFO - [log_service.py:12] - Attempting to store 1 logs for user 1
2025-04-13 21:04:08,381 - proctoring - DEBUG - [log_service.py:26] - Created log entry: {'time': '2025-04-13 21:04:08.313469', 'event': 'Face detected'}
2025-04-13 21:04:08,382 - proctoring - INFO - [log_service.py:40] - Successfully stored 1 logs
2025-04-13 21:04:08,418 - proctoring - DEBUG - [image_utils.py:43] - Decoded base64 data length: 22473
2025-04-13 21:04:08,419 - proctoring - INFO - [detection_service.py:16] - Processing new frame
2025-04-13 21:04:08,419 - proctoring - INFO - [face_detection.py:9] - Starting face detection
2025-04-13 21:04:08,434 - proctoring - INFO - [face_detection.py:38] - Face detected with confidence 0.97
2025-04-13 21:04:08,435 - proctoring - INFO - [detection_service.py:34] - Face detection found 1 events
2025-04-13 21:04:08,446 - proctoring - DEBUG - [detection_service.py:37] - No Face Mesh detections
2025-04-13 21:04:08,446 - proctoring - DEBUG - [detection_service.py:37] - No Hand detections
2025-04-13 21:04:08,489 - proctoring - DEBUG - [detection_service.py:37] - No YOLO detections
2025-04-13 21:04:08,489 - proctoring - INFO - [detection_service.py:42] - Total events detected: 1
2025-04-13 21:04:08,489 - proctoring - INFO - [log_service.py:12] - Attempting to store 1 logs for user 1
2025-04-13 21:04:08,489 - proctoring - DEBUG - [log_service.py:26] - Created log entry: {'time': '2025-04-13 21:04:08.428133', 'event': 'Face detected'}
2025-04-13 21:04:08,490 - proctoring - INFO - [log_service.py:40] - Successfully stored 1 logs
2025-04-13 21:04:08,528 - proctoring - DEBUG - [image_utils.py:43] - Decoded base64 data length: 22054
2025-04-13 21:04:08,529 - proctoring - INFO - [detection_service.py:16] - Processing new frame
2025-04-13 21:04:08,529 - proctoring - INFO - [face_detection.py:9] - Starting face detection
2025-04-13 21:04:08,545 - proctoring - INFO - [face_detection.py:38] - Face detected with confidence 0.98
2025-04-13 21:04:08,548 - proctoring - INFO - [detection_service.py:34] - Face detection found 1 events
2025-04-13 21:04:08,554 - proctoring - DEBUG - [detection_service.py:37] - No Hand detections
2025-04-13 21:04:08,558 - proctoring - DEBUG - [detection_service.py:37] - No Face Mesh detections
2025-04-13 21:04:08,596 - proctoring - DEBUG - [detection_service.py:37] - No YOLO detections
2025-04-13 21:04:08,596 - proctoring - INFO - [detection_service.py:42] - Total events detected: 1
2025-04-13 21:04:08,596 - proctoring - INFO - [log_service.py:12] - Attempting to store 1 logs for user 1
2025-04-13 21:04:08,596 - proctoring - DEBUG - [log_service.py:26] - Created log entry: {'time': '2025-04-13 21:04:08.533551', 'event': 'Face detected'}
2025-04-13 21:04:08,597 - proctoring - INFO - [log_service.py:40] - Successfully stored 1 logs
2025-04-13 21:04:08,636 - proctoring - DEBUG - [image_utils.py:43] - Decoded base64 data length: 22505
2025-04-13 21:04:08,637 - proctoring - INFO - [detection_service.py:16] - Processing new frame
2025-04-13 21:04:08,637 - proctoring - INFO - [face_detection.py:9] - Starting face detection
2025-04-13 21:04:08,653 - proctoring - INFO - [face_detection.py:38] - Face detected with confidence 0.98
2025-04-13 21:04:08,656 - proctoring - INFO - [detection_service.py:34] - Face detection found 1 events
2025-04-13 21:04:08,661 - proctoring - DEBUG - [detection_service.py:37] - No Face Mesh detections
2025-04-13 21:04:08,667 - proctoring - DEBUG - [detection_service.py:37] - No Hand detections
2025-04-13 21:04:08,716 - proctoring - DEBUG - [detection_service.py:37] - No YOLO detections
2025-04-13 21:04:08,716 - proctoring - INFO - [detection_service.py:42] - Total events detected: 1
2025-04-13 21:04:08,716 - proctoring - INFO - [log_service.py:12] - Attempting to store 1 logs for user 1
2025-04-13 21:04:08,717 - proctoring - DEBUG - [log_service.py:26] - Created log entry: {'time': '2025-04-13 21:04:08.647615', 'event': 'Face detected'}
2025-04-13 21:04:08,718 - proctoring - INFO - [log_service.py:40] - Successfully stored 1 logs
2025-04-13 21:04:08,746 - proctoring - DEBUG - [image_utils.py:43] - Decoded base64 data length: 23412
2025-04-13 21:04:08,746 - proctoring - INFO - [detection_service.py:16] - Processing new frame
2025-04-13 21:04:08,746 - proctoring - INFO - [face_detection.py:9] - Starting face detection
2025-04-13 21:04:08,761 - proctoring - INFO - [face_detection.py:38] - Face detected with confidence 0.98
2025-04-13 21:04:08,764 - proctoring - INFO - [detection_service.py:34] - Face detection found 1 events
2025-04-13 21:04:08,777 - proctoring - DEBUG - [detection_service.py:37] - No Face Mesh detections
2025-04-13 21:04:08,780 - proctoring - DEBUG - [detection_service.py:37] - No Hand detections
2025-04-13 21:04:08,823 - proctoring - DEBUG - [detection_service.py:37] - No YOLO detections
2025-04-13 21:04:08,823 - proctoring - INFO - [detection_service.py:42] - Total events detected: 1
2025-04-13 21:04:08,823 - proctoring - INFO - [log_service.py:12] - Attempting to store 1 logs for user 1
2025-04-13 21:04:08,823 - proctoring - DEBUG - [log_service.py:26] - Created log entry: {'time': '2025-04-13 21:04:08.746716', 'event': 'Face detected'}
2025-04-13 21:04:08,825 - proctoring - INFO - [log_service.py:40] - Successfully stored 1 logs
2025-04-13 21:04:08,856 - proctoring - DEBUG - [image_utils.py:43] - Decoded base64 data length: 23849
2025-04-13 21:04:08,856 - proctoring - INFO - [detection_service.py:16] - Processing new frame
2025-04-13 21:04:08,857 - proctoring - INFO - [face_detection.py:9] - Starting face detection
2025-04-13 21:04:08,870 - proctoring - INFO - [face_detection.py:38] - Face detected with confidence 0.98
2025-04-13 21:04:08,873 - proctoring - INFO - [detection_service.py:34] - Face detection found 1 events
2025-04-13 21:04:08,880 - proctoring - DEBUG - [detection_service.py:37] - No Face Mesh detections
2025-04-13 21:04:08,884 - proctoring - DEBUG - [detection_service.py:37] - No Hand detections
2025-04-13 21:04:08,931 - proctoring - DEBUG - [detection_service.py:37] - No YOLO detections
2025-04-13 21:04:08,931 - proctoring - INFO - [detection_service.py:42] - Total events detected: 1
2025-04-13 21:04:08,931 - proctoring - INFO - [log_service.py:12] - Attempting to store 1 logs for user 1
2025-04-13 21:04:08,931 - proctoring - DEBUG - [log_service.py:26] - Created log entry: {'time': '2025-04-13 21:04:08.860710', 'event': 'Face detected'}
2025-04-13 21:04:08,933 - proctoring - INFO - [log_service.py:40] - Successfully stored 1 logs
2025-04-13 21:04:08,966 - proctoring - DEBUG - [image_utils.py:43] - Decoded base64 data length: 24616
2025-04-13 21:04:08,967 - proctoring - INFO - [detection_service.py:16] - Processing new frame
2025-04-13 21:04:08,967 - proctoring - INFO - [face_detection.py:9] - Starting face detection
2025-04-13 21:04:08,981 - proctoring - INFO - [face_detection.py:38] - Face detected with confidence 0.98
2025-04-13 21:04:08,983 - proctoring - INFO - [detection_service.py:34] - Face detection found 1 events
2025-04-13 21:04:08,993 - proctoring - DEBUG - [detection_service.py:37] - No Face Mesh detections
2025-04-13 21:04:08,998 - proctoring - DEBUG - [detection_service.py:37] - No Hand detections
2025-04-13 21:04:09,039 - proctoring - DEBUG - [detection_service.py:37] - No YOLO detections
2025-04-13 21:04:09,039 - proctoring - INFO - [detection_service.py:42] - Total events detected: 1
2025-04-13 21:04:09,039 - proctoring - INFO - [log_service.py:12] - Attempting to store 1 logs for user 1
2025-04-13 21:04:09,039 - proctoring - DEBUG - [log_service.py:26] - Created log entry: {'time': '2025-04-13 21:04:08.967911', 'event': 'Face detected'}
2025-04-13 21:04:09,041 - proctoring - INFO - [log_service.py:40] - Successfully stored 1 logs
2025-04-13 21:04:09,073 - proctoring - DEBUG - [image_utils.py:43] - Decoded base64 data length: 24543
2025-04-13 21:04:09,074 - proctoring - INFO - [detection_service.py:16] - Processing new frame
2025-04-13 21:04:09,074 - proctoring - INFO - [face_detection.py:9] - Starting face detection
2025-04-13 21:04:09,091 - proctoring - INFO - [face_detection.py:38] - Face detected with confidence 0.98
2025-04-13 21:04:09,093 - proctoring - INFO - [detection_service.py:34] - Face detection found 1 events
2025-04-13 21:04:09,097 - proctoring - DEBUG - [detection_service.py:37] - No Face Mesh detections
2025-04-13 21:04:09,101 - proctoring - DEBUG - [detection_service.py:37] - No Hand detections
2025-04-13 21:04:09,148 - proctoring - DEBUG - [detection_service.py:37] - No YOLO detections
2025-04-13 21:04:09,148 - proctoring - INFO - [detection_service.py:42] - Total events detected: 1
2025-04-13 21:04:09,148 - proctoring - INFO - [log_service.py:12] - Attempting to store 1 logs for user 1
2025-04-13 21:04:09,148 - proctoring - DEBUG - [log_service.py:26] - Created log entry: {'time': '2025-04-13 21:04:09.084718', 'event': 'Face detected'}
2025-04-13 21:04:09,150 - proctoring - INFO - [log_service.py:40] - Successfully stored 1 logs
2025-04-13 21:04:09,182 - proctoring - DEBUG - [image_utils.py:43] - Decoded base64 data length: 24711
2025-04-13 21:04:09,183 - proctoring - INFO - [detection_service.py:16] - Processing new frame
2025-04-13 21:04:09,183 - proctoring - INFO - [face_detection.py:9] - Starting face detection
2025-04-13 21:04:09,199 - proctoring - INFO - [face_detection.py:38] - Face detected with confidence 0.98
2025-04-13 21:04:09,201 - proctoring - INFO - [detection_service.py:34] - Face detection found 1 events
2025-04-13 21:04:09,209 - proctoring - DEBUG - [detection_service.py:37] - No Face Mesh detections
2025-04-13 21:04:09,215 - proctoring - DEBUG - [detection_service.py:37] - No Hand detections
2025-04-13 21:04:09,261 - proctoring - DEBUG - [detection_service.py:37] - No YOLO detections
2025-04-13 21:04:09,261 - proctoring - INFO - [detection_service.py:42] - Total events detected: 1
2025-04-13 21:04:09,261 - proctoring - INFO - [log_service.py:12] - Attempting to store 1 logs for user 1
2025-04-13 21:04:09,261 - proctoring - DEBUG - [log_service.py:26] - Created log entry: {'time': '2025-04-13 21:04:09.188667', 'event': 'Face detected'}
2025-04-13 21:04:09,263 - proctoring - INFO - [log_service.py:40] - Successfully stored 1 logs
2025-04-13 21:04:09,292 - proctoring - DEBUG - [image_utils.py:43] - Decoded base64 data length: 24836
2025-04-13 21:04:09,292 - proctoring - INFO - [detection_service.py:16] - Processing new frame
2025-04-13 21:04:09,292 - proctoring - INFO - [face_detection.py:9] - Starting face detection
2025-04-13 21:04:09,307 - proctoring - INFO - [face_detection.py:38] - Face detected with confidence 0.98
2025-04-13 21:04:09,310 - proctoring - INFO - [detection_service.py:34] - Face detection found 1 events
2025-04-13 21:04:09,319 - proctoring - DEBUG - [detection_service.py:37] - No Face Mesh detections
2025-04-13 21:04:09,323 - proctoring - DEBUG - [detection_service.py:37] - No Hand detections
2025-04-13 21:04:09,366 - proctoring - DEBUG - [detection_service.py:37] - No YOLO detections
2025-04-13 21:04:09,366 - proctoring - INFO - [detection_service.py:42] - Total events detected: 1
2025-04-13 21:04:09,366 - proctoring - INFO - [log_service.py:12] - Attempting to store 1 logs for user 1
2025-04-13 21:04:09,366 - proctoring - DEBUG - [log_service.py:26] - Created log entry: {'time': '2025-04-13 21:04:09.292849', 'event': 'Face detected'}
2025-04-13 21:04:09,368 - proctoring - INFO - [log_service.py:40] - Successfully stored 1 logs
2025-04-13 21:04:09,401 - proctoring - DEBUG - [image_utils.py:43] - Decoded base64 data length: 23637
2025-04-13 21:04:09,402 - proctoring - INFO - [detection_service.py:16] - Processing new frame
2025-04-13 21:04:09,402 - proctoring - INFO - [face_detection.py:9] - Starting face detection
2025-04-13 21:04:09,418 - proctoring - INFO - [face_detection.py:38] - Face detected with confidence 0.98
2025-04-13 21:04:09,420 - proctoring - INFO - [detection_service.py:34] - Face detection found 1 events
2025-04-13 21:04:09,427 - proctoring - DEBUG - [detection_service.py:37] - No Face Mesh detections
2025-04-13 21:04:09,431 - proctoring - DEBUG - [detection_service.py:37] - No Hand detections
2025-04-13 21:04:09,475 - proctoring - DEBUG - [detection_service.py:37] - No YOLO detections
2025-04-13 21:04:09,475 - proctoring - INFO - [detection_service.py:42] - Total events detected: 1
2025-04-13 21:04:09,475 - proctoring - INFO - [log_service.py:12] - Attempting to store 1 logs for user 1
2025-04-13 21:04:09,475 - proctoring - DEBUG - [log_service.py:26] - Created log entry: {'time': '2025-04-13 21:04:09.412146', 'event': 'Face detected'}
2025-04-13 21:04:09,477 - proctoring - INFO - [log_service.py:40] - Successfully stored 1 logs
2025-04-13 21:04:09,510 - proctoring - DEBUG - [image_utils.py:43] - Decoded base64 data length: 23428
2025-04-13 21:04:09,510 - proctoring - INFO - [detection_service.py:16] - Processing new frame
2025-04-13 21:04:09,510 - proctoring - INFO - [face_detection.py:9] - Starting face detection
2025-04-13 21:04:09,528 - proctoring - INFO - [face_detection.py:38] - Face detected with confidence 0.98
2025-04-13 21:04:09,530 - proctoring - INFO - [detection_service.py:34] - Face detection found 1 events
2025-04-13 21:04:09,534 - proctoring - DEBUG - [detection_service.py:37] - No Face Mesh detections
2025-04-13 21:04:09,538 - proctoring - DEBUG - [detection_service.py:37] - No Hand detections
2025-04-13 21:04:09,582 - proctoring - DEBUG - [detection_service.py:37] - No YOLO detections
2025-04-13 21:04:09,582 - proctoring - INFO - [detection_service.py:42] - Total events detected: 1
2025-04-13 21:04:09,582 - proctoring - INFO - [log_service.py:12] - Attempting to store 1 logs for user 1
2025-04-13 21:04:09,582 - proctoring - DEBUG - [log_service.py:26] - Created log entry: {'time': '2025-04-13 21:04:09.520882', 'event': 'Face detected'}
2025-04-13 21:04:09,584 - proctoring - INFO - [log_service.py:40] - Successfully stored 1 logs
2025-04-13 21:04:09,620 - proctoring - DEBUG - [image_utils.py:43] - Decoded base64 data length: 23722
2025-04-13 21:04:09,620 - proctoring - INFO - [detection_service.py:16] - Processing new frame
2025-04-13 21:04:09,621 - proctoring - INFO - [face_detection.py:9] - Starting face detection
2025-04-13 21:04:09,634 - proctoring - INFO - [face_detection.py:38] - Face detected with confidence 0.97
2025-04-13 21:04:09,637 - proctoring - INFO - [detection_service.py:34] - Face detection found 1 events
2025-04-13 21:04:09,649 - proctoring - DEBUG - [detection_service.py:37] - No Hand detections
2025-04-13 21:04:09,649 - proctoring - DEBUG - [detection_service.py:37] - No Face Mesh detections
2025-04-13 21:04:09,689 - proctoring - DEBUG - [detection_service.py:37] - No YOLO detections
2025-04-13 21:04:09,689 - proctoring - INFO - [detection_service.py:42] - Total events detected: 1
2025-04-13 21:04:09,689 - proctoring - INFO - [log_service.py:12] - Attempting to store 1 logs for user 1
2025-04-13 21:04:09,690 - proctoring - DEBUG - [log_service.py:26] - Created log entry: {'time': '2025-04-13 21:04:09.624424', 'event': 'Face detected'}
2025-04-13 21:04:09,692 - proctoring - INFO - [log_service.py:40] - Successfully stored 1 logs
2025-04-13 21:04:09,730 - proctoring - DEBUG - [image_utils.py:43] - Decoded base64 data length: 23772
2025-04-13 21:04:09,731 - proctoring - INFO - [detection_service.py:16] - Processing new frame
2025-04-13 21:04:09,731 - proctoring - INFO - [face_detection.py:9] - Starting face detection
2025-04-13 21:04:09,745 - proctoring - INFO - [face_detection.py:38] - Face detected with confidence 0.98
2025-04-13 21:04:09,747 - proctoring - INFO - [detection_service.py:34] - Face detection found 1 events
2025-04-13 21:04:09,754 - proctoring - DEBUG - [detection_service.py:37] - No Face Mesh detections
2025-04-13 21:04:09,761 - proctoring - DEBUG - [detection_service.py:37] - No Hand detections
2025-04-13 21:04:09,800 - proctoring - DEBUG - [detection_service.py:37] - No YOLO detections
2025-04-13 21:04:09,800 - proctoring - INFO - [detection_service.py:42] - Total events detected: 1
2025-04-13 21:04:09,800 - proctoring - INFO - [log_service.py:12] - Attempting to store 1 logs for user 1
2025-04-13 21:04:09,800 - proctoring - DEBUG - [log_service.py:26] - Created log entry: {'time': '2025-04-13 21:04:09.731412', 'event': 'Face detected'}
2025-04-13 21:04:09,802 - proctoring - INFO - [log_service.py:40] - Successfully stored 1 logs
2025-04-13 21:04:09,845 - proctoring - DEBUG - [image_utils.py:43] - Decoded base64 data length: 23713
2025-04-13 21:04:09,846 - proctoring - INFO - [detection_service.py:16] - Processing new frame
2025-04-13 21:04:09,846 - proctoring - INFO - [face_detection.py:9] - Starting face detection
2025-04-13 21:04:09,860 - proctoring - INFO - [face_detection.py:38] - Face detected with confidence 0.97
2025-04-13 21:04:09,863 - proctoring - INFO - [detection_service.py:34] - Face detection found 1 events
2025-04-13 21:04:09,870 - proctoring - DEBUG - [detection_service.py:37] - No Face Mesh detections
2025-04-13 21:04:09,875 - proctoring - DEBUG - [detection_service.py:37] - No Hand detections
2025-04-13 21:04:09,916 - proctoring - DEBUG - [detection_service.py:37] - No YOLO detections
2025-04-13 21:04:09,916 - proctoring - INFO - [detection_service.py:42] - Total events detected: 1
2025-04-13 21:04:09,916 - proctoring - INFO - [log_service.py:12] - Attempting to store 1 logs for user 1
2025-04-13 21:04:09,916 - proctoring - DEBUG - [log_service.py:26] - Created log entry: {'time': '2025-04-13 21:04:09.850256', 'event': 'Face detected'}
2025-04-13 21:04:09,918 - proctoring - INFO - [log_service.py:40] - Successfully stored 1 logs
2025-04-13 21:04:09,949 - proctoring - DEBUG - [image_utils.py:43] - Decoded base64 data length: 23670
2025-04-13 21:04:09,950 - proctoring - INFO - [detection_service.py:16] - Processing new frame
2025-04-13 21:04:09,950 - proctoring - INFO - [face_detection.py:9] - Starting face detection
2025-04-13 21:04:09,963 - proctoring - INFO - [face_detection.py:38] - Face detected with confidence 0.98
2025-04-13 21:04:09,966 - proctoring - INFO - [detection_service.py:34] - Face detection found 1 events
2025-04-13 21:04:09,974 - proctoring - DEBUG - [detection_service.py:37] - No Face Mesh detections
2025-04-13 21:04:09,979 - proctoring - DEBUG - [detection_service.py:37] - No Hand detections
2025-04-13 21:04:10,024 - proctoring - DEBUG - [detection_service.py:37] - No YOLO detections
2025-04-13 21:04:10,024 - proctoring - INFO - [detection_service.py:42] - Total events detected: 1
2025-04-13 21:04:10,024 - proctoring - INFO - [log_service.py:12] - Attempting to store 1 logs for user 1
2025-04-13 21:04:10,024 - proctoring - DEBUG - [log_service.py:26] - Created log entry: {'time': '2025-04-13 21:04:09.950207', 'event': 'Face detected'}
2025-04-13 21:04:10,026 - proctoring - INFO - [log_service.py:40] - Successfully stored 1 logs
2025-04-13 21:04:10,060 - proctoring - DEBUG - [image_utils.py:43] - Decoded base64 data length: 24134
2025-04-13 21:04:10,061 - proctoring - INFO - [detection_service.py:16] - Processing new frame
2025-04-13 21:04:10,061 - proctoring - INFO - [face_detection.py:9] - Starting face detection
2025-04-13 21:04:10,077 - proctoring - INFO - [face_detection.py:38] - Face detected with confidence 0.98
2025-04-13 21:04:10,080 - proctoring - INFO - [detection_service.py:34] - Face detection found 1 events
2025-04-13 21:04:10,089 - proctoring - DEBUG - [detection_service.py:37] - No Face Mesh detections
2025-04-13 21:04:10,093 - proctoring - DEBUG - [detection_service.py:37] - No Hand detections
2025-04-13 21:04:10,130 - proctoring - DEBUG - [detection_service.py:37] - No YOLO detections
2025-04-13 21:04:10,130 - proctoring - INFO - [detection_service.py:42] - Total events detected: 1
2025-04-13 21:04:10,130 - proctoring - INFO - [log_service.py:12] - Attempting to store 1 logs for user 1
2025-04-13 21:04:10,130 - proctoring - DEBUG - [log_service.py:26] - Created log entry: {'time': '2025-04-13 21:04:10.061237', 'event': 'Face detected'}
2025-04-13 21:04:10,132 - proctoring - INFO - [log_service.py:40] - Successfully stored 1 logs
2025-04-13 21:04:10,168 - proctoring - DEBUG - [image_utils.py:43] - Decoded base64 data length: 24569
2025-04-13 21:04:10,169 - proctoring - INFO - [detection_service.py:16] - Processing new frame
2025-04-13 21:04:10,169 - proctoring - INFO - [face_detection.py:9] - Starting face detection
2025-04-13 21:04:10,182 - proctoring - INFO - [face_detection.py:38] - Face detected with confidence 0.98
2025-04-13 21:04:10,186 - proctoring - INFO - [detection_service.py:34] - Face detection found 1 events
2025-04-13 21:04:10,195 - proctoring - DEBUG - [detection_service.py:37] - No Face Mesh detections
2025-04-13 21:04:10,199 - proctoring - DEBUG - [detection_service.py:37] - No Hand detections
2025-04-13 21:04:10,242 - proctoring - DEBUG - [detection_service.py:37] - No YOLO detections
2025-04-13 21:04:10,242 - proctoring - INFO - [detection_service.py:42] - Total events detected: 1
2025-04-13 21:04:10,242 - proctoring - INFO - [log_service.py:12] - Attempting to store 1 logs for user 1
2025-04-13 21:04:10,242 - proctoring - DEBUG - [log_service.py:26] - Created log entry: {'time': '2025-04-13 21:04:10.169377', 'event': 'Face detected'}
2025-04-13 21:04:10,244 - proctoring - INFO - [log_service.py:40] - Successfully stored 1 logs
2025-04-13 21:04:10,279 - proctoring - DEBUG - [image_utils.py:43] - Decoded base64 data length: 25239
2025-04-13 21:04:10,279 - proctoring - INFO - [detection_service.py:16] - Processing new frame
2025-04-13 21:04:10,279 - proctoring - INFO - [face_detection.py:9] - Starting face detection
2025-04-13 21:04:10,294 - proctoring - INFO - [face_detection.py:38] - Face detected with confidence 0.97
2025-04-13 21:04:10,297 - proctoring - INFO - [detection_service.py:34] - Face detection found 1 events
2025-04-13 21:04:10,301 - proctoring - DEBUG - [detection_service.py:37] - No Face Mesh detections
2025-04-13 21:04:10,310 - proctoring - DEBUG - [detection_service.py:37] - No Hand detections
2025-04-13 21:04:10,353 - proctoring - DEBUG - [detection_service.py:37] - No YOLO detections
2025-04-13 21:04:10,353 - proctoring - INFO - [detection_service.py:42] - Total events detected: 1
2025-04-13 21:04:10,353 - proctoring - INFO - [log_service.py:12] - Attempting to store 1 logs for user 1
2025-04-13 21:04:10,353 - proctoring - DEBUG - [log_service.py:26] - Created log entry: {'time': '2025-04-13 21:04:10.288966', 'event': 'Face detected'}
2025-04-13 21:04:10,355 - proctoring - INFO - [log_service.py:40] - Successfully stored 1 logs
2025-04-13 21:04:10,357 - proctoring - ERROR - [image_utils.py:45] - Base64 decode error: Invalid base64-encoded string: number of data characters (13) cannot be 1 more than a multiple of 4
2025-04-13 21:04:10,387 - proctoring - DEBUG - [image_utils.py:43] - Decoded base64 data length: 24413
2025-04-13 21:04:10,387 - proctoring - INFO - [detection_service.py:16] - Processing new frame
2025-04-13 21:04:10,387 - proctoring - INFO - [face_detection.py:9] - Starting face detection
2025-04-13 21:04:10,400 - proctoring - INFO - [face_detection.py:38] - Face detected with confidence 0.97
2025-04-13 21:04:10,403 - proctoring - INFO - [detection_service.py:34] - Face detection found 1 events
2025-04-13 21:04:10,417 - proctoring - DEBUG - [detection_service.py:37] - No Hand detections
2025-04-13 21:04:10,417 - proctoring - DEBUG - [detection_service.py:37] - No Face Mesh detections
2025-04-13 21:04:10,461 - proctoring - DEBUG - [detection_service.py:37] - No YOLO detections
2025-04-13 21:04:10,461 - proctoring - INFO - [detection_service.py:42] - Total events detected: 1
2025-04-13 21:04:10,462 - proctoring - INFO - [log_service.py:12] - Attempting to store 1 logs for user 1
2025-04-13 21:04:10,462 - proctoring - DEBUG - [log_service.py:26] - Created log entry: {'time': '2025-04-13 21:04:10.391099', 'event': 'Face detected'}
2025-04-13 21:04:10,463 - proctoring - INFO - [log_service.py:40] - Successfully stored 1 logs
2025-04-13 21:04:10,496 - proctoring - DEBUG - [image_utils.py:43] - Decoded base64 data length: 24607
2025-04-13 21:04:10,496 - proctoring - INFO - [detection_service.py:16] - Processing new frame
2025-04-13 21:04:10,496 - proctoring - INFO - [face_detection.py:9] - Starting face detection
2025-04-13 21:04:10,510 - proctoring - INFO - [face_detection.py:38] - Face detected with confidence 0.98
2025-04-13 21:04:10,513 - proctoring - INFO - [detection_service.py:34] - Face detection found 1 events
2025-04-13 21:04:10,522 - proctoring - DEBUG - [detection_service.py:37] - No Face Mesh detections
2025-04-13 21:04:10,527 - proctoring - DEBUG - [detection_service.py:37] - No Hand detections
2025-04-13 21:04:10,567 - proctoring - DEBUG - [detection_service.py:37] - No YOLO detections
2025-04-13 21:04:10,567 - proctoring - INFO - [detection_service.py:42] - Total events detected: 1
2025-04-13 21:04:10,567 - proctoring - INFO - [log_service.py:12] - Attempting to store 1 logs for user 1
2025-04-13 21:04:10,568 - proctoring - DEBUG - [log_service.py:26] - Created log entry: {'time': '2025-04-13 21:04:10.496660', 'event': 'Face detected'}
2025-04-13 21:04:10,570 - proctoring - INFO - [log_service.py:40] - Successfully stored 1 logs
2025-04-13 21:04:10,606 - proctoring - DEBUG - [image_utils.py:43] - Decoded base64 data length: 25122
2025-04-13 21:04:10,607 - proctoring - INFO - [detection_service.py:16] - Processing new frame
2025-04-13 21:04:10,607 - proctoring - INFO - [face_detection.py:9] - Starting face detection
2025-04-13 21:04:10,623 - proctoring - INFO - [face_detection.py:38] - Face detected with confidence 0.98
2025-04-13 21:04:10,625 - proctoring - INFO - [detection_service.py:34] - Face detection found 1 events
2025-04-13 21:04:10,629 - proctoring - DEBUG - [detection_service.py:37] - No Face Mesh detections
2025-04-13 21:04:10,637 - proctoring - DEBUG - [detection_service.py:37] - No Hand detections
2025-04-13 21:04:10,678 - proctoring - DEBUG - [detection_service.py:37] - No YOLO detections
2025-04-13 21:04:10,678 - proctoring - INFO - [detection_service.py:42] - Total events detected: 1
2025-04-13 21:04:10,678 - proctoring - INFO - [log_service.py:12] - Attempting to store 1 logs for user 1
2025-04-13 21:04:10,678 - proctoring - DEBUG - [log_service.py:26] - Created log entry: {'time': '2025-04-13 21:04:10.616824', 'event': 'Face detected'}
2025-04-13 21:04:10,680 - proctoring - INFO - [log_service.py:40] - Successfully stored 1 logs
2025-04-13 21:04:10,714 - proctoring - DEBUG - [image_utils.py:43] - Decoded base64 data length: 25164
2025-04-13 21:04:10,715 - proctoring - INFO - [detection_service.py:16] - Processing new frame
2025-04-13 21:04:10,715 - proctoring - INFO - [face_detection.py:9] - Starting face detection
2025-04-13 21:04:10,728 - proctoring - INFO - [face_detection.py:38] - Face detected with confidence 0.98
2025-04-13 21:04:10,732 - proctoring - INFO - [detection_service.py:34] - Face detection found 1 events
2025-04-13 21:04:10,740 - proctoring - DEBUG - [detection_service.py:37] - No Face Mesh detections
2025-04-13 21:04:10,745 - proctoring - DEBUG - [detection_service.py:37] - No Hand detections
2025-04-13 21:04:10,786 - proctoring - DEBUG - [detection_service.py:37] - No YOLO detections
2025-04-13 21:04:10,786 - proctoring - INFO - [detection_service.py:42] - Total events detected: 1
2025-04-13 21:04:10,786 - proctoring - INFO - [log_service.py:12] - Attempting to store 1 logs for user 1
2025-04-13 21:04:10,787 - proctoring - DEBUG - [log_service.py:26] - Created log entry: {'time': '2025-04-13 21:04:10.715385', 'event': 'Face detected'}
2025-04-13 21:04:10,789 - proctoring - INFO - [log_service.py:40] - Successfully stored 1 logs
2025-04-13 21:04:10,824 - proctoring - DEBUG - [image_utils.py:43] - Decoded base64 data length: 25526
2025-04-13 21:04:10,824 - proctoring - INFO - [detection_service.py:16] - Processing new frame
2025-04-13 21:04:10,824 - proctoring - INFO - [face_detection.py:9] - Starting face detection
2025-04-13 21:04:10,837 - proctoring - INFO - [face_detection.py:38] - Face detected with confidence 0.97
2025-04-13 21:04:10,839 - proctoring - INFO - [detection_service.py:34] - Face detection found 1 events
2025-04-13 21:04:10,851 - proctoring - DEBUG - [detection_service.py:37] - No Face Mesh detections
2025-04-13 21:04:10,854 - proctoring - DEBUG - [detection_service.py:37] - No Hand detections
2025-04-13 21:04:10,894 - proctoring - DEBUG - [detection_service.py:37] - No YOLO detections
2025-04-13 21:04:10,894 - proctoring - INFO - [detection_service.py:42] - Total events detected: 1
2025-04-13 21:04:10,894 - proctoring - INFO - [log_service.py:12] - Attempting to store 1 logs for user 1
2025-04-13 21:04:10,894 - proctoring - DEBUG - [log_service.py:26] - Created log entry: {'time': '2025-04-13 21:04:10.827960', 'event': 'Face detected'}
2025-04-13 21:04:10,899 - proctoring - INFO - [log_service.py:40] - Successfully stored 1 logs
2025-04-13 21:04:10,930 - proctoring - DEBUG - [image_utils.py:43] - Decoded base64 data length: 25863
2025-04-13 21:04:10,931 - proctoring - INFO - [detection_service.py:16] - Processing new frame
2025-04-13 21:04:10,931 - proctoring - INFO - [face_detection.py:9] - Starting face detection
2025-04-13 21:04:10,945 - proctoring - INFO - [face_detection.py:38] - Face detected with confidence 0.97
2025-04-13 21:04:10,949 - proctoring - INFO - [detection_service.py:34] - Face detection found 1 events
2025-04-13 21:04:10,957 - proctoring - DEBUG - [detection_service.py:37] - No Face Mesh detections
2025-04-13 21:04:10,960 - proctoring - DEBUG - [detection_service.py:37] - No Hand detections
2025-04-13 21:04:11,002 - proctoring - DEBUG - [detection_service.py:37] - No YOLO detections
2025-04-13 21:04:11,002 - proctoring - INFO - [detection_service.py:42] - Total events detected: 1
2025-04-13 21:04:11,002 - proctoring - INFO - [log_service.py:12] - Attempting to store 1 logs for user 1
2025-04-13 21:04:11,002 - proctoring - DEBUG - [log_service.py:26] - Created log entry: {'time': '2025-04-13 21:04:10.931394', 'event': 'Face detected'}
2025-04-13 21:04:11,004 - proctoring - INFO - [log_service.py:40] - Successfully stored 1 logs
2025-04-13 21:04:11,039 - proctoring - DEBUG - [image_utils.py:43] - Decoded base64 data length: 26093
2025-04-13 21:04:11,039 - proctoring - INFO - [detection_service.py:16] - Processing new frame
2025-04-13 21:04:11,039 - proctoring - INFO - [face_detection.py:9] - Starting face detection
2025-04-13 21:04:11,058 - proctoring - INFO - [face_detection.py:38] - Face detected with confidence 0.98
2025-04-13 21:04:11,058 - proctoring - INFO - [detection_service.py:34] - Face detection found 1 events
2025-04-13 21:04:11,065 - proctoring - DEBUG - [detection_service.py:37] - No Face Mesh detections
2025-04-13 21:04:11,070 - proctoring - DEBUG - [detection_service.py:37] - No Hand detections
2025-04-13 21:04:11,113 - proctoring - DEBUG - [detection_service.py:37] - No YOLO detections
2025-04-13 21:04:11,113 - proctoring - INFO - [detection_service.py:42] - Total events detected: 1
2025-04-13 21:04:11,113 - proctoring - INFO - [log_service.py:12] - Attempting to store 1 logs for user 1
2025-04-13 21:04:11,114 - proctoring - DEBUG - [log_service.py:26] - Created log entry: {'time': '2025-04-13 21:04:11.050369', 'event': 'Face detected'}
2025-04-13 21:04:11,115 - proctoring - INFO - [log_service.py:40] - Successfully stored 1 logs
2025-04-13 21:04:11,147 - proctoring - DEBUG - [image_utils.py:43] - Decoded base64 data length: 26187
2025-04-13 21:04:11,148 - proctoring - INFO - [detection_service.py:16] - Processing new frame
2025-04-13 21:04:11,148 - proctoring - INFO - [face_detection.py:9] - Starting face detection
2025-04-13 21:04:11,176 - proctoring - INFO - [face_detection.py:38] - Face detected with confidence 0.97
2025-04-13 21:04:11,180 - proctoring - INFO - [detection_service.py:34] - Face detection found 1 events
2025-04-13 21:04:11,185 - proctoring - DEBUG - [detection_service.py:37] - No Hand detections
2025-04-13 21:04:11,190 - proctoring - DEBUG - [detection_service.py:37] - No Face Mesh detections
2025-04-13 21:04:11,240 - proctoring - DEBUG - [detection_service.py:37] - No YOLO detections
2025-04-13 21:04:11,240 - proctoring - INFO - [detection_service.py:42] - Total events detected: 1
2025-04-13 21:04:11,240 - proctoring - INFO - [log_service.py:12] - Attempting to store 1 logs for user 1
2025-04-13 21:04:11,240 - proctoring - DEBUG - [log_service.py:26] - Created log entry: {'time': '2025-04-13 21:04:11.151790', 'event': 'Face detected'}
2025-04-13 21:04:11,242 - proctoring - INFO - [log_service.py:40] - Successfully stored 1 logs
2025-04-13 21:04:11,244 - proctoring - INFO - [main.py:177] - Client initiated disconnect for user 1
2025-04-13 21:04:11,244 - proctoring - ERROR - [connection.py:33] - Error closing WebSocket: Unexpected ASGI message 'websocket.close', after sending 'websocket.close' or response already completed.
2025-04-13 21:04:11,245 - proctoring - INFO - [main.py:217] - Cleaning up connection for user 1
